seed,year,fromGenre,toGenre,selectionMode,opportunities,unavailableIdentity,annualFloorRequested,annualFloorReroutes
1001,1960,Blues,Blues,Retained,52,0,0,0
1001,1960,Blues,Blues,WeightedTransition,2,0,0,0
1001,1960,Blues,Childrens,WeightedTransition,2,0,0,0
1001,1960,Blues,Classical,WeightedTransition,1,0,0,0
1001,1960,Blues,Comedy,WeightedTransition,1,0,0,0
1001,1960,Blues,DooWop,WeightedTransition,4,0,0,0
1001,1960,Blues,EasyListening,WeightedTransition,3,0,0,0
1001,1960,Blues,TexMex,WeightedTransition,1,0,0,0
1001,1960,Blues,TraditionalPop,WeightedTransition,3,0,0,0
1001,1960,Childrens,Childrens,Retained,11,0,0,0
1001,1960,Childrens,Childrens,WeightedTransition,1,0,0,0
1001,1960,Childrens,EasyListening,WeightedTransition,1,0,0,0
1001,1960,Childrens,TraditionalPop,WeightedTransition,1,0,0,0
1001,1960,Classical,Childrens,WeightedTransition,1,0,0,0
1001,1960,Classical,Classical,Retained,58,0,0,0
1001,1960,Classical,Classical,WeightedTransition,1,0,0,0
1001,1960,Classical,Comedy,WeightedTransition,2,0,0,0
1001,1960,Classical,Country,WeightedTransition,2,0,0,0
1001,1960,Classical,Gospel,WeightedTransition,1,0,0,0
1001,1960,Classical,RnB,WeightedTransition,1,0,0,0
1001,1960,Classical,RockAndRoll,WeightedTransition,1,0,0,0
1001,1960,Classical,TeenPop,WeightedTransition,2,0,0,0
1001,1960,Classical,TraditionalPop,WeightedTransition,3,0,0,0
1001,1960,Comedy,Childrens,WeightedTransition,1,0,0,0
1001,1960,Comedy,Classical,WeightedTransition,1,0,0,0
1001,1960,Comedy,Comedy,Retained,28,0,0,0
1001,1960,Comedy,Comedy,WeightedTransition,1,0,0,0
1001,1960,Comedy,Country,WeightedTransition,1,0,0,0
1001,1960,Comedy,DooWop,WeightedTransition,2,0,0,0
1001,1960,Comedy,EasyListening,WeightedTransition,3,0,0,0
1001,1960,Comedy,Jazz,WeightedTransition,2,0,0,0
1001,1960,Comedy,TraditionalPop,WeightedTransition,3,0,0,0
1001,1960,Country,Blues,AnnualFloor,1,0,1,0
1001,1960,Country,Classical,AnnualFloor,1,0,1,0
1001,1960,Country,Comedy,AnnualFloor,1,0,1,0
1001,1960,Country,Comedy,WeightedTransition,1,0,0,0
1001,1960,Country,Country,AnnualFloor,2,0,2,0
1001,1960,Country,Country,Retained,297,0,0,0
1001,1960,Country,Country,WeightedTransition,24,0,0,0
1001,1960,Country,DooWop,WeightedTransition,1,0,0,0
1001,1960,Country,Folk,AnnualFloor,1,0,1,0
1001,1960,Country,Folk,WeightedTransition,12,0,0,0
1001,1960,Country,Gospel,WeightedTransition,6,0,0,0
1001,1960,Country,Jazz,WeightedTransition,1,0,0,0
1001,1960,Country,RnB,AnnualFloor,1,0,1,0
1001,1960,Country,RockAndRoll,WeightedTransition,4,0,0,0
1001,1960,Country,Soul,WeightedTransition,1,0,0,0
1001,1960,Country,TraditionalPop,WeightedTransition,2,0,0,0
1001,1960,DooWop,Blues,WeightedTransition,1,0,0,0
1001,1960,DooWop,Comedy,AnnualFloor,1,0,1,0
1001,1960,DooWop,Comedy,WeightedTransition,1,0,0,0
1001,1960,DooWop,Country,WeightedTransition,1,0,0,0
1001,1960,DooWop,DooWop,AnnualFloor,1,0,1,0
1001,1960,DooWop,DooWop,Retained,203,0,0,0
1001,1960,DooWop,DooWop,WeightedTransition,17,0,0,0
1001,1960,DooWop,EasyListening,WeightedTransition,1,0,0,0
1001,1960,DooWop,RnB,WeightedTransition,2,0,0,0
1001,1960,DooWop,RockAndRoll,AnnualFloor,1,0,1,0
1001,1960,DooWop,Soul,WeightedTransition,2,0,0,0
1001,1960,DooWop,TexMex,AnnualFloor,1,0,1,0
1001,1960,EasyListening,Comedy,WeightedTransition,2,0,0,0
1001,1960,EasyListening,DooWop,WeightedTransition,2,0,0,0
1001,1960,EasyListening,EasyListening,Retained,159,0,0,0
1001,1960,EasyListening,EasyListening,WeightedTransition,7,0,0,0
1001,1960,EasyListening,Folk,WeightedTransition,2,0,0,0
1001,1960,EasyListening,Jazz,WeightedTransition,2,0,0,0
1001,1960,EasyListening,LatinPop,WeightedTransition,1,0,0,0
1001,1960,EasyListening,RnB,WeightedTransition,1,0,0,0
1001,1960,EasyListening,RockAndRoll,WeightedTransition,1,0,0,0
1001,1960,EasyListening,Soul,WeightedTransition,1,0,0,0
1001,1960,EasyListening,TeenPop,WeightedTransition,4,0,0,0
1001,1960,EasyListening,TraditionalPop,WeightedTransition,5,0,0,0
1001,1960,Folk,Blues,AnnualFloor,1,0,1,0
1001,1960,Folk,Blues,WeightedTransition,1,0,0,0
1001,1960,Folk,Childrens,AnnualFloor,1,0,1,0
1001,1960,Folk,Childrens,WeightedTransition,1,0,0,0
1001,1960,Folk,Classical,AnnualFloor,1,0,1,0
1001,1960,Folk,Classical,WeightedTransition,1,0,0,0
1001,1960,Folk,Comedy,WeightedTransition,1,0,0,0
1001,1960,Folk,Country,WeightedTransition,8,0,0,0
1001,1960,Folk,DooWop,WeightedTransition,1,0,0,0
1001,1960,Folk,EasyListening,WeightedTransition,4,0,0,0
1001,1960,Folk,Folk,AnnualFloor,1,0,1,0
1001,1960,Folk,Folk,Retained,114,0,0,0
1001,1960,Folk,Folk,WeightedTransition,23,0,0,0
1001,1960,Folk,Gospel,WeightedTransition,1,0,0,0
1001,1960,Folk,Jazz,WeightedTransition,2,0,0,0
1001,1960,Folk,LatinPop,WeightedTransition,1,0,0,0
1001,1960,Folk,RnB,WeightedTransition,3,0,0,0
1001,1960,Folk,RockAndRoll,WeightedTransition,1,0,0,0
1001,1960,Folk,Soul,WeightedTransition,2,0,0,0
1001,1960,Folk,TeenPop,WeightedTransition,4,0,0,0
1001,1960,Folk,TraditionalPop,WeightedTransition,3,0,0,0
1001,1960,Gospel,Classical,WeightedTransition,1,0,0,0
1001,1960,Gospel,Country,WeightedTransition,2,0,0,0
1001,1960,Gospel,DooWop,WeightedTransition,1,0,0,0
1001,1960,Gospel,Folk,WeightedTransition,1,0,0,0
1001,1960,Gospel,Gospel,Retained,24,0,0,0
1001,1960,Gospel,Gospel,WeightedTransition,5,0,0,0
1001,1960,Gospel,Soul,WeightedTransition,3,0,0,0
1001,1960,Gospel,TeenPop,WeightedTransition,2,0,0,0
1001,1960,Gospel,TraditionalPop,WeightedTransition,1,0,0,0
1001,1960,Jazz,Comedy,WeightedTransition,1,0,0,0
1001,1960,Jazz,Country,WeightedTransition,1,0,0,0
1001,1960,Jazz,DooWop,WeightedTransition,3,0,0,0
1001,1960,Jazz,EasyListening,WeightedTransition,6,0,0,0
1001,1960,Jazz,Folk,AnnualFloor,1,0,1,0
1001,1960,Jazz,Gospel,AnnualFloor,1,0,1,0
1001,1960,Jazz,Gospel,WeightedTransition,2,0,0,0
1001,1960,Jazz,Jazz,AnnualFloor,1,0,1,0
1001,1960,Jazz,Jazz,Retained,248,0,0,0
1001,1960,Jazz,Jazz,WeightedTransition,15,0,0,0
1001,1960,Jazz,RnB,WeightedTransition,4,0,0,0
1001,1960,Jazz,RockAndRoll,WeightedTransition,1,0,0,0
1001,1960,Jazz,Soul,WeightedTransition,2,0,0,0
1001,1960,Jazz,TeenPop,WeightedTransition,3,0,0,0
1001,1960,Jazz,TexMex,AnnualFloor,1,0,1,0
1001,1960,Jazz,TraditionalPop,WeightedTransition,5,0,0,0
1001,1960,LatinPop,Blues,WeightedTransition,1,0,0,0
1001,1960,LatinPop,Comedy,WeightedTransition,1,0,0,0
1001,1960,LatinPop,Gospel,WeightedTransition,1,0,0,0
1001,1960,LatinPop,Jazz,WeightedTransition,2,0,0,0
1001,1960,LatinPop,LatinPop,Retained,14,0,0,0
1001,1960,LatinPop,LatinPop,WeightedTransition,1,0,0,0
1001,1960,LatinPop,RockAndRoll,WeightedTransition,2,0,0,0
1001,1960,LatinPop,Soul,WeightedTransition,2,0,0,0
1001,1960,LatinPop,TeenPop,WeightedTransition,3,0,0,0
1001,1960,RnB,Blues,WeightedTransition,3,0,0,0
1001,1960,RnB,Childrens,AnnualFloor,2,0,2,0
1001,1960,RnB,Childrens,WeightedTransition,3,0,0,0
1001,1960,RnB,Classical,WeightedTransition,2,0,0,0
1001,1960,RnB,Comedy,AnnualFloor,1,0,1,0
1001,1960,RnB,Comedy,WeightedTransition,2,0,0,0
1001,1960,RnB,Country,AnnualFloor,1,0,1,0
1001,1960,RnB,Country,WeightedTransition,8,0,0,0
1001,1960,RnB,DooWop,AnnualFloor,1,0,1,0
1001,1960,RnB,DooWop,WeightedTransition,45,0,0,0
1001,1960,RnB,EasyListening,WeightedTransition,3,0,0,0
1001,1960,RnB,Folk,WeightedTransition,2,0,0,0
1001,1960,RnB,Gospel,WeightedTransition,12,0,0,0
1001,1960,RnB,Jazz,AnnualFloor,1,0,1,0
1001,1960,RnB,Jazz,WeightedTransition,3,0,0,0
1001,1960,RnB,LatinPop,WeightedTransition,2,0,0,0
1001,1960,RnB,RnB,AnnualFloor,2,0,2,0
1001,1960,RnB,RnB,Retained,339,0,0,0
1001,1960,RnB,RnB,WeightedTransition,43,0,0,0
1001,1960,RnB,RockAndRoll,WeightedTransition,2,0,0,0
1001,1960,RnB,Soul,AnnualFloor,1,0,1,0
1001,1960,RnB,Soul,WeightedTransition,9,0,0,0
1001,1960,RnB,TeenPop,WeightedTransition,6,0,0,0
1001,1960,RnB,TexMex,WeightedTransition,1,0,0,0
1001,1960,RnB,TraditionalPop,WeightedTransition,5,0,0,0
1001,1960,RockAndRoll,Blues,AnnualFloor,1,0,1,0
1001,1960,RockAndRoll,Blues,WeightedTransition,1,0,0,0
1001,1960,RockAndRoll,Childrens,WeightedTransition,3,0,0,0
1001,1960,RockAndRoll,Classical,AnnualFloor,1,0,1,0
1001,1960,RockAndRoll,Classical,WeightedTransition,2,0,0,0
1001,1960,RockAndRoll,Comedy,WeightedTransition,1,0,0,0
1001,1960,RockAndRoll,Country,WeightedTransition,4,0,0,0
1001,1960,RockAndRoll,DooWop,AnnualFloor,1,0,1,0
1001,1960,RockAndRoll,DooWop,WeightedTransition,10,0,0,0
1001,1960,RockAndRoll,EasyListening,WeightedTransition,10,0,0,0
1001,1960,RockAndRoll,Folk,WeightedTransition,4,0,0,0
1001,1960,RockAndRoll,Gospel,AnnualFloor,1,0,1,0
1001,1960,RockAndRoll,Gospel,WeightedTransition,2,0,0,0
1001,1960,RockAndRoll,Jazz,WeightedTransition,3,0,0,0
1001,1960,RockAndRoll,LatinPop,AnnualFloor,2,0,2,0
1001,1960,RockAndRoll,LatinPop,WeightedTransition,2,0,0,0
1001,1960,RockAndRoll,RnB,WeightedTransition,2,0,0,0
1001,1960,RockAndRoll,RockAndRoll,AnnualFloor,2,0,2,0
1001,1960,RockAndRoll,RockAndRoll,Retained,420,0,0,0
1001,1960,RockAndRoll,RockAndRoll,WeightedTransition,51,0,0,0
1001,1960,RockAndRoll,Soul,WeightedTransition,1,0,0,0
1001,1960,RockAndRoll,TeenPop,WeightedTransition,10,0,0,0
1001,1960,RockAndRoll,TexMex,AnnualFloor,1,0,1,0
1001,1960,RockAndRoll,TexMex,WeightedTransition,1,0,0,0
1001,1960,RockAndRoll,TraditionalPop,WeightedTransition,2,0,0,0
1001,1960,Soul,Blues,WeightedTransition,3,0,0,0
1001,1960,Soul,Childrens,WeightedTransition,1,0,0,0
1001,1960,Soul,Country,WeightedTransition,1,0,0,0
1001,1960,Soul,DooWop,WeightedTransition,8,0,0,0
1001,1960,Soul,EasyListening,WeightedTransition,2,0,0,0
1001,1960,Soul,Folk,WeightedTransition,3,0,0,0
1001,1960,Soul,Gospel,WeightedTransition,5,0,0,0
1001,1960,Soul,Jazz,WeightedTransition,2,0,0,0
1001,1960,Soul,RnB,WeightedTransition,9,0,0,0
1001,1960,Soul,RockAndRoll,WeightedTransition,1,0,0,0
1001,1960,Soul,Soul,AnnualFloor,2,0,2,0
1001,1960,Soul,Soul,Retained,208,0,0,0
1001,1960,Soul,Soul,WeightedTransition,12,0,0,0
1001,1960,Soul,TeenPop,AnnualFloor,1,0,1,0
1001,1960,Soul,TeenPop,WeightedTransition,3,0,0,0
1001,1960,Soul,TexMex,WeightedTransition,2,0,0,0
1001,1960,Soul,TraditionalPop,AnnualFloor,1,0,1,0
1001,1960,Soul,TraditionalPop,WeightedTransition,4,0,0,0
1001,1960,TeenPop,Blues,WeightedTransition,1,0,0,0
1001,1960,TeenPop,Childrens,WeightedTransition,2,0,0,0
1001,1960,TeenPop,Comedy,WeightedTransition,3,0,0,0
1001,1960,TeenPop,Country,WeightedTransition,1,0,0,0
1001,1960,TeenPop,DooWop,WeightedTransition,10,0,0,0
1001,1960,TeenPop,EasyListening,WeightedTransition,7,0,0,0
1001,1960,TeenPop,Folk,WeightedTransition,1,0,0,0
1001,1960,TeenPop,Gospel,WeightedTransition,4,0,0,0
1001,1960,TeenPop,LatinPop,WeightedTransition,2,0,0,0
1001,1960,TeenPop,RnB,WeightedTransition,10,0,0,0
1001,1960,TeenPop,RockAndRoll,WeightedTransition,13,0,0,0
1001,1960,TeenPop,Soul,WeightedTransition,2,0,0,0
1001,1960,TeenPop,TeenPop,AnnualFloor,1,0,1,0
1001,1960,TeenPop,TeenPop,Retained,493,0,0,0
1001,1960,TeenPop,TeenPop,WeightedTransition,37,0,0,0
1001,1960,TeenPop,TexMex,WeightedTransition,2,0,0,0
1001,1960,TeenPop,TraditionalPop,WeightedTransition,17,0,0,0
1001,1960,TexMex,Blues,WeightedTransition,1,0,0,0
1001,1960,TexMex,Comedy,WeightedTransition,1,0,0,0
1001,1960,TexMex,DooWop,WeightedTransition,1,0,0,0
1001,1960,TexMex,EasyListening,WeightedTransition,1,0,0,0
1001,1960,TexMex,LatinPop,WeightedTransition,1,0,0,0
1001,1960,TexMex,RockAndRoll,WeightedTransition,1,0,0,0
1001,1960,TexMex,TexMex,Retained,3,0,0,0
1001,1960,TexMex,TraditionalPop,WeightedTransition,1,0,0,0
1001,1960,TraditionalPop,Blues,WeightedTransition,1,0,0,0
1001,1960,TraditionalPop,Comedy,WeightedTransition,2,0,0,0
1001,1960,TraditionalPop,Country,WeightedTransition,7,0,0,0
1001,1960,TraditionalPop,DooWop,WeightedTransition,1,0,0,0
1001,1960,TraditionalPop,EasyListening,AnnualFloor,3,0,3,0
1001,1960,TraditionalPop,EasyListening,WeightedTransition,11,0,0,0
1001,1960,TraditionalPop,Folk,WeightedTransition,3,0,0,0
1001,1960,TraditionalPop,Gospel,AnnualFloor,1,0,1,0
1001,1960,TraditionalPop,Gospel,WeightedTransition,1,0,0,0
1001,1960,TraditionalPop,Jazz,AnnualFloor,1,0,1,0
1001,1960,TraditionalPop,Jazz,WeightedTransition,7,0,0,0
1001,1960,TraditionalPop,LatinPop,AnnualFloor,1,0,1,0
1001,1960,TraditionalPop,LatinPop,WeightedTransition,1,0,0,0
1001,1960,TraditionalPop,RnB,WeightedTransition,3,0,0,0
1001,1960,TraditionalPop,RockAndRoll,WeightedTransition,6,0,0,0
1001,1960,TraditionalPop,TeenPop,AnnualFloor,1,0,1,0
1001,1960,TraditionalPop,TeenPop,WeightedTransition,5,0,0,0
1001,1960,TraditionalPop,TraditionalPop,AnnualFloor,2,0,2,0
1001,1960,TraditionalPop,TraditionalPop,Retained,549,0,0,0
1001,1960,TraditionalPop,TraditionalPop,WeightedTransition,46,0,0,0
1001,1961,Blues,Blues,AnnualFloor,1,0,1,0
1001,1961,Blues,Blues,Retained,71,0,0,0
1001,1961,Blues,Blues,WeightedTransition,2,0,0,0
1001,1961,Blues,Classical,WeightedTransition,1,0,0,0
1001,1961,Blues,Country,WeightedTransition,1,0,0,0
1001,1961,Blues,DooWop,WeightedTransition,1,0,0,0
1001,1961,Blues,EasyListening,WeightedTransition,3,0,0,0
1001,1961,Blues,Folk,WeightedTransition,1,0,0,0
1001,1961,Blues,Gospel,WeightedTransition,1,0,0,0
1001,1961,Blues,Jazz,WeightedTransition,3,0,0,0
1001,1961,Blues,RnB,WeightedTransition,1,0,0,0
1001,1961,Blues,RockAndRoll,WeightedTransition,1,0,0,0
1001,1961,Blues,Soul,WeightedTransition,1,0,0,0
1001,1961,Blues,SurfRock,AnnualFloor,1,0,1,0
1001,1961,Blues,TeenPop,WeightedTransition,3,0,0,0
1001,1961,Blues,TraditionalPop,WeightedTransition,3,0,0,0
1001,1961,Childrens,Childrens,Retained,43,0,0,0
1001,1961,Childrens,Childrens,WeightedTransition,4,0,0,0
1001,1961,Childrens,Comedy,WeightedTransition,2,0,0,0
1001,1961,Childrens,LatinPop,WeightedTransition,1,0,0,0
1001,1961,Classical,Blues,AnnualFloor,1,0,1,0
1001,1961,Classical,Classical,Retained,77,0,0,0
1001,1961,Classical,Classical,WeightedTransition,2,0,0,0
1001,1961,Classical,ContemporaryFolk,WeightedTransition,1,0,0,0
1001,1961,Classical,Country,WeightedTransition,1,0,0,0
1001,1961,Classical,DooWop,WeightedTransition,1,0,0,0
1001,1961,Classical,EasyListening,WeightedTransition,3,0,0,0
1001,1961,Classical,Jazz,WeightedTransition,1,0,0,0
1001,1961,Classical,RockAndRoll,WeightedTransition,2,0,0,0
1001,1961,Classical,Soul,AnnualFloor,1,0,1,0
1001,1961,Classical,TeenPop,WeightedTransition,1,0,0,0
1001,1961,Classical,TraditionalPop,WeightedTransition,1,0,0,0
1001,1961,Comedy,Classical,WeightedTransition,1,0,0,0
1001,1961,Comedy,Comedy,Retained,35,0,0,0
1001,1961,Comedy,Comedy,WeightedTransition,4,0,0,0
1001,1961,Comedy,Country,WeightedTransition,1,0,0,0
1001,1961,Comedy,DooWop,WeightedTransition,1,0,0,0
1001,1961,Comedy,EasyListening,WeightedTransition,1,0,0,0
1001,1961,Comedy,Gospel,WeightedTransition,1,0,0,0
1001,1961,Comedy,Jazz,WeightedTransition,1,0,0,0
1001,1961,Comedy,RnB,WeightedTransition,1,0,0,0
1001,1961,Comedy,Soul,WeightedTransition,1,0,0,0
1001,1961,Comedy,TeenPop,WeightedTransition,1,0,0,0
1001,1961,Comedy,TexMex,WeightedTransition,1,0,0,0
1001,1961,Comedy,TraditionalPop,AnnualFloor,1,0,1,0
1001,1961,Comedy,TraditionalPop,WeightedTransition,2,0,0,0
1001,1961,ContemporaryFolk,Classical,WeightedTransition,1,0,0,0
1001,1961,ContemporaryFolk,ContemporaryFolk,Retained,6,0,0,0
1001,1961,ContemporaryFolk,ContemporaryFolk,WeightedTransition,1,0,0,0
1001,1961,Country,Blues,WeightedTransition,1,0,0,0
1001,1961,Country,Classical,WeightedTransition,1,0,0,0
1001,1961,Country,Comedy,WeightedTransition,2,0,0,0
1001,1961,Country,ContemporaryFolk,WeightedTransition,1,0,0,0
1001,1961,Country,Country,AnnualFloor,2,0,2,0
1001,1961,Country,Country,Retained,256,0,0,0
1001,1961,Country,Country,WeightedTransition,15,0,0,0
1001,1961,Country,DooWop,AnnualFloor,1,0,1,0
1001,1961,Country,DooWop,WeightedTransition,2,0,0,0
1001,1961,Country,Folk,AnnualFloor,1,0,1,0
1001,1961,Country,Folk,WeightedTransition,4,0,0,0
1001,1961,Country,Gospel,WeightedTransition,5,0,0,0
1001,1961,Country,Jazz,AnnualFloor,1,0,1,0
1001,1961,Country,Jazz,WeightedTransition,2,0,0,0
1001,1961,Country,LatinPop,AnnualFloor,3,0,3,0
1001,1961,Country,LatinPop,WeightedTransition,2,0,0,0
1001,1961,Country,RnB,WeightedTransition,1,0,0,0
1001,1961,Country,RockAndRoll,AnnualFloor,1,0,1,0
1001,1961,Country,RockAndRoll,WeightedTransition,4,0,0,0
1001,1961,Country,Soul,WeightedTransition,3,0,0,0
1001,1961,Country,SurfRock,WeightedTransition,1,0,0,0
1001,1961,Country,TeenPop,WeightedTransition,5,0,0,0
1001,1961,Country,TexMex,AnnualFloor,1,0,1,0
1001,1961,DooWop,Classical,WeightedTransition,1,0,0,0
1001,1961,DooWop,Comedy,AnnualFloor,1,0,1,0
1001,1961,DooWop,ContemporaryFolk,WeightedTransition,1,0,0,0
1001,1961,DooWop,Country,WeightedTransition,3,0,0,0
1001,1961,DooWop,DooWop,AnnualFloor,1,0,1,0
1001,1961,DooWop,DooWop,Retained,117,0,0,0
1001,1961,DooWop,DooWop,WeightedTransition,14,0,0,0
1001,1961,DooWop,Folk,WeightedTransition,2,0,0,0
1001,1961,DooWop,Gospel,WeightedTransition,1,0,0,0
1001,1961,DooWop,Jazz,WeightedTransition,3,0,0,0
1001,1961,DooWop,LatinPop,WeightedTransition,1,0,0,0
1001,1961,DooWop,RnB,AnnualFloor,1,0,1,0
1001,1961,DooWop,RnB,WeightedTransition,7,0,0,0
1001,1961,DooWop,RockAndRoll,WeightedTransition,1,0,0,0
1001,1961,DooWop,Soul,WeightedTransition,10,0,0,0
1001,1961,DooWop,SurfRock,WeightedTransition,1,0,0,0
1001,1961,DooWop,TeenPop,WeightedTransition,7,0,0,0
1001,1961,DooWop,TraditionalPop,WeightedTransition,2,0,0,0
1001,1961,EasyListening,Childrens,WeightedTransition,2,0,0,0
1001,1961,EasyListening,Classical,WeightedTransition,1,0,0,0
1001,1961,EasyListening,Comedy,WeightedTransition,2,0,0,0
1001,1961,EasyListening,Country,WeightedTransition,4,0,0,0
1001,1961,EasyListening,DooWop,WeightedTransition,3,0,0,0
1001,1961,EasyListening,EasyListening,AnnualFloor,1,0,1,0
1001,1961,EasyListening,EasyListening,Retained,186,0,0,0
1001,1961,EasyListening,EasyListening,WeightedTransition,14,0,0,0
1001,1961,EasyListening,Folk,WeightedTransition,1,0,0,0
1001,1961,EasyListening,Gospel,WeightedTransition,1,0,0,0
1001,1961,EasyListening,LatinPop,WeightedTransition,1,0,0,0
1001,1961,EasyListening,RnB,WeightedTransition,1,0,0,0
1001,1961,EasyListening,RockAndRoll,WeightedTransition,4,0,0,0
1001,1961,EasyListening,Soul,WeightedTransition,2,0,0,0
1001,1961,EasyListening,SurfRock,WeightedTransition,1,0,0,0
1001,1961,EasyListening,TeenPop,WeightedTransition,8,0,0,0
1001,1961,EasyListening,TexMex,AnnualFloor,1,0,1,0
1001,1961,EasyListening,TraditionalPop,WeightedTransition,15,0,0,0
1001,1961,Folk,Blues,WeightedTransition,2,0,0,0
1001,1961,Folk,Comedy,AnnualFloor,1,0,1,0
1001,1961,Folk,Comedy,WeightedTransition,2,0,0,0
1001,1961,Folk,ContemporaryFolk,WeightedTransition,2,0,0,0
1001,1961,Folk,Country,WeightedTransition,6,0,0,0
1001,1961,Folk,DooWop,WeightedTransition,1,0,0,0
1001,1961,Folk,Folk,Retained,111,0,0,0
1001,1961,Folk,Folk,WeightedTransition,26,0,0,0
1001,1961,Folk,Gospel,WeightedTransition,4,0,0,0
1001,1961,Folk,Jazz,WeightedTransition,1,0,0,0
1001,1961,Folk,RnB,WeightedTransition,1,0,0,0
1001,1961,Folk,Soul,WeightedTransition,1,0,0,0
1001,1961,Folk,TraditionalPop,WeightedTransition,3,0,0,0
1001,1961,Gospel,Blues,WeightedTransition,1,0,0,0
1001,1961,Gospel,Childrens,WeightedTransition,2,0,0,0
1001,1961,Gospel,Country,WeightedTransition,1,0,0,0
1001,1961,Gospel,Gospel,AnnualFloor,1,0,1,0
1001,1961,Gospel,Gospel,Retained,41,0,0,0
1001,1961,Gospel,Gospel,WeightedTransition,5,0,0,0
1001,1961,Gospel,Jazz,WeightedTransition,1,0,0,0
1001,1961,Gospel,RnB,WeightedTransition,1,0,0,0
1001,1961,Gospel,Soul,WeightedTransition,2,0,0,0
1001,1961,Gospel,TexMex,WeightedTransition,2,0,0,0
1001,1961,Gospel,TraditionalPop,WeightedTransition,4,0,0,0
1001,1961,Jazz,Childrens,AnnualFloor,1,0,1,0
1001,1961,Jazz,Childrens,WeightedTransition,1,0,0,0
1001,1961,Jazz,Comedy,AnnualFloor,1,0,1,0
1001,1961,Jazz,Comedy,WeightedTransition,3,0,0,0
1001,1961,Jazz,ContemporaryFolk,WeightedTransition,1,0,0,0
1001,1961,Jazz,DooWop,WeightedTransition,2,0,0,0
1001,1961,Jazz,EasyListening,WeightedTransition,2,0,0,0
1001,1961,Jazz,Gospel,WeightedTransition,1,0,0,0
1001,1961,Jazz,Jazz,AnnualFloor,1,0,1,0
1001,1961,Jazz,Jazz,Retained,218,0,0,0
1001,1961,Jazz,Jazz,WeightedTransition,18,0,0,0
1001,1961,Jazz,LatinPop,WeightedTransition,1,0,0,0
1001,1961,Jazz,RnB,WeightedTransition,1,0,0,0
1001,1961,Jazz,Soul,WeightedTransition,1,0,0,0
1001,1961,Jazz,TeenPop,WeightedTransition,1,0,0,0
1001,1961,Jazz,TraditionalPop,WeightedTransition,9,0,0,0
1001,1961,LatinPop,Childrens,WeightedTransition,2,0,0,0
1001,1961,LatinPop,Comedy,WeightedTransition,1,0,0,0
1001,1961,LatinPop,Folk,WeightedTransition,3,0,0,0
1001,1961,LatinPop,Gospel,WeightedTransition,2,0,0,0
1001,1961,LatinPop,Jazz,WeightedTransition,1,0,0,0
1001,1961,LatinPop,LatinPop,Retained,33,0,0,0
1001,1961,LatinPop,LatinPop,WeightedTransition,2,0,0,0
1001,1961,LatinPop,RockAndRoll,WeightedTransition,1,0,0,0
1001,1961,LatinPop,TeenPop,WeightedTransition,2,0,0,0
1001,1961,LatinPop,TexMex,AnnualFloor,1,0,1,0
1001,1961,LatinPop,TraditionalPop,WeightedTransition,1,0,0,0
1001,1961,RnB,Blues,WeightedTransition,1,0,0,0
1001,1961,RnB,Childrens,AnnualFloor,1,0,1,0
1001,1961,RnB,Childrens,WeightedTransition,2,0,0,0
1001,1961,RnB,Classical,WeightedTransition,1,0,0,0
1001,1961,RnB,Comedy,WeightedTransition,1,0,0,0
1001,1961,RnB,Country,WeightedTransition,2,0,0,0
1001,1961,RnB,DooWop,WeightedTransition,13,0,0,0
1001,1961,RnB,EasyListening,WeightedTransition,2,0,0,0
1001,1961,RnB,Folk,WeightedTransition,5,0,0,0
1001,1961,RnB,Gospel,AnnualFloor,1,0,1,0
1001,1961,RnB,Gospel,WeightedTransition,4,0,0,0
1001,1961,RnB,Jazz,WeightedTransition,2,0,0,0
1001,1961,RnB,RnB,AnnualFloor,1,0,1,0
1001,1961,RnB,RnB,Retained,213,0,0,0
1001,1961,RnB,RnB,WeightedTransition,19,0,0,0
1001,1961,RnB,RockAndRoll,WeightedTransition,2,0,0,0
1001,1961,RnB,Soul,AnnualFloor,1,0,1,0
1001,1961,RnB,Soul,WeightedTransition,10,0,0,0
1001,1961,RnB,SurfRock,WeightedTransition,3,0,0,0
1001,1961,RnB,TeenPop,AnnualFloor,1,0,1,0
1001,1961,RnB,TeenPop,WeightedTransition,2,0,0,0
1001,1961,RnB,TexMex,WeightedTransition,1,0,0,0
1001,1961,RnB,TraditionalPop,WeightedTransition,2,0,0,0
1001,1961,RockAndRoll,Blues,WeightedTransition,3,0,0,0
1001,1961,RockAndRoll,Childrens,WeightedTransition,1,0,0,0
1001,1961,RockAndRoll,Classical,AnnualFloor,1,0,1,0
1001,1961,RockAndRoll,Classical,WeightedTransition,1,0,0,0
1001,1961,RockAndRoll,ContemporaryFolk,AnnualFloor,1,0,1,0
1001,1961,RockAndRoll,ContemporaryFolk,WeightedTransition,2,0,0,0
1001,1961,RockAndRoll,DooWop,AnnualFloor,1,0,1,0
1001,1961,RockAndRoll,DooWop,WeightedTransition,3,0,0,0
1001,1961,RockAndRoll,EasyListening,WeightedTransition,2,0,0,0
1001,1961,RockAndRoll,Folk,WeightedTransition,2,0,0,0
1001,1961,RockAndRoll,Gospel,WeightedTransition,4,0,0,0
1001,1961,RockAndRoll,Jazz,WeightedTransition,1,0,0,0
1001,1961,RockAndRoll,LatinPop,WeightedTransition,2,0,0,0
1001,1961,RockAndRoll,RnB,WeightedTransition,6,0,0,0
1001,1961,RockAndRoll,RockAndRoll,AnnualFloor,1,0,1,0
1001,1961,RockAndRoll,RockAndRoll,Retained,310,0,0,0
1001,1961,RockAndRoll,RockAndRoll,WeightedTransition,19,0,0,0
1001,1961,RockAndRoll,Soul,AnnualFloor,1,0,1,0
1001,1961,RockAndRoll,Soul,WeightedTransition,3,0,0,0
1001,1961,RockAndRoll,SurfRock,AnnualFloor,1,0,1,0
1001,1961,RockAndRoll,SurfRock,WeightedTransition,1,0,0,0
1001,1961,RockAndRoll,TeenPop,AnnualFloor,1,0,1,0
1001,1961,RockAndRoll,TeenPop,WeightedTransition,5,0,0,0
1001,1961,RockAndRoll,TraditionalPop,WeightedTransition,8,0,0,0
1001,1961,Soul,Blues,WeightedTransition,1,0,0,0
1001,1961,Soul,Childrens,WeightedTransition,1,0,0,0
1001,1961,Soul,Classical,AnnualFloor,1,0,1,0
1001,1961,Soul,Classical,WeightedTransition,1,0,0,0
1001,1961,Soul,Comedy,WeightedTransition,2,0,0,0
1001,1961,Soul,Country,WeightedTransition,2,0,0,0
1001,1961,Soul,DooWop,WeightedTransition,10,0,0,0
1001,1961,Soul,EasyListening,WeightedTransition,5,0,0,0
1001,1961,Soul,Folk,WeightedTransition,2,0,0,0
1001,1961,Soul,Gospel,AnnualFloor,1,0,1,0
1001,1961,Soul,Gospel,WeightedTransition,6,0,0,0
1001,1961,Soul,Jazz,WeightedTransition,2,0,0,0
1001,1961,Soul,LatinPop,WeightedTransition,2,0,0,0
1001,1961,Soul,RnB,AnnualFloor,1,0,1,0
1001,1961,Soul,RnB,WeightedTransition,11,0,0,0
1001,1961,Soul,RockAndRoll,WeightedTransition,5,0,0,0
1001,1961,Soul,Soul,Retained,102,0,0,0
1001,1961,Soul,Soul,WeightedTransition,28,0,0,0
1001,1961,Soul,SurfRock,AnnualFloor,1,0,1,0
1001,1961,Soul,TeenPop,WeightedTransition,6,0,0,0
1001,1961,Soul,TraditionalPop,WeightedTransition,3,0,0,0
1001,1961,SurfRock,Country,WeightedTransition,1,0,0,0
1001,1961,SurfRock,Folk,WeightedTransition,1,0,0,0
1001,1961,SurfRock,RockAndRoll,WeightedTransition,1,0,0,0
1001,1961,SurfRock,SurfRock,Retained,5,0,0,0
1001,1961,SurfRock,TraditionalPop,WeightedTransition,1,0,0,0
1001,1961,TeenPop,Childrens,WeightedTransition,4,0,0,0
1001,1961,TeenPop,Classical,AnnualFloor,1,0,1,0
1001,1961,TeenPop,Classical,WeightedTransition,1,0,0,0
1001,1961,TeenPop,Comedy,WeightedTransition,2,0,0,0
1001,1961,TeenPop,Country,WeightedTransition,1,0,0,0
1001,1961,TeenPop,DooWop,WeightedTransition,6,0,0,0
1001,1961,TeenPop,EasyListening,AnnualFloor,1,0,1,0
1001,1961,TeenPop,EasyListening,WeightedTransition,9,0,0,0
1001,1961,TeenPop,Folk,AnnualFloor,1,0,1,0
1001,1961,TeenPop,Gospel,WeightedTransition,1,0,0,0
1001,1961,TeenPop,Jazz,WeightedTransition,2,0,0,0
1001,1961,TeenPop,RnB,WeightedTransition,2,0,0,0
1001,1961,TeenPop,RockAndRoll,AnnualFloor,1,0,1,0
1001,1961,TeenPop,RockAndRoll,WeightedTransition,6,0,0,0
1001,1961,TeenPop,Soul,WeightedTransition,3,0,0,0
1001,1961,TeenPop,SurfRock,WeightedTransition,1,0,0,0
1001,1961,TeenPop,TeenPop,AnnualFloor,1,0,1,0
1001,1961,TeenPop,TeenPop,Retained,415,0,0,0
1001,1961,TeenPop,TeenPop,WeightedTransition,29,0,0,0
1001,1961,TeenPop,TexMex,WeightedTransition,2,0,0,0
1001,1961,TeenPop,TraditionalPop,AnnualFloor,1,0,1,0
1001,1961,TeenPop,TraditionalPop,WeightedTransition,15,0,0,0
1001,1961,TexMex,Country,WeightedTransition,1,0,0,0
1001,1961,TexMex,LatinPop,WeightedTransition,2,0,0,0
1001,1961,TexMex,RnB,WeightedTransition,2,0,0,0
1001,1961,TexMex,TeenPop,WeightedTransition,1,0,0,0
1001,1961,TexMex,TexMex,Retained,16,0,0,0
1001,1961,TexMex,TraditionalPop,WeightedTransition,3,0,0,0
1001,1961,TraditionalPop,Blues,AnnualFloor,1,0,1,0
1001,1961,TraditionalPop,Blues,WeightedTransition,1,0,0,0
1001,1961,TraditionalPop,Childrens,AnnualFloor,1,0,1,0
1001,1961,TraditionalPop,Childrens,WeightedTransition,2,0,0,0
1001,1961,TraditionalPop,Comedy,WeightedTransition,2,0,0,0
1001,1961,TraditionalPop,ContemporaryFolk,AnnualFloor,2,0,2,0
1001,1961,TraditionalPop,ContemporaryFolk,WeightedTransition,2,0,0,0
1001,1961,TraditionalPop,Country,AnnualFloor,1,0,1,0
1001,1961,TraditionalPop,Country,WeightedTransition,4,0,0,0
1001,1961,TraditionalPop,DooWop,WeightedTransition,6,0,0,0
1001,1961,TraditionalPop,EasyListening,AnnualFloor,1,0,1,0
1001,1961,TraditionalPop,EasyListening,WeightedTransition,18,0,0,0
1001,1961,TraditionalPop,Folk,AnnualFloor,1,0,1,0
1001,1961,TraditionalPop,Folk,WeightedTransition,6,0,0,0
1001,1961,TraditionalPop,Gospel,WeightedTransition,1,0,0,0
1001,1961,TraditionalPop,Jazz,AnnualFloor,1,0,1,0
1001,1961,TraditionalPop,Jazz,WeightedTransition,4,0,0,0
1001,1961,TraditionalPop,LatinPop,WeightedTransition,1,0,0,0
1001,1961,TraditionalPop,RnB,WeightedTransition,4,0,0,0
1001,1961,TraditionalPop,RockAndRoll,WeightedTransition,6,0,0,0
1001,1961,TraditionalPop,Soul,WeightedTransition,2,0,0,0
1001,1961,TraditionalPop,TeenPop,WeightedTransition,10,0,0,0
1001,1961,TraditionalPop,TexMex,WeightedTransition,1,0,0,0
1001,1961,TraditionalPop,TraditionalPop,AnnualFloor,1,0,1,0
1001,1961,TraditionalPop,TraditionalPop,Retained,473,0,0,0
1001,1961,TraditionalPop,TraditionalPop,WeightedTransition,58,0,0,0
1001,1962,Blues,Blues,Retained,48,0,0,0
1001,1962,Blues,Blues,WeightedTransition,4,0,0,0
1001,1962,Blues,BossaNova,WeightedTransition,1,0,0,0
1001,1962,Blues,Comedy,WeightedTransition,1,0,0,0
1001,1962,Blues,Country,WeightedTransition,1,0,0,0
1001,1962,Blues,DooWop,WeightedTransition,2,0,0,0
1001,1962,Blues,EasyListening,WeightedTransition,1,0,0,0
1001,1962,Blues,Folk,WeightedTransition,4,0,0,0
1001,1962,Blues,Jazz,WeightedTransition,1,0,0,0
1001,1962,Blues,RnB,WeightedTransition,2,0,0,0
1001,1962,Blues,RockAndRoll,WeightedTransition,1,0,0,0
1001,1962,Blues,Soul,WeightedTransition,1,0,0,0
1001,1962,Blues,TeenPop,WeightedTransition,1,0,0,0
1001,1962,Blues,TexMex,WeightedTransition,1,0,0,0
1001,1962,Blues,TraditionalPop,WeightedTransition,5,0,0,0
1001,1962,BossaNova,BossaNova,Retained,6,0,0,0
1001,1962,BossaNova,TeenPop,WeightedTransition,1,0,0,0
1001,1962,Childrens,Childrens,AnnualFloor,1,0,1,0
1001,1962,Childrens,Childrens,Retained,23,0,0,0
1001,1962,Childrens,Comedy,WeightedTransition,2,0,0,0
1001,1962,Childrens,RockAndRoll,WeightedTransition,1,0,0,0
1001,1962,Childrens,TraditionalPop,WeightedTransition,1,0,0,0
1001,1962,Classical,Blues,AnnualFloor,1,0,1,0
1001,1962,Classical,Classical,Retained,48,0,0,0
1001,1962,Classical,Classical,WeightedTransition,1,0,0,0
1001,1962,Classical,Country,WeightedTransition,1,0,0,0
1001,1962,Classical,EasyListening,WeightedTransition,3,0,0,0
1001,1962,Classical,RnB,WeightedTransition,1,0,0,0
1001,1962,Classical,TeenPop,WeightedTransition,1,0,0,0
1001,1962,Classical,TraditionalPop,WeightedTransition,1,0,0,0
1001,1962,Comedy,Comedy,Retained,40,0,0,0
1001,1962,Comedy,Comedy,WeightedTransition,3,0,0,0
1001,1962,Comedy,EasyListening,WeightedTransition,1,0,0,0
1001,1962,Comedy,SurfRock,WeightedTransition,1,0,0,0
1001,1962,Comedy,TeenPop,WeightedTransition,1,0,0,0
1001,1962,Comedy,TexMex,WeightedTransition,1,0,0,0
1001,1962,Comedy,TraditionalPop,WeightedTransition,3,0,0,0
1001,1962,ContemporaryFolk,Blues,WeightedTransition,1,0,0,0
1001,1962,ContemporaryFolk,ContemporaryFolk,Retained,17,0,0,0
1001,1962,ContemporaryFolk,DooWop,WeightedTransition,1,0,0,0
1001,1962,ContemporaryFolk,EasyListening,WeightedTransition,1,0,0,0
1001,1962,ContemporaryFolk,Folk,WeightedTransition,4,0,0,0
1001,1962,ContemporaryFolk,TeenPop,WeightedTransition,2,0,0,0
1001,1962,ContemporaryFolk,TraditionalPop,WeightedTransition,1,0,0,0
1001,1962,Country,BossaNova,WeightedTransition,1,0,0,0
1001,1962,Country,Childrens,WeightedTransition,2,0,0,0
1001,1962,Country,Classical,AnnualFloor,1,0,1,0
1001,1962,Country,Classical,WeightedTransition,1,0,0,0
1001,1962,Country,Comedy,AnnualFloor,1,0,1,0
1001,1962,Country,Comedy,WeightedTransition,4,0,0,0
1001,1962,Country,ContemporaryFolk,WeightedTransition,5,0,0,0
1001,1962,Country,Country,AnnualFloor,2,0,2,0
1001,1962,Country,Country,Retained,214,0,0,0
1001,1962,Country,Country,WeightedTransition,22,0,0,0
1001,1962,Country,DooWop,WeightedTransition,4,0,0,0
1001,1962,Country,EasyListening,WeightedTransition,2,0,0,0
1001,1962,Country,Folk,WeightedTransition,6,0,0,0
1001,1962,Country,Gospel,AnnualFloor,1,0,1,0
1001,1962,Country,Jazz,AnnualFloor,1,0,1,0
1001,1962,Country,Jazz,WeightedTransition,1,0,0,0
1001,1962,Country,LatinPop,WeightedTransition,1,0,0,0
1001,1962,Country,RnB,WeightedTransition,2,0,0,0
1001,1962,Country,RockAndRoll,WeightedTransition,5,0,0,0
1001,1962,Country,Soul,WeightedTransition,2,0,0,0
1001,1962,Country,SurfRock,AnnualFloor,1,0,1,0
1001,1962,Country,SurfRock,WeightedTransition,2,0,0,0
1001,1962,Country,TeenPop,WeightedTransition,2,0,0,0
1001,1962,Country,TexMex,WeightedTransition,1,0,0,0
1001,1962,Country,TraditionalPop,WeightedTransition,5,0,0,0
1001,1962,DooWop,Childrens,WeightedTransition,2,0,0,0
1001,1962,DooWop,Classical,WeightedTransition,1,0,0,0
1001,1962,DooWop,Comedy,WeightedTransition,2,0,0,0
1001,1962,DooWop,ContemporaryFolk,WeightedTransition,3,0,0,0
1001,1962,DooWop,Country,WeightedTransition,4,0,0,0
1001,1962,DooWop,DooWop,Retained,98,0,0,0
1001,1962,DooWop,DooWop,WeightedTransition,10,0,0,0
1001,1962,DooWop,EasyListening,WeightedTransition,3,0,0,0
1001,1962,DooWop,Folk,WeightedTransition,2,0,0,0
1001,1962,DooWop,Gospel,WeightedTransition,1,0,0,0
1001,1962,DooWop,Jazz,WeightedTransition,2,0,0,0
1001,1962,DooWop,RnB,WeightedTransition,9,0,0,0
1001,1962,DooWop,RockAndRoll,WeightedTransition,5,0,0,0
1001,1962,DooWop,Soul,WeightedTransition,8,0,0,0
1001,1962,DooWop,SurfRock,AnnualFloor,1,0,1,0
1001,1962,DooWop,SurfRock,WeightedTransition,2,0,0,0
1001,1962,DooWop,TeenPop,WeightedTransition,2,0,0,0
1001,1962,DooWop,TraditionalPop,WeightedTransition,4,0,0,0
1001,1962,EasyListening,Blues,WeightedTransition,1,0,0,0
1001,1962,EasyListening,BossaNova,AnnualFloor,1,0,1,0
1001,1962,EasyListening,BossaNova,WeightedTransition,1,0,0,0
1001,1962,EasyListening,Childrens,WeightedTransition,1,0,0,0
1001,1962,EasyListening,Classical,AnnualFloor,1,0,1,0
1001,1962,EasyListening,Classical,WeightedTransition,1,0,0,0
1001,1962,EasyListening,Comedy,WeightedTransition,2,0,0,0
1001,1962,EasyListening,ContemporaryFolk,WeightedTransition,2,0,0,0
1001,1962,EasyListening,Country,WeightedTransition,1,0,0,0
1001,1962,EasyListening,DooWop,WeightedTransition,2,0,0,0
1001,1962,EasyListening,EasyListening,Retained,148,0,0,0
1001,1962,EasyListening,EasyListening,WeightedTransition,23,0,0,0
1001,1962,EasyListening,Folk,AnnualFloor,1,0,1,0
1001,1962,EasyListening,Folk,WeightedTransition,2,0,0,0
1001,1962,EasyListening,Gospel,WeightedTransition,2,0,0,0
1001,1962,EasyListening,Jazz,WeightedTransition,1,0,0,0
1001,1962,EasyListening,LatinPop,WeightedTransition,1,0,0,0
1001,1962,EasyListening,RnB,WeightedTransition,3,0,0,0
1001,1962,EasyListening,RockAndRoll,AnnualFloor,1,0,1,0
1001,1962,EasyListening,RockAndRoll,WeightedTransition,4,0,0,0
1001,1962,EasyListening,Soul,WeightedTransition,5,0,0,0
1001,1962,EasyListening,SurfRock,WeightedTransition,4,0,0,0
1001,1962,EasyListening,TeenPop,WeightedTransition,11,0,0,0
1001,1962,EasyListening,TexMex,WeightedTransition,1,0,0,0
1001,1962,EasyListening,TraditionalPop,WeightedTransition,11,0,0,0
1001,1962,Folk,BossaNova,WeightedTransition,1,0,0,0
1001,1962,Folk,Childrens,WeightedTransition,1,0,0,0
1001,1962,Folk,Comedy,WeightedTransition,2,0,0,0
1001,1962,Folk,ContemporaryFolk,WeightedTransition,3,0,0,0
1001,1962,Folk,Country,AnnualFloor,1,0,1,0
1001,1962,Folk,Country,WeightedTransition,7,0,0,0
1001,1962,Folk,DooWop,AnnualFloor,2,0,2,0
1001,1962,Folk,DooWop,WeightedTransition,1,0,0,0
1001,1962,Folk,EasyListening,WeightedTransition,2,0,0,0
1001,1962,Folk,Folk,Retained,154,0,0,0
1001,1962,Folk,Folk,WeightedTransition,11,0,0,0
1001,1962,Folk,Gospel,WeightedTransition,1,0,0,0
1001,1962,Folk,Jazz,WeightedTransition,1,0,0,0
1001,1962,Folk,LatinPop,WeightedTransition,2,0,0,0
1001,1962,Folk,RnB,WeightedTransition,1,0,0,0
1001,1962,Folk,Soul,WeightedTransition,1,0,0,0
1001,1962,Folk,SurfRock,WeightedTransition,1,0,0,0
1001,1962,Folk,TeenPop,WeightedTransition,1,0,0,0
1001,1962,Folk,TraditionalPop,WeightedTransition,1,0,0,0
1001,1962,Gospel,Childrens,WeightedTransition,1,0,0,0
1001,1962,Gospel,Comedy,WeightedTransition,1,0,0,0
1001,1962,Gospel,Country,WeightedTransition,2,0,0,0
1001,1962,Gospel,DooWop,WeightedTransition,1,0,0,0
1001,1962,Gospel,EasyListening,WeightedTransition,2,0,0,0
1001,1962,Gospel,Gospel,Retained,33,0,0,0
1001,1962,Gospel,Gospel,WeightedTransition,5,0,0,0
1001,1962,Gospel,LatinPop,WeightedTransition,1,0,0,0
1001,1962,Gospel,RockAndRoll,WeightedTransition,1,0,0,0
1001,1962,Gospel,Soul,WeightedTransition,4,0,0,0
1001,1962,Gospel,TraditionalPop,WeightedTransition,1,0,0,0
1001,1962,Jazz,BossaNova,AnnualFloor,1,0,1,0
1001,1962,Jazz,BossaNova,WeightedTransition,5,0,0,0
1001,1962,Jazz,Comedy,WeightedTransition,1,0,0,0
1001,1962,Jazz,ContemporaryFolk,AnnualFloor,1,0,1,0
1001,1962,Jazz,ContemporaryFolk,WeightedTransition,1,0,0,0
1001,1962,Jazz,Country,WeightedTransition,4,0,0,0
1001,1962,Jazz,DooWop,WeightedTransition,3,0,0,0
1001,1962,Jazz,EasyListening,AnnualFloor,1,0,1,0
1001,1962,Jazz,EasyListening,WeightedTransition,2,0,0,0
1001,1962,Jazz,Folk,WeightedTransition,3,0,0,0
1001,1962,Jazz,Gospel,WeightedTransition,2,0,0,0
1001,1962,Jazz,Jazz,Retained,164,0,0,0
1001,1962,Jazz,Jazz,WeightedTransition,14,0,0,0
1001,1962,Jazz,RnB,WeightedTransition,3,0,0,0
1001,1962,Jazz,RockAndRoll,WeightedTransition,3,0,0,0
1001,1962,Jazz,Soul,WeightedTransition,3,0,0,0
1001,1962,Jazz,SurfRock,WeightedTransition,4,0,0,0
1001,1962,Jazz,TeenPop,WeightedTransition,3,0,0,0
1001,1962,Jazz,TexMex,WeightedTransition,2,0,0,0
1001,1962,Jazz,TraditionalPop,WeightedTransition,7,0,0,0
1001,1962,LatinPop,Comedy,WeightedTransition,2,0,0,0
1001,1962,LatinPop,DooWop,WeightedTransition,2,0,0,0
1001,1962,LatinPop,EasyListening,WeightedTransition,1,0,0,0
1001,1962,LatinPop,Gospel,WeightedTransition,1,0,0,0
1001,1962,LatinPop,Jazz,WeightedTransition,1,0,0,0
1001,1962,LatinPop,LatinPop,Retained,20,0,0,0
1001,1962,LatinPop,LatinPop,WeightedTransition,3,0,0,0
1001,1962,LatinPop,RnB,WeightedTransition,1,0,0,0
1001,1962,LatinPop,Soul,WeightedTransition,2,0,0,0
1001,1962,LatinPop,TraditionalPop,WeightedTransition,3,0,0,0
1001,1962,RnB,Blues,AnnualFloor,1,0,1,0
1001,1962,RnB,BossaNova,WeightedTransition,3,0,0,0
1001,1962,RnB,Classical,AnnualFloor,1,0,1,0
1001,1962,RnB,Comedy,WeightedTransition,3,0,0,0
1001,1962,RnB,ContemporaryFolk,WeightedTransition,1,0,0,0
1001,1962,RnB,Country,WeightedTransition,1,0,0,0
1001,1962,RnB,DooWop,AnnualFloor,1,0,1,0
1001,1962,RnB,DooWop,WeightedTransition,9,0,0,0
1001,1962,RnB,EasyListening,WeightedTransition,1,0,0,0
1001,1962,RnB,Folk,WeightedTransition,2,0,0,0
1001,1962,RnB,Gospel,WeightedTransition,2,0,0,0
1001,1962,RnB,Jazz,WeightedTransition,1,0,0,0
1001,1962,RnB,LatinPop,AnnualFloor,1,0,1,0
1001,1962,RnB,RnB,AnnualFloor,2,0,2,0
1001,1962,RnB,RnB,Retained,259,0,0,0
1001,1962,RnB,RnB,WeightedTransition,14,0,0,0
1001,1962,RnB,Soul,AnnualFloor,2,0,2,0
1001,1962,RnB,Soul,WeightedTransition,9,0,0,0
1001,1962,RnB,SurfRock,WeightedTransition,2,0,0,0
1001,1962,RnB,TraditionalPop,WeightedTransition,2,0,0,0
1001,1962,RockAndRoll,Blues,WeightedTransition,4,0,0,0
1001,1962,RockAndRoll,BossaNova,WeightedTransition,1,0,0,0
1001,1962,RockAndRoll,Childrens,AnnualFloor,1,0,1,0
1001,1962,RockAndRoll,Comedy,WeightedTransition,1,0,0,0
1001,1962,RockAndRoll,DooWop,WeightedTransition,1,0,0,0
1001,1962,RockAndRoll,EasyListening,WeightedTransition,3,0,0,0
1001,1962,RockAndRoll,Folk,AnnualFloor,1,0,1,0
1001,1962,RockAndRoll,Folk,WeightedTransition,1,0,0,0
1001,1962,RockAndRoll,Gospel,AnnualFloor,1,0,1,0
1001,1962,RockAndRoll,Gospel,WeightedTransition,1,0,0,0
1001,1962,RockAndRoll,Jazz,AnnualFloor,1,0,1,0
1001,1962,RockAndRoll,Jazz,WeightedTransition,1,0,0,0
1001,1962,RockAndRoll,LatinPop,WeightedTransition,3,0,0,0
1001,1962,RockAndRoll,RnB,WeightedTransition,4,0,0,0
1001,1962,RockAndRoll,RockAndRoll,Retained,314,0,0,0
1001,1962,RockAndRoll,RockAndRoll,WeightedTransition,11,0,0,0
1001,1962,RockAndRoll,Soul,WeightedTransition,3,0,0,0
1001,1962,RockAndRoll,SurfRock,WeightedTransition,1,0,0,0
1001,1962,RockAndRoll,TeenPop,WeightedTransition,3,0,0,0
1001,1962,RockAndRoll,TexMex,AnnualFloor,2,0,2,0
1001,1962,Soul,Blues,WeightedTransition,1,0,0,0
1001,1962,Soul,Childrens,WeightedTransition,1,0,0,0
1001,1962,Soul,Comedy,WeightedTransition,2,0,0,0
1001,1962,Soul,ContemporaryFolk,AnnualFloor,1,0,1,0
1001,1962,Soul,ContemporaryFolk,WeightedTransition,2,0,0,0
1001,1962,Soul,Country,WeightedTransition,1,0,0,0
1001,1962,Soul,DooWop,WeightedTransition,4,0,0,0
1001,1962,Soul,EasyListening,WeightedTransition,1,0,0,0
1001,1962,Soul,Folk,WeightedTransition,3,0,0,0
1001,1962,Soul,Gospel,AnnualFloor,1,0,1,0
1001,1962,Soul,Gospel,WeightedTransition,3,0,0,0
1001,1962,Soul,Jazz,WeightedTransition,1,0,0,0
1001,1962,Soul,RnB,WeightedTransition,11,0,0,0
1001,1962,Soul,RockAndRoll,AnnualFloor,1,0,1,0
1001,1962,Soul,RockAndRoll,WeightedTransition,4,0,0,0
1001,1962,Soul,Soul,Retained,115,0,0,0
1001,1962,Soul,Soul,WeightedTransition,21,0,0,0
1001,1962,Soul,SurfRock,WeightedTransition,5,0,0,0
1001,1962,Soul,TeenPop,WeightedTransition,6,0,0,0
1001,1962,Soul,TexMex,WeightedTransition,2,0,0,0
1001,1962,Soul,TraditionalPop,WeightedTransition,6,0,0,0
1001,1962,SurfRock,Country,WeightedTransition,1,0,0,0
1001,1962,SurfRock,EasyListening,WeightedTransition,2,0,0,0
1001,1962,SurfRock,RockAndRoll,WeightedTransition,1,0,0,0
1001,1962,SurfRock,SurfRock,AnnualFloor,1,0,1,0
1001,1962,SurfRock,SurfRock,Retained,20,0,0,0
1001,1962,SurfRock,SurfRock,WeightedTransition,2,0,0,0
1001,1962,SurfRock,TeenPop,WeightedTransition,1,0,0,0
1001,1962,TeenPop,BossaNova,AnnualFloor,1,0,1,0
1001,1962,TeenPop,Comedy,AnnualFloor,2,0,2,0
1001,1962,TeenPop,Comedy,WeightedTransition,1,0,0,0
1001,1962,TeenPop,ContemporaryFolk,WeightedTransition,2,0,0,0
1001,1962,TeenPop,Country,WeightedTransition,2,0,0,0
1001,1962,TeenPop,DooWop,WeightedTransition,2,0,0,0
1001,1962,TeenPop,EasyListening,AnnualFloor,1,0,1,0
1001,1962,TeenPop,EasyListening,WeightedTransition,5,0,0,0
1001,1962,TeenPop,Folk,WeightedTransition,6,0,0,0
1001,1962,TeenPop,Gospel,WeightedTransition,1,0,0,0
1001,1962,TeenPop,RnB,WeightedTransition,2,0,0,0
1001,1962,TeenPop,RockAndRoll,WeightedTransition,3,0,0,0
1001,1962,TeenPop,Soul,WeightedTransition,4,0,0,0
1001,1962,TeenPop,SurfRock,WeightedTransition,2,0,0,0
1001,1962,TeenPop,TeenPop,AnnualFloor,3,0,3,0
1001,1962,TeenPop,TeenPop,Retained,385,0,0,0
1001,1962,TeenPop,TeenPop,WeightedTransition,19,0,0,0
1001,1962,TeenPop,TexMex,WeightedTransition,1,0,0,0
1001,1962,TeenPop,TraditionalPop,WeightedTransition,5,0,0,0
1001,1962,TexMex,Childrens,WeightedTransition,1,0,0,0
1001,1962,TexMex,Country,WeightedTransition,1,0,0,0
1001,1962,TexMex,DooWop,WeightedTransition,1,0,0,0
1001,1962,TexMex,LatinPop,WeightedTransition,1,0,0,0
1001,1962,TexMex,TeenPop,WeightedTransition,1,0,0,0
1001,1962,TexMex,TexMex,Retained,19,0,0,0
1001,1962,TexMex,TexMex,WeightedTransition,3,0,0,0
1001,1962,TraditionalPop,Blues,AnnualFloor,1,0,1,0
1001,1962,TraditionalPop,Blues,WeightedTransition,4,0,0,0
1001,1962,TraditionalPop,BossaNova,WeightedTransition,2,0,0,0
1001,1962,TraditionalPop,Childrens,AnnualFloor,1,0,1,0
1001,1962,TraditionalPop,Childrens,WeightedTransition,4,0,0,0
1001,1962,TraditionalPop,Classical,WeightedTransition,4,0,0,0
1001,1962,TraditionalPop,Comedy,WeightedTransition,3,0,0,0
1001,1962,TraditionalPop,ContemporaryFolk,AnnualFloor,1,0,1,0
1001,1962,TraditionalPop,Country,WeightedTransition,7,0,0,0
1001,1962,TraditionalPop,DooWop,WeightedTransition,8,0,0,0
1001,1962,TraditionalPop,EasyListening,AnnualFloor,1,0,1,0
1001,1962,TraditionalPop,EasyListening,WeightedTransition,24,0,0,0
1001,1962,TraditionalPop,Folk,AnnualFloor,1,0,1,0
1001,1962,TraditionalPop,Folk,WeightedTransition,5,0,0,0
1001,1962,TraditionalPop,Gospel,WeightedTransition,3,0,0,0
1001,1962,TraditionalPop,Jazz,AnnualFloor,1,0,1,0
1001,1962,TraditionalPop,Jazz,WeightedTransition,2,0,0,0
1001,1962,TraditionalPop,LatinPop,AnnualFloor,2,0,2,0
1001,1962,TraditionalPop,LatinPop,WeightedTransition,2,0,0,0
1001,1962,TraditionalPop,RnB,AnnualFloor,1,0,1,0
1001,1962,TraditionalPop,RockAndRoll,AnnualFloor,1,0,1,0
1001,1962,TraditionalPop,RockAndRoll,WeightedTransition,7,0,0,0
1001,1962,TraditionalPop,Soul,AnnualFloor,1,0,1,0
1001,1962,TraditionalPop,Soul,WeightedTransition,3,0,0,0
1001,1962,TraditionalPop,SurfRock,WeightedTransition,1,0,0,0
1001,1962,TraditionalPop,TeenPop,WeightedTransition,18,0,0,0
1001,1962,TraditionalPop,TexMex,AnnualFloor,1,0,1,0
1001,1962,TraditionalPop,TexMex,WeightedTransition,2,0,0,0
1001,1962,TraditionalPop,TraditionalPop,AnnualFloor,3,0,3,0
1001,1962,TraditionalPop,TraditionalPop,Retained,451,0,0,0
1001,1962,TraditionalPop,TraditionalPop,WeightedTransition,64,0,0,0
1001,1963,Blues,Blues,Retained,58,0,0,0
1001,1963,Blues,Blues,WeightedTransition,3,0,0,0
1001,1963,Blues,BritishBeat,WeightedTransition,1,0,0,0
1001,1963,Blues,Classical,AnnualFloor,1,0,1,0
1001,1963,Blues,Country,WeightedTransition,3,0,0,0
1001,1963,Blues,DooWop,WeightedTransition,1,0,0,0
1001,1963,Blues,EasyListening,WeightedTransition,1,0,0,0
1001,1963,Blues,Folk,WeightedTransition,1,0,0,0
1001,1963,Blues,Gospel,AnnualFloor,1,0,1,0
1001,1963,Blues,Jazz,WeightedTransition,2,0,0,0
1001,1963,Blues,RnB,WeightedTransition,1,0,0,0
1001,1963,Blues,RockAndRoll,WeightedTransition,2,0,0,0
1001,1963,Blues,Soul,WeightedTransition,3,0,0,0
1001,1963,Blues,TeenPop,WeightedTransition,3,0,0,0
1001,1963,Blues,TraditionalPop,WeightedTransition,2,0,0,0
1001,1963,BossaNova,BossaNova,Retained,16,0,0,0
1001,1963,BossaNova,BossaNova,WeightedTransition,2,0,0,0
1001,1963,BossaNova,Comedy,AnnualFloor,1,0,1,0
1001,1963,BossaNova,Folk,WeightedTransition,1,0,0,0
1001,1963,BossaNova,Jazz,WeightedTransition,1,0,0,0
1001,1963,BossaNova,LatinPop,WeightedTransition,1,0,0,0
1001,1963,BritishBeat,BritishBeat,Retained,16,0,0,0
1001,1963,BritishBeat,RnB,WeightedTransition,1,0,0,0
1001,1963,BritishBeat,RockAndRoll,WeightedTransition,2,0,0,0
1001,1963,Childrens,BossaNova,WeightedTransition,1,0,0,0
1001,1963,Childrens,Childrens,Retained,25,0,0,0
1001,1963,Childrens,Childrens,WeightedTransition,1,0,0,0
1001,1963,Childrens,DooWop,WeightedTransition,1,0,0,0
1001,1963,Classical,Blues,WeightedTransition,1,0,0,0
1001,1963,Classical,Childrens,WeightedTransition,1,0,0,0
1001,1963,Classical,Classical,AnnualFloor,1,0,1,0
1001,1963,Classical,Classical,Retained,51,0,0,0
1001,1963,Classical,Classical,WeightedTransition,1,0,0,0
1001,1963,Classical,Comedy,WeightedTransition,2,0,0,0
1001,1963,Classical,ContemporaryFolk,WeightedTransition,1,0,0,0
1001,1963,Classical,EasyListening,WeightedTransition,1,0,0,0
1001,1963,Classical,Jazz,WeightedTransition,1,0,0,0
1001,1963,Classical,LatinPop,WeightedTransition,1,0,0,0
1001,1963,Classical,RockAndRoll,WeightedTransition,1,0,0,0
1001,1963,Classical,TraditionalPop,WeightedTransition,2,0,0,0
1001,1963,Comedy,BritishBeat,WeightedTransition,1,0,0,0
1001,1963,Comedy,Classical,WeightedTransition,1,0,0,0
1001,1963,Comedy,Comedy,Retained,31,0,0,0
1001,1963,Comedy,Comedy,WeightedTransition,7,0,0,0
1001,1963,Comedy,Country,WeightedTransition,1,0,0,0
1001,1963,Comedy,GarageRock,WeightedTransition,2,0,0,0
1001,1963,Comedy,Gospel,WeightedTransition,1,0,0,0
1001,1963,Comedy,RnB,WeightedTransition,1,0,0,0
1001,1963,Comedy,RockAndRoll,WeightedTransition,1,0,0,0
1001,1963,Comedy,TeenPop,WeightedTransition,1,0,0,0
1001,1963,Comedy,TraditionalPop,WeightedTransition,2,0,0,0
1001,1963,ContemporaryFolk,BossaNova,WeightedTransition,1,0,0,0
1001,1963,ContemporaryFolk,Comedy,WeightedTransition,1,0,0,0
1001,1963,ContemporaryFolk,ContemporaryFolk,Retained,13,0,0,0
1001,1963,ContemporaryFolk,ContemporaryFolk,WeightedTransition,1,0,0,0
1001,1963,ContemporaryFolk,Folk,WeightedTransition,1,0,0,0
1001,1963,ContemporaryFolk,Jazz,WeightedTransition,2,0,0,0
1001,1963,ContemporaryFolk,SurfRock,WeightedTransition,1,0,0,0
1001,1963,ContemporaryFolk,TraditionalPop,WeightedTransition,1,0,0,0
1001,1963,Country,Blues,WeightedTransition,1,0,0,0
1001,1963,Country,BossaNova,WeightedTransition,1,0,0,0
1001,1963,Country,BritishBeat,WeightedTransition,6,0,0,0
1001,1963,Country,Classical,WeightedTransition,1,0,0,0
1001,1963,Country,Comedy,WeightedTransition,2,0,0,0
1001,1963,Country,ContemporaryFolk,WeightedTransition,2,0,0,0
1001,1963,Country,Country,Retained,204,0,0,0
1001,1963,Country,Country,WeightedTransition,26,0,0,0
1001,1963,Country,DooWop,WeightedTransition,1,0,0,0
1001,1963,Country,EasyListening,WeightedTransition,3,0,0,0
1001,1963,Country,Folk,WeightedTransition,4,0,0,0
1001,1963,Country,GarageRock,WeightedTransition,2,0,0,0
1001,1963,Country,Gospel,WeightedTransition,6,0,0,0
1001,1963,Country,Jazz,WeightedTransition,1,0,0,0
1001,1963,Country,LatinPop,WeightedTransition,1,0,0,0
1001,1963,Country,RnB,AnnualFloor,1,0,1,0
1001,1963,Country,RnB,WeightedTransition,3,0,0,0
1001,1963,Country,RockAndRoll,WeightedTransition,1,0,0,0
1001,1963,Country,Soul,WeightedTransition,2,0,0,0
1001,1963,Country,SurfRock,WeightedTransition,4,0,0,0
1001,1963,Country,TeenPop,WeightedTransition,1,0,0,0
1001,1963,Country,TraditionalPop,WeightedTransition,4,0,0,0
1001,1963,DooWop,Blues,WeightedTransition,2,0,0,0
1001,1963,DooWop,BritishBeat,WeightedTransition,3,0,0,0
1001,1963,DooWop,Childrens,WeightedTransition,2,0,0,0
1001,1963,DooWop,Classical,WeightedTransition,1,0,0,0
1001,1963,DooWop,Comedy,AnnualFloor,1,0,1,0
1001,1963,DooWop,ContemporaryFolk,WeightedTransition,5,0,0,0
1001,1963,DooWop,Country,WeightedTransition,3,0,0,0
1001,1963,DooWop,DooWop,Retained,53,0,0,0
1001,1963,DooWop,DooWop,WeightedTransition,17,0,0,0
1001,1963,DooWop,EasyListening,WeightedTransition,4,0,0,0
1001,1963,DooWop,Folk,WeightedTransition,2,0,0,0
1001,1963,DooWop,GarageRock,WeightedTransition,1,0,0,0
1001,1963,DooWop,Gospel,WeightedTransition,1,0,0,0
1001,1963,DooWop,Jazz,WeightedTransition,2,0,0,0
1001,1963,DooWop,RnB,WeightedTransition,9,0,0,0
1001,1963,DooWop,RockAndRoll,WeightedTransition,3,0,0,0
1001,1963,DooWop,Soul,WeightedTransition,7,0,0,0
1001,1963,DooWop,SurfRock,WeightedTransition,2,0,0,0
1001,1963,DooWop,TeenPop,WeightedTransition,10,0,0,0
1001,1963,DooWop,TexMex,WeightedTransition,1,0,0,0
1001,1963,DooWop,TraditionalPop,WeightedTransition,2,0,0,0
1001,1963,EasyListening,Blues,WeightedTransition,2,0,0,0
1001,1963,EasyListening,BossaNova,WeightedTransition,1,0,0,0
1001,1963,EasyListening,BritishBeat,WeightedTransition,6,0,0,0
1001,1963,EasyListening,Classical,WeightedTransition,3,0,0,0
1001,1963,EasyListening,Comedy,WeightedTransition,3,0,0,0
1001,1963,EasyListening,ContemporaryFolk,WeightedTransition,2,0,0,0
1001,1963,EasyListening,Country,AnnualFloor,1,0,1,0
1001,1963,EasyListening,Country,WeightedTransition,2,0,0,0
1001,1963,EasyListening,DooWop,WeightedTransition,5,0,0,0
1001,1963,EasyListening,EasyListening,AnnualFloor,2,0,2,0
1001,1963,EasyListening,EasyListening,Retained,111,0,0,0
1001,1963,EasyListening,EasyListening,WeightedTransition,24,0,0,0
1001,1963,EasyListening,Folk,WeightedTransition,6,0,0,0
1001,1963,EasyListening,Gospel,WeightedTransition,3,0,0,0
1001,1963,EasyListening,Jazz,AnnualFloor,1,0,1,0
1001,1963,EasyListening,Jazz,WeightedTransition,5,0,0,0
1001,1963,EasyListening,RnB,WeightedTransition,4,0,0,0
1001,1963,EasyListening,RockAndRoll,WeightedTransition,4,0,0,0
1001,1963,EasyListening,Soul,WeightedTransition,7,0,0,0
1001,1963,EasyListening,SurfRock,WeightedTransition,4,0,0,0
1001,1963,EasyListening,TeenPop,WeightedTransition,9,0,0,0
1001,1963,EasyListening,TexMex,WeightedTransition,2,0,0,0
1001,1963,EasyListening,TraditionalPop,WeightedTransition,12,0,0,0
1001,1963,Folk,BritishBeat,WeightedTransition,2,0,0,0
1001,1963,Folk,Comedy,WeightedTransition,1,0,0,0
1001,1963,Folk,ContemporaryFolk,WeightedTransition,5,0,0,0
1001,1963,Folk,Country,WeightedTransition,3,0,0,0
1001,1963,Folk,DooWop,WeightedTransition,1,0,0,0
1001,1963,Folk,Folk,AnnualFloor,1,0,1,0
1001,1963,Folk,Folk,Retained,118,0,0,0
1001,1963,Folk,Folk,WeightedTransition,15,0,0,0
1001,1963,Folk,Gospel,WeightedTransition,1,0,0,0
1001,1963,Folk,Jazz,WeightedTransition,2,0,0,0
1001,1963,Folk,RockAndRoll,WeightedTransition,1,0,0,0
1001,1963,Folk,SurfRock,AnnualFloor,1,0,1,0
1001,1963,Folk,TeenPop,WeightedTransition,2,0,0,0
1001,1963,Folk,TraditionalPop,WeightedTransition,1,0,0,0
1001,1963,GarageRock,GarageRock,Retained,6,0,0,0
1001,1963,Gospel,BritishBeat,WeightedTransition,1,0,0,0
1001,1963,Gospel,Comedy,WeightedTransition,1,0,0,0
1001,1963,Gospel,DooWop,WeightedTransition,2,0,0,0
1001,1963,Gospel,Folk,WeightedTransition,1,0,0,0
1001,1963,Gospel,Gospel,AnnualFloor,1,0,1,0
1001,1963,Gospel,Gospel,Retained,35,0,0,0
1001,1963,Gospel,Gospel,WeightedTransition,3,0,0,0
1001,1963,Gospel,RnB,WeightedTransition,1,0,0,0
1001,1963,Gospel,Soul,WeightedTransition,2,0,0,0
1001,1963,Gospel,SurfRock,WeightedTransition,1,0,0,0
1001,1963,Gospel,TraditionalPop,WeightedTransition,1,0,0,0
1001,1963,Jazz,Blues,WeightedTransition,1,0,0,0
1001,1963,Jazz,BossaNova,AnnualFloor,2,0,2,0
1001,1963,Jazz,BossaNova,WeightedTransition,7,0,0,0
1001,1963,Jazz,BritishBeat,WeightedTransition,2,0,0,0
1001,1963,Jazz,Childrens,AnnualFloor,1,0,1,0
1001,1963,Jazz,Classical,WeightedTransition,3,0,0,0
1001,1963,Jazz,Comedy,WeightedTransition,1,0,0,0
1001,1963,Jazz,ContemporaryFolk,WeightedTransition,1,0,0,0
1001,1963,Jazz,Country,WeightedTransition,5,0,0,0
1001,1963,Jazz,DooWop,WeightedTransition,2,0,0,0
1001,1963,Jazz,Folk,WeightedTransition,2,0,0,0
1001,1963,Jazz,GarageRock,WeightedTransition,1,0,0,0
1001,1963,Jazz,Gospel,WeightedTransition,2,0,0,0
1001,1963,Jazz,Jazz,Retained,162,0,0,0
1001,1963,Jazz,Jazz,WeightedTransition,15,0,0,0
1001,1963,Jazz,LatinPop,WeightedTransition,1,0,0,0
1001,1963,Jazz,RnB,AnnualFloor,1,0,1,0
1001,1963,Jazz,RnB,WeightedTransition,4,0,0,0
1001,1963,Jazz,RockAndRoll,WeightedTransition,2,0,0,0
1001,1963,Jazz,Soul,WeightedTransition,11,0,0,0
1001,1963,Jazz,SurfRock,WeightedTransition,3,0,0,0
1001,1963,Jazz,TeenPop,WeightedTransition,4,0,0,0
1001,1963,Jazz,TexMex,AnnualFloor,1,0,1,0
1001,1963,Jazz,TexMex,WeightedTransition,1,0,0,0
1001,1963,Jazz,TraditionalPop,WeightedTransition,4,0,0,0
1001,1963,LatinPop,BritishBeat,WeightedTransition,3,0,0,0
1001,1963,LatinPop,DooWop,WeightedTransition,1,0,0,0
1001,1963,LatinPop,LatinPop,Retained,25,0,0,0
1001,1963,LatinPop,LatinPop,WeightedTransition,2,0,0,0
1001,1963,LatinPop,Soul,WeightedTransition,1,0,0,0
1001,1963,LatinPop,TeenPop,WeightedTransition,1,0,0,0
1001,1963,LatinPop,TexMex,WeightedTransition,3,0,0,0
1001,1963,LatinPop,TraditionalPop,WeightedTransition,4,0,0,0
1001,1963,RnB,Blues,WeightedTransition,1,0,0,0
1001,1963,RnB,BossaNova,WeightedTransition,1,0,0,0
1001,1963,RnB,BritishBeat,WeightedTransition,1,0,0,0
1001,1963,RnB,Childrens,WeightedTransition,2,0,0,0
1001,1963,RnB,Classical,AnnualFloor,1,0,1,0
1001,1963,RnB,Classical,WeightedTransition,1,0,0,0
1001,1963,RnB,Comedy,WeightedTransition,1,0,0,0
1001,1963,RnB,ContemporaryFolk,AnnualFloor,1,0,1,0
1001,1963,RnB,ContemporaryFolk,WeightedTransition,1,0,0,0
1001,1963,RnB,Country,WeightedTransition,1,0,0,0
1001,1963,RnB,DooWop,WeightedTransition,6,0,0,0
1001,1963,RnB,EasyListening,WeightedTransition,3,0,0,0
1001,1963,RnB,Folk,WeightedTransition,1,0,0,0
1001,1963,RnB,GarageRock,AnnualFloor,1,0,1,0
1001,1963,RnB,Gospel,AnnualFloor,1,0,1,0
1001,1963,RnB,Gospel,WeightedTransition,2,0,0,0
1001,1963,RnB,Jazz,WeightedTransition,4,0,0,0
1001,1963,RnB,RnB,Retained,256,0,0,0
1001,1963,RnB,RnB,WeightedTransition,13,0,0,0
1001,1963,RnB,RockAndRoll,WeightedTransition,2,0,0,0
1001,1963,RnB,Soul,WeightedTransition,9,0,0,0
1001,1963,RnB,SurfRock,WeightedTransition,2,0,0,0
1001,1963,RnB,TexMex,WeightedTransition,1,0,0,0
1001,1963,RnB,TraditionalPop,WeightedTransition,2,0,0,0
1001,1963,RockAndRoll,Blues,AnnualFloor,1,0,1,0
1001,1963,RockAndRoll,BossaNova,WeightedTransition,3,0,0,0
1001,1963,RockAndRoll,BritishBeat,AnnualFloor,1,0,1,0
1001,1963,RockAndRoll,BritishBeat,WeightedTransition,21,0,0,0
1001,1963,RockAndRoll,Childrens,AnnualFloor,1,0,1,0
1001,1963,RockAndRoll,Childrens,WeightedTransition,1,0,0,0
1001,1963,RockAndRoll,Classical,WeightedTransition,3,0,0,0
1001,1963,RockAndRoll,Comedy,WeightedTransition,1,0,0,0
1001,1963,RockAndRoll,ContemporaryFolk,WeightedTransition,3,0,0,0
1001,1963,RockAndRoll,Country,WeightedTransition,2,0,0,0
1001,1963,RockAndRoll,DooWop,WeightedTransition,3,0,0,0
1001,1963,RockAndRoll,EasyListening,WeightedTransition,5,0,0,0
1001,1963,RockAndRoll,Folk,WeightedTransition,4,0,0,0
1001,1963,RockAndRoll,GarageRock,AnnualFloor,2,0,2,0
1001,1963,RockAndRoll,GarageRock,WeightedTransition,12,0,0,0
1001,1963,RockAndRoll,Gospel,WeightedTransition,3,0,0,0
1001,1963,RockAndRoll,LatinPop,AnnualFloor,1,0,1,0
1001,1963,RockAndRoll,LatinPop,WeightedTransition,3,0,0,0
1001,1963,RockAndRoll,RnB,WeightedTransition,7,0,0,0
1001,1963,RockAndRoll,RockAndRoll,AnnualFloor,1,0,1,0
1001,1963,RockAndRoll,RockAndRoll,Retained,253,0,0,0
1001,1963,RockAndRoll,RockAndRoll,WeightedTransition,23,0,0,0
1001,1963,RockAndRoll,Soul,AnnualFloor,1,0,1,0
1001,1963,RockAndRoll,Soul,WeightedTransition,6,0,0,0
1001,1963,RockAndRoll,SurfRock,AnnualFloor,2,0,2,0
1001,1963,RockAndRoll,SurfRock,WeightedTransition,2,0,0,0
1001,1963,RockAndRoll,TeenPop,WeightedTransition,9,0,0,0
1001,1963,RockAndRoll,TexMex,WeightedTransition,2,0,0,0
1001,1963,RockAndRoll,TraditionalPop,WeightedTransition,1,0,0,0
1001,1963,Soul,BossaNova,WeightedTransition,1,0,0,0
1001,1963,Soul,BritishBeat,AnnualFloor,1,0,1,0
1001,1963,Soul,BritishBeat,WeightedTransition,4,0,0,0
1001,1963,Soul,Classical,WeightedTransition,1,0,0,0
1001,1963,Soul,Comedy,WeightedTransition,2,0,0,0
1001,1963,Soul,Country,AnnualFloor,1,0,1,0
1001,1963,Soul,Country,WeightedTransition,3,0,0,0
1001,1963,Soul,DooWop,AnnualFloor,1,0,1,0
1001,1963,Soul,DooWop,WeightedTransition,4,0,0,0
1001,1963,Soul,EasyListening,WeightedTransition,4,0,0,0
1001,1963,Soul,Folk,WeightedTransition,3,0,0,0
1001,1963,Soul,GarageRock,WeightedTransition,3,0,0,0
1001,1963,Soul,Gospel,WeightedTransition,1,0,0,0
1001,1963,Soul,Jazz,WeightedTransition,2,0,0,0
1001,1963,Soul,RnB,AnnualFloor,1,0,1,0
1001,1963,Soul,RnB,WeightedTransition,9,0,0,0
1001,1963,Soul,RockAndRoll,WeightedTransition,1,0,0,0
1001,1963,Soul,Soul,AnnualFloor,1,0,1,0
1001,1963,Soul,Soul,Retained,130,0,0,0
1001,1963,Soul,Soul,WeightedTransition,14,0,0,0
1001,1963,Soul,TexMex,AnnualFloor,1,0,1,0
1001,1963,Soul,TraditionalPop,WeightedTransition,1,0,0,0
1001,1963,SurfRock,BritishBeat,AnnualFloor,1,0,1,0
1001,1963,SurfRock,BritishBeat,WeightedTransition,1,0,0,0
1001,1963,SurfRock,Folk,AnnualFloor,1,0,1,0
1001,1963,SurfRock,Jazz,WeightedTransition,1,0,0,0
1001,1963,SurfRock,SurfRock,Retained,39,0,0,0
1001,1963,SurfRock,SurfRock,WeightedTransition,1,0,0,0
1001,1963,SurfRock,TexMex,WeightedTransition,1,0,0,0
1001,1963,SurfRock,TraditionalPop,WeightedTransition,1,0,0,0
1001,1963,TeenPop,Blues,AnnualFloor,1,0,1,0
1001,1963,TeenPop,Blues,WeightedTransition,1,0,0,0
1001,1963,TeenPop,BritishBeat,WeightedTransition,13,0,0,0
1001,1963,TeenPop,Childrens,AnnualFloor,1,0,1,0
1001,1963,TeenPop,Childrens,WeightedTransition,1,0,0,0
1001,1963,TeenPop,Comedy,WeightedTransition,4,0,0,0
1001,1963,TeenPop,ContemporaryFolk,AnnualFloor,1,0,1,0
1001,1963,TeenPop,ContemporaryFolk,WeightedTransition,5,0,0,0
1001,1963,TeenPop,Country,WeightedTransition,2,0,0,0
1001,1963,TeenPop,DooWop,AnnualFloor,2,0,2,0
1001,1963,TeenPop,DooWop,WeightedTransition,9,0,0,0
1001,1963,TeenPop,EasyListening,WeightedTransition,13,0,0,0
1001,1963,TeenPop,Folk,AnnualFloor,1,0,1,0
1001,1963,TeenPop,Folk,WeightedTransition,6,0,0,0
1001,1963,TeenPop,GarageRock,WeightedTransition,2,0,0,0
1001,1963,TeenPop,Gospel,WeightedTransition,3,0,0,0
1001,1963,TeenPop,Jazz,AnnualFloor,1,0,1,0
1001,1963,TeenPop,Jazz,WeightedTransition,2,0,0,0
1001,1963,TeenPop,LatinPop,AnnualFloor,1,0,1,0
1001,1963,TeenPop,RnB,WeightedTransition,4,0,0,0
1001,1963,TeenPop,RockAndRoll,AnnualFloor,1,0,1,0
1001,1963,TeenPop,RockAndRoll,WeightedTransition,7,0,0,0
1001,1963,TeenPop,Soul,AnnualFloor,1,0,1,0
1001,1963,TeenPop,Soul,WeightedTransition,4,0,0,0
1001,1963,TeenPop,SurfRock,WeightedTransition,7,0,0,0
1001,1963,TeenPop,TeenPop,AnnualFloor,2,0,2,0
1001,1963,TeenPop,TeenPop,Retained,265,0,0,0
1001,1963,TeenPop,TeenPop,WeightedTransition,25,0,0,0
1001,1963,TeenPop,TexMex,AnnualFloor,1,0,1,0
1001,1963,TeenPop,TraditionalPop,WeightedTransition,18,0,0,0
1001,1963,TexMex,BossaNova,AnnualFloor,1,0,1,0
1001,1963,TexMex,BritishBeat,WeightedTransition,1,0,0,0
1001,1963,TexMex,Country,WeightedTransition,1,0,0,0
1001,1963,TexMex,DooWop,WeightedTransition,1,0,0,0
1001,1963,TexMex,EasyListening,AnnualFloor,1,0,1,0
1001,1963,TexMex,Jazz,WeightedTransition,1,0,0,0
1001,1963,TexMex,TexMex,Retained,24,0,0,0
1001,1963,TexMex,TexMex,WeightedTransition,2,0,0,0
1001,1963,TexMex,TraditionalPop,WeightedTransition,1,0,0,0
1001,1963,TraditionalPop,Blues,AnnualFloor,1,0,1,0
1001,1963,TraditionalPop,Blues,WeightedTransition,7,0,0,0
1001,1963,TraditionalPop,BossaNova,WeightedTransition,5,0,0,0
1001,1963,TraditionalPop,BritishBeat,WeightedTransition,17,0,0,0
1001,1963,TraditionalPop,Childrens,WeightedTransition,4,0,0,0
1001,1963,TraditionalPop,Classical,WeightedTransition,3,0,0,0
1001,1963,TraditionalPop,Comedy,AnnualFloor,1,0,1,0
1001,1963,TraditionalPop,Comedy,WeightedTransition,5,0,0,0
1001,1963,TraditionalPop,ContemporaryFolk,AnnualFloor,1,0,1,0
1001,1963,TraditionalPop,ContemporaryFolk,WeightedTransition,4,0,0,0
1001,1963,TraditionalPop,Country,AnnualFloor,1,0,1,0
1001,1963,TraditionalPop,Country,WeightedTransition,3,0,0,0
1001,1963,TraditionalPop,DooWop,WeightedTransition,4,0,0,0
1001,1963,TraditionalPop,EasyListening,WeightedTransition,25,0,0,0
1001,1963,TraditionalPop,Folk,WeightedTransition,7,0,0,0
1001,1963,TraditionalPop,GarageRock,WeightedTransition,1,0,0,0
1001,1963,TraditionalPop,Gospel,WeightedTransition,7,0,0,0
1001,1963,TraditionalPop,Jazz,AnnualFloor,1,0,1,0
1001,1963,TraditionalPop,Jazz,WeightedTransition,4,0,0,0
1001,1963,TraditionalPop,LatinPop,AnnualFloor,1,0,1,0
1001,1963,TraditionalPop,LatinPop,WeightedTransition,4,0,0,0
1001,1963,TraditionalPop,RnB,WeightedTransition,6,0,0,0
1001,1963,TraditionalPop,RockAndRoll,AnnualFloor,1,0,1,0
1001,1963,TraditionalPop,RockAndRoll,WeightedTransition,5,0,0,0
1001,1963,TraditionalPop,Soul,WeightedTransition,4,0,0,0
1001,1963,TraditionalPop,SurfRock,WeightedTransition,3,0,0,0
1001,1963,TraditionalPop,TeenPop,AnnualFloor,1,0,1,0
1001,1963,TraditionalPop,TeenPop,WeightedTransition,18,0,0,0
1001,1963,TraditionalPop,TexMex,WeightedTransition,6,0,0,0
1001,1963,TraditionalPop,TraditionalPop,AnnualFloor,3,0,3,0
1001,1963,TraditionalPop,TraditionalPop,Retained,361,0,0,0
1001,1963,TraditionalPop,TraditionalPop,WeightedTransition,80,0,0,0
1001,1964,Blues,Blues,Retained,36,0,0,0
1001,1964,Blues,Blues,WeightedTransition,2,0,0,0
1001,1964,Blues,BossaNova,WeightedTransition,1,0,0,0
1001,1964,Blues,BritishBeat,WeightedTransition,1,0,0,0
1001,1964,Blues,BritishPop,WeightedTransition,3,0,0,0
1001,1964,Blues,ContemporaryFolk,WeightedTransition,1,0,0,0
1001,1964,Blues,EasyListening,WeightedTransition,1,0,0,0
1001,1964,Blues,Folk,WeightedTransition,1,0,0,0
1001,1964,Blues,Jazz,WeightedTransition,2,0,0,0
1001,1964,Blues,RnB,WeightedTransition,1,0,0,0
1001,1964,Blues,Soul,AnnualFloor,1,0,1,0
1001,1964,Blues,Soul,WeightedTransition,1,0,0,0
1001,1964,Blues,TeenPop,AnnualFloor,1,0,1,0
1001,1964,Blues,TeenPop,WeightedTransition,2,0,0,0
1001,1964,Blues,TexMex,WeightedTransition,1,0,0,0
1001,1964,BossaNova,BossaNova,Retained,31,0,0,0
1001,1964,BossaNova,RockAndRoll,WeightedTransition,1,0,0,0
1001,1964,BritishBeat,BritishBeat,Retained,32,0,0,0
1001,1964,BritishBeat,BritishBeat,WeightedTransition,7,0,0,0
1001,1964,BritishBeat,Comedy,WeightedTransition,1,0,0,0
1001,1964,BritishBeat,Country,WeightedTransition,1,0,0,0
1001,1964,BritishBeat,GarageRock,AnnualFloor,1,0,1,0
1001,1964,BritishBeat,TraditionalPop,WeightedTransition,1,0,0,0
1001,1964,BritishBlues,Blues,WeightedTransition,1,0,0,0
1001,1964,BritishBlues,BritishBlues,Retained,8,0,0,0
1001,1964,BritishBlues,GarageRock,WeightedTransition,1,0,0,0
1001,1964,BritishBlues,TraditionalPop,WeightedTransition,1,0,0,0
1001,1964,BritishPop,BritishPop,Retained,18,0,0,0
1001,1964,BritishPop,BritishPop,WeightedTransition,2,0,0,0
1001,1964,BritishPop,EasyListening,WeightedTransition,1,0,0,0
1001,1964,BritishPop,GarageRock,WeightedTransition,1,0,0,0
1001,1964,BritishPop,SurfRock,WeightedTransition,1,0,0,0
1001,1964,BritishPop,TexMex,WeightedTransition,1,0,0,0
1001,1964,Childrens,Childrens,Retained,29,0,0,0
1001,1964,Childrens,Childrens,WeightedTransition,1,0,0,0
1001,1964,Childrens,Comedy,WeightedTransition,1,0,0,0
1001,1964,Childrens,Jazz,AnnualFloor,1,0,1,0
1001,1964,Childrens,RnB,WeightedTransition,1,0,0,0
1001,1964,Classical,BritishBeat,WeightedTransition,1,0,0,0
1001,1964,Classical,BritishBlues,WeightedTransition,1,0,0,0
1001,1964,Classical,BritishPop,WeightedTransition,1,0,0,0
1001,1964,Classical,Classical,Retained,41,0,0,0
1001,1964,Classical,DooWop,WeightedTransition,1,0,0,0
1001,1964,Classical,GarageRock,WeightedTransition,1,0,0,0
1001,1964,Classical,Gospel,WeightedTransition,1,0,0,0
1001,1964,Classical,RnB,AnnualFloor,1,0,1,0
1001,1964,Comedy,BritishBeat,WeightedTransition,3,0,0,0
1001,1964,Comedy,BritishPop,WeightedTransition,3,0,0,0
1001,1964,Comedy,Childrens,WeightedTransition,1,0,0,0
1001,1964,Comedy,Classical,WeightedTransition,3,0,0,0
1001,1964,Comedy,Comedy,AnnualFloor,1,0,1,0
1001,1964,Comedy,Comedy,Retained,26,0,0,0
1001,1964,Comedy,Comedy,WeightedTransition,4,0,0,0
1001,1964,Comedy,ContemporaryFolk,WeightedTransition,1,0,0,0
1001,1964,Comedy,EasyListening,WeightedTransition,1,0,0,0
1001,1964,Comedy,Folk,WeightedTransition,2,0,0,0
1001,1964,Comedy,Gospel,WeightedTransition,3,0,0,0
1001,1964,Comedy,RnB,WeightedTransition,1,0,0,0
1001,1964,Comedy,RockAndRoll,WeightedTransition,1,0,0,0
1001,1964,Comedy,SurfRock,WeightedTransition,1,0,0,0
1001,1964,Comedy,TeenPop,WeightedTransition,1,0,0,0
1001,1964,ContemporaryFolk,ContemporaryFolk,Retained,25,0,0,0
1001,1964,ContemporaryFolk,ContemporaryFolk,WeightedTransition,3,0,0,0
1001,1964,ContemporaryFolk,SurfRock,WeightedTransition,1,0,0,0
1001,1964,Country,Blues,AnnualFloor,1,0,1,0
1001,1964,Country,Blues,WeightedTransition,1,0,0,0
1001,1964,Country,BossaNova,WeightedTransition,3,0,0,0
1001,1964,Country,BritishBeat,WeightedTransition,19,0,0,0
1001,1964,Country,BritishBlues,AnnualFloor,1,0,1,0
1001,1964,Country,BritishBlues,WeightedTransition,7,0,0,0
1001,1964,Country,BritishPop,WeightedTransition,10,0,0,0
1001,1964,Country,Childrens,WeightedTransition,1,0,0,0
1001,1964,Country,Classical,WeightedTransition,2,0,0,0
1001,1964,Country,Comedy,WeightedTransition,1,0,0,0
1001,1964,Country,ContemporaryFolk,AnnualFloor,1,0,1,0
1001,1964,Country,ContemporaryFolk,WeightedTransition,1,0,0,0
1001,1964,Country,Country,Retained,207,0,0,0
1001,1964,Country,Country,WeightedTransition,21,0,0,0
1001,1964,Country,EasyListening,WeightedTransition,1,0,0,0
1001,1964,Country,Folk,WeightedTransition,8,0,0,0
1001,1964,Country,GarageRock,WeightedTransition,3,0,0,0
1001,1964,Country,Gospel,AnnualFloor,1,0,1,0
1001,1964,Country,Gospel,WeightedTransition,3,0,0,0
1001,1964,Country,Jazz,WeightedTransition,1,0,0,0
1001,1964,Country,LatinPop,AnnualFloor,1,0,1,0
1001,1964,Country,LatinPop,WeightedTransition,1,0,0,0
1001,1964,Country,RnB,WeightedTransition,1,0,0,0
1001,1964,Country,RockAndRoll,WeightedTransition,4,0,0,0
1001,1964,Country,Ska,WeightedTransition,2,0,0,0
1001,1964,Country,Soul,WeightedTransition,1,0,0,0
1001,1964,Country,SurfRock,WeightedTransition,2,0,0,0
1001,1964,Country,TeenPop,WeightedTransition,4,0,0,0
1001,1964,Country,TexMex,WeightedTransition,1,0,0,0
1001,1964,Country,TraditionalPop,WeightedTransition,3,0,0,0
1001,1964,DooWop,Blues,WeightedTransition,1,0,0,0
1001,1964,DooWop,BossaNova,WeightedTransition,5,0,0,0
1001,1964,DooWop,BritishBeat,WeightedTransition,8,0,0,0
1001,1964,DooWop,BritishBlues,WeightedTransition,1,0,0,0
1001,1964,DooWop,BritishPop,WeightedTransition,9,0,0,0
1001,1964,DooWop,Childrens,WeightedTransition,2,0,0,0
1001,1964,DooWop,Comedy,WeightedTransition,1,0,0,0
1001,1964,DooWop,ContemporaryFolk,WeightedTransition,2,0,0,0
1001,1964,DooWop,Country,WeightedTransition,2,0,0,0
1001,1964,DooWop,DooWop,AnnualFloor,1,0,1,0
1001,1964,DooWop,DooWop,Retained,47,0,0,0
1001,1964,DooWop,DooWop,WeightedTransition,7,0,0,0
1001,1964,DooWop,EasyListening,WeightedTransition,4,0,0,0
1001,1964,DooWop,Folk,WeightedTransition,5,0,0,0
1001,1964,DooWop,GarageRock,WeightedTransition,1,0,0,0
1001,1964,DooWop,Gospel,WeightedTransition,3,0,0,0
1001,1964,DooWop,LatinPop,WeightedTransition,1,0,0,0
1001,1964,DooWop,RnB,WeightedTransition,9,0,0,0
1001,1964,DooWop,Soul,WeightedTransition,7,0,0,0
1001,1964,DooWop,SurfRock,AnnualFloor,1,0,1,0
1001,1964,DooWop,SurfRock,WeightedTransition,1,0,0,0
1001,1964,DooWop,TeenPop,WeightedTransition,2,0,0,0
1001,1964,DooWop,TraditionalPop,WeightedTransition,4,0,0,0
1001,1964,EasyListening,Blues,WeightedTransition,1,0,0,0
1001,1964,EasyListening,BossaNova,WeightedTransition,3,0,0,0
1001,1964,EasyListening,BritishBeat,WeightedTransition,7,0,0,0
1001,1964,EasyListening,BritishBlues,WeightedTransition,2,0,0,0
1001,1964,EasyListening,BritishPop,WeightedTransition,21,0,0,0
1001,1964,EasyListening,Classical,AnnualFloor,1,0,1,0
1001,1964,EasyListening,Classical,WeightedTransition,1,0,0,0
1001,1964,EasyListening,Comedy,AnnualFloor,1,0,1,0
1001,1964,EasyListening,ContemporaryFolk,WeightedTransition,2,0,0,0
1001,1964,EasyListening,Country,AnnualFloor,1,0,1,0
1001,1964,EasyListening,Country,WeightedTransition,1,0,0,0
1001,1964,EasyListening,DooWop,WeightedTransition,4,0,0,0
1001,1964,EasyListening,EasyListening,AnnualFloor,1,0,1,0
1001,1964,EasyListening,EasyListening,Retained,82,0,0,0
1001,1964,EasyListening,EasyListening,WeightedTransition,13,0,0,0
1001,1964,EasyListening,Folk,AnnualFloor,1,0,1,0
1001,1964,EasyListening,Folk,WeightedTransition,1,0,0,0
1001,1964,EasyListening,GarageRock,WeightedTransition,6,0,0,0
1001,1964,EasyListening,Gospel,WeightedTransition,2,0,0,0
1001,1964,EasyListening,Jazz,WeightedTransition,2,0,0,0
1001,1964,EasyListening,RnB,WeightedTransition,3,0,0,0
1001,1964,EasyListening,RockAndRoll,WeightedTransition,2,0,0,0
1001,1964,EasyListening,Ska,WeightedTransition,2,0,0,0
1001,1964,EasyListening,Soul,WeightedTransition,2,0,0,0
1001,1964,EasyListening,SurfRock,WeightedTransition,3,0,0,0
1001,1964,EasyListening,TeenPop,AnnualFloor,1,0,1,0
1001,1964,EasyListening,TeenPop,WeightedTransition,13,0,0,0
1001,1964,EasyListening,TraditionalPop,WeightedTransition,14,0,0,0
1001,1964,Folk,BossaNova,AnnualFloor,1,0,1,0
1001,1964,Folk,BritishBeat,AnnualFloor,1,0,1,0
1001,1964,Folk,BritishBeat,WeightedTransition,1,0,0,0
1001,1964,Folk,BritishPop,WeightedTransition,1,0,0,0
1001,1964,Folk,Classical,WeightedTransition,1,0,0,0
1001,1964,Folk,ContemporaryFolk,WeightedTransition,1,0,0,0
1001,1964,Folk,Country,WeightedTransition,2,0,0,0
1001,1964,Folk,EasyListening,WeightedTransition,4,0,0,0
1001,1964,Folk,Folk,AnnualFloor,1,0,1,0
1001,1964,Folk,Folk,Retained,131,0,0,0
1001,1964,Folk,Folk,WeightedTransition,3,0,0,0
1001,1964,Folk,GarageRock,AnnualFloor,1,0,1,0
1001,1964,Folk,Gospel,WeightedTransition,1,0,0,0
1001,1964,Folk,Jazz,WeightedTransition,2,0,0,0
1001,1964,Folk,RockAndRoll,WeightedTransition,1,0,0,0
1001,1964,Folk,SurfRock,WeightedTransition,1,0,0,0
1001,1964,Folk,TeenPop,WeightedTransition,2,0,0,0
1001,1964,Folk,TexMex,AnnualFloor,2,0,2,0
1001,1964,Folk,TraditionalPop,AnnualFloor,1,0,1,0
1001,1964,GarageRock,BritishBeat,WeightedTransition,2,0,0,0
1001,1964,GarageRock,BritishBlues,WeightedTransition,1,0,0,0
1001,1964,GarageRock,GarageRock,Retained,12,0,0,0
1001,1964,GarageRock,GarageRock,WeightedTransition,1,0,0,0
1001,1964,GarageRock,Soul,WeightedTransition,1,0,0,0
1001,1964,Gospel,BritishBeat,WeightedTransition,3,0,0,0
1001,1964,Gospel,Childrens,AnnualFloor,1,0,1,0
1001,1964,Gospel,Childrens,WeightedTransition,1,0,0,0
1001,1964,Gospel,Gospel,Retained,9,0,0,0
1001,1964,Gospel,Gospel,WeightedTransition,1,0,0,0
1001,1964,Gospel,RnB,WeightedTransition,2,0,0,0
1001,1964,Gospel,Soul,WeightedTransition,2,0,0,0
1001,1964,Gospel,SurfRock,WeightedTransition,1,0,0,0
1001,1964,Gospel,TexMex,WeightedTransition,1,0,0,0
1001,1964,Gospel,TraditionalPop,WeightedTransition,1,0,0,0
1001,1964,Jazz,Blues,AnnualFloor,1,0,1,0
1001,1964,Jazz,Blues,WeightedTransition,1,0,0,0
1001,1964,Jazz,BossaNova,AnnualFloor,2,0,2,0
1001,1964,Jazz,BossaNova,WeightedTransition,5,0,0,0
1001,1964,Jazz,BritishBeat,WeightedTransition,7,0,0,0
1001,1964,Jazz,BritishBlues,WeightedTransition,4,0,0,0
1001,1964,Jazz,BritishPop,WeightedTransition,11,0,0,0
1001,1964,Jazz,Childrens,WeightedTransition,1,0,0,0
1001,1964,Jazz,Classical,AnnualFloor,1,0,1,0
1001,1964,Jazz,Classical,WeightedTransition,2,0,0,0
1001,1964,Jazz,ContemporaryFolk,WeightedTransition,2,0,0,0
1001,1964,Jazz,Country,WeightedTransition,1,0,0,0
1001,1964,Jazz,DooWop,WeightedTransition,1,0,0,0
1001,1964,Jazz,EasyListening,WeightedTransition,4,0,0,0
1001,1964,Jazz,Folk,WeightedTransition,4,0,0,0
1001,1964,Jazz,GarageRock,WeightedTransition,1,0,0,0
1001,1964,Jazz,Gospel,WeightedTransition,3,0,0,0
1001,1964,Jazz,Jazz,AnnualFloor,2,0,2,0
1001,1964,Jazz,Jazz,Retained,142,0,0,0
1001,1964,Jazz,Jazz,WeightedTransition,15,0,0,0
1001,1964,Jazz,LatinPop,WeightedTransition,1,0,0,0
1001,1964,Jazz,RnB,WeightedTransition,6,0,0,0
1001,1964,Jazz,RockAndRoll,WeightedTransition,3,0,0,0
1001,1964,Jazz,Ska,WeightedTransition,3,0,0,0
1001,1964,Jazz,Soul,WeightedTransition,10,0,0,0
1001,1964,Jazz,SurfRock,WeightedTransition,1,0,0,0
1001,1964,Jazz,TeenPop,WeightedTransition,1,0,0,0
1001,1964,Jazz,TexMex,WeightedTransition,2,0,0,0
1001,1964,Jazz,TraditionalPop,AnnualFloor,1,0,1,0
1001,1964,Jazz,TraditionalPop,WeightedTransition,4,0,0,0
1001,1964,LatinPop,BossaNova,WeightedTransition,1,0,0,0
1001,1964,LatinPop,BritishBeat,WeightedTransition,1,0,0,0
1001,1964,LatinPop,BritishBlues,WeightedTransition,1,0,0,0
1001,1964,LatinPop,GarageRock,WeightedTransition,1,0,0,0
1001,1964,LatinPop,LatinPop,Retained,22,0,0,0
1001,1964,LatinPop,LatinPop,WeightedTransition,1,0,0,0
1001,1964,LatinPop,SurfRock,WeightedTransition,1,0,0,0
1001,1964,LatinPop,TexMex,WeightedTransition,1,0,0,0
1001,1964,RnB,Blues,WeightedTransition,1,0,0,0
1001,1964,RnB,BossaNova,WeightedTransition,2,0,0,0
1001,1964,RnB,BritishBeat,AnnualFloor,1,0,1,0
1001,1964,RnB,BritishBeat,WeightedTransition,3,0,0,0
1001,1964,RnB,BritishBlues,AnnualFloor,1,0,1,0
1001,1964,RnB,BritishBlues,WeightedTransition,2,0,0,0
1001,1964,RnB,BritishPop,AnnualFloor,1,0,1,0
1001,1964,RnB,BritishPop,WeightedTransition,1,0,0,0
1001,1964,RnB,ContemporaryFolk,AnnualFloor,1,0,1,0
1001,1964,RnB,ContemporaryFolk,WeightedTransition,3,0,0,0
1001,1964,RnB,Country,AnnualFloor,1,0,1,0
1001,1964,RnB,DooWop,AnnualFloor,1,0,1,0
1001,1964,RnB,DooWop,WeightedTransition,2,0,0,0
1001,1964,RnB,EasyListening,WeightedTransition,1,0,0,0
1001,1964,RnB,Gospel,WeightedTransition,3,0,0,0
1001,1964,RnB,Jazz,WeightedTransition,2,0,0,0
1001,1964,RnB,LatinPop,WeightedTransition,1,0,0,0
1001,1964,RnB,RnB,AnnualFloor,1,0,1,0
1001,1964,RnB,RnB,Retained,234,0,0,0
1001,1964,RnB,RnB,WeightedTransition,10,0,0,0
1001,1964,RnB,RockAndRoll,AnnualFloor,1,0,1,0
1001,1964,RnB,Ska,AnnualFloor,1,0,1,0
1001,1964,RnB,Soul,WeightedTransition,6,0,0,0
1001,1964,RnB,TeenPop,WeightedTransition,3,0,0,0
1001,1964,RnB,TexMex,AnnualFloor,1,0,1,0
1001,1964,RnB,TraditionalPop,WeightedTransition,2,0,0,0
1001,1964,RockAndRoll,Blues,WeightedTransition,3,0,0,0
1001,1964,RockAndRoll,BossaNova,WeightedTransition,3,0,0,0
1001,1964,RockAndRoll,BritishBeat,AnnualFloor,1,0,1,0
1001,1964,RockAndRoll,BritishBeat,WeightedTransition,28,0,0,0
1001,1964,RockAndRoll,BritishBlues,AnnualFloor,1,0,1,0
1001,1964,RockAndRoll,BritishBlues,WeightedTransition,11,0,0,0
1001,1964,RockAndRoll,BritishPop,WeightedTransition,14,0,0,0
1001,1964,RockAndRoll,Childrens,AnnualFloor,1,0,1,0
1001,1964,RockAndRoll,Classical,WeightedTransition,1,0,0,0
1001,1964,RockAndRoll,Comedy,AnnualFloor,1,0,1,0
1001,1964,RockAndRoll,Comedy,WeightedTransition,1,0,0,0
1001,1964,RockAndRoll,ContemporaryFolk,WeightedTransition,2,0,0,0
1001,1964,RockAndRoll,Country,WeightedTransition,5,0,0,0
1001,1964,RockAndRoll,DooWop,WeightedTransition,4,0,0,0
1001,1964,RockAndRoll,EasyListening,WeightedTransition,6,0,0,0
1001,1964,RockAndRoll,Folk,WeightedTransition,1,0,0,0
1001,1964,RockAndRoll,GarageRock,WeightedTransition,10,0,0,0
1001,1964,RockAndRoll,Gospel,AnnualFloor,2,0,2,0
1001,1964,RockAndRoll,Gospel,WeightedTransition,5,0,0,0
1001,1964,RockAndRoll,Jazz,WeightedTransition,4,0,0,0
1001,1964,RockAndRoll,LatinPop,WeightedTransition,1,0,0,0
1001,1964,RockAndRoll,RnB,WeightedTransition,6,0,0,0
1001,1964,RockAndRoll,RockAndRoll,AnnualFloor,1,0,1,0
1001,1964,RockAndRoll,RockAndRoll,Retained,192,0,0,0
1001,1964,RockAndRoll,RockAndRoll,WeightedTransition,34,0,0,0
1001,1964,RockAndRoll,Ska,WeightedTransition,2,0,0,0
1001,1964,RockAndRoll,Soul,WeightedTransition,6,0,0,0
1001,1964,RockAndRoll,SurfRock,AnnualFloor,1,0,1,0
1001,1964,RockAndRoll,SurfRock,WeightedTransition,5,0,0,0
1001,1964,RockAndRoll,TeenPop,WeightedTransition,14,0,0,0
1001,1964,RockAndRoll,TraditionalPop,WeightedTransition,4,0,0,0
1001,1964,Ska,Ska,Retained,2,0,0,0
1001,1964,Soul,BossaNova,WeightedTransition,1,0,0,0
1001,1964,Soul,BritishBeat,WeightedTransition,5,0,0,0
1001,1964,Soul,BritishPop,WeightedTransition,4,0,0,0
1001,1964,Soul,Childrens,AnnualFloor,1,0,1,0
1001,1964,Soul,Childrens,WeightedTransition,2,0,0,0
1001,1964,Soul,ContemporaryFolk,AnnualFloor,1,0,1,0
1001,1964,Soul,ContemporaryFolk,WeightedTransition,1,0,0,0
1001,1964,Soul,Country,WeightedTransition,1,0,0,0
1001,1964,Soul,EasyListening,WeightedTransition,2,0,0,0
1001,1964,Soul,Gospel,WeightedTransition,3,0,0,0
1001,1964,Soul,Jazz,WeightedTransition,1,0,0,0
1001,1964,Soul,LatinPop,WeightedTransition,1,0,0,0
1001,1964,Soul,RnB,AnnualFloor,1,0,1,0
1001,1964,Soul,RnB,WeightedTransition,4,0,0,0
1001,1964,Soul,RockAndRoll,WeightedTransition,1,0,0,0
1001,1964,Soul,Soul,AnnualFloor,1,0,1,0
1001,1964,Soul,Soul,Retained,140,0,0,0
1001,1964,Soul,Soul,WeightedTransition,11,0,0,0
1001,1964,Soul,SurfRock,AnnualFloor,1,0,1,0
1001,1964,Soul,SurfRock,WeightedTransition,1,0,0,0
1001,1964,Soul,TeenPop,WeightedTransition,4,0,0,0
1001,1964,SurfRock,BritishPop,AnnualFloor,1,0,1,0
1001,1964,SurfRock,RockAndRoll,WeightedTransition,1,0,0,0
1001,1964,SurfRock,SurfRock,Retained,19,0,0,0
1001,1964,SurfRock,TraditionalPop,WeightedTransition,1,0,0,0
1001,1964,TeenPop,Blues,WeightedTransition,1,0,0,0
1001,1964,TeenPop,BossaNova,WeightedTransition,1,0,0,0
1001,1964,TeenPop,BritishBeat,WeightedTransition,13,0,0,0
1001,1964,TeenPop,BritishBlues,WeightedTransition,8,0,0,0
1001,1964,TeenPop,BritishPop,WeightedTransition,24,0,0,0
1001,1964,TeenPop,Childrens,WeightedTransition,1,0,0,0
1001,1964,TeenPop,Classical,WeightedTransition,2,0,0,0
1001,1964,TeenPop,Comedy,WeightedTransition,2,0,0,0
1001,1964,TeenPop,Country,WeightedTransition,4,0,0,0
1001,1964,TeenPop,DooWop,AnnualFloor,1,0,1,0
1001,1964,TeenPop,DooWop,WeightedTransition,5,0,0,0
1001,1964,TeenPop,EasyListening,WeightedTransition,10,0,0,0
1001,1964,TeenPop,Folk,WeightedTransition,2,0,0,0
1001,1964,TeenPop,GarageRock,WeightedTransition,4,0,0,0
1001,1964,TeenPop,Gospel,WeightedTransition,1,0,0,0
1001,1964,TeenPop,Jazz,WeightedTransition,3,0,0,0
1001,1964,TeenPop,RnB,WeightedTransition,6,0,0,0
1001,1964,TeenPop,RockAndRoll,WeightedTransition,4,0,0,0
1001,1964,TeenPop,Soul,AnnualFloor,1,0,1,0
1001,1964,TeenPop,Soul,WeightedTransition,3,0,0,0
1001,1964,TeenPop,SurfRock,WeightedTransition,4,0,0,0
1001,1964,TeenPop,TeenPop,AnnualFloor,1,0,1,0
1001,1964,TeenPop,TeenPop,Retained,183,0,0,0
1001,1964,TeenPop,TeenPop,WeightedTransition,18,0,0,0
1001,1964,TeenPop,TraditionalPop,WeightedTransition,13,0,0,0
1001,1964,TexMex,BritishBeat,WeightedTransition,1,0,0,0
1001,1964,TexMex,BritishPop,WeightedTransition,1,0,0,0
1001,1964,TexMex,GarageRock,WeightedTransition,1,0,0,0
1001,1964,TexMex,Gospel,WeightedTransition,1,0,0,0
1001,1964,TexMex,RnB,WeightedTransition,1,0,0,0
1001,1964,TexMex,TexMex,Retained,15,0,0,0
1001,1964,TraditionalPop,Blues,AnnualFloor,1,0,1,0
1001,1964,TraditionalPop,Blues,WeightedTransition,5,0,0,0
1001,1964,TraditionalPop,BossaNova,WeightedTransition,7,0,0,0
1001,1964,TraditionalPop,BritishBeat,WeightedTransition,20,0,0,0
1001,1964,TraditionalPop,BritishBlues,WeightedTransition,5,0,0,0
1001,1964,TraditionalPop,BritishPop,AnnualFloor,1,0,1,0
1001,1964,TraditionalPop,BritishPop,WeightedTransition,30,0,0,0
1001,1964,TraditionalPop,Childrens,WeightedTransition,2,0,0,0
1001,1964,TraditionalPop,Classical,AnnualFloor,1,0,1,0
1001,1964,TraditionalPop,Classical,WeightedTransition,2,0,0,0
1001,1964,TraditionalPop,Comedy,WeightedTransition,2,0,0,0
1001,1964,TraditionalPop,ContemporaryFolk,WeightedTransition,3,0,0,0
1001,1964,TraditionalPop,Country,AnnualFloor,1,0,1,0
1001,1964,TraditionalPop,Country,WeightedTransition,8,0,0,0
1001,1964,TraditionalPop,DooWop,WeightedTransition,3,0,0,0
1001,1964,TraditionalPop,EasyListening,AnnualFloor,2,0,2,0
1001,1964,TraditionalPop,EasyListening,WeightedTransition,14,0,0,0
1001,1964,TraditionalPop,Folk,AnnualFloor,1,0,1,0
1001,1964,TraditionalPop,Folk,WeightedTransition,3,0,0,0
1001,1964,TraditionalPop,GarageRock,AnnualFloor,1,0,1,0
1001,1964,TraditionalPop,GarageRock,WeightedTransition,4,0,0,0
1001,1964,TraditionalPop,Gospel,WeightedTransition,1,0,0,0
1001,1964,TraditionalPop,Jazz,WeightedTransition,9,0,0,0
1001,1964,TraditionalPop,LatinPop,AnnualFloor,2,0,2,0
1001,1964,TraditionalPop,LatinPop,WeightedTransition,1,0,0,0
1001,1964,TraditionalPop,RnB,WeightedTransition,7,0,0,0
1001,1964,TraditionalPop,RockAndRoll,AnnualFloor,1,0,1,0
1001,1964,TraditionalPop,RockAndRoll,WeightedTransition,5,0,0,0
1001,1964,TraditionalPop,Ska,AnnualFloor,2,0,2,0
1001,1964,TraditionalPop,Soul,WeightedTransition,12,0,0,0
1001,1964,TraditionalPop,SurfRock,WeightedTransition,2,0,0,0
1001,1964,TraditionalPop,TeenPop,WeightedTransition,15,0,0,0
1001,1964,TraditionalPop,TraditionalPop,AnnualFloor,1,0,1,0
1001,1964,TraditionalPop,TraditionalPop,Retained,317,0,0,0
1001,1964,TraditionalPop,TraditionalPop,WeightedTransition,51,0,0,0
1001,1965,Blues,Blues,AnnualFloor,1,0,1,0
1001,1965,Blues,Blues,Retained,58,0,0,0
1001,1965,Blues,Blues,WeightedTransition,1,0,0,0
1001,1965,Blues,BossaNova,WeightedTransition,1,0,0,0
1001,1965,Blues,BritishBeat,WeightedTransition,2,0,0,0
1001,1965,Blues,BritishBlues,WeightedTransition,1,0,0,0
1001,1965,Blues,BritishPop,WeightedTransition,2,0,0,0
1001,1965,Blues,Childrens,WeightedTransition,1,0,0,0
1001,1965,Blues,Comedy,WeightedTransition,2,0,0,0
1001,1965,Blues,EasyListening,WeightedTransition,1,0,0,0
1001,1965,Blues,Folk,AnnualFloor,1,0,1,0
1001,1965,Blues,Soul,WeightedTransition,1,0,0,0
1001,1965,Blues,SunshinePop,WeightedTransition,1,0,0,0
1001,1965,Blues,SurfRock,WeightedTransition,1,0,0,0
1001,1965,Blues,TraditionalPop,WeightedTransition,3,0,0,0
1001,1965,BossaNova,BossaNova,Retained,26,0,0,0
1001,1965,BossaNova,BritishBeat,WeightedTransition,1,0,0,0
1001,1965,BossaNova,BritishPop,WeightedTransition,2,0,0,0
1001,1965,BossaNova,Gospel,AnnualFloor,1,0,1,0
1001,1965,BossaNova,Jazz,AnnualFloor,1,0,1,0
1001,1965,BossaNova,Jazz,WeightedTransition,2,0,0,0
1001,1965,BossaNova,RockAndRoll,WeightedTransition,1,0,0,0
1001,1965,BossaNova,Soul,WeightedTransition,1,0,0,0
1001,1965,BossaNova,TexMex,WeightedTransition,1,0,0,0
1001,1965,BritishBeat,BritishBeat,Retained,53,0,0,0
1001,1965,BritishBeat,BritishBeat,WeightedTransition,8,0,0,0
1001,1965,BritishBeat,BritishBlues,WeightedTransition,4,0,0,0
1001,1965,BritishBeat,BritishPop,WeightedTransition,2,0,0,0
1001,1965,BritishBeat,Classical,WeightedTransition,2,0,0,0
1001,1965,BritishBeat,ContemporaryFolk,WeightedTransition,1,0,0,0
1001,1965,BritishBeat,DooWop,WeightedTransition,1,0,0,0
1001,1965,BritishBeat,FolkRock,WeightedTransition,2,0,0,0
1001,1965,BritishBeat,Gospel,WeightedTransition,1,0,0,0
1001,1965,BritishBeat,RockAndRoll,WeightedTransition,1,0,0,0
1001,1965,BritishBeat,Soul,WeightedTransition,1,0,0,0
1001,1965,BritishBeat,SunshinePop,AnnualFloor,1,0,1,0
1001,1965,BritishBeat,SurfRock,WeightedTransition,6,0,0,0
1001,1965,BritishBeat,TeenPop,AnnualFloor,1,0,1,0
1001,1965,BritishBeat,TraditionalPop,WeightedTransition,2,0,0,0
1001,1965,BritishBlues,BritishBlues,Retained,31,0,0,0
1001,1965,BritishBlues,BritishBlues,WeightedTransition,3,0,0,0
1001,1965,BritishBlues,ContemporaryFolk,WeightedTransition,1,0,0,0
1001,1965,BritishBlues,EasyListening,WeightedTransition,1,0,0,0
1001,1965,BritishBlues,Folk,AnnualFloor,1,0,1,0
1001,1965,BritishBlues,Soul,WeightedTransition,2,0,0,0
1001,1965,BritishPop,BritishPop,Retained,51,0,0,0
1001,1965,BritishPop,BritishPop,WeightedTransition,3,0,0,0
1001,1965,BritishPop,GarageRock,WeightedTransition,1,0,0,0
1001,1965,BritishPop,Soul,WeightedTransition,2,0,0,0
1001,1965,BritishPop,TraditionalPop,WeightedTransition,2,0,0,0
1001,1965,Childrens,BritishPop,WeightedTransition,2,0,0,0
1001,1965,Childrens,Childrens,Retained,11,0,0,0
1001,1965,Childrens,Childrens,WeightedTransition,1,0,0,0
1001,1965,Childrens,Country,WeightedTransition,1,0,0,0
1001,1965,Childrens,EasyListening,WeightedTransition,1,0,0,0
1001,1965,Classical,Blues,WeightedTransition,1,0,0,0
1001,1965,Classical,Classical,Retained,38,0,0,0
1001,1965,Classical,Classical,WeightedTransition,3,0,0,0
1001,1965,Classical,Soul,AnnualFloor,1,0,1,0
1001,1965,Classical,SurfRock,AnnualFloor,1,0,1,0
1001,1965,Comedy,Blues,WeightedTransition,1,0,0,0
1001,1965,Comedy,BritishBeat,WeightedTransition,2,0,0,0
1001,1965,Comedy,BritishBlues,WeightedTransition,3,0,0,0
1001,1965,Comedy,BritishPop,WeightedTransition,3,0,0,0
1001,1965,Comedy,Childrens,WeightedTransition,1,0,0,0
1001,1965,Comedy,Comedy,Retained,14,0,0,0
1001,1965,Comedy,Comedy,WeightedTransition,2,0,0,0
1001,1965,Comedy,Country,WeightedTransition,2,0,0,0
1001,1965,Comedy,Gospel,WeightedTransition,2,0,0,0
1001,1965,Comedy,Jazz,WeightedTransition,2,0,0,0
1001,1965,Comedy,RockAndRoll,WeightedTransition,1,0,0,0
1001,1965,Comedy,Soul,WeightedTransition,1,0,0,0
1001,1965,Comedy,SurfRock,WeightedTransition,1,0,0,0
1001,1965,ContemporaryFolk,BritishBlues,WeightedTransition,1,0,0,0
1001,1965,ContemporaryFolk,Childrens,WeightedTransition,1,0,0,0
1001,1965,ContemporaryFolk,ContemporaryFolk,Retained,23,0,0,0
1001,1965,ContemporaryFolk,Country,WeightedTransition,1,0,0,0
1001,1965,ContemporaryFolk,Folk,WeightedTransition,1,0,0,0
1001,1965,ContemporaryFolk,RnB,WeightedTransition,1,0,0,0
1001,1965,Country,Blues,WeightedTransition,2,0,0,0
1001,1965,Country,BritishBeat,WeightedTransition,4,0,0,0
1001,1965,Country,BritishBlues,WeightedTransition,2,0,0,0
1001,1965,Country,BritishPop,WeightedTransition,6,0,0,0
1001,1965,Country,Childrens,AnnualFloor,1,0,1,0
1001,1965,Country,Childrens,WeightedTransition,1,0,0,0
1001,1965,Country,Classical,WeightedTransition,1,0,0,0
1001,1965,Country,ContemporaryFolk,AnnualFloor,1,0,1,0
1001,1965,Country,ContemporaryFolk,WeightedTransition,1,0,0,0
1001,1965,Country,Country,Retained,196,0,0,0
1001,1965,Country,Country,WeightedTransition,18,0,0,0
1001,1965,Country,DooWop,WeightedTransition,1,0,0,0
1001,1965,Country,EasyListening,WeightedTransition,1,0,0,0
1001,1965,Country,Folk,WeightedTransition,2,0,0,0
1001,1965,Country,FolkRock,AnnualFloor,1,0,1,0
1001,1965,Country,FolkRock,WeightedTransition,1,0,0,0
1001,1965,Country,GarageRock,WeightedTransition,2,0,0,0
1001,1965,Country,Jazz,WeightedTransition,2,0,0,0
1001,1965,Country,LatinPop,WeightedTransition,1,0,0,0
1001,1965,Country,RnB,AnnualFloor,1,0,1,0
1001,1965,Country,RockAndRoll,AnnualFloor,2,0,2,0
1001,1965,Country,RockAndRoll,WeightedTransition,2,0,0,0
1001,1965,Country,SunshinePop,WeightedTransition,1,0,0,0
1001,1965,Country,SurfRock,WeightedTransition,1,0,0,0
1001,1965,Country,TexMex,AnnualFloor,1,0,1,0
1001,1965,Country,TraditionalPop,WeightedTransition,1,0,0,0
1001,1965,DooWop,Blues,WeightedTransition,2,0,0,0
1001,1965,DooWop,BritishBeat,WeightedTransition,5,0,0,0
1001,1965,DooWop,BritishBlues,WeightedTransition,3,0,0,0
1001,1965,DooWop,BritishPop,AnnualFloor,1,0,1,0
1001,1965,DooWop,BritishPop,WeightedTransition,6,0,0,0
1001,1965,DooWop,Childrens,WeightedTransition,5,0,0,0
1001,1965,DooWop,Comedy,WeightedTransition,5,0,0,0
1001,1965,DooWop,ContemporaryFolk,WeightedTransition,1,0,0,0
1001,1965,DooWop,Country,WeightedTransition,1,0,0,0
1001,1965,DooWop,DooWop,Retained,48,0,0,0
1001,1965,DooWop,DooWop,WeightedTransition,6,0,0,0
1001,1965,DooWop,Folk,WeightedTransition,4,0,0,0
1001,1965,DooWop,GarageRock,AnnualFloor,1,0,1,0
1001,1965,DooWop,GarageRock,WeightedTransition,4,0,0,0
1001,1965,DooWop,Gospel,WeightedTransition,2,0,0,0
1001,1965,DooWop,Jazz,WeightedTransition,4,0,0,0
1001,1965,DooWop,LatinPop,WeightedTransition,1,0,0,0
1001,1965,DooWop,RnB,WeightedTransition,3,0,0,0
1001,1965,DooWop,RockAndRoll,WeightedTransition,2,0,0,0
1001,1965,DooWop,Soul,WeightedTransition,10,0,0,0
1001,1965,DooWop,SurfRock,WeightedTransition,1,0,0,0
1001,1965,DooWop,TraditionalPop,WeightedTransition,3,0,0,0
1001,1965,EasyListening,BossaNova,WeightedTransition,1,0,0,0
1001,1965,EasyListening,BritishBeat,WeightedTransition,1,0,0,0
1001,1965,EasyListening,BritishBlues,WeightedTransition,4,0,0,0
1001,1965,EasyListening,BritishPop,WeightedTransition,8,0,0,0
1001,1965,EasyListening,Childrens,WeightedTransition,2,0,0,0
1001,1965,EasyListening,Comedy,AnnualFloor,2,0,2,0
1001,1965,EasyListening,Comedy,WeightedTransition,2,0,0,0
1001,1965,EasyListening,ContemporaryFolk,AnnualFloor,1,0,1,0
1001,1965,EasyListening,ContemporaryFolk,WeightedTransition,4,0,0,0
1001,1965,EasyListening,Country,AnnualFloor,1,0,1,0
1001,1965,EasyListening,Country,WeightedTransition,5,0,0,0
1001,1965,EasyListening,EasyListening,Retained,132,0,0,0
1001,1965,EasyListening,EasyListening,WeightedTransition,14,0,0,0
1001,1965,EasyListening,Folk,WeightedTransition,1,0,0,0
1001,1965,EasyListening,GarageRock,WeightedTransition,3,0,0,0
1001,1965,EasyListening,Gospel,WeightedTransition,2,0,0,0
1001,1965,EasyListening,Jazz,WeightedTransition,3,0,0,0
1001,1965,EasyListening,LatinPop,WeightedTransition,1,0,0,0
1001,1965,EasyListening,Soul,WeightedTransition,1,0,0,0
1001,1965,EasyListening,SunshinePop,AnnualFloor,1,0,1,0
1001,1965,EasyListening,SunshinePop,WeightedTransition,2,0,0,0
1001,1965,EasyListening,SurfRock,WeightedTransition,1,0,0,0
1001,1965,EasyListening,TeenPop,WeightedTransition,2,0,0,0
1001,1965,EasyListening,TexMex,WeightedTransition,1,0,0,0
1001,1965,EasyListening,TraditionalPop,AnnualFloor,1,0,1,0
1001,1965,EasyListening,TraditionalPop,WeightedTransition,5,0,0,0
1001,1965,Folk,BritishBeat,WeightedTransition,3,0,0,0
1001,1965,Folk,BritishPop,AnnualFloor,1,0,1,0
1001,1965,Folk,BritishPop,WeightedTransition,4,0,0,0
1001,1965,Folk,Childrens,WeightedTransition,1,0,0,0
1001,1965,Folk,Classical,WeightedTransition,1,0,0,0
1001,1965,Folk,ContemporaryFolk,WeightedTransition,4,0,0,0
1001,1965,Folk,Country,WeightedTransition,3,0,0,0
1001,1965,Folk,EasyListening,WeightedTransition,1,0,0,0
1001,1965,Folk,Folk,Retained,98,0,0,0
1001,1965,Folk,Folk,WeightedTransition,10,0,0,0
1001,1965,Folk,FolkRock,AnnualFloor,1,0,1,0
1001,1965,Folk,FolkRock,WeightedTransition,3,0,0,0
1001,1965,Folk,GarageRock,WeightedTransition,1,0,0,0
1001,1965,Folk,Gospel,AnnualFloor,2,0,2,0
1001,1965,Folk,Gospel,WeightedTransition,1,0,0,0
1001,1965,Folk,Jazz,WeightedTransition,1,0,0,0
1001,1965,Folk,RockAndRoll,WeightedTransition,1,0,0,0
1001,1965,Folk,Ska,AnnualFloor,1,0,1,0
1001,1965,Folk,Soul,WeightedTransition,1,0,0,0
1001,1965,Folk,SunshinePop,WeightedTransition,1,0,0,0
1001,1965,Folk,SurfRock,WeightedTransition,2,0,0,0
1001,1965,Folk,TeenPop,WeightedTransition,1,0,0,0
1001,1965,Folk,TexMex,WeightedTransition,4,0,0,0
1001,1965,Folk,TraditionalPop,WeightedTransition,2,0,0,0
1001,1965,FolkRock,FolkRock,Retained,9,0,0,0
1001,1965,FolkRock,Soul,WeightedTransition,1,0,0,0
1001,1965,GarageRock,Blues,AnnualFloor,1,0,1,0
1001,1965,GarageRock,BritishBeat,WeightedTransition,1,0,0,0
1001,1965,GarageRock,BritishBlues,WeightedTransition,2,0,0,0
1001,1965,GarageRock,BritishPop,WeightedTransition,1,0,0,0
1001,1965,GarageRock,Country,WeightedTransition,1,0,0,0
1001,1965,GarageRock,Folk,WeightedTransition,1,0,0,0
1001,1965,GarageRock,FolkRock,WeightedTransition,1,0,0,0
1001,1965,GarageRock,GarageRock,Retained,16,0,0,0
1001,1965,GarageRock,SunshinePop,WeightedTransition,1,0,0,0
1001,1965,GarageRock,SurfRock,WeightedTransition,1,0,0,0
1001,1965,Gospel,BritishBeat,WeightedTransition,2,0,0,0
1001,1965,Gospel,BritishBlues,WeightedTransition,1,0,0,0
1001,1965,Gospel,Comedy,WeightedTransition,1,0,0,0
1001,1965,Gospel,Gospel,Retained,22,0,0,0
1001,1965,Gospel,Gospel,WeightedTransition,1,0,0,0
1001,1965,Gospel,RnB,WeightedTransition,2,0,0,0
1001,1965,Gospel,Soul,WeightedTransition,4,0,0,0
1001,1965,Gospel,TraditionalPop,WeightedTransition,2,0,0,0
1001,1965,Jazz,BossaNova,AnnualFloor,2,0,2,0
1001,1965,Jazz,BossaNova,WeightedTransition,4,0,0,0
1001,1965,Jazz,BritishBeat,AnnualFloor,1,0,1,0
1001,1965,Jazz,BritishBeat,WeightedTransition,4,0,0,0
1001,1965,Jazz,BritishBlues,WeightedTransition,1,0,0,0
1001,1965,Jazz,BritishPop,WeightedTransition,3,0,0,0
1001,1965,Jazz,Childrens,WeightedTransition,1,0,0,0
1001,1965,Jazz,Classical,AnnualFloor,1,0,1,0
1001,1965,Jazz,Classical,WeightedTransition,1,0,0,0
1001,1965,Jazz,Comedy,WeightedTransition,1,0,0,0
1001,1965,Jazz,Country,AnnualFloor,1,0,1,0
1001,1965,Jazz,DooWop,AnnualFloor,1,0,1,0
1001,1965,Jazz,EasyListening,AnnualFloor,1,0,1,0
1001,1965,Jazz,EasyListening,WeightedTransition,2,0,0,0
1001,1965,Jazz,Folk,WeightedTransition,3,0,0,0
1001,1965,Jazz,FolkRock,WeightedTransition,2,0,0,0
1001,1965,Jazz,Jazz,AnnualFloor,1,0,1,0
1001,1965,Jazz,Jazz,Retained,147,0,0,0
1001,1965,Jazz,Jazz,WeightedTransition,7,0,0,0
1001,1965,Jazz,LatinPop,WeightedTransition,2,0,0,0
1001,1965,Jazz,Ska,WeightedTransition,1,0,0,0
1001,1965,Jazz,Soul,WeightedTransition,2,0,0,0
1001,1965,Jazz,SurfRock,WeightedTransition,1,0,0,0
1001,1965,Jazz,TeenPop,WeightedTransition,1,0,0,0
1001,1965,Jazz,TraditionalPop,WeightedTransition,4,0,0,0
1001,1965,LatinPop,Blues,WeightedTransition,1,0,0,0
1001,1965,LatinPop,BritishBlues,WeightedTransition,1,0,0,0
1001,1965,LatinPop,BritishPop,WeightedTransition,1,0,0,0
1001,1965,LatinPop,FolkRock,WeightedTransition,1,0,0,0
1001,1965,LatinPop,LatinPop,Retained,19,0,0,0
1001,1965,LatinPop,LatinPop,WeightedTransition,1,0,0,0
1001,1965,LatinPop,SurfRock,WeightedTransition,1,0,0,0
1001,1965,LatinPop,TexMex,WeightedTransition,1,0,0,0
1001,1965,LatinPop,TraditionalPop,WeightedTransition,1,0,0,0
1001,1965,RnB,BossaNova,WeightedTransition,1,0,0,0
1001,1965,RnB,BritishBeat,AnnualFloor,1,0,1,0
1001,1965,RnB,BritishBeat,WeightedTransition,5,0,0,0
1001,1965,RnB,BritishBlues,WeightedTransition,7,0,0,0
1001,1965,RnB,BritishPop,WeightedTransition,7,0,0,0
1001,1965,RnB,Childrens,WeightedTransition,1,0,0,0
1001,1965,RnB,ContemporaryFolk,WeightedTransition,1,0,0,0
1001,1965,RnB,Country,WeightedTransition,2,0,0,0
1001,1965,RnB,DooWop,AnnualFloor,1,0,1,0
1001,1965,RnB,DooWop,WeightedTransition,1,0,0,0
1001,1965,RnB,EasyListening,AnnualFloor,1,0,1,0
1001,1965,RnB,Folk,WeightedTransition,2,0,0,0
1001,1965,RnB,GarageRock,WeightedTransition,3,0,0,0
1001,1965,RnB,Gospel,WeightedTransition,4,0,0,0
1001,1965,RnB,Jazz,AnnualFloor,1,0,1,0
1001,1965,RnB,LatinPop,WeightedTransition,1,0,0,0
1001,1965,RnB,RnB,AnnualFloor,2,0,2,0
1001,1965,RnB,RnB,Retained,218,0,0,0
1001,1965,RnB,RnB,WeightedTransition,7,0,0,0
1001,1965,RnB,RockAndRoll,AnnualFloor,1,0,1,0
1001,1965,RnB,RockAndRoll,WeightedTransition,1,0,0,0
1001,1965,RnB,Ska,AnnualFloor,2,0,2,0
1001,1965,RnB,Ska,WeightedTransition,2,0,0,0
1001,1965,RnB,Soul,AnnualFloor,1,0,1,0
1001,1965,RnB,Soul,WeightedTransition,10,0,0,0
1001,1965,RnB,SunshinePop,WeightedTransition,1,0,0,0
1001,1965,RnB,SurfRock,WeightedTransition,1,0,0,0
1001,1965,RnB,TexMex,AnnualFloor,1,0,1,0
1001,1965,RnB,TexMex,WeightedTransition,2,0,0,0
1001,1965,RnB,TraditionalPop,WeightedTransition,3,0,0,0
1001,1965,RockAndRoll,Blues,WeightedTransition,1,0,0,0
1001,1965,RockAndRoll,BossaNova,AnnualFloor,1,0,1,0
1001,1965,RockAndRoll,BossaNova,WeightedTransition,2,0,0,0
1001,1965,RockAndRoll,BritishBeat,WeightedTransition,28,0,0,0
1001,1965,RockAndRoll,BritishBlues,AnnualFloor,1,0,1,0
1001,1965,RockAndRoll,BritishBlues,WeightedTransition,23,0,0,0
1001,1965,RockAndRoll,BritishPop,WeightedTransition,8,0,0,0
1001,1965,RockAndRoll,Childrens,WeightedTransition,1,0,0,0
1001,1965,RockAndRoll,Classical,WeightedTransition,1,0,0,0
1001,1965,RockAndRoll,Comedy,AnnualFloor,1,0,1,0
1001,1965,RockAndRoll,Comedy,WeightedTransition,1,0,0,0
1001,1965,RockAndRoll,ContemporaryFolk,WeightedTransition,3,0,0,0
1001,1965,RockAndRoll,Country,WeightedTransition,4,0,0,0
1001,1965,RockAndRoll,DooWop,WeightedTransition,2,0,0,0
1001,1965,RockAndRoll,EasyListening,WeightedTransition,3,0,0,0
1001,1965,RockAndRoll,Folk,WeightedTransition,3,0,0,0
1001,1965,RockAndRoll,FolkRock,AnnualFloor,1,0,1,0
1001,1965,RockAndRoll,FolkRock,WeightedTransition,2,0,0,0
1001,1965,RockAndRoll,GarageRock,AnnualFloor,2,0,2,0
1001,1965,RockAndRoll,GarageRock,WeightedTransition,16,0,0,0
1001,1965,RockAndRoll,Gospel,WeightedTransition,4,0,0,0
1001,1965,RockAndRoll,Jazz,WeightedTransition,2,0,0,0
1001,1965,RockAndRoll,LatinPop,AnnualFloor,1,0,1,0
1001,1965,RockAndRoll,LatinPop,WeightedTransition,1,0,0,0
1001,1965,RockAndRoll,RnB,WeightedTransition,1,0,0,0
1001,1965,RockAndRoll,RockAndRoll,Retained,197,0,0,0
1001,1965,RockAndRoll,RockAndRoll,WeightedTransition,29,0,0,0
1001,1965,RockAndRoll,Soul,WeightedTransition,7,0,0,0
1001,1965,RockAndRoll,SunshinePop,WeightedTransition,3,0,0,0
1001,1965,RockAndRoll,SurfRock,AnnualFloor,1,0,1,0
1001,1965,RockAndRoll,SurfRock,WeightedTransition,9,0,0,0
1001,1965,RockAndRoll,TeenPop,WeightedTransition,2,0,0,0
1001,1965,RockAndRoll,TexMex,WeightedTransition,3,0,0,0
1001,1965,RockAndRoll,TraditionalPop,WeightedTransition,4,0,0,0
1001,1965,Ska,Comedy,WeightedTransition,1,0,0,0
1001,1965,Ska,Ska,Retained,5,0,0,0
1001,1965,Soul,Blues,WeightedTransition,1,0,0,0
1001,1965,Soul,BritishBeat,WeightedTransition,3,0,0,0
1001,1965,Soul,BritishPop,WeightedTransition,5,0,0,0
1001,1965,Soul,Childrens,WeightedTransition,1,0,0,0
1001,1965,Soul,Comedy,WeightedTransition,1,0,0,0
1001,1965,Soul,ContemporaryFolk,AnnualFloor,1,0,1,0
1001,1965,Soul,Country,WeightedTransition,3,0,0,0
1001,1965,Soul,EasyListening,WeightedTransition,1,0,0,0
1001,1965,Soul,Folk,WeightedTransition,2,0,0,0
1001,1965,Soul,GarageRock,WeightedTransition,2,0,0,0
1001,1965,Soul,Gospel,WeightedTransition,3,0,0,0
1001,1965,Soul,Jazz,WeightedTransition,3,0,0,0
1001,1965,Soul,LatinPop,AnnualFloor,1,0,1,0
1001,1965,Soul,RnB,WeightedTransition,1,0,0,0
1001,1965,Soul,Soul,Retained,144,0,0,0
1001,1965,Soul,Soul,WeightedTransition,12,0,0,0
1001,1965,Soul,SunshinePop,AnnualFloor,1,0,1,0
1001,1965,Soul,SunshinePop,WeightedTransition,2,0,0,0
1001,1965,Soul,SurfRock,AnnualFloor,1,0,1,0
1001,1965,Soul,SurfRock,WeightedTransition,2,0,0,0
1001,1965,Soul,TeenPop,WeightedTransition,1,0,0,0
1001,1965,SunshinePop,BritishBeat,WeightedTransition,1,0,0,0
1001,1965,SunshinePop,BritishPop,WeightedTransition,1,0,0,0
1001,1965,SunshinePop,SunshinePop,Retained,4,0,0,0
1001,1965,SurfRock,BritishBeat,WeightedTransition,1,0,0,0
1001,1965,SurfRock,BritishBlues,WeightedTransition,1,0,0,0
1001,1965,SurfRock,GarageRock,WeightedTransition,1,0,0,0
1001,1965,SurfRock,Gospel,WeightedTransition,1,0,0,0
1001,1965,SurfRock,RockAndRoll,WeightedTransition,1,0,0,0
1001,1965,SurfRock,Soul,WeightedTransition,1,0,0,0
1001,1965,SurfRock,SurfRock,Retained,20,0,0,0
1001,1965,SurfRock,SurfRock,WeightedTransition,1,0,0,0
1001,1965,TeenPop,Blues,WeightedTransition,1,0,0,0
1001,1965,TeenPop,BossaNova,WeightedTransition,3,0,0,0
1001,1965,TeenPop,BritishBeat,WeightedTransition,10,0,0,0
1001,1965,TeenPop,BritishBlues,WeightedTransition,15,0,0,0
1001,1965,TeenPop,BritishPop,WeightedTransition,17,0,0,0
1001,1965,TeenPop,Childrens,AnnualFloor,1,0,1,0
1001,1965,TeenPop,Childrens,WeightedTransition,5,0,0,0
1001,1965,TeenPop,Classical,WeightedTransition,1,0,0,0
1001,1965,TeenPop,ContemporaryFolk,WeightedTransition,1,0,0,0
1001,1965,TeenPop,Country,AnnualFloor,1,0,1,0
1001,1965,TeenPop,Country,WeightedTransition,4,0,0,0
1001,1965,TeenPop,DooWop,WeightedTransition,1,0,0,0
1001,1965,TeenPop,EasyListening,WeightedTransition,4,0,0,0
1001,1965,TeenPop,Folk,WeightedTransition,4,0,0,0
1001,1965,TeenPop,FolkRock,WeightedTransition,2,0,0,0
1001,1965,TeenPop,GarageRock,WeightedTransition,5,0,0,0
1001,1965,TeenPop,Gospel,WeightedTransition,2,0,0,0
1001,1965,TeenPop,Jazz,WeightedTransition,1,0,0,0
1001,1965,TeenPop,LatinPop,WeightedTransition,1,0,0,0
1001,1965,TeenPop,RockAndRoll,WeightedTransition,7,0,0,0
1001,1965,TeenPop,Soul,AnnualFloor,1,0,1,0
1001,1965,TeenPop,Soul,WeightedTransition,9,0,0,0
1001,1965,TeenPop,SunshinePop,WeightedTransition,2,0,0,0
1001,1965,TeenPop,SurfRock,WeightedTransition,2,0,0,0
1001,1965,TeenPop,TeenPop,Retained,173,0,0,0
1001,1965,TeenPop,TeenPop,WeightedTransition,5,0,0,0
1001,1965,TeenPop,TexMex,AnnualFloor,1,0,1,0
1001,1965,TeenPop,TexMex,WeightedTransition,1,0,0,0
1001,1965,TeenPop,TraditionalPop,AnnualFloor,1,0,1,0
1001,1965,TeenPop,TraditionalPop,WeightedTransition,10,0,0,0
1001,1965,TexMex,BritishBeat,WeightedTransition,1,0,0,0
1001,1965,TexMex,ContemporaryFolk,WeightedTransition,1,0,0,0
1001,1965,TexMex,Jazz,WeightedTransition,1,0,0,0
1001,1965,TexMex,Soul,WeightedTransition,1,0,0,0
1001,1965,TexMex,TexMex,Retained,25,0,0,0
1001,1965,TexMex,TexMex,WeightedTransition,1,0,0,0
1001,1965,TexMex,TraditionalPop,WeightedTransition,1,0,0,0
1001,1965,TraditionalPop,Blues,AnnualFloor,1,0,1,0
1001,1965,TraditionalPop,Blues,WeightedTransition,3,0,0,0
1001,1965,TraditionalPop,BossaNova,WeightedTransition,6,0,0,0
1001,1965,TraditionalPop,BritishBeat,AnnualFloor,1,0,1,0
1001,1965,TraditionalPop,BritishBeat,WeightedTransition,12,0,0,0
1001,1965,TraditionalPop,BritishBlues,AnnualFloor,2,0,2,0
1001,1965,TraditionalPop,BritishBlues,WeightedTransition,15,0,0,0
1001,1965,TraditionalPop,BritishPop,AnnualFloor,1,0,1,0
1001,1965,TraditionalPop,BritishPop,WeightedTransition,33,0,0,0
1001,1965,TraditionalPop,Childrens,AnnualFloor,1,0,1,0
1001,1965,TraditionalPop,Childrens,WeightedTransition,4,0,0,0
1001,1965,TraditionalPop,Classical,AnnualFloor,2,0,2,0
1001,1965,TraditionalPop,Classical,WeightedTransition,2,0,0,0
1001,1965,TraditionalPop,Comedy,WeightedTransition,3,0,0,0
1001,1965,TraditionalPop,ContemporaryFolk,WeightedTransition,2,0,0,0
1001,1965,TraditionalPop,Country,WeightedTransition,6,0,0,0
1001,1965,TraditionalPop,DooWop,AnnualFloor,1,0,1,0
1001,1965,TraditionalPop,EasyListening,AnnualFloor,1,0,1,0
1001,1965,TraditionalPop,EasyListening,WeightedTransition,14,0,0,0
1001,1965,TraditionalPop,Folk,AnnualFloor,1,0,1,0
1001,1965,TraditionalPop,Folk,WeightedTransition,6,0,0,0
1001,1965,TraditionalPop,FolkRock,WeightedTransition,4,0,0,0
1001,1965,TraditionalPop,GarageRock,WeightedTransition,5,0,0,0
1001,1965,TraditionalPop,Gospel,WeightedTransition,4,0,0,0
1001,1965,TraditionalPop,Jazz,WeightedTransition,3,0,0,0
1001,1965,TraditionalPop,LatinPop,AnnualFloor,1,0,1,0
1001,1965,TraditionalPop,LatinPop,WeightedTransition,3,0,0,0
1001,1965,TraditionalPop,RockAndRoll,WeightedTransition,3,0,0,0
1001,1965,TraditionalPop,Ska,WeightedTransition,1,0,0,0
1001,1965,TraditionalPop,Soul,WeightedTransition,7,0,0,0
1001,1965,TraditionalPop,SunshinePop,WeightedTransition,10,0,0,0
1001,1965,TraditionalPop,SurfRock,WeightedTransition,5,0,0,0
1001,1965,TraditionalPop,TeenPop,AnnualFloor,2,0,2,0
1001,1965,TraditionalPop,TeenPop,WeightedTransition,6,0,0,0
1001,1965,TraditionalPop,TexMex,WeightedTransition,2,0,0,0
1001,1965,TraditionalPop,TraditionalPop,AnnualFloor,1,0,1,0
1001,1965,TraditionalPop,TraditionalPop,Retained,278,0,0,0
1001,1965,TraditionalPop,TraditionalPop,WeightedTransition,58,0,0,0
1001,1966,AcidRock,AcidRock,Retained,5,0,0,0
1001,1966,AcidRock,SunshinePop,WeightedTransition,1,0,0,0
1001,1966,BaroquePop,BaroquePop,Retained,6,0,0,0
1001,1966,BaroquePop,GarageRock,WeightedTransition,1,0,0,0
1001,1966,BaroquePop,SurfRock,WeightedTransition,1,0,0,0
1001,1966,Blues,Blues,Retained,58,0,0,0
1001,1966,Blues,Blues,WeightedTransition,2,0,0,0
1001,1966,Blues,BluesRock,WeightedTransition,3,0,0,0
1001,1966,Blues,Boogaloo,AnnualFloor,1,0,1,0
1001,1966,Blues,Boogaloo,WeightedTransition,1,0,1,1
1001,1966,Blues,BossaNova,WeightedTransition,1,0,0,0
1001,1966,Blues,BritishBeat,AnnualFloor,1,0,1,0
1001,1966,Blues,BritishBlues,AnnualFloor,1,0,1,0
1001,1966,Blues,BritishBlues,WeightedTransition,1,0,0,0
1001,1966,Blues,BritishPop,WeightedTransition,2,0,0,0
1001,1966,Blues,Comedy,WeightedTransition,1,0,0,0
1001,1966,Blues,ContemporaryFolk,WeightedTransition,1,0,0,0
1001,1966,Blues,Soul,WeightedTransition,2,0,0,0
1001,1966,Blues,SunshinePop,WeightedTransition,1,0,0,0
1001,1966,Blues,TraditionalPop,WeightedTransition,1,0,0,0
1001,1966,BluesRock,BluesRock,Retained,4,0,0,0
1001,1966,Boogaloo,Boogaloo,Retained,5,0,0,0
1001,1966,BossaNova,Blues,WeightedTransition,1,0,0,0
1001,1966,BossaNova,BossaNova,Retained,24,0,0,0
1001,1966,BossaNova,BossaNova,WeightedTransition,4,0,0,0
1001,1966,BossaNova,BritishBeat,WeightedTransition,1,0,0,0
1001,1966,BossaNova,Childrens,WeightedTransition,2,0,0,0
1001,1966,BossaNova,EasyListening,WeightedTransition,1,0,0,0
1001,1966,BossaNova,Folk,WeightedTransition,1,0,0,0
1001,1966,BossaNova,Jazz,WeightedTransition,1,0,0,0
1001,1966,BossaNova,SunshinePop,WeightedTransition,1,0,0,0
1001,1966,BritishBeat,BluesRock,AnnualFloor,1,0,1,0
1001,1966,BritishBeat,BritishBeat,Retained,36,0,0,0
1001,1966,BritishBeat,BritishBeat,WeightedTransition,8,0,0,0
1001,1966,BritishBeat,BritishBlues,WeightedTransition,4,0,0,0
1001,1966,BritishBeat,BritishPop,WeightedTransition,1,0,0,0
1001,1966,BritishBeat,Childrens,WeightedTransition,1,0,0,0
1001,1966,BritishBeat,Country,WeightedTransition,1,0,0,0
1001,1966,BritishBeat,FolkRock,WeightedTransition,1,0,0,0
1001,1966,BritishBeat,GarageRock,AnnualFloor,1,0,1,0
1001,1966,BritishBeat,GarageRock,WeightedTransition,1,0,0,0
1001,1966,BritishBeat,PsychedelicRock,AnnualFloor,2,0,2,0
1001,1966,BritishBeat,PsychedelicRock,WeightedTransition,1,0,0,0
1001,1966,BritishBeat,Soul,WeightedTransition,1,0,0,0
1001,1966,BritishBeat,SunshinePop,WeightedTransition,1,0,0,0
1001,1966,BritishBeat,SurfRock,WeightedTransition,1,0,0,0
1001,1966,BritishBlues,AcidRock,WeightedTransition,1,0,0,0
1001,1966,BritishBlues,Boogaloo,WeightedTransition,1,0,0,0
1001,1966,BritishBlues,BritishBeat,WeightedTransition,1,0,0,0
1001,1966,BritishBlues,BritishBlues,AnnualFloor,1,0,1,0
1001,1966,BritishBlues,BritishBlues,Retained,37,0,0,0
1001,1966,BritishBlues,BritishBlues,WeightedTransition,2,0,0,0
1001,1966,BritishBlues,PsychedelicRock,WeightedTransition,1,0,0,0
1001,1966,BritishBlues,SunshinePop,WeightedTransition,1,0,0,0
1001,1966,BritishPop,AcidRock,AnnualFloor,1,0,1,0
1001,1966,BritishPop,BaroquePop,WeightedTransition,1,0,0,0
1001,1966,BritishPop,BluesRock,WeightedTransition,1,0,0,0
1001,1966,BritishPop,BossaNova,WeightedTransition,1,0,0,0
1001,1966,BritishPop,BritishPop,Retained,54,0,0,0
1001,1966,BritishPop,BritishPop,WeightedTransition,4,0,1,1
1001,1966,BritishPop,Classical,AnnualFloor,2,0,2,0
1001,1966,BritishPop,Comedy,WeightedTransition,1,0,0,0
1001,1966,BritishPop,Folk,WeightedTransition,1,0,0,0
1001,1966,BritishPop,FolkRock,WeightedTransition,1,0,0,0
1001,1966,BritishPop,Gospel,WeightedTransition,2,0,0,0
1001,1966,BritishPop,Soul,WeightedTransition,2,0,0,0
1001,1966,BritishPop,SunshinePop,WeightedTransition,1,0,0,0
1001,1966,Childrens,Childrens,Retained,24,0,0,0
1001,1966,Childrens,Childrens,WeightedTransition,2,0,0,0
1001,1966,Childrens,Country,WeightedTransition,1,0,0,0
1001,1966,Childrens,GarageRock,WeightedTransition,1,0,0,0
1001,1966,Childrens,Gospel,WeightedTransition,1,0,0,0
1001,1966,Childrens,RockAndRoll,WeightedTransition,1,0,0,0
1001,1966,Classical,BaroquePop,WeightedTransition,1,0,0,0
1001,1966,Classical,Classical,Retained,39,0,0,0
1001,1966,Classical,ContemporaryFolk,WeightedTransition,1,0,0,0
1001,1966,Classical,GarageRock,WeightedTransition,1,0,0,0
1001,1966,Classical,Ska,AnnualFloor,1,0,1,0
1001,1966,Comedy,BaroquePop,WeightedTransition,1,0,0,0
1001,1966,Comedy,BluesRock,WeightedTransition,1,0,0,0
1001,1966,Comedy,BritishBeat,WeightedTransition,4,0,0,0
1001,1966,Comedy,BritishBlues,WeightedTransition,1,0,0,0
1001,1966,Comedy,BritishPop,WeightedTransition,1,0,0,0
1001,1966,Comedy,Childrens,WeightedTransition,1,0,0,0
1001,1966,Comedy,Comedy,Retained,17,0,0,0
1001,1966,Comedy,Country,WeightedTransition,1,0,0,0
1001,1966,Comedy,EasyListening,WeightedTransition,2,0,0,0
1001,1966,Comedy,Folk,WeightedTransition,1,0,0,0
1001,1966,Comedy,FolkRock,WeightedTransition,2,0,0,0
1001,1966,Comedy,Gospel,WeightedTransition,1,0,0,0
1001,1966,Comedy,RockAndRoll,WeightedTransition,3,0,0,0
1001,1966,Comedy,Soul,WeightedTransition,2,0,0,0
1001,1966,Comedy,TexMex,WeightedTransition,1,0,0,0
1001,1966,Comedy,TraditionalPop,AnnualFloor,1,0,1,0
1001,1966,ContemporaryFolk,BritishBlues,WeightedTransition,2,0,0,0
1001,1966,ContemporaryFolk,BritishPop,WeightedTransition,1,0,0,0
1001,1966,ContemporaryFolk,ContemporaryFolk,AnnualFloor,1,0,1,0
1001,1966,ContemporaryFolk,ContemporaryFolk,Retained,23,0,0,0
1001,1966,ContemporaryFolk,ContemporaryFolk,WeightedTransition,2,0,0,0
1001,1966,ContemporaryFolk,FolkRock,AnnualFloor,1,0,1,0
1001,1966,ContemporaryFolk,FolkRock,WeightedTransition,2,0,0,0
1001,1966,ContemporaryFolk,Gospel,WeightedTransition,1,0,0,0
1001,1966,ContemporaryFolk,RockAndRoll,WeightedTransition,1,0,0,0
1001,1966,Country,AcidRock,AnnualFloor,1,0,1,0
1001,1966,Country,Blues,AnnualFloor,1,0,1,0
1001,1966,Country,BossaNova,WeightedTransition,1,0,0,0
1001,1966,Country,BritishBeat,WeightedTransition,2,0,0,0
1001,1966,Country,BritishBlues,WeightedTransition,2,0,0,0
1001,1966,Country,BritishPop,WeightedTransition,1,0,0,0
1001,1966,Country,Childrens,AnnualFloor,2,0,2,0
1001,1966,Country,Childrens,WeightedTransition,1,0,0,0
1001,1966,Country,ContemporaryFolk,WeightedTransition,4,0,0,0
1001,1966,Country,Country,Retained,198,0,0,0
1001,1966,Country,Country,WeightedTransition,15,0,1,1
1001,1966,Country,EasyListening,WeightedTransition,1,0,0,0
1001,1966,Country,Folk,WeightedTransition,4,0,0,0
1001,1966,Country,FolkRock,AnnualFloor,1,0,1,0
1001,1966,Country,FolkRock,WeightedTransition,1,0,0,0
1001,1966,Country,GarageRock,WeightedTransition,4,0,0,0
1001,1966,Country,Jazz,WeightedTransition,2,0,0,0
1001,1966,Country,RockAndRoll,AnnualFloor,1,0,1,0
1001,1966,Country,RockAndRoll,WeightedTransition,3,0,0,0
1001,1966,Country,Soul,WeightedTransition,2,0,0,0
1001,1966,Country,SunshinePop,WeightedTransition,1,0,0,0
1001,1966,Country,SurfRock,AnnualFloor,1,0,1,0
1001,1966,Country,SurfRock,WeightedTransition,1,0,0,0
1001,1966,Country,TexMex,AnnualFloor,1,0,1,0
1001,1966,Country,TraditionalPop,WeightedTransition,4,0,0,0
1001,1966,DooWop,BaroquePop,WeightedTransition,1,1,0,0
1001,1966,DooWop,Blues,WeightedTransition,1,1,0,0
1001,1966,DooWop,Boogaloo,WeightedTransition,1,1,0,0
1001,1966,DooWop,BossaNova,WeightedTransition,3,3,0,0
1001,1966,DooWop,BritishBeat,WeightedTransition,3,3,0,0
1001,1966,DooWop,BritishBlues,WeightedTransition,2,2,0,0
1001,1966,DooWop,Classical,WeightedTransition,1,1,0,0
1001,1966,DooWop,ContemporaryFolk,WeightedTransition,2,2,0,0
1001,1966,DooWop,Country,WeightedTransition,1,1,0,0
1001,1966,DooWop,DooWop,Retained,21,21,0,0
1001,1966,DooWop,EasyListening,WeightedTransition,2,2,0,0
1001,1966,DooWop,FolkRock,WeightedTransition,2,2,0,0
1001,1966,DooWop,GarageRock,WeightedTransition,4,4,0,0
1001,1966,DooWop,Gospel,AnnualFloor,1,1,1,0
1001,1966,DooWop,Gospel,WeightedTransition,2,2,0,0
1001,1966,DooWop,Jazz,WeightedTransition,1,1,0,0
1001,1966,DooWop,LatinPop,AnnualFloor,1,1,1,0
1001,1966,DooWop,LatinPop,WeightedTransition,1,1,0,0
1001,1966,DooWop,RockAndRoll,WeightedTransition,2,2,0,0
1001,1966,DooWop,Rocksteady,WeightedTransition,1,1,0,0
1001,1966,DooWop,Ska,WeightedTransition,1,1,0,0
1001,1966,DooWop,Soul,WeightedTransition,9,9,0,0
1001,1966,DooWop,SunshinePop,AnnualFloor,1,1,1,0
1001,1966,DooWop,SunshinePop,WeightedTransition,5,5,0,0
1001,1966,DooWop,TexMex,WeightedTransition,1,1,0,0
1001,1966,DooWop,TraditionalPop,WeightedTransition,2,2,0,0
1001,1966,EasyListening,AcidRock,WeightedTransition,1,0,0,0
1001,1966,EasyListening,Blues,AnnualFloor,1,0,1,0
1001,1966,EasyListening,BluesRock,WeightedTransition,2,0,0,0
1001,1966,EasyListening,BossaNova,AnnualFloor,1,0,1,0
1001,1966,EasyListening,BritishBeat,WeightedTransition,1,0,0,0
1001,1966,EasyListening,BritishBlues,WeightedTransition,3,0,0,0
1001,1966,EasyListening,BritishPop,WeightedTransition,2,0,0,0
1001,1966,EasyListening,Childrens,WeightedTransition,1,0,0,0
1001,1966,EasyListening,Classical,WeightedTransition,1,0,0,0
1001,1966,EasyListening,Comedy,AnnualFloor,1,0,1,0
1001,1966,EasyListening,ContemporaryFolk,WeightedTransition,2,0,0,0
1001,1966,EasyListening,Country,AnnualFloor,1,0,1,0
1001,1966,EasyListening,Country,WeightedTransition,4,0,1,1
1001,1966,EasyListening,EasyListening,Retained,136,0,0,0
1001,1966,EasyListening,EasyListening,WeightedTransition,10,0,0,0
1001,1966,EasyListening,Folk,WeightedTransition,1,0,0,0
1001,1966,EasyListening,FolkRock,WeightedTransition,4,0,0,0
1001,1966,EasyListening,GarageRock,WeightedTransition,1,0,0,0
1001,1966,EasyListening,Gospel,WeightedTransition,1,0,0,0
1001,1966,EasyListening,Jazz,WeightedTransition,3,0,0,0
1001,1966,EasyListening,LatinPop,WeightedTransition,1,0,0,0
1001,1966,EasyListening,RockAndRoll,AnnualFloor,1,0,1,0
1001,1966,EasyListening,RockAndRoll,WeightedTransition,1,0,0,0
1001,1966,EasyListening,SunshinePop,WeightedTransition,3,0,0,0
1001,1966,EasyListening,SurfRock,WeightedTransition,1,0,0,0
1001,1966,EasyListening,TexMex,WeightedTransition,1,0,0,0
1001,1966,EasyListening,TraditionalPop,WeightedTransition,5,0,0,0
1001,1966,Folk,BaroquePop,WeightedTransition,1,0,0,0
1001,1966,Folk,Blues,WeightedTransition,1,0,0,0
1001,1966,Folk,BossaNova,WeightedTransition,1,0,0,0
1001,1966,Folk,BritishBeat,WeightedTransition,1,0,0,0
1001,1966,Folk,BritishPop,WeightedTransition,1,0,0,0
1001,1966,Folk,Classical,WeightedTransition,1,0,0,0
1001,1966,Folk,ContemporaryFolk,WeightedTransition,4,0,0,0
1001,1966,Folk,Country,AnnualFloor,1,0,1,0
1001,1966,Folk,Country,WeightedTransition,5,0,0,0
1001,1966,Folk,EasyListening,AnnualFloor,1,0,1,0
1001,1966,Folk,EasyListening,WeightedTransition,1,0,0,0
1001,1966,Folk,Folk,AnnualFloor,1,0,1,0
1001,1966,Folk,Folk,Retained,104,0,0,0
1001,1966,Folk,Folk,WeightedTransition,5,0,0,0
1001,1966,Folk,FolkRock,WeightedTransition,4,0,0,0
1001,1966,Folk,GarageRock,WeightedTransition,1,0,0,0
1001,1966,Folk,Gospel,WeightedTransition,1,0,0,0
1001,1966,Folk,LatinPop,WeightedTransition,2,0,0,0
1001,1966,Folk,RockAndRoll,WeightedTransition,2,0,0,0
1001,1966,Folk,Soul,WeightedTransition,2,0,0,0
1001,1966,Folk,SunshinePop,WeightedTransition,5,0,0,0
1001,1966,Folk,SurfRock,WeightedTransition,2,0,0,0
1001,1966,Folk,TraditionalPop,WeightedTransition,1,0,0,0
1001,1966,FolkRock,BossaNova,WeightedTransition,1,0,0,0
1001,1966,FolkRock,ContemporaryFolk,WeightedTransition,1,0,0,0
1001,1966,FolkRock,Folk,AnnualFloor,1,0,1,0
1001,1966,FolkRock,FolkRock,Retained,18,0,0,0
1001,1966,FolkRock,FolkRock,WeightedTransition,1,0,0,0
1001,1966,FolkRock,Soul,WeightedTransition,2,0,0,0
1001,1966,GarageRock,BluesRock,WeightedTransition,1,0,0,0
1001,1966,GarageRock,GarageRock,Retained,27,0,0,0
1001,1966,GarageRock,GarageRock,WeightedTransition,2,0,0,0
1001,1966,GarageRock,PsychedelicRock,WeightedTransition,1,0,0,0
1001,1966,Gospel,Gospel,Retained,39,0,0,0
1001,1966,Gospel,Gospel,WeightedTransition,5,0,0,0
1001,1966,Gospel,Ska,WeightedTransition,1,0,0,0
1001,1966,Gospel,Soul,WeightedTransition,3,0,0,0
1001,1966,Jazz,BaroquePop,WeightedTransition,3,0,1,1
1001,1966,Jazz,BluesRock,WeightedTransition,1,0,0,0
1001,1966,Jazz,Boogaloo,AnnualFloor,1,0,1,0
1001,1966,Jazz,Boogaloo,WeightedTransition,1,0,0,0
1001,1966,Jazz,BossaNova,AnnualFloor,1,0,1,0
1001,1966,Jazz,BossaNova,WeightedTransition,2,0,0,0
1001,1966,Jazz,BritishPop,AnnualFloor,1,0,1,0
1001,1966,Jazz,BritishPop,WeightedTransition,2,0,0,0
1001,1966,Jazz,Childrens,WeightedTransition,1,0,0,0
1001,1966,Jazz,Comedy,WeightedTransition,1,0,0,0
1001,1966,Jazz,ContemporaryFolk,WeightedTransition,1,0,0,0
1001,1966,Jazz,EasyListening,WeightedTransition,3,0,0,0
1001,1966,Jazz,FolkRock,WeightedTransition,2,0,0,0
1001,1966,Jazz,GarageRock,AnnualFloor,1,0,1,0
1001,1966,Jazz,GarageRock,WeightedTransition,3,0,1,1
1001,1966,Jazz,Jazz,AnnualFloor,1,0,1,0
1001,1966,Jazz,Jazz,Retained,175,0,0,0
1001,1966,Jazz,Jazz,WeightedTransition,5,0,0,0
1001,1966,Jazz,LatinPop,WeightedTransition,1,0,0,0
1001,1966,Jazz,Soul,AnnualFloor,1,0,1,0
1001,1966,Jazz,Soul,WeightedTransition,5,0,0,0
1001,1966,Jazz,TraditionalPop,WeightedTransition,5,0,0,0
1001,1966,LatinPop,AcidRock,WeightedTransition,1,0,0,0
1001,1966,LatinPop,Boogaloo,WeightedTransition,1,0,0,0
1001,1966,LatinPop,BossaNova,WeightedTransition,1,0,0,0
1001,1966,LatinPop,GarageRock,WeightedTransition,1,0,0,0
1001,1966,LatinPop,LatinPop,Retained,24,0,0,0
1001,1966,LatinPop,LatinPop,WeightedTransition,2,0,0,0
1001,1966,LatinPop,TexMex,WeightedTransition,3,0,0,0
1001,1966,PsychedelicRock,PsychedelicRock,Retained,6,0,0,0
1001,1966,RnB,AcidRock,WeightedTransition,1,1,0,0
1001,1966,RnB,Blues,AnnualFloor,1,1,1,0
1001,1966,RnB,Blues,WeightedTransition,1,1,0,0
1001,1966,RnB,BluesRock,WeightedTransition,3,3,0,0
1001,1966,RnB,BossaNova,WeightedTransition,4,4,0,0
1001,1966,RnB,BritishBeat,WeightedTransition,3,3,0,0
1001,1966,RnB,BritishBlues,AnnualFloor,1,1,1,0
1001,1966,RnB,BritishBlues,WeightedTransition,2,2,0,0
1001,1966,RnB,BritishPop,WeightedTransition,1,1,0,0
1001,1966,RnB,Childrens,WeightedTransition,4,4,0,0
1001,1966,RnB,Classical,WeightedTransition,1,1,0,0
1001,1966,RnB,Comedy,WeightedTransition,2,2,0,0
1001,1966,RnB,ContemporaryFolk,AnnualFloor,2,2,2,0
1001,1966,RnB,ContemporaryFolk,WeightedTransition,3,3,0,0
1001,1966,RnB,EasyListening,WeightedTransition,3,3,0,0
1001,1966,RnB,FolkRock,AnnualFloor,1,1,1,0
1001,1966,RnB,FolkRock,WeightedTransition,4,4,0,0
1001,1966,RnB,Gospel,WeightedTransition,2,2,0,0
1001,1966,RnB,Jazz,WeightedTransition,4,4,0,0
1001,1966,RnB,LatinPop,AnnualFloor,1,1,1,0
1001,1966,RnB,LatinPop,WeightedTransition,1,1,0,0
1001,1966,RnB,RnB,Retained,94,94,0,0
1001,1966,RnB,Rocksteady,AnnualFloor,1,1,1,0
1001,1966,RnB,Soul,WeightedTransition,8,8,0,0
1001,1966,RnB,SunshinePop,WeightedTransition,3,3,0,0
1001,1966,RnB,SurfRock,AnnualFloor,1,1,1,0
1001,1966,RnB,SurfRock,WeightedTransition,1,1,0,0
1001,1966,RnB,TraditionalPop,WeightedTransition,2,2,0,0
1001,1966,RockAndRoll,AcidRock,WeightedTransition,2,0,0,0
1001,1966,RockAndRoll,BaroquePop,WeightedTransition,4,0,0,0
1001,1966,RockAndRoll,BluesRock,WeightedTransition,7,0,0,0
1001,1966,RockAndRoll,Boogaloo,WeightedTransition,2,0,0,0
1001,1966,RockAndRoll,BossaNova,WeightedTransition,7,0,0,0
1001,1966,RockAndRoll,BritishBeat,WeightedTransition,9,0,0,0
1001,1966,RockAndRoll,BritishBlues,WeightedTransition,22,0,0,0
1001,1966,RockAndRoll,BritishPop,WeightedTransition,3,0,0,0
1001,1966,RockAndRoll,Childrens,AnnualFloor,1,0,1,0
1001,1966,RockAndRoll,Childrens,WeightedTransition,2,0,0,0
1001,1966,RockAndRoll,Classical,AnnualFloor,1,0,1,0
1001,1966,RockAndRoll,Classical,WeightedTransition,1,0,0,0
1001,1966,RockAndRoll,Comedy,WeightedTransition,1,0,0,0
1001,1966,RockAndRoll,Country,AnnualFloor,1,0,1,0
1001,1966,RockAndRoll,Country,WeightedTransition,4,0,0,0
1001,1966,RockAndRoll,EasyListening,AnnualFloor,1,0,1,0
1001,1966,RockAndRoll,EasyListening,WeightedTransition,3,0,0,0
1001,1966,RockAndRoll,Folk,AnnualFloor,1,0,1,0
1001,1966,RockAndRoll,Folk,WeightedTransition,1,0,0,0
1001,1966,RockAndRoll,FolkRock,WeightedTransition,4,0,0,0
1001,1966,RockAndRoll,GarageRock,WeightedTransition,10,0,0,0
1001,1966,RockAndRoll,Gospel,WeightedTransition,5,0,0,0
1001,1966,RockAndRoll,Jazz,WeightedTransition,6,0,0,0
1001,1966,RockAndRoll,LatinPop,AnnualFloor,1,0,1,0
1001,1966,RockAndRoll,PsychedelicRock,AnnualFloor,1,0,1,0
1001,1966,RockAndRoll,PsychedelicRock,WeightedTransition,4,0,0,0
1001,1966,RockAndRoll,RockAndRoll,Retained,144,0,0,0
1001,1966,RockAndRoll,RockAndRoll,WeightedTransition,23,0,0,0
1001,1966,RockAndRoll,Rocksteady,AnnualFloor,1,0,1,0
1001,1966,RockAndRoll,Ska,WeightedTransition,2,0,0,0
1001,1966,RockAndRoll,Soul,WeightedTransition,6,0,0,0
1001,1966,RockAndRoll,SurfRock,AnnualFloor,1,0,1,0
1001,1966,RockAndRoll,SurfRock,WeightedTransition,1,0,0,0
1001,1966,RockAndRoll,TraditionalPop,WeightedTransition,5,0,0,0
1001,1966,Rocksteady,BluesRock,WeightedTransition,1,0,0,0
1001,1966,Rocksteady,BossaNova,WeightedTransition,1,0,0,0
1001,1966,Rocksteady,Rocksteady,Retained,5,0,0,0
1001,1966,Rocksteady,SunshinePop,WeightedTransition,1,0,0,0
1001,1966,Ska,BritishBlues,WeightedTransition,1,0,0,0
1001,1966,Ska,Ska,Retained,10,0,0,0
1001,1966,Ska,Ska,WeightedTransition,1,0,0,0
1001,1966,Soul,AcidRock,WeightedTransition,1,0,0,0
1001,1966,Soul,BaroquePop,AnnualFloor,1,0,1,0
1001,1966,Soul,Blues,WeightedTransition,1,0,1,1
1001,1966,Soul,BluesRock,AnnualFloor,1,0,1,0
1001,1966,Soul,BritishBlues,WeightedTransition,1,0,0,0
1001,1966,Soul,BritishPop,AnnualFloor,1,0,1,0
1001,1966,Soul,BritishPop,WeightedTransition,1,0,1,1
1001,1966,Soul,Comedy,AnnualFloor,1,0,1,0
1001,1966,Soul,Country,WeightedTransition,2,0,0,0
1001,1966,Soul,EasyListening,WeightedTransition,1,0,0,0
1001,1966,Soul,Folk,WeightedTransition,1,0,0,0
1001,1966,Soul,FolkRock,WeightedTransition,3,0,0,0
1001,1966,Soul,GarageRock,WeightedTransition,2,0,0,0
1001,1966,Soul,Gospel,AnnualFloor,2,0,2,0
1001,1966,Soul,LatinPop,WeightedTransition,1,0,1,1
1001,1966,Soul,Rocksteady,AnnualFloor,1,0,1,0
1001,1966,Soul,Soul,AnnualFloor,2,0,2,0
1001,1966,Soul,Soul,Retained,153,0,0,0
1001,1966,Soul,Soul,WeightedTransition,13,0,2,2
1001,1966,Soul,SunshinePop,WeightedTransition,1,0,0,0
1001,1966,Soul,SurfRock,WeightedTransition,1,0,0,0
1001,1966,Soul,TraditionalPop,WeightedTransition,1,0,0,0
1001,1966,SunshinePop,BritishPop,WeightedTransition,1,0,0,0
1001,1966,SunshinePop,EasyListening,WeightedTransition,1,0,0,0
1001,1966,SunshinePop,FolkRock,WeightedTransition,2,0,0,0
1001,1966,SunshinePop,LatinPop,WeightedTransition,1,0,1,1
1001,1966,SunshinePop,RockAndRoll,WeightedTransition,1,0,0,0
1001,1966,SunshinePop,SunshinePop,Retained,16,0,0,0
1001,1966,SunshinePop,SunshinePop,WeightedTransition,1,0,0,0
1001,1966,SunshinePop,SurfRock,WeightedTransition,1,0,0,0
1001,1966,SurfRock,BritishBeat,AnnualFloor,1,0,1,0
1001,1966,SurfRock,BritishBlues,WeightedTransition,1,0,0,0
1001,1966,SurfRock,BritishPop,WeightedTransition,1,0,0,0
1001,1966,SurfRock,ContemporaryFolk,WeightedTransition,1,0,0,0
1001,1966,SurfRock,Country,WeightedTransition,2,0,0,0
1001,1966,SurfRock,PsychedelicRock,WeightedTransition,1,0,0,0
1001,1966,SurfRock,RockAndRoll,WeightedTransition,3,0,0,0
1001,1966,SurfRock,SurfRock,Retained,12,0,0,0
1001,1966,SurfRock,SurfRock,WeightedTransition,1,0,0,0
1001,1966,TeenPop,BaroquePop,WeightedTransition,2,2,0,0
1001,1966,TeenPop,Blues,WeightedTransition,2,2,0,0
1001,1966,TeenPop,BluesRock,WeightedTransition,4,4,0,0
1001,1966,TeenPop,BossaNova,WeightedTransition,1,1,0,0
1001,1966,TeenPop,BritishBeat,WeightedTransition,6,6,0,0
1001,1966,TeenPop,BritishBlues,WeightedTransition,5,5,0,0
1001,1966,TeenPop,BritishPop,WeightedTransition,6,6,0,0
1001,1966,TeenPop,Childrens,WeightedTransition,3,3,0,0
1001,1966,TeenPop,Classical,WeightedTransition,2,2,0,0
1001,1966,TeenPop,Country,WeightedTransition,2,2,0,0
1001,1966,TeenPop,EasyListening,WeightedTransition,6,6,1,1
1001,1966,TeenPop,FolkRock,WeightedTransition,1,1,0,0
1001,1966,TeenPop,GarageRock,WeightedTransition,6,6,0,0
1001,1966,TeenPop,Jazz,AnnualFloor,1,1,1,0
1001,1966,TeenPop,Jazz,WeightedTransition,3,3,0,0
1001,1966,TeenPop,LatinPop,WeightedTransition,1,1,0,0
1001,1966,TeenPop,RockAndRoll,WeightedTransition,6,6,0,0
1001,1966,TeenPop,Rocksteady,WeightedTransition,1,1,0,0
1001,1966,TeenPop,Ska,WeightedTransition,3,3,0,0
1001,1966,TeenPop,Soul,WeightedTransition,4,4,0,0
1001,1966,TeenPop,SunshinePop,AnnualFloor,2,2,2,0
1001,1966,TeenPop,SunshinePop,WeightedTransition,4,4,0,0
1001,1966,TeenPop,SurfRock,WeightedTransition,1,1,0,0
1001,1966,TeenPop,TeenPop,Retained,90,90,0,0
1001,1966,TeenPop,TexMex,AnnualFloor,1,1,1,0
1001,1966,TeenPop,TexMex,WeightedTransition,3,3,0,0
1001,1966,TeenPop,TraditionalPop,WeightedTransition,10,10,0,0
1001,1966,TexMex,TexMex,Retained,21,0,0,0
1001,1966,TraditionalPop,AcidRock,AnnualFloor,1,0,1,0
1001,1966,TraditionalPop,AcidRock,WeightedTransition,2,0,0,0
1001,1966,TraditionalPop,BaroquePop,AnnualFloor,2,0,2,0
1001,1966,TraditionalPop,BaroquePop,WeightedTransition,12,0,0,0
1001,1966,TraditionalPop,Blues,WeightedTransition,5,0,0,0
1001,1966,TraditionalPop,BluesRock,AnnualFloor,1,0,1,0
1001,1966,TraditionalPop,BluesRock,WeightedTransition,7,0,0,0
1001,1966,TraditionalPop,Boogaloo,AnnualFloor,1,0,1,0
1001,1966,TraditionalPop,Boogaloo,WeightedTransition,1,0,0,0
1001,1966,TraditionalPop,BossaNova,AnnualFloor,1,0,1,0
1001,1966,TraditionalPop,BossaNova,WeightedTransition,8,0,0,0
1001,1966,TraditionalPop,BritishBeat,AnnualFloor,1,0,1,0
1001,1966,TraditionalPop,BritishBeat,WeightedTransition,7,0,0,0
1001,1966,TraditionalPop,BritishBlues,WeightedTransition,8,0,0,0
1001,1966,TraditionalPop,BritishPop,AnnualFloor,1,0,1,0
1001,1966,TraditionalPop,BritishPop,WeightedTransition,9,0,0,0
1001,1966,TraditionalPop,Childrens,WeightedTransition,3,0,0,0
1001,1966,TraditionalPop,Classical,WeightedTransition,3,0,0,0
1001,1966,TraditionalPop,Comedy,AnnualFloor,1,0,1,0
1001,1966,TraditionalPop,Comedy,WeightedTransition,4,0,0,0
1001,1966,TraditionalPop,ContemporaryFolk,WeightedTransition,4,0,0,0
1001,1966,TraditionalPop,Country,WeightedTransition,7,0,1,1
1001,1966,TraditionalPop,EasyListening,AnnualFloor,1,0,1,0
1001,1966,TraditionalPop,EasyListening,WeightedTransition,19,0,0,0
1001,1966,TraditionalPop,Folk,WeightedTransition,1,0,0,0
1001,1966,TraditionalPop,FolkRock,WeightedTransition,5,0,0,0
1001,1966,TraditionalPop,GarageRock,AnnualFloor,1,0,1,0
1001,1966,TraditionalPop,GarageRock,WeightedTransition,9,0,0,0
1001,1966,TraditionalPop,Gospel,WeightedTransition,8,0,0,0
1001,1966,TraditionalPop,Jazz,AnnualFloor,1,0,1,0
1001,1966,TraditionalPop,Jazz,WeightedTransition,7,0,0,0
1001,1966,TraditionalPop,LatinPop,WeightedTransition,4,0,0,0
1001,1966,TraditionalPop,RockAndRoll,AnnualFloor,1,0,1,0
1001,1966,TraditionalPop,RockAndRoll,WeightedTransition,3,0,0,0
1001,1966,TraditionalPop,Rocksteady,WeightedTransition,3,0,0,0
1001,1966,TraditionalPop,Ska,AnnualFloor,2,0,2,0
1001,1966,TraditionalPop,Ska,WeightedTransition,1,0,0,0
1001,1966,TraditionalPop,Soul,WeightedTransition,8,0,0,0
1001,1966,TraditionalPop,SunshinePop,WeightedTransition,25,0,0,0
1001,1966,TraditionalPop,SurfRock,WeightedTransition,4,0,0,0
1001,1966,TraditionalPop,TexMex,AnnualFloor,1,0,1,0
1001,1966,TraditionalPop,TexMex,WeightedTransition,3,0,0,0
1001,1966,TraditionalPop,TraditionalPop,AnnualFloor,2,0,2,0
1001,1966,TraditionalPop,TraditionalPop,Retained,245,0,0,0
1001,1966,TraditionalPop,TraditionalPop,WeightedTransition,53,0,0,0
1001,1967,AcidRock,AcidRock,AnnualFloor,1,0,1,0
1001,1967,AcidRock,AcidRock,Retained,11,0,0,0
1001,1967,AcidRock,BluesRock,WeightedTransition,1,0,0,0
1001,1967,AcidRock,BritishBeat,WeightedTransition,1,0,0,0
1001,1967,AcidRock,BritishPop,WeightedTransition,1,0,0,0
1001,1967,AcidRock,TexMex,WeightedTransition,1,0,0,0
1001,1967,BaroquePop,BaroquePop,Retained,17,0,0,0
1001,1967,BaroquePop,Blues,AnnualFloor,1,0,1,0
1001,1967,BaroquePop,Blues,WeightedTransition,1,0,0,0
1001,1967,BaroquePop,HardRock,AnnualFloor,1,0,1,0
1001,1967,Blues,BaroquePop,WeightedTransition,1,0,0,0
1001,1967,Blues,Blues,Retained,63,0,0,0
1001,1967,Blues,Blues,WeightedTransition,1,0,0,0
1001,1967,Blues,BluesRock,WeightedTransition,1,0,0,0
1001,1967,Blues,BossaNova,AnnualFloor,1,0,1,0
1001,1967,Blues,BritishPop,WeightedTransition,1,0,0,0
1001,1967,Blues,Bubblegum,WeightedTransition,2,0,0,0
1001,1967,Blues,EasyListening,AnnualFloor,1,0,1,0
1001,1967,Blues,EasyListening,WeightedTransition,1,0,0,0
1001,1967,Blues,HardRock,WeightedTransition,1,0,0,0
1001,1967,Blues,Soul,WeightedTransition,1,0,0,0
1001,1967,Blues,SunshinePop,WeightedTransition,1,0,0,0
1001,1967,Blues,TraditionalPop,WeightedTransition,1,0,0,0
1001,1967,BluesRock,AcidRock,WeightedTransition,1,0,0,0
1001,1967,BluesRock,BluesRock,Retained,16,0,0,0
1001,1967,BluesRock,Boogaloo,WeightedTransition,1,0,0,0
1001,1967,BluesRock,GarageRock,WeightedTransition,3,0,0,0
1001,1967,Boogaloo,BaroquePop,WeightedTransition,1,0,0,0
1001,1967,Boogaloo,Boogaloo,Retained,12,0,0,0
1001,1967,BossaNova,BossaNova,Retained,17,0,0,0
1001,1967,BossaNova,BossaNova,WeightedTransition,2,0,0,0
1001,1967,BossaNova,Comedy,WeightedTransition,1,0,0,0
1001,1967,BossaNova,GarageRock,WeightedTransition,2,0,0,0
1001,1967,BossaNova,Gospel,WeightedTransition,1,0,0,0
1001,1967,BossaNova,Jazz,WeightedTransition,4,0,0,0
1001,1967,BossaNova,LatinPop,WeightedTransition,1,0,0,0
1001,1967,BossaNova,Ska,AnnualFloor,1,0,1,0
1001,1967,BossaNova,SunshinePop,WeightedTransition,1,0,0,0
1001,1967,BritishBeat,AcidRock,AnnualFloor,1,0,1,0
1001,1967,BritishBeat,AcidRock,WeightedTransition,6,0,0,0
1001,1967,BritishBeat,BluesRock,WeightedTransition,1,0,0,0
1001,1967,BritishBeat,Boogaloo,WeightedTransition,1,0,0,0
1001,1967,BritishBeat,BossaNova,AnnualFloor,1,0,1,0
1001,1967,BritishBeat,BritishBeat,AnnualFloor,1,0,1,0
1001,1967,BritishBeat,BritishBeat,Retained,28,0,0,0
1001,1967,BritishBeat,BritishBeat,WeightedTransition,3,0,0,0
1001,1967,BritishBeat,BritishBlues,WeightedTransition,2,0,0,0
1001,1967,BritishBeat,Comedy,WeightedTransition,1,0,0,0
1001,1967,BritishBeat,EasyListening,WeightedTransition,1,0,0,0
1001,1967,BritishBeat,FolkRock,WeightedTransition,1,0,0,0
1001,1967,BritishBeat,GarageRock,WeightedTransition,2,0,0,0
1001,1967,BritishBeat,Gospel,WeightedTransition,1,0,0,0
1001,1967,BritishBeat,HardRock,WeightedTransition,1,0,0,0
1001,1967,BritishBeat,Jazz,WeightedTransition,1,0,0,0
1001,1967,BritishBeat,ProtoPunk,WeightedTransition,1,0,0,0
1001,1967,BritishBeat,PsychedelicRock,AnnualFloor,2,0,2,0
1001,1967,BritishBeat,PsychedelicRock,WeightedTransition,3,0,0,0
1001,1967,BritishBeat,RockAndRoll,WeightedTransition,2,0,0,0
1001,1967,BritishBeat,SunshinePop,WeightedTransition,1,0,0,0
1001,1967,BritishBeat,TraditionalPop,WeightedTransition,1,0,0,0
1001,1967,BritishBlues,AcidRock,WeightedTransition,2,0,0,0
1001,1967,BritishBlues,BaroquePop,WeightedTransition,1,0,0,0
1001,1967,BritishBlues,BluesRock,AnnualFloor,1,0,1,0
1001,1967,BritishBlues,BritishBlues,AnnualFloor,1,0,1,0
1001,1967,BritishBlues,BritishBlues,Retained,40,0,0,0
1001,1967,BritishBlues,BritishBlues,WeightedTransition,4,0,0,0
1001,1967,BritishBlues,Country,WeightedTransition,1,0,0,0
1001,1967,BritishBlues,FolkRock,WeightedTransition,1,0,0,0
1001,1967,BritishBlues,GarageRock,WeightedTransition,2,0,0,0
1001,1967,BritishBlues,Gospel,WeightedTransition,1,0,0,0
1001,1967,BritishBlues,HardRock,WeightedTransition,1,0,0,0
1001,1967,BritishBlues,LatinPop,AnnualFloor,1,0,1,0
1001,1967,BritishBlues,RockAndRoll,WeightedTransition,1,0,0,0
1001,1967,BritishBlues,TexMex,WeightedTransition,2,0,0,0
1001,1967,BritishBlues,TraditionalPop,WeightedTransition,3,0,0,0
1001,1967,BritishPop,AcidRock,WeightedTransition,1,0,0,0
1001,1967,BritishPop,BaroquePop,WeightedTransition,5,0,0,0
1001,1967,BritishPop,BluesRock,WeightedTransition,1,0,0,0
1001,1967,BritishPop,BritishBlues,WeightedTransition,1,0,0,0
1001,1967,BritishPop,BritishPop,AnnualFloor,2,0,2,0
1001,1967,BritishPop,BritishPop,Retained,28,0,0,0
1001,1967,BritishPop,BritishPop,WeightedTransition,5,0,0,0
1001,1967,BritishPop,Childrens,WeightedTransition,1,0,0,0
1001,1967,BritishPop,ContemporaryFolk,WeightedTransition,1,0,0,0
1001,1967,BritishPop,Country,WeightedTransition,2,0,0,0
1001,1967,BritishPop,EasyListening,WeightedTransition,1,0,0,0
1001,1967,BritishPop,FolkRock,WeightedTransition,1,0,0,0
1001,1967,BritishPop,HardRock,WeightedTransition,1,0,0,0
1001,1967,BritishPop,Soul,WeightedTransition,1,0,0,0
1001,1967,BritishPop,SunshinePop,WeightedTransition,2,0,0,0
1001,1967,Bubblegum,Bubblegum,Retained,8,0,0,0
1001,1967,Bubblegum,LatinPop,WeightedTransition,1,0,0,0
1001,1967,Childrens,Childrens,Retained,32,0,0,0
1001,1967,Childrens,SunshinePop,WeightedTransition,1,0,0,0
1001,1967,Classical,Classical,Retained,44,0,0,0
1001,1967,Classical,Classical,WeightedTransition,1,0,0,0
1001,1967,Classical,SunshinePop,WeightedTransition,1,0,0,0
1001,1967,Comedy,AcidRock,WeightedTransition,1,0,0,0
1001,1967,Comedy,Boogaloo,WeightedTransition,1,0,0,0
1001,1967,Comedy,BritishBlues,WeightedTransition,2,0,0,0
1001,1967,Comedy,Childrens,WeightedTransition,2,0,0,0
1001,1967,Comedy,Comedy,Retained,22,0,0,0
1001,1967,Comedy,Comedy,WeightedTransition,3,0,0,0
1001,1967,Comedy,Country,WeightedTransition,1,0,0,0
1001,1967,Comedy,FolkRock,WeightedTransition,2,0,0,0
1001,1967,Comedy,Funk,WeightedTransition,1,0,0,0
1001,1967,Comedy,RockAndRoll,WeightedTransition,1,0,0,0
1001,1967,Comedy,Soul,WeightedTransition,1,0,0,0
1001,1967,Comedy,SunshinePop,WeightedTransition,3,0,0,0
1001,1967,Comedy,TexMex,WeightedTransition,1,0,0,0
1001,1967,ContemporaryFolk,BaroquePop,WeightedTransition,1,0,0,0
1001,1967,ContemporaryFolk,BluesRock,WeightedTransition,1,0,0,0
1001,1967,ContemporaryFolk,BritishBlues,WeightedTransition,4,0,0,0
1001,1967,ContemporaryFolk,ContemporaryFolk,Retained,22,0,0,0
1001,1967,ContemporaryFolk,ContemporaryFolk,WeightedTransition,2,0,0,0
1001,1967,ContemporaryFolk,Country,WeightedTransition,1,0,0,0
1001,1967,ContemporaryFolk,EasyListening,WeightedTransition,4,0,0,0
1001,1967,ContemporaryFolk,FolkRock,WeightedTransition,3,0,0,0
1001,1967,ContemporaryFolk,Funk,WeightedTransition,1,0,0,0
1001,1967,ContemporaryFolk,Gospel,AnnualFloor,1,0,1,0
1001,1967,ContemporaryFolk,Gospel,WeightedTransition,1,0,0,0
1001,1967,ContemporaryFolk,RockAndRoll,WeightedTransition,1,0,0,0
1001,1967,ContemporaryFolk,Rocksteady,AnnualFloor,1,0,1,0
1001,1967,ContemporaryFolk,Ska,WeightedTransition,1,0,0,0
1001,1967,ContemporaryFolk,Soul,WeightedTransition,3,0,0,0
1001,1967,ContemporaryFolk,TraditionalPop,WeightedTransition,1,0,0,0
1001,1967,Country,BaroquePop,WeightedTransition,1,0,0,0
1001,1967,Country,Blues,WeightedTransition,2,0,0,0
1001,1967,Country,BossaNova,AnnualFloor,1,0,1,0
1001,1967,Country,BritishBeat,WeightedTransition,1,0,0,0
1001,1967,Country,BritishBlues,WeightedTransition,4,0,0,0
1001,1967,Country,BritishPop,WeightedTransition,2,0,0,0
1001,1967,Country,Bubblegum,WeightedTransition,1,0,0,0
1001,1967,Country,Childrens,AnnualFloor,1,0,1,0
1001,1967,Country,Comedy,WeightedTransition,1,0,0,0
1001,1967,Country,ContemporaryFolk,AnnualFloor,2,0,2,0
1001,1967,Country,ContemporaryFolk,WeightedTransition,2,0,0,0
1001,1967,Country,Country,AnnualFloor,3,0,3,0
1001,1967,Country,Country,Retained,180,0,0,0
1001,1967,Country,Country,WeightedTransition,8,0,0,0
1001,1967,Country,FolkRock,WeightedTransition,3,0,0,0
1001,1967,Country,GarageRock,AnnualFloor,1,0,1,0
1001,1967,Country,Gospel,WeightedTransition,4,0,0,0
1001,1967,Country,ProtoPunk,AnnualFloor,1,0,1,0
1001,1967,Country,RockAndRoll,WeightedTransition,4,0,0,0
1001,1967,Country,Rocksteady,WeightedTransition,1,0,0,0
1001,1967,Country,SingerSongwriter,WeightedTransition,1,0,0,0
1001,1967,Country,Soul,WeightedTransition,2,0,0,0
1001,1967,Country,SunshinePop,AnnualFloor,1,0,1,0
1001,1967,Country,SunshinePop,WeightedTransition,2,0,0,0
1001,1967,Country,TexMex,AnnualFloor,1,0,1,0
1001,1967,Country,TexMex,WeightedTransition,1,0,0,0
1001,1967,DooWop,AcidRock,AnnualFloor,1,1,1,0
1001,1967,DooWop,BaroquePop,WeightedTransition,1,1,0,0
1001,1967,DooWop,BluesRock,WeightedTransition,1,1,0,0
1001,1967,DooWop,BritishBlues,AnnualFloor,1,1,1,0
1001,1967,DooWop,Bubblegum,WeightedTransition,1,1,0,0
1001,1967,DooWop,ContemporaryFolk,WeightedTransition,3,3,0,0
1001,1967,DooWop,Country,WeightedTransition,2,2,0,0
1001,1967,DooWop,DooWop,Retained,8,8,0,0
1001,1967,DooWop,EasyListening,WeightedTransition,1,1,0,0
1001,1967,DooWop,FolkRock,WeightedTransition,2,2,0,0
1001,1967,DooWop,Funk,WeightedTransition,3,3,0,0
1001,1967,DooWop,GarageRock,AnnualFloor,1,1,1,0
1001,1967,DooWop,Gospel,WeightedTransition,1,1,0,0
1001,1967,DooWop,LatinPop,AnnualFloor,1,1,1,0
1001,1967,DooWop,LatinPop,WeightedTransition,1,1,0,0
1001,1967,DooWop,Rocksteady,WeightedTransition,1,1,0,0
1001,1967,DooWop,Soul,WeightedTransition,6,6,0,0
1001,1967,DooWop,SunshinePop,WeightedTransition,1,1,0,0
1001,1967,EasyListening,AcidRock,WeightedTransition,3,0,0,0
1001,1967,EasyListening,BaroquePop,AnnualFloor,2,0,2,0
1001,1967,EasyListening,BaroquePop,WeightedTransition,2,0,0,0
1001,1967,EasyListening,Blues,AnnualFloor,1,0,1,0
1001,1967,EasyListening,BluesRock,WeightedTransition,2,0,0,0
1001,1967,EasyListening,Boogaloo,AnnualFloor,1,0,1,0
1001,1967,EasyListening,Boogaloo,WeightedTransition,1,0,0,0
1001,1967,EasyListening,BritishPop,AnnualFloor,1,0,1,0
1001,1967,EasyListening,BritishPop,WeightedTransition,2,0,0,0
1001,1967,EasyListening,Bubblegum,WeightedTransition,1,0,0,0
1001,1967,EasyListening,Childrens,WeightedTransition,2,0,0,0
1001,1967,EasyListening,Classical,AnnualFloor,1,0,1,0
1001,1967,EasyListening,Classical,WeightedTransition,1,0,0,0
1001,1967,EasyListening,EasyListening,Retained,131,0,0,0
1001,1967,EasyListening,EasyListening,WeightedTransition,5,0,0,0
1001,1967,EasyListening,FolkRock,WeightedTransition,2,0,0,0
1001,1967,EasyListening,HardRock,WeightedTransition,1,0,0,0
1001,1967,EasyListening,LatinPop,WeightedTransition,1,0,0,0
1001,1967,EasyListening,SingerSongwriter,WeightedTransition,3,0,0,0
1001,1967,EasyListening,Ska,WeightedTransition,1,0,0,0
1001,1967,EasyListening,SunshinePop,WeightedTransition,4,0,0,0
1001,1967,EasyListening,TraditionalPop,WeightedTransition,4,0,0,0
1001,1967,Folk,AcidRock,WeightedTransition,2,2,0,0
1001,1967,Folk,BaroquePop,WeightedTransition,5,5,0,0
1001,1967,Folk,Blues,WeightedTransition,1,1,0,0
1001,1967,Folk,BluesRock,AnnualFloor,1,1,1,0
1001,1967,Folk,BluesRock,WeightedTransition,1,1,0,0
1001,1967,Folk,BritishBlues,WeightedTransition,2,2,0,0
1001,1967,Folk,BritishPop,WeightedTransition,1,1,0,0
1001,1967,Folk,Bubblegum,WeightedTransition,2,2,0,0
1001,1967,Folk,Classical,AnnualFloor,1,1,1,0
1001,1967,Folk,ContemporaryFolk,WeightedTransition,4,4,0,0
1001,1967,Folk,Country,WeightedTransition,4,4,0,0
1001,1967,Folk,EasyListening,WeightedTransition,3,3,0,0
1001,1967,Folk,Folk,Retained,59,59,0,0
1001,1967,Folk,FolkRock,WeightedTransition,9,9,0,0
1001,1967,Folk,GarageRock,WeightedTransition,1,1,0,0
1001,1967,Folk,LatinPop,WeightedTransition,1,1,0,0
1001,1967,Folk,ProtoPunk,WeightedTransition,1,1,0,0
1001,1967,Folk,RockAndRoll,WeightedTransition,1,1,0,0
1001,1967,Folk,SingerSongwriter,WeightedTransition,6,6,0,0
1001,1967,Folk,Soul,WeightedTransition,5,5,0,0
1001,1967,Folk,SunshinePop,WeightedTransition,3,3,0,0
1001,1967,Folk,TexMex,AnnualFloor,1,1,1,0
1001,1967,Folk,TexMex,WeightedTransition,1,1,0,0
1001,1967,Folk,TraditionalPop,WeightedTransition,2,2,0,0
1001,1967,FolkRock,Childrens,AnnualFloor,1,0,1,0
1001,1967,FolkRock,FolkRock,Retained,19,0,0,0
1001,1967,FolkRock,FolkRock,WeightedTransition,4,0,0,0
1001,1967,FolkRock,Gospel,WeightedTransition,1,0,0,0
1001,1967,FolkRock,SingerSongwriter,WeightedTransition,1,0,0,0
1001,1967,FolkRock,SunshinePop,WeightedTransition,1,0,0,0
1001,1967,Funk,BritishBlues,WeightedTransition,1,0,0,0
1001,1967,Funk,Funk,Retained,3,0,0,0
1001,1967,Funk,SunshinePop,WeightedTransition,1,0,0,0
1001,1967,GarageRock,BaroquePop,WeightedTransition,1,0,0,0
1001,1967,GarageRock,BluesRock,WeightedTransition,1,0,0,0
1001,1967,GarageRock,BritishBeat,AnnualFloor,2,0,2,0
1001,1967,GarageRock,BritishPop,WeightedTransition,1,0,0,0
1001,1967,GarageRock,GarageRock,Retained,23,0,0,0
1001,1967,GarageRock,Jazz,WeightedTransition,2,0,0,0
1001,1967,GarageRock,RockAndRoll,WeightedTransition,1,0,0,0
1001,1967,GarageRock,Soul,WeightedTransition,1,0,0,0
1001,1967,Gospel,AcidRock,WeightedTransition,2,0,0,0
1001,1967,Gospel,Comedy,WeightedTransition,1,0,0,0
1001,1967,Gospel,EasyListening,WeightedTransition,1,0,0,0
1001,1967,Gospel,Gospel,Retained,45,0,0,0
1001,1967,Gospel,Gospel,WeightedTransition,2,0,0,0
1001,1967,Gospel,Soul,WeightedTransition,2,0,0,0
1001,1967,Gospel,TraditionalPop,WeightedTransition,1,0,0,0
1001,1967,HardRock,HardRock,Retained,5,0,0,0
1001,1967,HardRock,Soul,WeightedTransition,2,0,0,0
1001,1967,Jazz,BaroquePop,WeightedTransition,3,0,0,0
1001,1967,Jazz,Blues,AnnualFloor,1,0,1,0
1001,1967,Jazz,BluesRock,WeightedTransition,1,0,0,0
1001,1967,Jazz,BossaNova,WeightedTransition,1,0,0,0
1001,1967,Jazz,BritishPop,WeightedTransition,4,0,0,0
1001,1967,Jazz,Bubblegum,WeightedTransition,2,0,0,0
1001,1967,Jazz,Childrens,WeightedTransition,1,0,0,0
1001,1967,Jazz,Classical,WeightedTransition,1,0,0,0
1001,1967,Jazz,ContemporaryFolk,AnnualFloor,1,0,1,0
1001,1967,Jazz,ContemporaryFolk,WeightedTransition,1,0,0,0
1001,1967,Jazz,Country,WeightedTransition,2,0,0,0
1001,1967,Jazz,EasyListening,WeightedTransition,2,0,0,0
1001,1967,Jazz,FolkRock,WeightedTransition,1,0,0,0
1001,1967,Jazz,Funk,AnnualFloor,1,0,1,0
1001,1967,Jazz,GarageRock,WeightedTransition,1,0,0,0
1001,1967,Jazz,HardRock,AnnualFloor,1,0,1,0
1001,1967,Jazz,Jazz,AnnualFloor,1,0,1,0
1001,1967,Jazz,Jazz,Retained,173,0,0,0
1001,1967,Jazz,Jazz,WeightedTransition,11,0,0,0
1001,1967,Jazz,LatinPop,WeightedTransition,1,0,0,0
1001,1967,Jazz,RockAndRoll,WeightedTransition,1,0,0,0
1001,1967,Jazz,Rocksteady,WeightedTransition,1,0,0,0
1001,1967,Jazz,SingerSongwriter,AnnualFloor,1,0,1,0
1001,1967,Jazz,Soul,AnnualFloor,1,0,1,0
1001,1967,Jazz,SunshinePop,WeightedTransition,2,0,0,0
1001,1967,Jazz,TraditionalPop,WeightedTransition,1,0,0,0
1001,1967,LatinPop,BaroquePop,WeightedTransition,1,0,0,0
1001,1967,LatinPop,Blues,WeightedTransition,2,0,0,0
1001,1967,LatinPop,BossaNova,WeightedTransition,1,0,0,0
1001,1967,LatinPop,Bubblegum,AnnualFloor,1,0,1,0
1001,1967,LatinPop,Bubblegum,WeightedTransition,1,0,0,0
1001,1967,LatinPop,Country,WeightedTransition,1,0,0,0
1001,1967,LatinPop,HardRock,WeightedTransition,1,0,0,0
1001,1967,LatinPop,LatinPop,Retained,25,0,0,0
1001,1967,LatinPop,Ska,AnnualFloor,1,0,1,0
1001,1967,LatinPop,SunshinePop,WeightedTransition,1,0,0,0
1001,1967,LatinPop,TexMex,WeightedTransition,1,0,0,0
1001,1967,ProtoPunk,ProtoPunk,Retained,5,0,0,0
1001,1967,PsychedelicRock,BaroquePop,WeightedTransition,1,0,0,0
1001,1967,PsychedelicRock,BluesRock,WeightedTransition,1,0,0,0
1001,1967,PsychedelicRock,BritishBlues,WeightedTransition,1,0,0,0
1001,1967,PsychedelicRock,Classical,WeightedTransition,1,0,0,0
1001,1967,PsychedelicRock,Country,WeightedTransition,1,0,0,0
1001,1967,PsychedelicRock,PsychedelicRock,AnnualFloor,1,0,1,0
1001,1967,PsychedelicRock,PsychedelicRock,Retained,19,0,0,0
1001,1967,PsychedelicRock,PsychedelicRock,WeightedTransition,1,0,0,0
1001,1967,PsychedelicRock,TexMex,WeightedTransition,1,0,0,0
1001,1967,PsychedelicRock,TraditionalPop,WeightedTransition,1,0,0,0
1001,1967,RnB,AcidRock,WeightedTransition,2,2,0,0
1001,1967,RnB,BaroquePop,WeightedTransition,4,4,0,0
1001,1967,RnB,BluesRock,WeightedTransition,3,3,0,0
1001,1967,RnB,Boogaloo,WeightedTransition,2,2,0,0
1001,1967,RnB,BritishBlues,WeightedTransition,2,2,0,0
1001,1967,RnB,BritishPop,WeightedTransition,1,1,0,0
1001,1967,RnB,Bubblegum,WeightedTransition,1,1,0,0
1001,1967,RnB,Classical,WeightedTransition,1,1,0,0
1001,1967,RnB,Comedy,WeightedTransition,1,1,0,0
1001,1967,RnB,ContemporaryFolk,WeightedTransition,1,1,0,0
1001,1967,RnB,EasyListening,AnnualFloor,1,1,1,0
1001,1967,RnB,FolkRock,AnnualFloor,1,1,1,0
1001,1967,RnB,Funk,AnnualFloor,1,1,1,0
1001,1967,RnB,Gospel,WeightedTransition,4,4,0,0
1001,1967,RnB,ProtoPunk,AnnualFloor,1,1,1,0
1001,1967,RnB,RnB,Retained,51,51,0,0
1001,1967,RnB,RockAndRoll,WeightedTransition,2,2,0,0
1001,1967,RnB,Rocksteady,AnnualFloor,1,1,1,0
1001,1967,RnB,SingerSongwriter,WeightedTransition,1,1,0,0
1001,1967,RnB,Soul,AnnualFloor,1,1,1,0
1001,1967,RnB,Soul,WeightedTransition,6,6,0,0
1001,1967,RnB,TexMex,WeightedTransition,1,1,0,0
1001,1967,RnB,TraditionalPop,WeightedTransition,1,1,0,0
1001,1967,RockAndRoll,AcidRock,WeightedTransition,8,0,0,0
1001,1967,RockAndRoll,BaroquePop,WeightedTransition,6,0,0,0
1001,1967,RockAndRoll,Blues,WeightedTransition,1,0,0,0
1001,1967,RockAndRoll,BluesRock,WeightedTransition,8,0,0,0
1001,1967,RockAndRoll,Boogaloo,WeightedTransition,3,0,0,0
1001,1967,RockAndRoll,BritishBeat,WeightedTransition,1,0,0,0
1001,1967,RockAndRoll,BritishBlues,WeightedTransition,14,0,0,0
1001,1967,RockAndRoll,BritishPop,WeightedTransition,3,0,0,0
1001,1967,RockAndRoll,Bubblegum,WeightedTransition,1,0,0,0
1001,1967,RockAndRoll,Childrens,WeightedTransition,1,0,0,0
1001,1967,RockAndRoll,Comedy,WeightedTransition,1,0,0,0
1001,1967,RockAndRoll,ContemporaryFolk,WeightedTransition,1,0,0,0
1001,1967,RockAndRoll,Country,WeightedTransition,1,0,0,0
1001,1967,RockAndRoll,EasyListening,WeightedTransition,2,0,0,0
1001,1967,RockAndRoll,FolkRock,AnnualFloor,1,0,1,0
1001,1967,RockAndRoll,Funk,WeightedTransition,1,0,0,0
1001,1967,RockAndRoll,GarageRock,AnnualFloor,1,0,1,0
1001,1967,RockAndRoll,GarageRock,WeightedTransition,8,0,0,0
1001,1967,RockAndRoll,Gospel,AnnualFloor,1,0,1,0
1001,1967,RockAndRoll,Gospel,WeightedTransition,5,0,0,0
1001,1967,RockAndRoll,HardRock,AnnualFloor,1,0,1,0
1001,1967,RockAndRoll,HardRock,WeightedTransition,6,0,0,0
1001,1967,RockAndRoll,Jazz,AnnualFloor,1,0,1,0
1001,1967,RockAndRoll,Jazz,WeightedTransition,1,0,0,0
1001,1967,RockAndRoll,LatinPop,WeightedTransition,2,0,0,0
1001,1967,RockAndRoll,ProtoPunk,AnnualFloor,1,0,1,0
1001,1967,RockAndRoll,ProtoPunk,WeightedTransition,2,0,0,0
1001,1967,RockAndRoll,PsychedelicRock,WeightedTransition,10,0,0,0
1001,1967,RockAndRoll,RockAndRoll,Retained,105,0,0,0
1001,1967,RockAndRoll,RockAndRoll,WeightedTransition,22,0,0,0
1001,1967,RockAndRoll,Rocksteady,WeightedTransition,2,0,0,0
1001,1967,RockAndRoll,Ska,WeightedTransition,2,0,0,0
1001,1967,RockAndRoll,Soul,WeightedTransition,7,0,0,0
1001,1967,RockAndRoll,SunshinePop,WeightedTransition,7,0,0,0
1001,1967,RockAndRoll,TexMex,WeightedTransition,1,0,0,0
1001,1967,RockAndRoll,TraditionalPop,WeightedTransition,4,0,0,0
1001,1967,Rocksteady,Rocksteady,Retained,9,0,0,0
1001,1967,SingerSongwriter,Blues,WeightedTransition,1,0,0,0
1001,1967,SingerSongwriter,FolkRock,WeightedTransition,1,0,0,0
1001,1967,SingerSongwriter,SingerSongwriter,Retained,6,0,0,0
1001,1967,SingerSongwriter,Soul,WeightedTransition,1,0,0,0
1001,1967,Ska,LatinPop,WeightedTransition,1,0,0,0
1001,1967,Ska,Ska,Retained,5,0,0,0
1001,1967,Soul,Boogaloo,AnnualFloor,2,0,2,0
1001,1967,Soul,Boogaloo,WeightedTransition,1,0,0,0
1001,1967,Soul,BritishPop,WeightedTransition,2,0,0,0
1001,1967,Soul,Classical,WeightedTransition,1,0,0,0
1001,1967,Soul,Comedy,AnnualFloor,1,0,1,0
1001,1967,Soul,ContemporaryFolk,WeightedTransition,1,0,0,0
1001,1967,Soul,EasyListening,AnnualFloor,1,0,1,0
1001,1967,Soul,EasyListening,WeightedTransition,1,0,0,0
1001,1967,Soul,FolkRock,WeightedTransition,1,0,0,0
1001,1967,Soul,Funk,WeightedTransition,1,0,0,0
1001,1967,Soul,Gospel,AnnualFloor,1,0,1,0
1001,1967,Soul,RockAndRoll,AnnualFloor,1,0,1,0
1001,1967,Soul,Ska,AnnualFloor,1,0,1,0
1001,1967,Soul,Soul,AnnualFloor,1,0,1,0
1001,1967,Soul,Soul,Retained,195,0,0,0
1001,1967,Soul,Soul,WeightedTransition,7,0,0,0
1001,1967,Soul,TraditionalPop,WeightedTransition,1,0,0,0
1001,1967,SunshinePop,BaroquePop,WeightedTransition,2,0,0,0
1001,1967,SunshinePop,Classical,WeightedTransition,1,0,0,0
1001,1967,SunshinePop,LatinPop,AnnualFloor,1,0,1,0
1001,1967,SunshinePop,RockAndRoll,AnnualFloor,1,0,1,0
1001,1967,SunshinePop,SunshinePop,Retained,33,0,0,0
1001,1967,SunshinePop,SunshinePop,WeightedTransition,1,0,0,0
1001,1967,SunshinePop,TraditionalPop,AnnualFloor,1,0,1,0
1001,1967,SurfRock,AcidRock,WeightedTransition,1,1,0,0
1001,1967,SurfRock,BluesRock,WeightedTransition,1,1,0,0
1001,1967,SurfRock,BritishBeat,WeightedTransition,1,1,0,0
1001,1967,SurfRock,BritishBlues,WeightedTransition,1,1,0,0
1001,1967,SurfRock,EasyListening,WeightedTransition,1,1,0,0
1001,1967,SurfRock,FolkRock,WeightedTransition,1,1,0,0
1001,1967,SurfRock,GarageRock,WeightedTransition,1,1,0,0
1001,1967,SurfRock,RockAndRoll,AnnualFloor,1,1,1,0
1001,1967,SurfRock,SurfRock,Retained,10,10,0,0
1001,1967,TeenPop,AcidRock,WeightedTransition,2,2,0,0
1001,1967,TeenPop,BaroquePop,WeightedTransition,3,3,0,0
1001,1967,TeenPop,Blues,WeightedTransition,2,2,0,0
1001,1967,TeenPop,BluesRock,AnnualFloor,1,1,1,0
1001,1967,TeenPop,BluesRock,WeightedTransition,1,1,0,0
1001,1967,TeenPop,Boogaloo,WeightedTransition,1,1,0,0
1001,1967,TeenPop,BritishBeat,WeightedTransition,1,1,0,0
1001,1967,TeenPop,BritishBlues,WeightedTransition,3,3,0,0
1001,1967,TeenPop,BritishPop,WeightedTransition,3,3,0,0
1001,1967,TeenPop,Bubblegum,WeightedTransition,3,3,0,0
1001,1967,TeenPop,Childrens,WeightedTransition,1,1,0,0
1001,1967,TeenPop,Classical,AnnualFloor,1,1,1,0
1001,1967,TeenPop,Comedy,WeightedTransition,2,2,0,0
1001,1967,TeenPop,ContemporaryFolk,WeightedTransition,1,1,0,0
1001,1967,TeenPop,Country,WeightedTransition,2,2,0,0
1001,1967,TeenPop,EasyListening,WeightedTransition,3,3,0,0
1001,1967,TeenPop,Funk,AnnualFloor,1,1,1,0
1001,1967,TeenPop,Gospel,WeightedTransition,1,1,0,0
1001,1967,TeenPop,Jazz,WeightedTransition,2,2,0,0
1001,1967,TeenPop,LatinPop,WeightedTransition,1,1,0,0
1001,1967,TeenPop,ProtoPunk,WeightedTransition,1,1,0,0
1001,1967,TeenPop,RockAndRoll,WeightedTransition,1,1,0,0
1001,1967,TeenPop,Rocksteady,WeightedTransition,2,2,0,0
1001,1967,TeenPop,Soul,WeightedTransition,1,1,0,0
1001,1967,TeenPop,SunshinePop,WeightedTransition,4,4,0,0
1001,1967,TeenPop,TeenPop,Retained,38,38,0,0
1001,1967,TeenPop,TexMex,AnnualFloor,1,1,1,0
1001,1967,TeenPop,TexMex,WeightedTransition,1,1,0,0
1001,1967,TeenPop,TraditionalPop,WeightedTransition,10,10,0,0
1001,1967,TexMex,BaroquePop,WeightedTransition,1,0,0,0
1001,1967,TexMex,BritishPop,WeightedTransition,1,0,0,0
1001,1967,TexMex,GarageRock,WeightedTransition,1,0,0,0
1001,1967,TexMex,Gospel,WeightedTransition,1,0,0,0
1001,1967,TexMex,Jazz,WeightedTransition,1,0,0,0
1001,1967,TexMex,Soul,WeightedTransition,2,0,0,0
1001,1967,TexMex,SunshinePop,WeightedTransition,1,0,0,0
1001,1967,TexMex,TexMex,Retained,30,0,0,0
1001,1967,TraditionalPop,AcidRock,WeightedTransition,3,0,0,0
1001,1967,TraditionalPop,BaroquePop,AnnualFloor,1,0,1,0
1001,1967,TraditionalPop,BaroquePop,WeightedTransition,21,0,0,0
1001,1967,TraditionalPop,Blues,WeightedTransition,3,0,0,0
1001,1967,TraditionalPop,BluesRock,WeightedTransition,9,0,0,0
1001,1967,TraditionalPop,Boogaloo,WeightedTransition,4,0,0,0
1001,1967,TraditionalPop,BossaNova,WeightedTransition,1,0,0,0
1001,1967,TraditionalPop,BritishBlues,AnnualFloor,1,0,1,0
1001,1967,TraditionalPop,BritishBlues,WeightedTransition,3,0,0,0
1001,1967,TraditionalPop,BritishPop,WeightedTransition,9,0,0,0
1001,1967,TraditionalPop,Bubblegum,AnnualFloor,2,0,2,0
1001,1967,TraditionalPop,Bubblegum,WeightedTransition,7,0,0,0
1001,1967,TraditionalPop,Childrens,AnnualFloor,1,0,1,0
1001,1967,TraditionalPop,Childrens,WeightedTransition,1,0,0,0
1001,1967,TraditionalPop,Comedy,AnnualFloor,2,0,2,0
1001,1967,TraditionalPop,Comedy,WeightedTransition,5,0,0,0
1001,1967,TraditionalPop,ContemporaryFolk,WeightedTransition,3,0,0,0
1001,1967,TraditionalPop,Country,WeightedTransition,2,0,0,0
1001,1967,TraditionalPop,EasyListening,WeightedTransition,15,0,0,0
1001,1967,TraditionalPop,FolkRock,AnnualFloor,1,0,1,0
1001,1967,TraditionalPop,FolkRock,WeightedTransition,6,0,0,0
1001,1967,TraditionalPop,Funk,WeightedTransition,2,0,0,0
1001,1967,TraditionalPop,GarageRock,WeightedTransition,3,0,0,0
1001,1967,TraditionalPop,Gospel,WeightedTransition,6,0,0,0
1001,1967,TraditionalPop,HardRock,WeightedTransition,1,0,0,0
1001,1967,TraditionalPop,Jazz,AnnualFloor,1,0,1,0
1001,1967,TraditionalPop,LatinPop,WeightedTransition,1,0,0,0
1001,1967,TraditionalPop,ProtoPunk,WeightedTransition,1,0,0,0
1001,1967,TraditionalPop,RockAndRoll,WeightedTransition,1,0,0,0
1001,1967,TraditionalPop,Rocksteady,AnnualFloor,1,0,1,0
1001,1967,TraditionalPop,SingerSongwriter,AnnualFloor,2,0,2,0
1001,1967,TraditionalPop,SingerSongwriter,WeightedTransition,1,0,0,0
1001,1967,TraditionalPop,Soul,WeightedTransition,7,0,0,0
1001,1967,TraditionalPop,SunshinePop,AnnualFloor,2,0,2,0
1001,1967,TraditionalPop,SunshinePop,WeightedTransition,18,0,0,0
1001,1967,TraditionalPop,TexMex,WeightedTransition,2,0,0,0
1001,1967,TraditionalPop,TraditionalPop,AnnualFloor,2,0,2,0
1001,1967,TraditionalPop,TraditionalPop,Retained,207,0,0,0
1001,1967,TraditionalPop,TraditionalPop,WeightedTransition,37,0,0,0
1001,1968,AcidRock,AcidRock,Retained,28,0,0,0
1001,1968,AcidRock,Boogaloo,WeightedTransition,1,0,0,0
1001,1968,AcidRock,Bubblegum,WeightedTransition,1,0,0,0
1001,1968,AcidRock,EasyListening,WeightedTransition,1,0,0,0
1001,1968,AcidRock,Rocksteady,AnnualFloor,1,0,1,0
1001,1968,AcidRock,Soul,WeightedTransition,1,0,0,0
1001,1968,BaroquePop,AcidRock,WeightedTransition,1,0,0,0
1001,1968,BaroquePop,BaroquePop,Retained,17,0,0,0
1001,1968,BaroquePop,BluesRock,WeightedTransition,1,0,0,0
1001,1968,BaroquePop,Boogaloo,WeightedTransition,1,0,0,0
1001,1968,BaroquePop,BritishBlues,WeightedTransition,2,0,0,0
1001,1968,BaroquePop,Bubblegum,WeightedTransition,1,0,0,0
1001,1968,BaroquePop,Childrens,WeightedTransition,1,0,0,0
1001,1968,BaroquePop,Country,WeightedTransition,1,0,0,0
1001,1968,BaroquePop,EasyListening,WeightedTransition,2,0,0,0
1001,1968,BaroquePop,Funk,WeightedTransition,1,0,0,0
1001,1968,BaroquePop,Soul,WeightedTransition,1,0,0,0
1001,1968,Blues,Blues,AnnualFloor,1,0,1,0
1001,1968,Blues,Blues,Retained,56,0,0,0
1001,1968,Blues,Blues,WeightedTransition,1,0,0,0
1001,1968,Blues,BluesRock,WeightedTransition,1,0,0,0
1001,1968,Blues,Gospel,WeightedTransition,1,0,0,0
1001,1968,Blues,HardRock,WeightedTransition,1,0,0,0
1001,1968,Blues,Soul,WeightedTransition,2,0,0,0
1001,1968,Blues,SunshinePop,WeightedTransition,1,0,0,0
1001,1968,BluesRock,BluesRock,Retained,22,0,0,0
1001,1968,BluesRock,BluesRock,WeightedTransition,1,0,0,0
1001,1968,BluesRock,FolkRock,WeightedTransition,1,0,0,0
1001,1968,BluesRock,Funk,WeightedTransition,1,0,0,0
1001,1968,BluesRock,Gospel,WeightedTransition,1,0,0,0
1001,1968,BluesRock,HardRock,WeightedTransition,1,0,0,0
1001,1968,Boogaloo,BluesRock,AnnualFloor,1,0,1,0
1001,1968,Boogaloo,BluesRock,WeightedTransition,1,0,0,0
1001,1968,Boogaloo,Boogaloo,AnnualFloor,1,0,1,0
1001,1968,Boogaloo,Boogaloo,Retained,20,0,0,0
1001,1968,Boogaloo,Boogaloo,WeightedTransition,1,0,0,0
1001,1968,Boogaloo,CountryRock,WeightedTransition,1,0,0,0
1001,1968,Boogaloo,Soul,WeightedTransition,1,0,0,0
1001,1968,Boogaloo,TraditionalPop,WeightedTransition,1,0,0,0
1001,1968,BossaNova,AcidRock,WeightedTransition,1,1,0,0
1001,1968,BossaNova,BossaNova,Retained,8,8,0,0
1001,1968,BossaNova,GarageRock,WeightedTransition,1,1,0,0
1001,1968,BritishBeat,AcidRock,WeightedTransition,2,0,0,0
1001,1968,BritishBeat,BaroquePop,WeightedTransition,2,0,0,0
1001,1968,BritishBeat,Blues,WeightedTransition,1,0,0,0
1001,1968,BritishBeat,BluesRock,WeightedTransition,2,0,0,0
1001,1968,BritishBeat,BritishBeat,Retained,29,0,0,0
1001,1968,BritishBeat,BritishBeat,WeightedTransition,4,0,0,0
1001,1968,BritishBeat,BritishBlues,WeightedTransition,1,0,0,0
1001,1968,BritishBeat,Bubblegum,WeightedTransition,2,0,0,0
1001,1968,BritishBeat,Country,WeightedTransition,1,0,0,0
1001,1968,BritishBeat,EasyListening,WeightedTransition,2,0,0,0
1001,1968,BritishBeat,FolkRock,WeightedTransition,2,0,0,0
1001,1968,BritishBeat,GarageRock,AnnualFloor,1,0,1,0
1001,1968,BritishBeat,GarageRock,WeightedTransition,1,0,0,0
1001,1968,BritishBeat,Gospel,WeightedTransition,1,0,0,0
1001,1968,BritishBeat,HardRock,AnnualFloor,1,0,1,0
1001,1968,BritishBeat,HardRock,WeightedTransition,1,0,0,0
1001,1968,BritishBeat,Jazz,WeightedTransition,1,0,0,0
1001,1968,BritishBeat,ProtoMetal,WeightedTransition,2,0,0,0
1001,1968,BritishBeat,ProtoPunk,WeightedTransition,1,0,0,0
1001,1968,BritishBeat,PsychedelicRock,WeightedTransition,1,0,0,0
1001,1968,BritishBeat,RockAndRoll,WeightedTransition,1,0,0,0
1001,1968,BritishBeat,SingerSongwriter,WeightedTransition,2,0,0,0
1001,1968,BritishBeat,Soul,WeightedTransition,1,0,0,0
1001,1968,BritishBeat,SunshinePop,WeightedTransition,1,0,0,0
1001,1968,BritishBlues,AcidRock,AnnualFloor,1,0,1,0
1001,1968,BritishBlues,AcidRock,WeightedTransition,2,0,0,0
1001,1968,BritishBlues,Blues,WeightedTransition,2,0,0,0
1001,1968,BritishBlues,BritishBeat,WeightedTransition,1,0,0,0
1001,1968,BritishBlues,BritishBlues,Retained,45,0,0,0
1001,1968,BritishBlues,BritishBlues,WeightedTransition,2,0,0,0
1001,1968,BritishBlues,Comedy,AnnualFloor,1,0,1,0
1001,1968,BritishBlues,Comedy,WeightedTransition,2,0,0,0
1001,1968,BritishBlues,EasyListening,WeightedTransition,1,0,0,0
1001,1968,BritishBlues,GarageRock,WeightedTransition,1,0,0,0
1001,1968,BritishBlues,HardRock,WeightedTransition,1,0,0,0
1001,1968,BritishBlues,Jazz,AnnualFloor,1,0,1,0
1001,1968,BritishBlues,ProgressiveRock,AnnualFloor,1,0,1,0
1001,1968,BritishBlues,ProgressiveRock,WeightedTransition,1,0,0,0
1001,1968,BritishBlues,ProtoPunk,WeightedTransition,1,0,0,0
1001,1968,BritishBlues,RockAndRoll,WeightedTransition,3,0,0,0
1001,1968,BritishBlues,Soul,WeightedTransition,1,0,0,0
1001,1968,BritishBlues,TraditionalPop,WeightedTransition,1,0,0,0
1001,1968,BritishPop,BaroquePop,WeightedTransition,3,0,0,0
1001,1968,BritishPop,BluesRock,WeightedTransition,1,0,0,0
1001,1968,BritishPop,BritishBlues,WeightedTransition,1,0,0,0
1001,1968,BritishPop,BritishPop,Retained,26,0,0,0
1001,1968,BritishPop,BritishPop,WeightedTransition,1,0,0,0
1001,1968,BritishPop,Bubblegum,WeightedTransition,3,0,0,0
1001,1968,BritishPop,Classical,WeightedTransition,1,0,0,0
1001,1968,BritishPop,Comedy,WeightedTransition,1,0,0,0
1001,1968,BritishPop,ContemporaryFolk,WeightedTransition,2,0,0,0
1001,1968,BritishPop,Country,WeightedTransition,3,0,0,0
1001,1968,BritishPop,EasyListening,WeightedTransition,2,0,0,0
1001,1968,BritishPop,FolkRock,WeightedTransition,1,0,0,0
1001,1968,BritishPop,Gospel,WeightedTransition,1,0,0,0
1001,1968,BritishPop,HardRock,WeightedTransition,2,0,0,0
1001,1968,BritishPop,Jazz,WeightedTransition,1,0,0,0
1001,1968,BritishPop,ProgressiveRock,WeightedTransition,1,0,0,0
1001,1968,BritishPop,ProtoMetal,AnnualFloor,1,0,1,0
1001,1968,BritishPop,Reggae,AnnualFloor,1,0,1,0
1001,1968,BritishPop,RockAndRoll,WeightedTransition,1,0,0,0
1001,1968,BritishPop,SingerSongwriter,WeightedTransition,1,0,0,0
1001,1968,BritishPop,Soul,WeightedTransition,2,0,0,0
1001,1968,BritishPop,SunshinePop,WeightedTransition,2,0,0,0
1001,1968,BritishPop,TraditionalPop,AnnualFloor,1,0,1,0
1001,1968,BritishPop,TraditionalPop,WeightedTransition,1,0,0,0
1001,1968,Bubblegum,BaroquePop,WeightedTransition,1,0,0,0
1001,1968,Bubblegum,Bubblegum,Retained,20,0,0,0
1001,1968,Bubblegum,RockAndRoll,WeightedTransition,1,0,0,0
1001,1968,Bubblegum,SunshinePop,WeightedTransition,1,0,0,0
1001,1968,Childrens,AcidRock,WeightedTransition,1,0,0,0
1001,1968,Childrens,Childrens,Retained,29,0,0,0
1001,1968,Childrens,Childrens,WeightedTransition,1,0,0,0
1001,1968,Childrens,Comedy,WeightedTransition,1,0,0,0
1001,1968,Childrens,ContemporaryFolk,WeightedTransition,1,0,0,0
1001,1968,Childrens,Country,WeightedTransition,1,0,0,0
1001,1968,Childrens,EasyListening,WeightedTransition,1,0,0,0
1001,1968,Childrens,TraditionalPop,WeightedTransition,1,0,0,0
1001,1968,Classical,Blues,WeightedTransition,1,0,0,0
1001,1968,Classical,BluesRock,WeightedTransition,1,0,0,0
1001,1968,Classical,BritishBeat,AnnualFloor,1,0,1,0
1001,1968,Classical,Bubblegum,WeightedTransition,2,0,0,0
1001,1968,Classical,Childrens,AnnualFloor,1,0,1,0
1001,1968,Classical,Classical,Retained,50,0,0,0
1001,1968,Classical,Classical,WeightedTransition,1,0,0,0
1001,1968,Classical,FolkRock,WeightedTransition,1,0,0,0
1001,1968,Classical,Gospel,WeightedTransition,1,0,0,0
1001,1968,Classical,HardRock,WeightedTransition,1,0,0,0
1001,1968,Classical,ProtoMetal,AnnualFloor,1,0,1,0
1001,1968,Classical,ProtoMetal,WeightedTransition,1,0,0,0
1001,1968,Classical,SunshinePop,WeightedTransition,1,0,0,0
1001,1968,Comedy,AcidRock,WeightedTransition,2,0,0,0
1001,1968,Comedy,BluesRock,WeightedTransition,1,0,0,0
1001,1968,Comedy,Boogaloo,WeightedTransition,1,0,0,0
1001,1968,Comedy,Bubblegum,WeightedTransition,1,0,0,0
1001,1968,Comedy,Comedy,AnnualFloor,1,0,1,0
1001,1968,Comedy,Comedy,Retained,46,0,0,0
1001,1968,Comedy,Comedy,WeightedTransition,1,0,0,0
1001,1968,Comedy,CountryRock,AnnualFloor,1,0,1,0
1001,1968,Comedy,Funk,WeightedTransition,1,0,0,0
1001,1968,Comedy,ProtoMetal,WeightedTransition,1,0,0,0
1001,1968,Comedy,ProtoPunk,WeightedTransition,1,0,0,0
1001,1968,Comedy,Reggae,WeightedTransition,1,0,0,0
1001,1968,Comedy,Soul,WeightedTransition,1,0,0,0
1001,1968,Comedy,SunshinePop,WeightedTransition,1,0,0,0
1001,1968,ContemporaryFolk,AcidRock,WeightedTransition,1,0,0,0
1001,1968,ContemporaryFolk,BaroquePop,WeightedTransition,1,0,0,0
1001,1968,ContemporaryFolk,BritishBeat,WeightedTransition,1,0,0,0
1001,1968,ContemporaryFolk,Comedy,WeightedTransition,1,0,0,0
1001,1968,ContemporaryFolk,ContemporaryFolk,Retained,39,0,0,0
1001,1968,ContemporaryFolk,EasyListening,WeightedTransition,1,0,0,0
1001,1968,ContemporaryFolk,FolkRock,AnnualFloor,1,0,1,0
1001,1968,ContemporaryFolk,FolkRock,WeightedTransition,2,0,0,0
1001,1968,ContemporaryFolk,Funk,WeightedTransition,1,0,0,0
1001,1968,ContemporaryFolk,HardRock,WeightedTransition,1,0,0,0
1001,1968,ContemporaryFolk,Jazz,WeightedTransition,1,0,0,0
1001,1968,ContemporaryFolk,LatinPop,WeightedTransition,1,0,0,0
1001,1968,ContemporaryFolk,SingerSongwriter,WeightedTransition,2,0,0,0
1001,1968,ContemporaryFolk,Soul,WeightedTransition,2,0,0,0
1001,1968,Country,Blues,AnnualFloor,1,0,1,0
1001,1968,Country,Blues,WeightedTransition,1,0,0,0
1001,1968,Country,BluesRock,AnnualFloor,1,0,1,0
1001,1968,Country,Boogaloo,AnnualFloor,1,0,1,0
1001,1968,Country,BritishBlues,WeightedTransition,2,0,0,0
1001,1968,Country,Bubblegum,WeightedTransition,1,0,0,0
1001,1968,Country,Classical,AnnualFloor,2,0,2,0
1001,1968,Country,Classical,WeightedTransition,1,0,0,0
1001,1968,Country,ContemporaryFolk,WeightedTransition,2,0,0,0
1001,1968,Country,Country,Retained,191,0,0,0
1001,1968,Country,Country,WeightedTransition,10,0,0,0
1001,1968,Country,CountryRock,WeightedTransition,2,0,0,0
1001,1968,Country,EasyListening,WeightedTransition,1,0,0,0
1001,1968,Country,FolkRock,WeightedTransition,4,0,0,0
1001,1968,Country,Funk,WeightedTransition,1,0,0,0
1001,1968,Country,Gospel,AnnualFloor,2,0,2,0
1001,1968,Country,Gospel,WeightedTransition,3,0,0,0
1001,1968,Country,Jazz,WeightedTransition,1,0,0,0
1001,1968,Country,ProgressiveRock,WeightedTransition,2,0,0,0
1001,1968,Country,ProtoMetal,WeightedTransition,1,0,0,0
1001,1968,Country,ProtoPunk,AnnualFloor,1,0,1,0
1001,1968,Country,Reggae,WeightedTransition,1,0,0,0
1001,1968,Country,RockAndRoll,AnnualFloor,1,0,1,0
1001,1968,Country,RockAndRoll,WeightedTransition,3,0,0,0
1001,1968,Country,SingerSongwriter,WeightedTransition,3,0,0,0
1001,1968,Country,Soul,WeightedTransition,2,0,0,0
1001,1968,Country,SunshinePop,WeightedTransition,3,0,0,0
1001,1968,Country,TraditionalPop,WeightedTransition,2,0,0,0
1001,1968,CountryRock,CountryRock,Retained,2,0,0,0
1001,1968,DooWop,BaroquePop,AnnualFloor,1,1,1,0
1001,1968,DooWop,Classical,WeightedTransition,3,3,0,0
1001,1968,DooWop,Country,WeightedTransition,1,1,0,0
1001,1968,DooWop,CountryRock,WeightedTransition,1,1,0,0
1001,1968,DooWop,DooWop,Retained,7,7,0,0
1001,1968,DooWop,EasyListening,WeightedTransition,1,1,0,0
1001,1968,DooWop,Funk,WeightedTransition,1,1,0,0
1001,1968,DooWop,Gospel,WeightedTransition,1,1,0,0
1001,1968,DooWop,HardRock,WeightedTransition,1,1,0,0
1001,1968,DooWop,LatinPop,WeightedTransition,1,1,0,0
1001,1968,DooWop,Soul,WeightedTransition,2,2,0,0
1001,1968,DooWop,TexMex,WeightedTransition,1,1,0,0
1001,1968,EasyListening,AcidRock,AnnualFloor,2,0,2,0
1001,1968,EasyListening,BaroquePop,WeightedTransition,5,0,0,0
1001,1968,EasyListening,BluesRock,WeightedTransition,2,0,0,0
1001,1968,EasyListening,Boogaloo,WeightedTransition,2,0,0,0
1001,1968,EasyListening,BritishBeat,WeightedTransition,2,0,0,0
1001,1968,EasyListening,BritishBlues,WeightedTransition,4,0,0,0
1001,1968,EasyListening,BritishPop,WeightedTransition,3,0,0,0
1001,1968,EasyListening,Bubblegum,AnnualFloor,1,0,1,0
1001,1968,EasyListening,Bubblegum,WeightedTransition,5,0,0,0
1001,1968,EasyListening,Comedy,WeightedTransition,2,0,0,0
1001,1968,EasyListening,ContemporaryFolk,WeightedTransition,3,0,0,0
1001,1968,EasyListening,Country,WeightedTransition,2,0,0,0
1001,1968,EasyListening,CountryRock,WeightedTransition,4,0,0,0
1001,1968,EasyListening,EasyListening,AnnualFloor,1,0,1,0
1001,1968,EasyListening,EasyListening,Retained,80,0,0,0
1001,1968,EasyListening,EasyListening,WeightedTransition,9,0,0,0
1001,1968,EasyListening,FolkRock,WeightedTransition,1,0,0,0
1001,1968,EasyListening,Funk,WeightedTransition,6,0,0,0
1001,1968,EasyListening,GarageRock,AnnualFloor,1,0,1,0
1001,1968,EasyListening,Gospel,WeightedTransition,3,0,0,0
1001,1968,EasyListening,Jazz,WeightedTransition,1,0,0,0
1001,1968,EasyListening,LatinPop,AnnualFloor,1,0,1,0
1001,1968,EasyListening,SingerSongwriter,AnnualFloor,1,0,1,0
1001,1968,EasyListening,Soul,WeightedTransition,5,0,0,0
1001,1968,EasyListening,SunshinePop,WeightedTransition,3,0,0,0
1001,1968,EasyListening,TraditionalPop,WeightedTransition,3,0,0,0
1001,1968,Folk,AcidRock,WeightedTransition,3,3,0,0
1001,1968,Folk,BaroquePop,WeightedTransition,3,3,0,0
1001,1968,Folk,Blues,WeightedTransition,2,2,0,0
1001,1968,Folk,BluesRock,WeightedTransition,2,2,0,0
1001,1968,Folk,Boogaloo,WeightedTransition,1,1,0,0
1001,1968,Folk,BritishBeat,WeightedTransition,1,1,0,0
1001,1968,Folk,Bubblegum,WeightedTransition,3,3,0,0
1001,1968,Folk,Comedy,WeightedTransition,1,1,0,0
1001,1968,Folk,ContemporaryFolk,WeightedTransition,5,5,0,0
1001,1968,Folk,Country,AnnualFloor,1,1,1,0
1001,1968,Folk,Country,WeightedTransition,4,4,0,0
1001,1968,Folk,EasyListening,WeightedTransition,2,2,0,0
1001,1968,Folk,Folk,Retained,33,33,0,0
1001,1968,Folk,FolkRock,WeightedTransition,3,3,0,0
1001,1968,Folk,Reggae,WeightedTransition,1,1,0,0
1001,1968,Folk,Rocksteady,AnnualFloor,2,2,2,0
1001,1968,Folk,SingerSongwriter,WeightedTransition,1,1,0,0
1001,1968,Folk,SunshinePop,WeightedTransition,5,5,0,0
1001,1968,Folk,TexMex,AnnualFloor,1,1,1,0
1001,1968,Folk,TraditionalPop,AnnualFloor,1,1,1,0
1001,1968,Folk,TraditionalPop,WeightedTransition,1,1,0,0
1001,1968,FolkRock,AcidRock,WeightedTransition,1,0,0,0
1001,1968,FolkRock,BaroquePop,WeightedTransition,1,0,0,0
1001,1968,FolkRock,Bubblegum,WeightedTransition,1,0,0,0
1001,1968,FolkRock,Country,AnnualFloor,1,0,1,0
1001,1968,FolkRock,FolkRock,Retained,25,0,0,0
1001,1968,FolkRock,FolkRock,WeightedTransition,3,0,0,0
1001,1968,FolkRock,HardRock,AnnualFloor,1,0,1,0
1001,1968,FolkRock,ProtoPunk,WeightedTransition,1,0,0,0
1001,1968,FolkRock,Soul,WeightedTransition,2,0,0,0
1001,1968,FolkRock,SunshinePop,WeightedTransition,1,0,0,0
1001,1968,FolkRock,TexMex,WeightedTransition,1,0,0,0
1001,1968,Funk,BritishBlues,WeightedTransition,1,0,0,0
1001,1968,Funk,EasyListening,WeightedTransition,1,0,0,0
1001,1968,Funk,Funk,Retained,9,0,0,0
1001,1968,Funk,Funk,WeightedTransition,1,0,0,0
1001,1968,Funk,Gospel,WeightedTransition,1,0,0,0
1001,1968,Funk,LatinPop,AnnualFloor,1,0,1,0
1001,1968,Funk,Soul,WeightedTransition,3,0,0,0
1001,1968,GarageRock,Boogaloo,WeightedTransition,1,0,0,0
1001,1968,GarageRock,Bubblegum,WeightedTransition,3,0,0,0
1001,1968,GarageRock,Funk,WeightedTransition,2,0,0,0
1001,1968,GarageRock,GarageRock,AnnualFloor,1,0,1,0
1001,1968,GarageRock,GarageRock,Retained,9,0,0,0
1001,1968,GarageRock,HardRock,WeightedTransition,1,0,0,0
1001,1968,GarageRock,LatinPop,WeightedTransition,1,0,0,0
1001,1968,GarageRock,PsychedelicRock,AnnualFloor,2,0,2,0
1001,1968,GarageRock,SingerSongwriter,WeightedTransition,1,0,0,0
1001,1968,GarageRock,Soul,WeightedTransition,2,0,0,0
1001,1968,GarageRock,TraditionalPop,WeightedTransition,2,0,0,0
1001,1968,Gospel,Classical,AnnualFloor,1,0,1,0
1001,1968,Gospel,Classical,WeightedTransition,1,0,0,0
1001,1968,Gospel,FolkRock,WeightedTransition,1,0,0,0
1001,1968,Gospel,Funk,WeightedTransition,1,0,0,0
1001,1968,Gospel,Gospel,Retained,46,0,0,0
1001,1968,Gospel,Gospel,WeightedTransition,5,0,0,0
1001,1968,Gospel,ProtoPunk,AnnualFloor,1,0,1,0
1001,1968,HardRock,BritishBeat,WeightedTransition,1,0,0,0
1001,1968,HardRock,Funk,WeightedTransition,2,0,0,0
1001,1968,HardRock,HardRock,Retained,11,0,0,0
1001,1968,HardRock,HardRock,WeightedTransition,1,0,0,0
1001,1968,HardRock,SingerSongwriter,WeightedTransition,1,0,0,0
1001,1968,HardRock,SunshinePop,WeightedTransition,1,0,0,0
1001,1968,Jazz,BaroquePop,AnnualFloor,1,0,1,0
1001,1968,Jazz,BaroquePop,WeightedTransition,1,0,0,0
1001,1968,Jazz,BluesRock,WeightedTransition,2,0,0,0
1001,1968,Jazz,BritishBeat,WeightedTransition,2,0,0,0
1001,1968,Jazz,BritishBlues,AnnualFloor,2,0,2,0
1001,1968,Jazz,BritishBlues,WeightedTransition,1,0,0,0
1001,1968,Jazz,BritishPop,AnnualFloor,3,0,3,0
1001,1968,Jazz,BritishPop,WeightedTransition,2,0,0,0
1001,1968,Jazz,Childrens,AnnualFloor,1,0,1,0
1001,1968,Jazz,Classical,WeightedTransition,2,0,0,0
1001,1968,Jazz,Comedy,WeightedTransition,1,0,0,0
1001,1968,Jazz,ContemporaryFolk,AnnualFloor,1,0,1,0
1001,1968,Jazz,ContemporaryFolk,WeightedTransition,1,0,0,0
1001,1968,Jazz,Country,WeightedTransition,2,0,0,0
1001,1968,Jazz,CountryRock,WeightedTransition,2,0,0,0
1001,1968,Jazz,EasyListening,WeightedTransition,1,0,0,0
1001,1968,Jazz,FolkRock,WeightedTransition,3,0,0,0
1001,1968,Jazz,GarageRock,WeightedTransition,2,0,0,0
1001,1968,Jazz,Gospel,WeightedTransition,4,0,0,0
1001,1968,Jazz,Jazz,AnnualFloor,1,0,1,0
1001,1968,Jazz,Jazz,Retained,144,0,0,0
1001,1968,Jazz,Jazz,WeightedTransition,12,0,0,0
1001,1968,Jazz,ProtoPunk,WeightedTransition,1,0,0,0
1001,1968,Jazz,RockAndRoll,WeightedTransition,2,0,0,0
1001,1968,Jazz,Soul,WeightedTransition,4,0,0,0
1001,1968,Jazz,SunshinePop,WeightedTransition,2,0,0,0
1001,1968,Jazz,TraditionalPop,AnnualFloor,1,0,1,0
1001,1968,Jazz,TraditionalPop,WeightedTransition,2,0,0,0
1001,1968,LatinPop,Boogaloo,AnnualFloor,1,0,1,0
1001,1968,LatinPop,Boogaloo,WeightedTransition,1,0,0,0
1001,1968,LatinPop,BritishBeat,WeightedTransition,2,0,0,0
1001,1968,LatinPop,ContemporaryFolk,WeightedTransition,1,0,0,0
1001,1968,LatinPop,LatinPop,Retained,32,0,0,0
1001,1968,LatinPop,LatinPop,WeightedTransition,2,0,0,0
1001,1968,LatinPop,ProtoPunk,WeightedTransition,1,0,0,0
1001,1968,LatinPop,Rocksteady,WeightedTransition,1,0,0,0
1001,1968,ProgressiveRock,ProgressiveRock,Retained,2,0,0,0
1001,1968,ProtoMetal,Boogaloo,WeightedTransition,1,0,0,0
1001,1968,ProtoMetal,ProtoMetal,Retained,5,0,0,0
1001,1968,ProtoPunk,BluesRock,WeightedTransition,1,0,0,0
1001,1968,ProtoPunk,Country,WeightedTransition,1,0,0,0
1001,1968,ProtoPunk,GarageRock,WeightedTransition,1,0,0,0
1001,1968,ProtoPunk,ProtoPunk,Retained,12,0,0,0
1001,1968,ProtoPunk,PsychedelicRock,WeightedTransition,1,0,0,0
1001,1968,PsychedelicRock,BritishBlues,WeightedTransition,1,0,0,0
1001,1968,PsychedelicRock,Country,WeightedTransition,1,0,0,0
1001,1968,PsychedelicRock,CountryRock,AnnualFloor,1,0,1,0
1001,1968,PsychedelicRock,Gospel,WeightedTransition,1,0,0,0
1001,1968,PsychedelicRock,HardRock,WeightedTransition,1,0,0,0
1001,1968,PsychedelicRock,LatinPop,WeightedTransition,1,0,0,0
1001,1968,PsychedelicRock,ProtoPunk,WeightedTransition,1,0,0,0
1001,1968,PsychedelicRock,PsychedelicRock,Retained,25,0,0,0
1001,1968,PsychedelicRock,PsychedelicRock,WeightedTransition,1,0,0,0
1001,1968,Reggae,GarageRock,WeightedTransition,1,0,0,0
1001,1968,Reggae,Reggae,Retained,1,0,0,0
1001,1968,Reggae,TexMex,WeightedTransition,1,0,0,0
1001,1968,RnB,BaroquePop,WeightedTransition,2,2,0,0
1001,1968,RnB,BritishBeat,WeightedTransition,1,1,0,0
1001,1968,RnB,BritishBlues,WeightedTransition,1,1,0,0
1001,1968,RnB,BritishPop,WeightedTransition,1,1,0,0
1001,1968,RnB,Childrens,WeightedTransition,1,1,0,0
1001,1968,RnB,ContemporaryFolk,WeightedTransition,1,1,0,0
1001,1968,RnB,Country,WeightedTransition,3,3,0,0
1001,1968,RnB,EasyListening,WeightedTransition,1,1,0,0
1001,1968,RnB,Funk,AnnualFloor,1,1,1,0
1001,1968,RnB,Funk,WeightedTransition,1,1,0,0
1001,1968,RnB,GarageRock,WeightedTransition,1,1,0,0
1001,1968,RnB,Gospel,WeightedTransition,1,1,0,0
1001,1968,RnB,HardRock,WeightedTransition,2,2,0,0
1001,1968,RnB,LatinPop,WeightedTransition,1,1,0,0
1001,1968,RnB,RnB,Retained,22,22,0,0
1001,1968,RnB,Rocksteady,WeightedTransition,1,1,0,0
1001,1968,RnB,SingerSongwriter,WeightedTransition,1,1,0,0
1001,1968,RnB,Soul,AnnualFloor,1,1,1,0
1001,1968,RnB,Soul,WeightedTransition,6,6,0,0
1001,1968,RnB,SunshinePop,WeightedTransition,1,1,0,0
1001,1968,RnB,TraditionalPop,WeightedTransition,2,2,0,0
1001,1968,RockAndRoll,AcidRock,WeightedTransition,4,0,0,0
1001,1968,RockAndRoll,BaroquePop,WeightedTransition,3,0,0,0
1001,1968,RockAndRoll,Blues,AnnualFloor,1,0,1,0
1001,1968,RockAndRoll,Blues,WeightedTransition,1,0,0,0
1001,1968,RockAndRoll,BluesRock,WeightedTransition,5,0,0,0
1001,1968,RockAndRoll,BritishBeat,AnnualFloor,2,0,2,0
1001,1968,RockAndRoll,BritishBeat,WeightedTransition,3,0,0,0
1001,1968,RockAndRoll,BritishBlues,WeightedTransition,3,0,0,0
1001,1968,RockAndRoll,Bubblegum,WeightedTransition,2,0,0,0
1001,1968,RockAndRoll,Childrens,WeightedTransition,1,0,0,0
1001,1968,RockAndRoll,ContemporaryFolk,AnnualFloor,1,0,1,0
1001,1968,RockAndRoll,ContemporaryFolk,WeightedTransition,1,0,0,0
1001,1968,RockAndRoll,Country,WeightedTransition,2,0,0,0
1001,1968,RockAndRoll,CountryRock,AnnualFloor,1,0,1,0
1001,1968,RockAndRoll,CountryRock,WeightedTransition,1,0,0,0
1001,1968,RockAndRoll,EasyListening,WeightedTransition,2,0,0,0
1001,1968,RockAndRoll,FolkRock,WeightedTransition,2,0,0,0
1001,1968,RockAndRoll,Funk,WeightedTransition,2,0,0,0
1001,1968,RockAndRoll,GarageRock,WeightedTransition,2,0,0,0
1001,1968,RockAndRoll,Gospel,WeightedTransition,2,0,0,0
1001,1968,RockAndRoll,HardRock,WeightedTransition,4,0,0,0
1001,1968,RockAndRoll,LatinPop,WeightedTransition,2,0,0,0
1001,1968,RockAndRoll,ProgressiveRock,WeightedTransition,2,0,0,0
1001,1968,RockAndRoll,ProtoMetal,WeightedTransition,2,0,0,0
1001,1968,RockAndRoll,ProtoPunk,AnnualFloor,1,0,1,0
1001,1968,RockAndRoll,ProtoPunk,WeightedTransition,1,0,0,0
1001,1968,RockAndRoll,PsychedelicRock,AnnualFloor,1,0,1,0
1001,1968,RockAndRoll,PsychedelicRock,WeightedTransition,3,0,0,0
1001,1968,RockAndRoll,RockAndRoll,Retained,139,0,0,0
1001,1968,RockAndRoll,RockAndRoll,WeightedTransition,12,0,0,0
1001,1968,RockAndRoll,SingerSongwriter,AnnualFloor,1,0,1,0
1001,1968,RockAndRoll,Soul,WeightedTransition,3,0,0,0
1001,1968,RockAndRoll,SunshinePop,AnnualFloor,1,0,1,0
1001,1968,RockAndRoll,SunshinePop,WeightedTransition,1,0,0,0
1001,1968,RockAndRoll,TexMex,WeightedTransition,1,0,0,0
1001,1968,Rocksteady,Childrens,WeightedTransition,1,0,0,0
1001,1968,Rocksteady,Rocksteady,Retained,7,0,0,0
1001,1968,SingerSongwriter,AcidRock,WeightedTransition,1,0,0,0
1001,1968,SingerSongwriter,Childrens,WeightedTransition,1,0,0,0
1001,1968,SingerSongwriter,FolkRock,WeightedTransition,1,0,0,0
1001,1968,SingerSongwriter,LatinPop,WeightedTransition,1,0,0,0
1001,1968,SingerSongwriter,SingerSongwriter,Retained,10,0,0,0
1001,1968,Ska,Ska,Retained,4,4,0,0
1001,1968,Soul,AcidRock,WeightedTransition,1,0,0,0
1001,1968,Soul,BaroquePop,WeightedTransition,2,0,0,0
1001,1968,Soul,BluesRock,AnnualFloor,1,0,1,0
1001,1968,Soul,Boogaloo,WeightedTransition,1,0,0,0
1001,1968,Soul,BritishBeat,WeightedTransition,2,0,0,0
1001,1968,Soul,Bubblegum,WeightedTransition,1,0,0,0
1001,1968,Soul,Childrens,WeightedTransition,1,0,0,0
1001,1968,Soul,Comedy,WeightedTransition,1,0,0,0
1001,1968,Soul,ContemporaryFolk,AnnualFloor,1,0,1,0
1001,1968,Soul,CountryRock,WeightedTransition,1,0,0,0
1001,1968,Soul,FolkRock,WeightedTransition,1,0,0,0
1001,1968,Soul,Funk,AnnualFloor,2,0,2,0
1001,1968,Soul,Funk,WeightedTransition,2,0,0,0
1001,1968,Soul,Gospel,WeightedTransition,4,0,0,0
1001,1968,Soul,Jazz,WeightedTransition,1,0,0,0
1001,1968,Soul,LatinPop,AnnualFloor,1,0,1,0
1001,1968,Soul,ProgressiveRock,AnnualFloor,1,0,1,0
1001,1968,Soul,ProtoMetal,WeightedTransition,1,0,0,0
1001,1968,Soul,ProtoPunk,WeightedTransition,1,0,0,0
1001,1968,Soul,Soul,AnnualFloor,2,0,2,0
1001,1968,Soul,Soul,Retained,169,0,0,0
1001,1968,Soul,Soul,WeightedTransition,7,0,0,0
1001,1968,SunshinePop,BritishBlues,WeightedTransition,1,0,0,0
1001,1968,SunshinePop,Bubblegum,AnnualFloor,1,0,1,0
1001,1968,SunshinePop,Classical,WeightedTransition,1,0,0,0
1001,1968,SunshinePop,ContemporaryFolk,WeightedTransition,2,0,0,0
1001,1968,SunshinePop,FolkRock,WeightedTransition,2,0,0,0
1001,1968,SunshinePop,GarageRock,WeightedTransition,1,0,0,0
1001,1968,SunshinePop,Gospel,AnnualFloor,1,0,1,0
1001,1968,SunshinePop,Jazz,WeightedTransition,1,0,0,0
1001,1968,SunshinePop,Reggae,AnnualFloor,1,0,1,0
1001,1968,SunshinePop,SunshinePop,Retained,28,0,0,0
1001,1968,SunshinePop,SunshinePop,WeightedTransition,1,0,0,0
1001,1968,SurfRock,BluesRock,WeightedTransition,1,1,0,0
1001,1968,SurfRock,EasyListening,WeightedTransition,1,1,0,0
1001,1968,SurfRock,PsychedelicRock,WeightedTransition,1,1,0,0
1001,1968,SurfRock,SurfRock,Retained,1,1,0,0
1001,1968,TeenPop,AcidRock,WeightedTransition,2,2,0,0
1001,1968,TeenPop,BaroquePop,WeightedTransition,4,4,0,0
1001,1968,TeenPop,BluesRock,WeightedTransition,1,1,0,0
1001,1968,TeenPop,BritishBlues,WeightedTransition,1,1,0,0
1001,1968,TeenPop,BritishPop,WeightedTransition,1,1,0,0
1001,1968,TeenPop,Bubblegum,WeightedTransition,2,2,0,0
1001,1968,TeenPop,Childrens,AnnualFloor,1,1,1,0
1001,1968,TeenPop,Childrens,WeightedTransition,1,1,0,0
1001,1968,TeenPop,Comedy,WeightedTransition,1,1,0,0
1001,1968,TeenPop,EasyListening,WeightedTransition,4,4,0,0
1001,1968,TeenPop,FolkRock,WeightedTransition,1,1,0,0
1001,1968,TeenPop,Gospel,WeightedTransition,3,3,0,0
1001,1968,TeenPop,HardRock,WeightedTransition,4,4,0,0
1001,1968,TeenPop,Jazz,WeightedTransition,1,1,0,0
1001,1968,TeenPop,ProtoMetal,WeightedTransition,1,1,0,0
1001,1968,TeenPop,Reggae,WeightedTransition,3,3,0,0
1001,1968,TeenPop,RockAndRoll,AnnualFloor,2,2,2,0
1001,1968,TeenPop,Soul,WeightedTransition,2,2,0,0
1001,1968,TeenPop,SunshinePop,AnnualFloor,1,1,1,0
1001,1968,TeenPop,SunshinePop,WeightedTransition,4,4,0,0
1001,1968,TeenPop,TeenPop,Retained,40,40,0,0
1001,1968,TeenPop,TraditionalPop,WeightedTransition,4,4,0,0
1001,1968,TexMex,Bubblegum,WeightedTransition,2,0,0,0
1001,1968,TexMex,LatinPop,WeightedTransition,1,0,0,0
1001,1968,TexMex,ProgressiveRock,AnnualFloor,1,0,1,0
1001,1968,TexMex,Reggae,AnnualFloor,1,0,1,0
1001,1968,TexMex,SingerSongwriter,AnnualFloor,1,0,1,0
1001,1968,TexMex,Soul,WeightedTransition,2,0,0,0
1001,1968,TexMex,TexMex,Retained,24,0,0,0
1001,1968,TraditionalPop,AcidRock,WeightedTransition,5,0,0,0
1001,1968,TraditionalPop,BaroquePop,AnnualFloor,1,0,1,0
1001,1968,TraditionalPop,BaroquePop,WeightedTransition,11,0,0,0
1001,1968,TraditionalPop,Blues,WeightedTransition,4,0,0,0
1001,1968,TraditionalPop,BluesRock,WeightedTransition,9,0,0,0
1001,1968,TraditionalPop,Boogaloo,WeightedTransition,5,0,0,0
1001,1968,TraditionalPop,BritishBeat,WeightedTransition,8,0,0,0
1001,1968,TraditionalPop,BritishBlues,AnnualFloor,1,0,1,0
1001,1968,TraditionalPop,BritishBlues,WeightedTransition,5,0,0,0
1001,1968,TraditionalPop,BritishPop,WeightedTransition,3,0,0,0
1001,1968,TraditionalPop,Bubblegum,AnnualFloor,1,0,1,0
1001,1968,TraditionalPop,Bubblegum,WeightedTransition,16,0,0,0
1001,1968,TraditionalPop,Childrens,WeightedTransition,2,0,0,0
1001,1968,TraditionalPop,Classical,WeightedTransition,1,0,0,0
1001,1968,TraditionalPop,Comedy,AnnualFloor,1,0,1,0
1001,1968,TraditionalPop,ContemporaryFolk,WeightedTransition,2,0,0,0
1001,1968,TraditionalPop,Country,AnnualFloor,1,0,1,0
1001,1968,TraditionalPop,Country,WeightedTransition,6,0,0,0
1001,1968,TraditionalPop,CountryRock,WeightedTransition,3,0,0,0
1001,1968,TraditionalPop,EasyListening,AnnualFloor,2,0,2,0
1001,1968,TraditionalPop,EasyListening,WeightedTransition,17,0,0,0
1001,1968,TraditionalPop,FolkRock,AnnualFloor,2,0,2,0
1001,1968,TraditionalPop,FolkRock,WeightedTransition,1,0,0,0
1001,1968,TraditionalPop,Funk,WeightedTransition,4,0,0,0
1001,1968,TraditionalPop,GarageRock,WeightedTransition,2,0,0,0
1001,1968,TraditionalPop,Gospel,WeightedTransition,2,0,0,0
1001,1968,TraditionalPop,HardRock,AnnualFloor,1,0,1,0
1001,1968,TraditionalPop,HardRock,WeightedTransition,5,0,0,0
1001,1968,TraditionalPop,Jazz,AnnualFloor,1,0,1,0
1001,1968,TraditionalPop,Jazz,WeightedTransition,8,0,0,0
1001,1968,TraditionalPop,LatinPop,WeightedTransition,1,0,0,0
1001,1968,TraditionalPop,ProgressiveRock,WeightedTransition,2,0,0,0
1001,1968,TraditionalPop,ProtoMetal,AnnualFloor,1,0,1,0
1001,1968,TraditionalPop,ProtoMetal,WeightedTransition,3,0,0,0
1001,1968,TraditionalPop,ProtoPunk,WeightedTransition,1,0,0,0
1001,1968,TraditionalPop,RockAndRoll,WeightedTransition,2,0,0,0
1001,1968,TraditionalPop,Rocksteady,WeightedTransition,1,0,0,0
1001,1968,TraditionalPop,SingerSongwriter,WeightedTransition,3,0,0,0
1001,1968,TraditionalPop,Soul,WeightedTransition,10,0,0,0
1001,1968,TraditionalPop,SunshinePop,AnnualFloor,1,0,1,0
1001,1968,TraditionalPop,SunshinePop,WeightedTransition,10,0,0,0
1001,1968,TraditionalPop,TexMex,AnnualFloor,2,0,2,0
1001,1968,TraditionalPop,TexMex,WeightedTransition,2,0,0,0
1001,1968,TraditionalPop,TraditionalPop,Retained,180,0,0,0
1001,1968,TraditionalPop,TraditionalPop,WeightedTransition,39,0,0,0
1001,1969,AcidRock,AcidRock,Retained,47,0,0,0
1001,1969,AcidRock,AcidRock,WeightedTransition,1,0,0,0
1001,1969,AcidRock,Blues,WeightedTransition,1,0,0,0
1001,1969,AcidRock,BluesRock,WeightedTransition,1,0,0,0
1001,1969,AcidRock,BritishBlues,WeightedTransition,1,0,0,0
1001,1969,AcidRock,CountryRock,WeightedTransition,1,0,0,0
1001,1969,AcidRock,HardRock,WeightedTransition,1,0,0,0
1001,1969,AcidRock,Jazz,WeightedTransition,1,0,0,0
1001,1969,AcidRock,LatinPop,WeightedTransition,1,0,0,0
1001,1969,AcidRock,SingerSongwriter,WeightedTransition,1,0,0,0
1001,1969,AcidRock,SunshinePop,WeightedTransition,1,0,0,0
1001,1969,BaroquePop,AcidRock,WeightedTransition,1,0,0,0
1001,1969,BaroquePop,BaroquePop,Retained,20,0,0,0
1001,1969,BaroquePop,BaroquePop,WeightedTransition,2,0,0,0
1001,1969,BaroquePop,BluesRock,WeightedTransition,1,0,0,0
1001,1969,BaroquePop,BritishBeat,WeightedTransition,1,0,0,0
1001,1969,BaroquePop,BritishBlues,WeightedTransition,1,0,0,0
1001,1969,BaroquePop,Bubblegum,WeightedTransition,1,0,0,0
1001,1969,BaroquePop,Childrens,WeightedTransition,1,0,0,0
1001,1969,BaroquePop,Comedy,WeightedTransition,1,0,0,0
1001,1969,BaroquePop,EasyListening,WeightedTransition,2,0,0,0
1001,1969,BaroquePop,SunshinePop,WeightedTransition,1,0,0,0
1001,1969,BaroquePop,TexMex,WeightedTransition,1,0,0,0
1001,1969,BaroquePop,TraditionalPop,WeightedTransition,2,0,0,0
1001,1969,Blues,AcidRock,WeightedTransition,1,0,0,0
1001,1969,Blues,BaroquePop,AnnualFloor,1,0,1,0
1001,1969,Blues,Blues,Retained,56,0,0,0
1001,1969,Blues,Blues,WeightedTransition,2,0,0,0
1001,1969,Blues,BluesRock,AnnualFloor,1,0,1,0
1001,1969,Blues,BritishBlues,WeightedTransition,1,0,0,0
1001,1969,Blues,BritishPop,WeightedTransition,1,0,0,0
1001,1969,Blues,Classical,AnnualFloor,1,0,1,0
1001,1969,Blues,Classical,WeightedTransition,1,0,0,0
1001,1969,Blues,CountryRock,WeightedTransition,1,0,0,0
1001,1969,Blues,FolkRock,WeightedTransition,1,0,0,0
1001,1969,Blues,RockAndRoll,WeightedTransition,1,0,0,0
1001,1969,Blues,SingerSongwriter,WeightedTransition,1,0,0,0
1001,1969,BluesRock,BluesRock,Retained,41,0,0,0
1001,1969,BluesRock,BluesRock,WeightedTransition,1,0,0,0
1001,1969,BluesRock,BritishBeat,AnnualFloor,1,0,1,0
1001,1969,BluesRock,CountryRock,WeightedTransition,1,0,0,0
1001,1969,BluesRock,ProtoMetal,WeightedTransition,1,0,0,0
1001,1969,BluesRock,ProtoPunk,WeightedTransition,1,0,0,0
1001,1969,BluesRock,PsychedelicRock,WeightedTransition,1,0,0,0
1001,1969,BluesRock,Soul,WeightedTransition,1,0,0,0
1001,1969,Boogaloo,Boogaloo,Retained,15,0,0,0
1001,1969,Boogaloo,Bubblegum,WeightedTransition,2,0,0,0
1001,1969,Boogaloo,Gospel,WeightedTransition,1,0,0,0
1001,1969,Boogaloo,LatinPop,WeightedTransition,1,0,0,0
1001,1969,Boogaloo,ProtoPunk,WeightedTransition,1,0,0,0
1001,1969,Boogaloo,Soul,WeightedTransition,1,0,0,0
1001,1969,Boogaloo,TraditionalPop,WeightedTransition,1,0,0,0
1001,1969,BossaNova,BluesRock,WeightedTransition,1,1,0,0
1001,1969,BossaNova,BossaNova,Retained,1,1,0,0
1001,1969,BossaNova,BritishPop,WeightedTransition,1,1,0,0
1001,1969,BritishBeat,AcidRock,WeightedTransition,3,0,0,0
1001,1969,BritishBeat,BaroquePop,WeightedTransition,1,0,0,0
1001,1969,BritishBeat,BluesRock,WeightedTransition,2,0,0,0
1001,1969,BritishBeat,BritishBeat,Retained,25,0,0,0
1001,1969,BritishBeat,BritishBeat,WeightedTransition,3,0,0,0
1001,1969,BritishBeat,BritishBlues,WeightedTransition,1,0,0,0
1001,1969,BritishBeat,Bubblegum,WeightedTransition,1,0,0,0
1001,1969,BritishBeat,Childrens,AnnualFloor,1,0,1,0
1001,1969,BritishBeat,Childrens,WeightedTransition,1,0,0,0
1001,1969,BritishBeat,Comedy,WeightedTransition,2,0,0,0
1001,1969,BritishBeat,Country,WeightedTransition,2,0,0,0
1001,1969,BritishBeat,CountryRock,WeightedTransition,1,0,0,0
1001,1969,BritishBeat,Gospel,WeightedTransition,1,0,0,0
1001,1969,BritishBeat,HardRock,WeightedTransition,3,0,0,0
1001,1969,BritishBeat,Jazz,WeightedTransition,1,0,0,0
1001,1969,BritishBeat,ProgressiveRock,WeightedTransition,2,0,0,0
1001,1969,BritishBeat,ProtoMetal,WeightedTransition,5,0,0,0
1001,1969,BritishBeat,ProtoPunk,WeightedTransition,1,0,0,0
1001,1969,BritishBeat,PsychedelicRock,AnnualFloor,1,0,1,0
1001,1969,BritishBeat,PsychedelicRock,WeightedTransition,2,0,0,0
1001,1969,BritishBeat,Reggae,AnnualFloor,1,0,1,0
1001,1969,BritishBeat,RockAndRoll,WeightedTransition,1,0,0,0
1001,1969,BritishBlues,AcidRock,WeightedTransition,2,0,0,0
1001,1969,BritishBlues,BritishBlues,Retained,43,0,0,0
1001,1969,BritishBlues,BritishBlues,WeightedTransition,2,0,0,0
1001,1969,BritishBlues,Comedy,WeightedTransition,1,0,0,0
1001,1969,BritishBlues,ContemporaryFolk,WeightedTransition,1,0,0,0
1001,1969,BritishBlues,Country,WeightedTransition,3,0,0,0
1001,1969,BritishBlues,CountryRock,AnnualFloor,1,0,1,0
1001,1969,BritishBlues,Funk,WeightedTransition,1,0,0,0
1001,1969,BritishBlues,HardRock,WeightedTransition,5,0,0,0
1001,1969,BritishBlues,ProtoMetal,AnnualFloor,1,0,1,0
1001,1969,BritishBlues,ProtoMetal,WeightedTransition,4,0,0,0
1001,1969,BritishBlues,ProtoPunk,AnnualFloor,1,0,1,0
1001,1969,BritishBlues,ProtoPunk,WeightedTransition,1,0,0,0
1001,1969,BritishBlues,PsychedelicRock,AnnualFloor,1,0,1,0
1001,1969,BritishBlues,PsychedelicRock,WeightedTransition,3,0,0,0
1001,1969,BritishBlues,Reggae,WeightedTransition,1,0,0,0
1001,1969,BritishBlues,RockAndRoll,WeightedTransition,3,0,0,0
1001,1969,BritishBlues,Soul,WeightedTransition,1,0,0,0
1001,1969,BritishBlues,SunshinePop,WeightedTransition,1,0,0,0
1001,1969,BritishPop,AcidRock,WeightedTransition,2,0,0,0
1001,1969,BritishPop,BaroquePop,WeightedTransition,2,0,0,0
1001,1969,BritishPop,Blues,WeightedTransition,1,0,0,0
1001,1969,BritishPop,BluesRock,WeightedTransition,1,0,0,0
1001,1969,BritishPop,BritishBlues,WeightedTransition,2,0,0,0
1001,1969,BritishPop,BritishPop,Retained,26,0,0,0
1001,1969,BritishPop,BritishPop,WeightedTransition,4,0,0,0
1001,1969,BritishPop,Bubblegum,WeightedTransition,2,0,0,0
1001,1969,BritishPop,EasyListening,WeightedTransition,1,0,0,0
1001,1969,BritishPop,Gospel,WeightedTransition,1,0,0,0
1001,1969,BritishPop,Jazz,WeightedTransition,1,0,0,0
1001,1969,BritishPop,LatinPop,WeightedTransition,1,0,0,0
1001,1969,Bubblegum,BluesRock,AnnualFloor,1,0,1,0
1001,1969,Bubblegum,BritishBeat,WeightedTransition,1,0,0,0
1001,1969,Bubblegum,BritishPop,WeightedTransition,1,0,0,0
1001,1969,Bubblegum,Bubblegum,Retained,37,0,0,0
1001,1969,Bubblegum,Bubblegum,WeightedTransition,2,0,0,0
1001,1969,Bubblegum,SunshinePop,WeightedTransition,1,0,0,0
1001,1969,Bubblegum,TraditionalPop,WeightedTransition,1,0,0,0
1001,1969,Childrens,BaroquePop,WeightedTransition,1,0,0,0
1001,1969,Childrens,Childrens,Retained,27,0,0,0
1001,1969,Childrens,Childrens,WeightedTransition,2,0,0,0
1001,1969,Childrens,FolkRock,WeightedTransition,1,0,0,0
1001,1969,Childrens,Funk,WeightedTransition,1,0,0,0
1001,1969,Classical,BaroquePop,WeightedTransition,1,0,0,0
1001,1969,Classical,BluesRock,WeightedTransition,1,0,0,0
1001,1969,Classical,BritishBlues,WeightedTransition,1,0,0,0
1001,1969,Classical,Bubblegum,AnnualFloor,1,0,1,0
1001,1969,Classical,Classical,Retained,40,0,0,0
1001,1969,Classical,Classical,WeightedTransition,1,0,0,0
1001,1969,Classical,Gospel,AnnualFloor,1,0,1,0
1001,1969,Classical,SunshinePop,WeightedTransition,1,0,0,0
1001,1969,Classical,TraditionalPop,WeightedTransition,1,0,0,0
1001,1969,Comedy,BaroquePop,WeightedTransition,2,0,0,0
1001,1969,Comedy,BritishBlues,WeightedTransition,2,0,0,0
1001,1969,Comedy,Comedy,Retained,34,0,0,0
1001,1969,Comedy,Country,WeightedTransition,1,0,0,0
1001,1969,Comedy,CountryRock,WeightedTransition,3,0,0,0
1001,1969,Comedy,EasyListening,WeightedTransition,1,0,0,0
1001,1969,Comedy,Funk,WeightedTransition,1,0,0,0
1001,1969,Comedy,LatinPop,AnnualFloor,1,0,1,0
1001,1969,Comedy,ProtoPunk,WeightedTransition,2,0,0,0
1001,1969,ContemporaryFolk,Blues,WeightedTransition,2,0,0,0
1001,1969,ContemporaryFolk,ContemporaryFolk,AnnualFloor,1,0,1,0
1001,1969,ContemporaryFolk,ContemporaryFolk,Retained,32,0,0,0
1001,1969,ContemporaryFolk,FolkRock,WeightedTransition,1,0,0,0
1001,1969,ContemporaryFolk,Funk,WeightedTransition,3,0,0,0
1001,1969,ContemporaryFolk,Jazz,WeightedTransition,1,0,0,0
1001,1969,ContemporaryFolk,ProgressiveRock,AnnualFloor,1,0,1,0
1001,1969,ContemporaryFolk,RockAndRoll,AnnualFloor,1,0,1,0
1001,1969,ContemporaryFolk,SingerSongwriter,WeightedTransition,1,0,0,0
1001,1969,Country,AcidRock,AnnualFloor,2,0,2,0
1001,1969,Country,AcidRock,WeightedTransition,1,0,0,0
1001,1969,Country,Blues,WeightedTransition,1,0,0,0
1001,1969,Country,BluesRock,WeightedTransition,1,0,0,0
1001,1969,Country,Boogaloo,AnnualFloor,1,0,1,0
1001,1969,Country,BritishBeat,WeightedTransition,1,0,0,0
1001,1969,Country,BritishBlues,WeightedTransition,3,0,0,0
1001,1969,Country,BritishPop,WeightedTransition,1,0,0,0
1001,1969,Country,Childrens,WeightedTransition,1,0,0,0
1001,1969,Country,Comedy,AnnualFloor,1,0,1,0
1001,1969,Country,ContemporaryFolk,AnnualFloor,1,0,1,0
1001,1969,Country,ContemporaryFolk,WeightedTransition,1,0,0,0
1001,1969,Country,Country,Retained,183,0,0,0
1001,1969,Country,Country,WeightedTransition,11,0,0,0
1001,1969,Country,CountryRock,WeightedTransition,2,0,0,0
1001,1969,Country,FolkRock,WeightedTransition,1,0,0,0
1001,1969,Country,Gospel,WeightedTransition,1,0,0,0
1001,1969,Country,HardRock,WeightedTransition,2,0,0,0
1001,1969,Country,Jazz,AnnualFloor,1,0,1,0
1001,1969,Country,LatinPop,AnnualFloor,1,0,1,0
1001,1969,Country,ProgressiveRock,AnnualFloor,2,0,2,0
1001,1969,Country,ProgressiveRock,WeightedTransition,2,0,0,0
1001,1969,Country,ProtoPunk,AnnualFloor,1,0,1,0
1001,1969,Country,ProtoPunk,WeightedTransition,1,0,0,0
1001,1969,Country,RockAndRoll,WeightedTransition,1,0,0,0
1001,1969,Country,SingerSongwriter,WeightedTransition,2,0,0,0
1001,1969,Country,Soul,AnnualFloor,1,0,1,0
1001,1969,Country,Soul,WeightedTransition,1,0,0,0
1001,1969,Country,SunshinePop,WeightedTransition,1,0,0,0
1001,1969,CountryRock,CountryRock,Retained,13,0,0,0
1001,1969,CountryRock,CountryRock,WeightedTransition,3,0,0,0
1001,1969,CountryRock,ProgressiveRock,WeightedTransition,1,0,0,0
1001,1969,CountryRock,Reggae,AnnualFloor,1,0,1,0
1001,1969,DooWop,BritishBlues,WeightedTransition,1,1,0,0
1001,1969,DooWop,DooWop,Retained,2,2,0,0
1001,1969,DooWop,Gospel,WeightedTransition,1,1,0,0
1001,1969,DooWop,LatinPop,WeightedTransition,1,1,0,0
1001,1969,DooWop,RockAndRoll,WeightedTransition,1,1,0,0
1001,1969,DooWop,Soul,WeightedTransition,1,1,0,0
1001,1969,EasyListening,BaroquePop,WeightedTransition,4,0,0,0
1001,1969,EasyListening,Blues,WeightedTransition,2,0,0,0
1001,1969,EasyListening,BluesRock,WeightedTransition,1,0,0,0
1001,1969,EasyListening,BritishBeat,WeightedTransition,1,0,0,0
1001,1969,EasyListening,BritishBlues,WeightedTransition,2,0,0,0
1001,1969,EasyListening,BritishPop,AnnualFloor,1,0,1,0
1001,1969,EasyListening,BritishPop,WeightedTransition,2,0,0,0
1001,1969,EasyListening,Bubblegum,WeightedTransition,2,0,0,0
1001,1969,EasyListening,Childrens,WeightedTransition,1,0,0,0
1001,1969,EasyListening,Country,WeightedTransition,4,0,0,0
1001,1969,EasyListening,CountryRock,WeightedTransition,3,0,0,0
1001,1969,EasyListening,EasyListening,AnnualFloor,1,0,1,0
1001,1969,EasyListening,EasyListening,Retained,104,0,0,0
1001,1969,EasyListening,EasyListening,WeightedTransition,9,0,0,0
1001,1969,EasyListening,FolkRock,WeightedTransition,1,0,0,0
1001,1969,EasyListening,Funk,WeightedTransition,1,0,0,0
1001,1969,EasyListening,Gospel,WeightedTransition,2,0,0,0
1001,1969,EasyListening,Jazz,WeightedTransition,1,0,0,0
1001,1969,EasyListening,LatinPop,WeightedTransition,1,0,0,0
1001,1969,EasyListening,ProgressiveRock,WeightedTransition,1,0,0,0
1001,1969,EasyListening,ProtoPunk,WeightedTransition,1,0,0,0
1001,1969,EasyListening,Reggae,WeightedTransition,1,0,0,0
1001,1969,EasyListening,RockAndRoll,WeightedTransition,1,0,0,0
1001,1969,EasyListening,SingerSongwriter,WeightedTransition,1,0,0,0
1001,1969,EasyListening,Soul,WeightedTransition,2,0,0,0
1001,1969,EasyListening,SunshinePop,WeightedTransition,2,0,0,0
1001,1969,EasyListening,TexMex,AnnualFloor,1,0,1,0
1001,1969,EasyListening,TexMex,WeightedTransition,1,0,0,0
1001,1969,EasyListening,TraditionalPop,WeightedTransition,3,0,0,0
1001,1969,Folk,BaroquePop,AnnualFloor,1,1,1,0
1001,1969,Folk,BaroquePop,WeightedTransition,1,1,0,0
1001,1969,Folk,Blues,WeightedTransition,2,2,0,0
1001,1969,Folk,Bubblegum,WeightedTransition,4,4,0,0
1001,1969,Folk,ContemporaryFolk,WeightedTransition,2,2,0,0
1001,1969,Folk,Country,WeightedTransition,3,3,0,0
1001,1969,Folk,Folk,Retained,15,15,0,0
1001,1969,Folk,FolkRock,WeightedTransition,1,1,0,0
1001,1969,Folk,Jazz,WeightedTransition,3,3,0,0
1001,1969,Folk,LatinPop,WeightedTransition,1,1,0,0
1001,1969,Folk,ProgressiveRock,WeightedTransition,1,1,0,0
1001,1969,Folk,ProtoPunk,WeightedTransition,2,2,0,0
1001,1969,Folk,RockAndRoll,WeightedTransition,1,1,0,0
1001,1969,Folk,SingerSongwriter,AnnualFloor,1,1,1,0
1001,1969,Folk,SingerSongwriter,WeightedTransition,2,2,0,0
1001,1969,Folk,Soul,WeightedTransition,2,2,0,0
1001,1969,Folk,TexMex,WeightedTransition,1,1,0,0
1001,1969,FolkRock,BaroquePop,WeightedTransition,1,0,0,0
1001,1969,FolkRock,Boogaloo,WeightedTransition,1,0,0,0
1001,1969,FolkRock,BritishBeat,WeightedTransition,1,0,0,0
1001,1969,FolkRock,BritishBlues,WeightedTransition,1,0,0,0
1001,1969,FolkRock,BritishPop,WeightedTransition,1,0,0,0
1001,1969,FolkRock,Bubblegum,WeightedTransition,1,0,0,0
1001,1969,FolkRock,Comedy,AnnualFloor,1,0,1,0
1001,1969,FolkRock,Comedy,WeightedTransition,2,0,0,0
1001,1969,FolkRock,Country,WeightedTransition,2,0,0,0
1001,1969,FolkRock,EasyListening,WeightedTransition,1,0,0,0
1001,1969,FolkRock,FolkRock,AnnualFloor,2,0,2,0
1001,1969,FolkRock,FolkRock,Retained,27,0,0,0
1001,1969,FolkRock,FolkRock,WeightedTransition,3,0,0,0
1001,1969,FolkRock,Gospel,WeightedTransition,1,0,0,0
1001,1969,FolkRock,HardRock,AnnualFloor,1,0,1,0
1001,1969,FolkRock,Jazz,WeightedTransition,1,0,0,0
1001,1969,FolkRock,RockAndRoll,AnnualFloor,1,0,1,0
1001,1969,FolkRock,SingerSongwriter,WeightedTransition,3,0,0,0
1001,1969,FolkRock,SunshinePop,WeightedTransition,2,0,0,0
1001,1969,FolkRock,TexMex,WeightedTransition,1,0,0,0
1001,1969,FolkRock,TraditionalPop,WeightedTransition,1,0,0,0
1001,1969,Funk,Country,WeightedTransition,1,0,0,0
1001,1969,Funk,Funk,Retained,23,0,0,0
1001,1969,Funk,Funk,WeightedTransition,2,0,0,0
1001,1969,Funk,HardRock,WeightedTransition,1,0,0,0
1001,1969,Funk,Soul,WeightedTransition,1,0,0,0
1001,1969,GarageRock,AcidRock,WeightedTransition,1,1,0,0
1001,1969,GarageRock,BluesRock,WeightedTransition,1,1,0,0
1001,1969,GarageRock,BritishBlues,WeightedTransition,1,1,0,0
1001,1969,GarageRock,Bubblegum,WeightedTransition,2,2,0,0
1001,1969,GarageRock,Comedy,WeightedTransition,1,1,0,0
1001,1969,GarageRock,EasyListening,WeightedTransition,2,2,0,0
1001,1969,GarageRock,FolkRock,WeightedTransition,1,1,0,0
1001,1969,GarageRock,GarageRock,Retained,5,5,0,0
1001,1969,GarageRock,Jazz,WeightedTransition,1,1,0,0
1001,1969,GarageRock,ProgressiveRock,WeightedTransition,1,1,0,0
1001,1969,GarageRock,ProtoPunk,WeightedTransition,1,1,0,0
1001,1969,GarageRock,PsychedelicRock,WeightedTransition,1,1,0,0
1001,1969,GarageRock,TraditionalPop,WeightedTransition,1,1,0,0
1001,1969,Gospel,BluesRock,AnnualFloor,1,0,1,0
1001,1969,Gospel,BluesRock,WeightedTransition,1,0,0,0
1001,1969,Gospel,BritishBlues,WeightedTransition,1,0,0,0
1001,1969,Gospel,CountryRock,WeightedTransition,1,0,0,0
1001,1969,Gospel,FolkRock,AnnualFloor,1,0,1,0
1001,1969,Gospel,FolkRock,WeightedTransition,1,0,0,0
1001,1969,Gospel,Funk,WeightedTransition,1,0,0,0
1001,1969,Gospel,Gospel,Retained,46,0,0,0
1001,1969,Gospel,Gospel,WeightedTransition,1,0,0,0
1001,1969,Gospel,Soul,WeightedTransition,3,0,0,0
1001,1969,HardRock,Childrens,WeightedTransition,1,0,0,0
1001,1969,HardRock,ContemporaryFolk,WeightedTransition,1,0,0,0
1001,1969,HardRock,CountryRock,WeightedTransition,1,0,0,0
1001,1969,HardRock,HardRock,Retained,24,0,0,0
1001,1969,HardRock,ProtoMetal,WeightedTransition,1,0,0,0
1001,1969,HardRock,PsychedelicRock,WeightedTransition,1,0,0,0
1001,1969,HardRock,RockAndRoll,WeightedTransition,1,0,0,0
1001,1969,HardRock,SingerSongwriter,WeightedTransition,1,0,0,0
1001,1969,Jazz,AcidRock,WeightedTransition,2,0,0,0
1001,1969,Jazz,BaroquePop,WeightedTransition,1,0,0,0
1001,1969,Jazz,Blues,AnnualFloor,1,0,1,0
1001,1969,Jazz,Blues,WeightedTransition,1,0,0,0
1001,1969,Jazz,BluesRock,WeightedTransition,1,0,0,0
1001,1969,Jazz,Boogaloo,AnnualFloor,1,0,1,0
1001,1969,Jazz,BritishBlues,WeightedTransition,1,0,0,0
1001,1969,Jazz,BritishPop,WeightedTransition,1,0,0,0
1001,1969,Jazz,Bubblegum,WeightedTransition,2,0,0,0
1001,1969,Jazz,ContemporaryFolk,AnnualFloor,1,0,1,0
1001,1969,Jazz,Country,AnnualFloor,1,0,1,0
1001,1969,Jazz,Country,WeightedTransition,2,0,0,0
1001,1969,Jazz,CountryRock,WeightedTransition,1,0,0,0
1001,1969,Jazz,EasyListening,AnnualFloor,1,0,1,0
1001,1969,Jazz,EasyListening,WeightedTransition,3,0,0,0
1001,1969,Jazz,FolkRock,WeightedTransition,1,0,0,0
1001,1969,Jazz,Funk,WeightedTransition,1,0,0,0
1001,1969,Jazz,Jazz,AnnualFloor,1,0,1,0
1001,1969,Jazz,Jazz,Retained,142,0,0,0
1001,1969,Jazz,Jazz,WeightedTransition,13,0,0,0
1001,1969,Jazz,LatinPop,WeightedTransition,1,0,0,0
1001,1969,Jazz,ProgressiveRock,WeightedTransition,1,0,0,0
1001,1969,Jazz,Soul,WeightedTransition,4,0,0,0
1001,1969,Jazz,SunshinePop,AnnualFloor,2,0,2,0
1001,1969,Jazz,TraditionalPop,WeightedTransition,4,0,0,0
1001,1969,LatinPop,BritishBlues,AnnualFloor,1,0,1,0
1001,1969,LatinPop,Comedy,WeightedTransition,1,0,0,0
1001,1969,LatinPop,CountryRock,WeightedTransition,1,0,0,0
1001,1969,LatinPop,Jazz,AnnualFloor,1,0,1,0
1001,1969,LatinPop,LatinPop,Retained,33,0,0,0
1001,1969,LatinPop,ProgressiveRock,WeightedTransition,1,0,0,0
1001,1969,LatinPop,Reggae,WeightedTransition,1,0,0,0
1001,1969,LatinPop,TraditionalPop,WeightedTransition,1,0,0,0
1001,1969,ProgressiveRock,BritishPop,AnnualFloor,1,0,1,0
1001,1969,ProgressiveRock,ProgressiveRock,Retained,11,0,0,0
1001,1969,ProtoMetal,AcidRock,WeightedTransition,1,0,0,0
1001,1969,ProtoMetal,BritishBlues,WeightedTransition,1,0,0,0
1001,1969,ProtoMetal,ProtoMetal,Retained,11,0,0,0
1001,1969,ProtoMetal,TraditionalPop,AnnualFloor,1,0,1,0
1001,1969,ProtoPunk,ProtoPunk,Retained,13,0,0,0
1001,1969,ProtoPunk,PsychedelicRock,WeightedTransition,1,0,0,0
1001,1969,ProtoPunk,SingerSongwriter,WeightedTransition,1,0,0,0
1001,1969,PsychedelicRock,AcidRock,WeightedTransition,4,0,0,0
1001,1969,PsychedelicRock,BluesRock,WeightedTransition,2,0,0,0
1001,1969,PsychedelicRock,BritishBeat,WeightedTransition,2,0,0,0
1001,1969,PsychedelicRock,BritishBlues,AnnualFloor,1,0,1,0
1001,1969,PsychedelicRock,Funk,WeightedTransition,1,0,0,0
1001,1969,PsychedelicRock,Gospel,WeightedTransition,1,0,0,0
1001,1969,PsychedelicRock,PsychedelicRock,Retained,42,0,0,0
1001,1969,PsychedelicRock,PsychedelicRock,WeightedTransition,4,0,0,0
1001,1969,PsychedelicRock,RockAndRoll,WeightedTransition,1,0,0,0
1001,1969,PsychedelicRock,Soul,WeightedTransition,1,0,0,0
1001,1969,PsychedelicRock,TexMex,WeightedTransition,1,0,0,0
1001,1969,Reggae,AcidRock,WeightedTransition,1,0,0,0
1001,1969,Reggae,Bubblegum,WeightedTransition,1,0,0,0
1001,1969,Reggae,Reggae,Retained,3,0,0,0
1001,1969,RnB,AcidRock,WeightedTransition,1,1,0,0
1001,1969,RnB,BaroquePop,WeightedTransition,2,2,0,0
1001,1969,RnB,Blues,WeightedTransition,1,1,0,0
1001,1969,RnB,BluesRock,WeightedTransition,1,1,0,0
1001,1969,RnB,BritishBlues,WeightedTransition,1,1,0,0
1001,1969,RnB,BritishPop,WeightedTransition,2,2,0,0
1001,1969,RnB,Bubblegum,AnnualFloor,1,1,1,0
1001,1969,RnB,Comedy,WeightedTransition,1,1,0,0
1001,1969,RnB,CountryRock,WeightedTransition,2,2,0,0
1001,1969,RnB,Funk,WeightedTransition,4,4,0,0
1001,1969,RnB,Gospel,AnnualFloor,1,1,1,0
1001,1969,RnB,Jazz,WeightedTransition,3,3,0,0
1001,1969,RnB,LatinPop,AnnualFloor,1,1,1,0
1001,1969,RnB,ProtoMetal,WeightedTransition,1,1,0,0
1001,1969,RnB,RnB,Retained,16,16,0,0
1001,1969,RnB,RockAndRoll,WeightedTransition,1,1,0,0
1001,1969,RnB,Soul,WeightedTransition,4,4,0,0
1001,1969,RnB,SunshinePop,WeightedTransition,2,2,0,0
1001,1969,RockAndRoll,AcidRock,AnnualFloor,1,0,1,0
1001,1969,RockAndRoll,AcidRock,WeightedTransition,3,0,0,0
1001,1969,RockAndRoll,BaroquePop,WeightedTransition,3,0,0,0
1001,1969,RockAndRoll,Blues,AnnualFloor,1,0,1,0
1001,1969,RockAndRoll,Blues,WeightedTransition,1,0,0,0
1001,1969,RockAndRoll,BluesRock,WeightedTransition,2,0,0,0
1001,1969,RockAndRoll,BritishBeat,WeightedTransition,3,0,0,0
1001,1969,RockAndRoll,BritishBlues,AnnualFloor,1,0,1,0
1001,1969,RockAndRoll,BritishBlues,WeightedTransition,2,0,0,0
1001,1969,RockAndRoll,BritishPop,AnnualFloor,1,0,1,0
1001,1969,RockAndRoll,Bubblegum,WeightedTransition,1,0,0,0
1001,1969,RockAndRoll,Childrens,AnnualFloor,1,0,1,0
1001,1969,RockAndRoll,Classical,AnnualFloor,1,0,1,0
1001,1969,RockAndRoll,Comedy,WeightedTransition,2,0,0,0
1001,1969,RockAndRoll,ContemporaryFolk,WeightedTransition,1,0,0,0
1001,1969,RockAndRoll,CountryRock,AnnualFloor,1,0,1,0
1001,1969,RockAndRoll,CountryRock,WeightedTransition,1,0,0,0
1001,1969,RockAndRoll,EasyListening,WeightedTransition,1,0,0,0
1001,1969,RockAndRoll,FolkRock,WeightedTransition,1,0,0,0
1001,1969,RockAndRoll,Funk,WeightedTransition,2,0,0,0
1001,1969,RockAndRoll,HardRock,WeightedTransition,5,0,0,0
1001,1969,RockAndRoll,Jazz,WeightedTransition,1,0,0,0
1001,1969,RockAndRoll,LatinPop,WeightedTransition,1,0,0,0
1001,1969,RockAndRoll,ProgressiveRock,WeightedTransition,2,0,0,0
1001,1969,RockAndRoll,ProtoMetal,AnnualFloor,1,0,1,0
1001,1969,RockAndRoll,ProtoMetal,WeightedTransition,1,0,0,0
1001,1969,RockAndRoll,ProtoPunk,WeightedTransition,1,0,0,0
1001,1969,RockAndRoll,PsychedelicRock,AnnualFloor,1,0,1,0
1001,1969,RockAndRoll,PsychedelicRock,WeightedTransition,10,0,0,0
1001,1969,RockAndRoll,Reggae,WeightedTransition,1,0,0,0
1001,1969,RockAndRoll,RockAndRoll,AnnualFloor,1,0,1,0
1001,1969,RockAndRoll,RockAndRoll,Retained,104,0,0,0
1001,1969,RockAndRoll,RockAndRoll,WeightedTransition,7,0,0,0
1001,1969,RockAndRoll,Soul,WeightedTransition,3,0,0,0
1001,1969,RockAndRoll,TexMex,WeightedTransition,1,0,0,0
1001,1969,RockAndRoll,TraditionalPop,WeightedTransition,1,0,0,0
1001,1969,Rocksteady,BaroquePop,WeightedTransition,1,1,0,0
1001,1969,Rocksteady,Classical,WeightedTransition,1,1,0,0
1001,1969,Rocksteady,Reggae,WeightedTransition,1,1,0,0
1001,1969,Rocksteady,Rocksteady,Retained,1,1,0,0
1001,1969,SingerSongwriter,BaroquePop,WeightedTransition,1,0,0,0
1001,1969,SingerSongwriter,Blues,WeightedTransition,1,0,0,0
1001,1969,SingerSongwriter,SingerSongwriter,AnnualFloor,1,0,1,0
1001,1969,SingerSongwriter,SingerSongwriter,Retained,12,0,0,0
1001,1969,SingerSongwriter,SingerSongwriter,WeightedTransition,2,0,0,0
1001,1969,Ska,Ska,Retained,1,1,0,0
1001,1969,Soul,Blues,AnnualFloor,1,0,1,0
1001,1969,Soul,ContemporaryFolk,WeightedTransition,1,0,0,0
1001,1969,Soul,Country,AnnualFloor,1,0,1,0
1001,1969,Soul,EasyListening,WeightedTransition,3,0,0,0
1001,1969,Soul,Funk,WeightedTransition,2,0,0,0
1001,1969,Soul,HardRock,WeightedTransition,1,0,0,0
1001,1969,Soul,ProtoMetal,WeightedTransition,1,0,0,0
1001,1969,Soul,ProtoPunk,WeightedTransition,1,0,0,0
1001,1969,Soul,Reggae,AnnualFloor,1,0,1,0
1001,1969,Soul,SingerSongwriter,WeightedTransition,1,0,0,0
1001,1969,Soul,Soul,AnnualFloor,2,0,2,0
1001,1969,Soul,Soul,Retained,177,0,0,0
1001,1969,Soul,Soul,WeightedTransition,7,0,0,0
1001,1969,Soul,TraditionalPop,AnnualFloor,1,0,1,0
1001,1969,SunshinePop,AcidRock,WeightedTransition,1,0,0,0
1001,1969,SunshinePop,BluesRock,WeightedTransition,1,0,0,0
1001,1969,SunshinePop,BritishBlues,WeightedTransition,1,0,0,0
1001,1969,SunshinePop,BritishPop,WeightedTransition,2,0,0,0
1001,1969,SunshinePop,Bubblegum,WeightedTransition,1,0,0,0
1001,1969,SunshinePop,Childrens,AnnualFloor,1,0,1,0
1001,1969,SunshinePop,Childrens,WeightedTransition,1,0,0,0
1001,1969,SunshinePop,Comedy,WeightedTransition,1,0,0,0
1001,1969,SunshinePop,Country,WeightedTransition,1,0,0,0
1001,1969,SunshinePop,EasyListening,WeightedTransition,1,0,0,0
1001,1969,SunshinePop,Funk,AnnualFloor,1,0,1,0
1001,1969,SunshinePop,HardRock,WeightedTransition,1,0,0,0
1001,1969,SunshinePop,SunshinePop,Retained,19,0,0,0
1001,1969,SunshinePop,SunshinePop,WeightedTransition,3,0,0,0
1001,1969,SunshinePop,TraditionalPop,WeightedTransition,1,0,0,0
1001,1969,SurfRock,PsychedelicRock,WeightedTransition,1,1,0,0
1001,1969,SurfRock,RockAndRoll,WeightedTransition,1,1,0,0
1001,1969,SurfRock,SurfRock,Retained,1,1,0,0
1001,1969,TeenPop,AcidRock,WeightedTransition,1,1,0,0
1001,1969,TeenPop,Blues,WeightedTransition,1,1,0,0
1001,1969,TeenPop,BluesRock,WeightedTransition,4,4,0,0
1001,1969,TeenPop,Boogaloo,AnnualFloor,1,1,1,0
1001,1969,TeenPop,BritishBeat,WeightedTransition,2,2,0,0
1001,1969,TeenPop,BritishBlues,WeightedTransition,1,1,0,0
1001,1969,TeenPop,BritishPop,WeightedTransition,1,1,0,0
1001,1969,TeenPop,Bubblegum,WeightedTransition,1,1,0,0
1001,1969,TeenPop,Childrens,WeightedTransition,1,1,0,0
1001,1969,TeenPop,ContemporaryFolk,WeightedTransition,1,1,0,0
1001,1969,TeenPop,Country,AnnualFloor,1,1,1,0
1001,1969,TeenPop,EasyListening,WeightedTransition,4,4,0,0
1001,1969,TeenPop,Funk,AnnualFloor,1,1,1,0
1001,1969,TeenPop,Funk,WeightedTransition,1,1,0,0
1001,1969,TeenPop,HardRock,WeightedTransition,2,2,0,0
1001,1969,TeenPop,ProgressiveRock,WeightedTransition,1,1,0,0
1001,1969,TeenPop,Soul,WeightedTransition,2,2,0,0
1001,1969,TeenPop,SunshinePop,WeightedTransition,2,2,0,0
1001,1969,TeenPop,TeenPop,Retained,5,5,0,0
1001,1969,TeenPop,TraditionalPop,WeightedTransition,2,2,0,0
1001,1969,TexMex,LatinPop,WeightedTransition,1,0,0,0
1001,1969,TexMex,ProtoPunk,AnnualFloor,1,0,1,0
1001,1969,TexMex,Soul,WeightedTransition,1,0,0,0
1001,1969,TexMex,TexMex,Retained,25,0,0,0
1001,1969,TraditionalPop,AcidRock,WeightedTransition,1,0,0,0
1001,1969,TraditionalPop,BaroquePop,AnnualFloor,1,0,1,0
1001,1969,TraditionalPop,BaroquePop,WeightedTransition,4,0,0,0
1001,1969,TraditionalPop,Blues,WeightedTransition,6,0,0,0
1001,1969,TraditionalPop,BluesRock,WeightedTransition,6,0,0,0
1001,1969,TraditionalPop,BritishBeat,AnnualFloor,2,0,2,0
1001,1969,TraditionalPop,BritishBeat,WeightedTransition,1,0,0,0
1001,1969,TraditionalPop,BritishBlues,WeightedTransition,1,0,0,0
1001,1969,TraditionalPop,BritishPop,WeightedTransition,7,0,0,0
1001,1969,TraditionalPop,Bubblegum,AnnualFloor,1,0,1,0
1001,1969,TraditionalPop,Bubblegum,WeightedTransition,15,0,0,0
1001,1969,TraditionalPop,Childrens,WeightedTransition,1,0,0,0
1001,1969,TraditionalPop,Classical,AnnualFloor,1,0,1,0
1001,1969,TraditionalPop,Classical,WeightedTransition,3,0,0,0
1001,1969,TraditionalPop,Comedy,AnnualFloor,1,0,1,0
1001,1969,TraditionalPop,Comedy,WeightedTransition,3,0,0,0
1001,1969,TraditionalPop,ContemporaryFolk,WeightedTransition,1,0,0,0
1001,1969,TraditionalPop,Country,WeightedTransition,9,0,0,0
1001,1969,TraditionalPop,CountryRock,AnnualFloor,1,0,1,0
1001,1969,TraditionalPop,CountryRock,WeightedTransition,4,0,0,0
1001,1969,TraditionalPop,EasyListening,AnnualFloor,1,0,1,0
1001,1969,TraditionalPop,EasyListening,WeightedTransition,6,0,0,0
1001,1969,TraditionalPop,FolkRock,WeightedTransition,4,0,0,0
1001,1969,TraditionalPop,Funk,AnnualFloor,1,0,1,0
1001,1969,TraditionalPop,Funk,WeightedTransition,7,0,0,0
1001,1969,TraditionalPop,Gospel,AnnualFloor,1,0,1,0
1001,1969,TraditionalPop,Gospel,WeightedTransition,1,0,0,0
1001,1969,TraditionalPop,HardRock,AnnualFloor,2,0,2,0
1001,1969,TraditionalPop,HardRock,WeightedTransition,6,0,0,0
1001,1969,TraditionalPop,Jazz,WeightedTransition,6,0,0,0
1001,1969,TraditionalPop,LatinPop,WeightedTransition,4,0,0,0
1001,1969,TraditionalPop,ProgressiveRock,WeightedTransition,2,0,0,0
1001,1969,TraditionalPop,ProtoMetal,AnnualFloor,1,0,1,0
1001,1969,TraditionalPop,ProtoMetal,WeightedTransition,3,0,0,0
1001,1969,TraditionalPop,ProtoPunk,WeightedTransition,5,0,0,0
1001,1969,TraditionalPop,RockAndRoll,WeightedTransition,2,0,0,0
1001,1969,TraditionalPop,SingerSongwriter,AnnualFloor,1,0,1,0
1001,1969,TraditionalPop,SingerSongwriter,WeightedTransition,3,0,0,0
1001,1969,TraditionalPop,Soul,WeightedTransition,8,0,0,0
1001,1969,TraditionalPop,SunshinePop,AnnualFloor,1,0,1,0
1001,1969,TraditionalPop,SunshinePop,WeightedTransition,12,0,0,0
1001,1969,TraditionalPop,TexMex,AnnualFloor,2,0,2,0
1001,1969,TraditionalPop,TraditionalPop,AnnualFloor,1,0,1,0
1001,1969,TraditionalPop,TraditionalPop,Retained,150,0,0,0
1001,1969,TraditionalPop,TraditionalPop,WeightedTransition,25,0,0,0
