seed,year,fromGenre,toGenre,selectionMode,opportunities,unavailableIdentity,annualFloorRequested,annualFloorReroutes
1001,1960,Blues,Blues,Retained,74,0,0,0
1001,1960,Blues,Blues,WeightedTransition,5,0,0,0
1001,1960,Blues,Childrens,WeightedTransition,2,0,0,0
1001,1960,Blues,Country,WeightedTransition,2,0,0,0
1001,1960,Blues,DooWop,WeightedTransition,3,0,0,0
1001,1960,Blues,Folk,WeightedTransition,5,0,0,0
1001,1960,Blues,Gospel,WeightedTransition,2,0,0,0
1001,1960,Blues,Jazz,WeightedTransition,2,0,0,0
1001,1960,Blues,RnB,WeightedTransition,6,0,0,0
1001,1960,Blues,RockAndRoll,WeightedTransition,3,0,0,0
1001,1960,Blues,TeenPop,WeightedTransition,1,0,0,0
1001,1960,Childrens,Childrens,Retained,24,0,0,0
1001,1960,Childrens,Childrens,WeightedTransition,1,0,0,0
1001,1960,Childrens,Comedy,WeightedTransition,1,0,0,0
1001,1960,Childrens,Country,WeightedTransition,2,0,0,0
1001,1960,Childrens,EasyListening,WeightedTransition,1,0,0,0
1001,1960,Classical,Childrens,WeightedTransition,1,0,0,0
1001,1960,Classical,Classical,Retained,77,0,0,0
1001,1960,Classical,Classical,WeightedTransition,1,0,0,0
1001,1960,Classical,Comedy,WeightedTransition,1,0,0,0
1001,1960,Classical,Country,WeightedTransition,2,0,0,0
1001,1960,Classical,DooWop,WeightedTransition,3,0,0,0
1001,1960,Classical,EasyListening,WeightedTransition,3,0,0,0
1001,1960,Classical,Folk,WeightedTransition,3,0,0,0
1001,1960,Classical,Gospel,WeightedTransition,2,0,0,0
1001,1960,Classical,Jazz,WeightedTransition,2,0,0,0
1001,1960,Classical,RockAndRoll,WeightedTransition,1,0,0,0
1001,1960,Classical,Soul,WeightedTransition,1,0,0,0
1001,1960,Classical,TeenPop,WeightedTransition,2,0,0,0
1001,1960,Classical,TexMex,WeightedTransition,1,0,0,0
1001,1960,Comedy,Blues,WeightedTransition,1,0,0,0
1001,1960,Comedy,Childrens,WeightedTransition,4,0,0,0
1001,1960,Comedy,Classical,WeightedTransition,1,0,0,0
1001,1960,Comedy,Comedy,Retained,32,0,0,0
1001,1960,Comedy,Country,WeightedTransition,1,0,0,0
1001,1960,Comedy,DooWop,WeightedTransition,1,0,0,0
1001,1960,Comedy,EasyListening,WeightedTransition,1,0,0,0
1001,1960,Comedy,Folk,WeightedTransition,2,0,0,0
1001,1960,Comedy,Gospel,WeightedTransition,1,0,0,0
1001,1960,Comedy,RockAndRoll,WeightedTransition,1,0,0,0
1001,1960,Comedy,Soul,WeightedTransition,1,0,0,0
1001,1960,Comedy,TeenPop,WeightedTransition,1,0,0,0
1001,1960,Comedy,TexMex,WeightedTransition,1,0,0,0
1001,1960,Country,Childrens,WeightedTransition,1,0,0,0
1001,1960,Country,Classical,WeightedTransition,2,0,0,0
1001,1960,Country,Comedy,AnnualFloor,1,0,1,0
1001,1960,Country,Country,AnnualFloor,1,0,1,0
1001,1960,Country,Country,Retained,311,0,0,0
1001,1960,Country,Country,WeightedTransition,35,0,0,0
1001,1960,Country,DooWop,WeightedTransition,2,0,0,0
1001,1960,Country,Folk,AnnualFloor,1,0,1,0
1001,1960,Country,Folk,WeightedTransition,5,0,0,0
1001,1960,Country,Gospel,WeightedTransition,2,0,0,0
1001,1960,Country,Jazz,AnnualFloor,1,0,1,0
1001,1960,Country,Jazz,WeightedTransition,1,0,0,0
1001,1960,Country,RnB,WeightedTransition,1,0,0,0
1001,1960,Country,RockAndRoll,WeightedTransition,3,0,0,0
1001,1960,Country,TeenPop,WeightedTransition,1,0,0,0
1001,1960,Country,TexMex,WeightedTransition,1,0,0,0
1001,1960,Country,TraditionalPop,WeightedTransition,1,0,0,0
1001,1960,DooWop,Childrens,WeightedTransition,2,0,0,0
1001,1960,DooWop,Comedy,AnnualFloor,2,0,2,0
1001,1960,DooWop,Comedy,WeightedTransition,1,0,0,0
1001,1960,DooWop,Country,WeightedTransition,1,0,0,0
1001,1960,DooWop,DooWop,Retained,253,0,0,0
1001,1960,DooWop,DooWop,WeightedTransition,29,0,0,0
1001,1960,DooWop,EasyListening,WeightedTransition,3,0,0,0
1001,1960,DooWop,Jazz,WeightedTransition,2,0,0,0
1001,1960,DooWop,RnB,AnnualFloor,1,0,1,0
1001,1960,DooWop,RnB,WeightedTransition,3,0,0,0
1001,1960,DooWop,RockAndRoll,WeightedTransition,1,0,0,0
1001,1960,DooWop,Soul,WeightedTransition,2,0,0,0
1001,1960,DooWop,TeenPop,WeightedTransition,2,0,0,0
1001,1960,DooWop,TraditionalPop,AnnualFloor,1,0,1,0
1001,1960,DooWop,TraditionalPop,WeightedTransition,1,0,0,0
1001,1960,EasyListening,Childrens,WeightedTransition,1,0,0,0
1001,1960,EasyListening,Classical,WeightedTransition,2,0,0,0
1001,1960,EasyListening,DooWop,WeightedTransition,7,0,0,0
1001,1960,EasyListening,EasyListening,Retained,235,0,0,0
1001,1960,EasyListening,EasyListening,WeightedTransition,8,0,0,0
1001,1960,EasyListening,Jazz,WeightedTransition,2,0,0,0
1001,1960,EasyListening,LatinPop,WeightedTransition,1,0,0,0
1001,1960,EasyListening,RnB,WeightedTransition,1,0,0,0
1001,1960,EasyListening,Soul,WeightedTransition,2,0,0,0
1001,1960,EasyListening,TeenPop,WeightedTransition,5,0,0,0
1001,1960,EasyListening,TexMex,WeightedTransition,1,0,0,0
1001,1960,EasyListening,TraditionalPop,WeightedTransition,4,0,0,0
1001,1960,Folk,Childrens,WeightedTransition,1,0,0,0
1001,1960,Folk,Classical,WeightedTransition,1,0,0,0
1001,1960,Folk,Comedy,WeightedTransition,3,0,0,0
1001,1960,Folk,Country,AnnualFloor,1,0,1,0
1001,1960,Folk,Country,WeightedTransition,8,0,0,0
1001,1960,Folk,DooWop,AnnualFloor,1,0,1,0
1001,1960,Folk,DooWop,WeightedTransition,2,0,0,0
1001,1960,Folk,EasyListening,WeightedTransition,7,0,0,0
1001,1960,Folk,Folk,Retained,102,0,0,0
1001,1960,Folk,Folk,WeightedTransition,20,0,0,0
1001,1960,Folk,Jazz,WeightedTransition,2,0,0,0
1001,1960,Folk,LatinPop,WeightedTransition,3,0,0,0
1001,1960,Folk,RnB,WeightedTransition,1,0,0,0
1001,1960,Folk,RockAndRoll,WeightedTransition,4,0,0,0
1001,1960,Folk,TeenPop,WeightedTransition,2,0,0,0
1001,1960,Folk,TexMex,AnnualFloor,1,0,1,0
1001,1960,Folk,TraditionalPop,WeightedTransition,6,0,0,0
1001,1960,Gospel,Childrens,WeightedTransition,2,0,0,0
1001,1960,Gospel,Classical,WeightedTransition,1,0,0,0
1001,1960,Gospel,Country,WeightedTransition,4,0,0,0
1001,1960,Gospel,DooWop,WeightedTransition,5,0,0,0
1001,1960,Gospel,EasyListening,WeightedTransition,1,0,0,0
1001,1960,Gospel,Gospel,Retained,24,0,0,0
1001,1960,Gospel,Gospel,WeightedTransition,8,0,0,0
1001,1960,Gospel,Jazz,WeightedTransition,2,0,0,0
1001,1960,Gospel,LatinPop,WeightedTransition,1,0,0,0
1001,1960,Gospel,RnB,WeightedTransition,4,0,0,0
1001,1960,Gospel,Soul,AnnualFloor,1,0,1,0
1001,1960,Gospel,Soul,WeightedTransition,1,0,0,0
1001,1960,Jazz,Blues,AnnualFloor,1,0,1,0
1001,1960,Jazz,Blues,WeightedTransition,2,0,0,0
1001,1960,Jazz,Classical,AnnualFloor,1,0,1,0
1001,1960,Jazz,Classical,WeightedTransition,1,0,0,0
1001,1960,Jazz,Comedy,WeightedTransition,1,0,0,0
1001,1960,Jazz,Country,WeightedTransition,2,0,0,0
1001,1960,Jazz,DooWop,WeightedTransition,7,0,0,0
1001,1960,Jazz,EasyListening,AnnualFloor,1,0,1,0
1001,1960,Jazz,EasyListening,WeightedTransition,4,0,0,0
1001,1960,Jazz,Folk,WeightedTransition,1,0,0,0
1001,1960,Jazz,Gospel,WeightedTransition,1,0,0,0
1001,1960,Jazz,Jazz,AnnualFloor,2,0,2,0
1001,1960,Jazz,Jazz,Retained,258,0,0,0
1001,1960,Jazz,Jazz,WeightedTransition,10,0,0,0
1001,1960,Jazz,LatinPop,WeightedTransition,2,0,0,0
1001,1960,Jazz,RnB,WeightedTransition,2,0,0,0
1001,1960,Jazz,Soul,AnnualFloor,1,0,1,0
1001,1960,Jazz,Soul,WeightedTransition,4,0,0,0
1001,1960,Jazz,TeenPop,WeightedTransition,1,0,0,0
1001,1960,Jazz,TraditionalPop,AnnualFloor,1,0,1,0
1001,1960,Jazz,TraditionalPop,WeightedTransition,5,0,0,0
1001,1960,LatinPop,Classical,WeightedTransition,1,0,0,0
1001,1960,LatinPop,Comedy,WeightedTransition,1,0,0,0
1001,1960,LatinPop,Country,WeightedTransition,2,0,0,0
1001,1960,LatinPop,DooWop,WeightedTransition,2,0,0,0
1001,1960,LatinPop,Gospel,WeightedTransition,3,0,0,0
1001,1960,LatinPop,LatinPop,Retained,26,0,0,0
1001,1960,LatinPop,LatinPop,WeightedTransition,1,0,0,0
1001,1960,LatinPop,RnB,WeightedTransition,3,0,0,0
1001,1960,LatinPop,TeenPop,WeightedTransition,1,0,0,0
1001,1960,LatinPop,TexMex,WeightedTransition,1,0,0,0
1001,1960,LatinPop,TraditionalPop,WeightedTransition,2,0,0,0
1001,1960,RnB,Blues,WeightedTransition,4,0,0,0
1001,1960,RnB,Childrens,WeightedTransition,3,0,0,0
1001,1960,RnB,Classical,WeightedTransition,4,0,0,0
1001,1960,RnB,Comedy,WeightedTransition,2,0,0,0
1001,1960,RnB,Country,WeightedTransition,1,0,0,0
1001,1960,RnB,DooWop,AnnualFloor,2,0,2,0
1001,1960,RnB,DooWop,WeightedTransition,36,0,0,0
1001,1960,RnB,EasyListening,AnnualFloor,1,0,1,0
1001,1960,RnB,EasyListening,WeightedTransition,3,0,0,0
1001,1960,RnB,Folk,AnnualFloor,1,0,1,0
1001,1960,RnB,Folk,WeightedTransition,3,0,0,0
1001,1960,RnB,Gospel,AnnualFloor,1,0,1,0
1001,1960,RnB,Gospel,WeightedTransition,14,0,0,0
1001,1960,RnB,Jazz,WeightedTransition,1,0,0,0
1001,1960,RnB,LatinPop,AnnualFloor,1,0,1,0
1001,1960,RnB,LatinPop,WeightedTransition,2,0,0,0
1001,1960,RnB,RnB,AnnualFloor,1,0,1,0
1001,1960,RnB,RnB,Retained,322,0,0,0
1001,1960,RnB,RnB,WeightedTransition,52,0,0,0
1001,1960,RnB,RockAndRoll,WeightedTransition,4,0,0,0
1001,1960,RnB,Soul,WeightedTransition,11,0,0,0
1001,1960,RnB,TeenPop,WeightedTransition,6,0,0,0
1001,1960,RnB,TexMex,AnnualFloor,1,0,1,0
1001,1960,RnB,TexMex,WeightedTransition,4,0,0,0
1001,1960,RnB,TraditionalPop,WeightedTransition,3,0,0,0
1001,1960,RockAndRoll,Blues,WeightedTransition,1,0,0,0
1001,1960,RockAndRoll,Childrens,AnnualFloor,1,0,1,0
1001,1960,RockAndRoll,Classical,WeightedTransition,3,0,0,0
1001,1960,RockAndRoll,Comedy,WeightedTransition,3,0,0,0
1001,1960,RockAndRoll,Country,WeightedTransition,2,0,0,0
1001,1960,RockAndRoll,DooWop,WeightedTransition,7,0,0,0
1001,1960,RockAndRoll,EasyListening,WeightedTransition,3,0,0,0
1001,1960,RockAndRoll,Folk,AnnualFloor,1,0,1,0
1001,1960,RockAndRoll,Folk,WeightedTransition,5,0,0,0
1001,1960,RockAndRoll,Gospel,AnnualFloor,1,0,1,0
1001,1960,RockAndRoll,Gospel,WeightedTransition,2,0,0,0
1001,1960,RockAndRoll,Jazz,WeightedTransition,3,0,0,0
1001,1960,RockAndRoll,LatinPop,AnnualFloor,1,0,1,0
1001,1960,RockAndRoll,LatinPop,WeightedTransition,1,0,0,0
1001,1960,RockAndRoll,RnB,WeightedTransition,5,0,0,0
1001,1960,RockAndRoll,RockAndRoll,AnnualFloor,3,0,3,0
1001,1960,RockAndRoll,RockAndRoll,Retained,457,0,0,0
1001,1960,RockAndRoll,RockAndRoll,WeightedTransition,40,0,0,0
1001,1960,RockAndRoll,TeenPop,WeightedTransition,9,0,0,0
1001,1960,RockAndRoll,TexMex,AnnualFloor,1,0,1,0
1001,1960,RockAndRoll,TraditionalPop,WeightedTransition,4,0,0,0
1001,1960,Soul,Blues,AnnualFloor,1,0,1,0
1001,1960,Soul,Childrens,AnnualFloor,2,0,2,0
1001,1960,Soul,Childrens,WeightedTransition,4,0,0,0
1001,1960,Soul,Classical,AnnualFloor,1,0,1,0
1001,1960,Soul,Comedy,WeightedTransition,2,0,0,0
1001,1960,Soul,Country,WeightedTransition,2,0,0,0
1001,1960,Soul,DooWop,WeightedTransition,12,0,0,0
1001,1960,Soul,EasyListening,WeightedTransition,3,0,0,0
1001,1960,Soul,Gospel,AnnualFloor,1,0,1,0
1001,1960,Soul,Gospel,WeightedTransition,7,0,0,0
1001,1960,Soul,RnB,AnnualFloor,1,0,1,0
1001,1960,Soul,RnB,WeightedTransition,6,0,0,0
1001,1960,Soul,RockAndRoll,WeightedTransition,2,0,0,0
1001,1960,Soul,Soul,AnnualFloor,1,0,1,0
1001,1960,Soul,Soul,Retained,247,0,0,0
1001,1960,Soul,Soul,WeightedTransition,10,0,0,0
1001,1960,Soul,TeenPop,AnnualFloor,1,0,1,0
1001,1960,Soul,TeenPop,WeightedTransition,6,0,0,0
1001,1960,Soul,TexMex,WeightedTransition,1,0,0,0
1001,1960,Soul,TraditionalPop,WeightedTransition,3,0,0,0
1001,1960,TeenPop,Blues,WeightedTransition,1,0,0,0
1001,1960,TeenPop,Classical,AnnualFloor,1,0,1,0
1001,1960,TeenPop,Country,WeightedTransition,3,0,0,0
1001,1960,TeenPop,DooWop,WeightedTransition,12,0,0,0
1001,1960,TeenPop,EasyListening,AnnualFloor,1,0,1,0
1001,1960,TeenPop,EasyListening,WeightedTransition,12,0,0,0
1001,1960,TeenPop,Folk,WeightedTransition,2,0,0,0
1001,1960,TeenPop,Gospel,WeightedTransition,4,0,0,0
1001,1960,TeenPop,Jazz,WeightedTransition,1,0,0,0
1001,1960,TeenPop,LatinPop,AnnualFloor,1,0,1,0
1001,1960,TeenPop,RnB,WeightedTransition,4,0,0,0
1001,1960,TeenPop,RockAndRoll,WeightedTransition,11,0,0,0
1001,1960,TeenPop,Soul,WeightedTransition,1,0,0,0
1001,1960,TeenPop,TeenPop,AnnualFloor,2,0,2,0
1001,1960,TeenPop,TeenPop,Retained,471,0,0,0
1001,1960,TeenPop,TeenPop,WeightedTransition,28,0,0,0
1001,1960,TeenPop,TraditionalPop,WeightedTransition,8,0,0,0
1001,1960,TexMex,Country,WeightedTransition,3,0,0,0
1001,1960,TexMex,DooWop,WeightedTransition,1,0,0,0
1001,1960,TexMex,Folk,WeightedTransition,1,0,0,0
1001,1960,TexMex,Gospel,WeightedTransition,1,0,0,0
1001,1960,TexMex,TeenPop,WeightedTransition,1,0,0,0
1001,1960,TexMex,TexMex,Retained,5,0,0,0
1001,1960,TexMex,TexMex,WeightedTransition,3,0,0,0
1001,1960,TexMex,TraditionalPop,WeightedTransition,1,0,0,0
1001,1960,TraditionalPop,Blues,AnnualFloor,1,0,1,0
1001,1960,TraditionalPop,Blues,WeightedTransition,2,0,0,0
1001,1960,TraditionalPop,Childrens,WeightedTransition,2,0,0,0
1001,1960,TraditionalPop,Classical,WeightedTransition,2,0,0,0
1001,1960,TraditionalPop,Comedy,WeightedTransition,2,0,0,0
1001,1960,TraditionalPop,Country,AnnualFloor,1,0,1,0
1001,1960,TraditionalPop,Country,WeightedTransition,2,0,0,0
1001,1960,TraditionalPop,DooWop,WeightedTransition,1,0,0,0
1001,1960,TraditionalPop,EasyListening,WeightedTransition,10,0,0,0
1001,1960,TraditionalPop,Folk,WeightedTransition,2,0,0,0
1001,1960,TraditionalPop,Gospel,WeightedTransition,1,0,0,0
1001,1960,TraditionalPop,Jazz,WeightedTransition,5,0,0,0
1001,1960,TraditionalPop,RnB,WeightedTransition,1,0,0,0
1001,1960,TraditionalPop,RockAndRoll,WeightedTransition,3,0,0,0
1001,1960,TraditionalPop,Soul,WeightedTransition,1,0,0,0
1001,1960,TraditionalPop,TeenPop,WeightedTransition,14,0,0,0
1001,1960,TraditionalPop,TexMex,WeightedTransition,2,0,0,0
1001,1960,TraditionalPop,TraditionalPop,AnnualFloor,1,0,1,0
1001,1960,TraditionalPop,TraditionalPop,Retained,565,0,0,0
1001,1960,TraditionalPop,TraditionalPop,WeightedTransition,31,0,0,0
1001,1961,Blues,Blues,AnnualFloor,2,0,2,0
1001,1961,Blues,Blues,Retained,74,0,0,0
1001,1961,Blues,Blues,WeightedTransition,8,0,0,0
1001,1961,Blues,Classical,WeightedTransition,2,0,0,0
1001,1961,Blues,Country,WeightedTransition,2,0,0,0
1001,1961,Blues,DooWop,WeightedTransition,2,0,0,0
1001,1961,Blues,Folk,WeightedTransition,1,0,0,0
1001,1961,Blues,Gospel,WeightedTransition,1,0,0,0
1001,1961,Blues,Jazz,WeightedTransition,2,0,0,0
1001,1961,Blues,LatinPop,WeightedTransition,1,0,0,0
1001,1961,Blues,RnB,WeightedTransition,4,0,0,0
1001,1961,Blues,RockAndRoll,WeightedTransition,6,0,0,0
1001,1961,Blues,Soul,WeightedTransition,1,0,0,0
1001,1961,Blues,SurfRock,WeightedTransition,3,0,0,0
1001,1961,Blues,TeenPop,WeightedTransition,3,0,0,0
1001,1961,Blues,TraditionalPop,WeightedTransition,2,0,0,0
1001,1961,Childrens,Childrens,Retained,31,0,0,0
1001,1961,Childrens,Childrens,WeightedTransition,1,0,0,0
1001,1961,Childrens,Comedy,WeightedTransition,1,0,0,0
1001,1961,Childrens,EasyListening,WeightedTransition,1,0,0,0
1001,1961,Childrens,LatinPop,AnnualFloor,1,0,1,0
1001,1961,Childrens,TraditionalPop,WeightedTransition,1,0,0,0
1001,1961,Classical,Blues,WeightedTransition,1,0,0,0
1001,1961,Classical,Childrens,AnnualFloor,1,0,1,0
1001,1961,Classical,Classical,Retained,68,0,0,0
1001,1961,Classical,Classical,WeightedTransition,2,0,0,0
1001,1961,Classical,Comedy,WeightedTransition,2,0,0,0
1001,1961,Classical,Country,AnnualFloor,1,0,1,0
1001,1961,Classical,DooWop,WeightedTransition,1,0,0,0
1001,1961,Classical,EasyListening,WeightedTransition,1,0,0,0
1001,1961,Classical,Jazz,WeightedTransition,1,0,0,0
1001,1961,Classical,RockAndRoll,WeightedTransition,1,0,0,0
1001,1961,Classical,Soul,WeightedTransition,1,0,0,0
1001,1961,Classical,SurfRock,WeightedTransition,1,0,0,0
1001,1961,Classical,TeenPop,WeightedTransition,1,0,0,0
1001,1961,Classical,TraditionalPop,WeightedTransition,1,0,0,0
1001,1961,Comedy,Blues,WeightedTransition,1,0,0,0
1001,1961,Comedy,Classical,WeightedTransition,2,0,0,0
1001,1961,Comedy,Comedy,Retained,51,0,0,0
1001,1961,Comedy,Comedy,WeightedTransition,4,0,0,0
1001,1961,Comedy,Country,WeightedTransition,1,0,0,0
1001,1961,Comedy,DooWop,WeightedTransition,1,0,0,0
1001,1961,Comedy,EasyListening,WeightedTransition,1,0,0,0
1001,1961,Comedy,Gospel,WeightedTransition,1,0,0,0
1001,1961,Comedy,LatinPop,WeightedTransition,1,0,0,0
1001,1961,Comedy,RnB,WeightedTransition,1,0,0,0
1001,1961,ContemporaryFolk,ContemporaryFolk,Retained,3,0,0,0
1001,1961,ContemporaryFolk,DooWop,WeightedTransition,1,0,0,0
1001,1961,Country,Blues,WeightedTransition,1,0,0,0
1001,1961,Country,Classical,AnnualFloor,1,0,1,0
1001,1961,Country,Comedy,WeightedTransition,2,0,0,0
1001,1961,Country,ContemporaryFolk,WeightedTransition,3,0,0,0
1001,1961,Country,Country,AnnualFloor,2,0,2,0
1001,1961,Country,Country,Retained,260,0,0,0
1001,1961,Country,Country,WeightedTransition,19,0,0,0
1001,1961,Country,DooWop,WeightedTransition,1,0,0,0
1001,1961,Country,EasyListening,WeightedTransition,3,0,0,0
1001,1961,Country,Folk,AnnualFloor,1,0,1,0
1001,1961,Country,Folk,WeightedTransition,7,0,0,0
1001,1961,Country,Gospel,AnnualFloor,1,0,1,0
1001,1961,Country,Jazz,WeightedTransition,1,0,0,0
1001,1961,Country,LatinPop,WeightedTransition,2,0,0,0
1001,1961,Country,RnB,WeightedTransition,3,0,0,0
1001,1961,Country,RockAndRoll,AnnualFloor,1,0,1,0
1001,1961,Country,RockAndRoll,WeightedTransition,2,0,0,0
1001,1961,Country,Soul,WeightedTransition,2,0,0,0
1001,1961,Country,SurfRock,AnnualFloor,1,0,1,0
1001,1961,Country,SurfRock,WeightedTransition,1,0,0,0
1001,1961,Country,TeenPop,WeightedTransition,5,0,0,0
1001,1961,Country,TraditionalPop,WeightedTransition,2,0,0,0
1001,1961,DooWop,Childrens,AnnualFloor,1,0,1,0
1001,1961,DooWop,Classical,WeightedTransition,1,0,0,0
1001,1961,DooWop,Comedy,WeightedTransition,5,0,0,0
1001,1961,DooWop,Country,WeightedTransition,3,0,0,0
1001,1961,DooWop,DooWop,Retained,198,0,0,0
1001,1961,DooWop,DooWop,WeightedTransition,29,0,0,0
1001,1961,DooWop,EasyListening,WeightedTransition,1,0,0,0
1001,1961,DooWop,Folk,WeightedTransition,2,0,0,0
1001,1961,DooWop,Gospel,WeightedTransition,2,0,0,0
1001,1961,DooWop,Jazz,WeightedTransition,1,0,0,0
1001,1961,DooWop,LatinPop,WeightedTransition,1,0,0,0
1001,1961,DooWop,RnB,WeightedTransition,14,0,0,0
1001,1961,DooWop,RockAndRoll,WeightedTransition,4,0,0,0
1001,1961,DooWop,Soul,WeightedTransition,9,0,0,0
1001,1961,DooWop,SurfRock,WeightedTransition,2,0,0,0
1001,1961,DooWop,TeenPop,WeightedTransition,4,0,0,0
1001,1961,DooWop,TexMex,WeightedTransition,2,0,0,0
1001,1961,DooWop,TraditionalPop,WeightedTransition,3,0,0,0
1001,1961,EasyListening,Blues,WeightedTransition,1,0,0,0
1001,1961,EasyListening,Classical,WeightedTransition,1,0,0,0
1001,1961,EasyListening,Comedy,WeightedTransition,2,0,0,0
1001,1961,EasyListening,Country,WeightedTransition,4,0,0,0
1001,1961,EasyListening,DooWop,WeightedTransition,3,0,0,0
1001,1961,EasyListening,EasyListening,Retained,198,0,0,0
1001,1961,EasyListening,EasyListening,WeightedTransition,10,0,0,0
1001,1961,EasyListening,Gospel,WeightedTransition,1,0,0,0
1001,1961,EasyListening,Jazz,WeightedTransition,3,0,0,0
1001,1961,EasyListening,LatinPop,WeightedTransition,2,0,0,0
1001,1961,EasyListening,RnB,WeightedTransition,3,0,0,0
1001,1961,EasyListening,RockAndRoll,WeightedTransition,4,0,0,0
1001,1961,EasyListening,Soul,WeightedTransition,3,0,0,0
1001,1961,EasyListening,TeenPop,WeightedTransition,8,0,0,0
1001,1961,EasyListening,TexMex,WeightedTransition,1,0,0,0
1001,1961,EasyListening,TraditionalPop,WeightedTransition,10,0,0,0
1001,1961,Folk,Comedy,WeightedTransition,1,0,0,0
1001,1961,Folk,ContemporaryFolk,WeightedTransition,2,0,0,0
1001,1961,Folk,Country,WeightedTransition,7,0,0,0
1001,1961,Folk,DooWop,WeightedTransition,3,0,0,0
1001,1961,Folk,EasyListening,AnnualFloor,1,0,1,0
1001,1961,Folk,Folk,AnnualFloor,1,0,1,0
1001,1961,Folk,Folk,Retained,121,0,0,0
1001,1961,Folk,Folk,WeightedTransition,17,0,0,0
1001,1961,Folk,Gospel,WeightedTransition,1,0,0,0
1001,1961,Folk,Jazz,WeightedTransition,1,0,0,0
1001,1961,Folk,RnB,WeightedTransition,1,0,0,0
1001,1961,Folk,RockAndRoll,WeightedTransition,1,0,0,0
1001,1961,Folk,Soul,WeightedTransition,1,0,0,0
1001,1961,Folk,SurfRock,WeightedTransition,1,0,0,0
1001,1961,Folk,TeenPop,WeightedTransition,1,0,0,0
1001,1961,Folk,TraditionalPop,WeightedTransition,4,0,0,0
1001,1961,Gospel,Comedy,WeightedTransition,1,0,0,0
1001,1961,Gospel,Country,WeightedTransition,1,0,0,0
1001,1961,Gospel,DooWop,WeightedTransition,1,0,0,0
1001,1961,Gospel,EasyListening,WeightedTransition,1,0,0,0
1001,1961,Gospel,Gospel,Retained,35,0,0,0
1001,1961,Gospel,Gospel,WeightedTransition,4,0,0,0
1001,1961,Gospel,Jazz,WeightedTransition,1,0,0,0
1001,1961,Gospel,RnB,WeightedTransition,2,0,0,0
1001,1961,Gospel,RockAndRoll,WeightedTransition,2,0,0,0
1001,1961,Gospel,Soul,WeightedTransition,2,0,0,0
1001,1961,Gospel,TeenPop,WeightedTransition,2,0,0,0
1001,1961,Jazz,Blues,WeightedTransition,3,0,0,0
1001,1961,Jazz,Childrens,WeightedTransition,2,0,0,0
1001,1961,Jazz,Classical,WeightedTransition,2,0,0,0
1001,1961,Jazz,DooWop,AnnualFloor,1,0,1,0
1001,1961,Jazz,DooWop,WeightedTransition,3,0,0,0
1001,1961,Jazz,EasyListening,WeightedTransition,5,0,0,0
1001,1961,Jazz,Folk,WeightedTransition,5,0,0,0
1001,1961,Jazz,Gospel,WeightedTransition,1,0,0,0
1001,1961,Jazz,Jazz,AnnualFloor,2,0,2,0
1001,1961,Jazz,Jazz,Retained,214,0,0,0
1001,1961,Jazz,Jazz,WeightedTransition,16,0,0,0
1001,1961,Jazz,RnB,WeightedTransition,3,0,0,0
1001,1961,Jazz,Soul,WeightedTransition,2,0,0,0
1001,1961,Jazz,TeenPop,AnnualFloor,2,0,2,0
1001,1961,Jazz,TeenPop,WeightedTransition,3,0,0,0
1001,1961,Jazz,TexMex,WeightedTransition,1,0,0,0
1001,1961,Jazz,TraditionalPop,WeightedTransition,5,0,0,0
1001,1961,LatinPop,Country,WeightedTransition,1,0,0,0
1001,1961,LatinPop,DooWop,WeightedTransition,2,0,0,0
1001,1961,LatinPop,EasyListening,WeightedTransition,2,0,0,0
1001,1961,LatinPop,Folk,WeightedTransition,1,0,0,0
1001,1961,LatinPop,Gospel,WeightedTransition,1,0,0,0
1001,1961,LatinPop,Jazz,WeightedTransition,2,0,0,0
1001,1961,LatinPop,LatinPop,Retained,38,0,0,0
1001,1961,LatinPop,LatinPop,WeightedTransition,4,0,0,0
1001,1961,LatinPop,RnB,WeightedTransition,1,0,0,0
1001,1961,LatinPop,RockAndRoll,WeightedTransition,2,0,0,0
1001,1961,LatinPop,TexMex,AnnualFloor,1,0,1,0
1001,1961,LatinPop,TraditionalPop,WeightedTransition,3,0,0,0
1001,1961,RnB,Blues,WeightedTransition,2,0,0,0
1001,1961,RnB,Childrens,AnnualFloor,1,0,1,0
1001,1961,RnB,Childrens,WeightedTransition,1,0,0,0
1001,1961,RnB,Classical,WeightedTransition,1,0,0,0
1001,1961,RnB,Comedy,WeightedTransition,2,0,0,0
1001,1961,RnB,ContemporaryFolk,AnnualFloor,1,0,1,0
1001,1961,RnB,Country,WeightedTransition,3,0,0,0
1001,1961,RnB,DooWop,AnnualFloor,1,0,1,0
1001,1961,RnB,DooWop,WeightedTransition,14,0,0,0
1001,1961,RnB,EasyListening,WeightedTransition,3,0,0,0
1001,1961,RnB,Folk,WeightedTransition,3,0,0,0
1001,1961,RnB,Gospel,WeightedTransition,4,0,0,0
1001,1961,RnB,Jazz,WeightedTransition,4,0,0,0
1001,1961,RnB,LatinPop,AnnualFloor,1,0,1,0
1001,1961,RnB,LatinPop,WeightedTransition,2,0,0,0
1001,1961,RnB,RnB,Retained,306,0,0,0
1001,1961,RnB,RnB,WeightedTransition,25,0,0,0
1001,1961,RnB,RockAndRoll,WeightedTransition,3,0,0,0
1001,1961,RnB,Soul,WeightedTransition,13,0,0,0
1001,1961,RnB,SurfRock,WeightedTransition,3,0,0,0
1001,1961,RnB,TeenPop,WeightedTransition,8,0,0,0
1001,1961,RnB,TexMex,WeightedTransition,2,0,0,0
1001,1961,RnB,TraditionalPop,AnnualFloor,1,0,1,0
1001,1961,RnB,TraditionalPop,WeightedTransition,1,0,0,0
1001,1961,RockAndRoll,Blues,WeightedTransition,3,0,0,0
1001,1961,RockAndRoll,Childrens,WeightedTransition,1,0,0,0
1001,1961,RockAndRoll,Classical,AnnualFloor,1,0,1,0
1001,1961,RockAndRoll,Classical,WeightedTransition,2,0,0,0
1001,1961,RockAndRoll,Comedy,AnnualFloor,3,0,3,0
1001,1961,RockAndRoll,Comedy,WeightedTransition,1,0,0,0
1001,1961,RockAndRoll,ContemporaryFolk,AnnualFloor,1,0,1,0
1001,1961,RockAndRoll,DooWop,WeightedTransition,3,0,0,0
1001,1961,RockAndRoll,EasyListening,WeightedTransition,4,0,0,0
1001,1961,RockAndRoll,Folk,AnnualFloor,1,0,1,0
1001,1961,RockAndRoll,Folk,WeightedTransition,2,0,0,0
1001,1961,RockAndRoll,Gospel,WeightedTransition,1,0,0,0
1001,1961,RockAndRoll,Jazz,AnnualFloor,1,0,1,0
1001,1961,RockAndRoll,Jazz,WeightedTransition,2,0,0,0
1001,1961,RockAndRoll,LatinPop,WeightedTransition,2,0,0,0
1001,1961,RockAndRoll,RnB,AnnualFloor,1,0,1,0
1001,1961,RockAndRoll,RnB,WeightedTransition,5,0,0,0
1001,1961,RockAndRoll,RockAndRoll,AnnualFloor,2,0,2,0
1001,1961,RockAndRoll,RockAndRoll,Retained,426,0,0,0
1001,1961,RockAndRoll,RockAndRoll,WeightedTransition,38,0,0,0
1001,1961,RockAndRoll,Soul,WeightedTransition,6,0,0,0
1001,1961,RockAndRoll,SurfRock,AnnualFloor,2,0,2,0
1001,1961,RockAndRoll,SurfRock,WeightedTransition,4,0,0,0
1001,1961,RockAndRoll,TeenPop,WeightedTransition,9,0,0,0
1001,1961,RockAndRoll,TexMex,WeightedTransition,1,0,0,0
1001,1961,RockAndRoll,TraditionalPop,WeightedTransition,2,0,0,0
1001,1961,Soul,Blues,WeightedTransition,6,0,0,0
1001,1961,Soul,Childrens,WeightedTransition,1,0,0,0
1001,1961,Soul,Classical,WeightedTransition,1,0,0,0
1001,1961,Soul,Comedy,WeightedTransition,1,0,0,0
1001,1961,Soul,ContemporaryFolk,AnnualFloor,1,0,1,0
1001,1961,Soul,ContemporaryFolk,WeightedTransition,4,0,0,0
1001,1961,Soul,Country,WeightedTransition,3,0,0,0
1001,1961,Soul,DooWop,WeightedTransition,24,0,0,0
1001,1961,Soul,EasyListening,WeightedTransition,5,0,0,0
1001,1961,Soul,Gospel,AnnualFloor,2,0,2,0
1001,1961,Soul,Gospel,WeightedTransition,6,0,0,0
1001,1961,Soul,Jazz,WeightedTransition,2,0,0,0
1001,1961,Soul,LatinPop,AnnualFloor,1,0,1,0
1001,1961,Soul,LatinPop,WeightedTransition,1,0,0,0
1001,1961,Soul,RnB,AnnualFloor,1,0,1,0
1001,1961,Soul,RnB,WeightedTransition,12,0,0,0
1001,1961,Soul,RockAndRoll,WeightedTransition,5,0,0,0
1001,1961,Soul,Soul,AnnualFloor,1,0,1,0
1001,1961,Soul,Soul,Retained,142,0,0,0
1001,1961,Soul,Soul,WeightedTransition,34,0,0,0
1001,1961,Soul,SurfRock,WeightedTransition,1,0,0,0
1001,1961,Soul,TeenPop,WeightedTransition,11,0,0,0
1001,1961,Soul,TexMex,WeightedTransition,1,0,0,0
1001,1961,Soul,TraditionalPop,WeightedTransition,3,0,0,0
1001,1961,SurfRock,Classical,WeightedTransition,1,0,0,0
1001,1961,SurfRock,Comedy,WeightedTransition,1,0,0,0
1001,1961,SurfRock,Jazz,WeightedTransition,1,0,0,0
1001,1961,SurfRock,SurfRock,Retained,9,0,0,0
1001,1961,TeenPop,Childrens,WeightedTransition,2,0,0,0
1001,1961,TeenPop,Classical,WeightedTransition,3,0,0,0
1001,1961,TeenPop,Comedy,WeightedTransition,2,0,0,0
1001,1961,TeenPop,Country,WeightedTransition,1,0,0,0
1001,1961,TeenPop,DooWop,AnnualFloor,1,0,1,0
1001,1961,TeenPop,DooWop,WeightedTransition,6,0,0,0
1001,1961,TeenPop,EasyListening,WeightedTransition,8,0,0,0
1001,1961,TeenPop,Folk,WeightedTransition,2,0,0,0
1001,1961,TeenPop,Gospel,WeightedTransition,2,0,0,0
1001,1961,TeenPop,LatinPop,WeightedTransition,1,0,0,0
1001,1961,TeenPop,RnB,AnnualFloor,1,0,1,0
1001,1961,TeenPop,RnB,WeightedTransition,1,0,0,0
1001,1961,TeenPop,RockAndRoll,WeightedTransition,1,0,0,0
1001,1961,TeenPop,Soul,WeightedTransition,2,0,0,0
1001,1961,TeenPop,SurfRock,WeightedTransition,1,0,0,0
1001,1961,TeenPop,TeenPop,Retained,474,0,0,0
1001,1961,TeenPop,TeenPop,WeightedTransition,22,0,0,0
1001,1961,TeenPop,TexMex,AnnualFloor,2,0,2,0
1001,1961,TeenPop,TexMex,WeightedTransition,1,0,0,0
1001,1961,TeenPop,TraditionalPop,AnnualFloor,1,0,1,0
1001,1961,TeenPop,TraditionalPop,WeightedTransition,7,0,0,0
1001,1961,TexMex,Classical,WeightedTransition,1,0,0,0
1001,1961,TexMex,Comedy,WeightedTransition,2,0,0,0
1001,1961,TexMex,Country,WeightedTransition,1,0,0,0
1001,1961,TexMex,DooWop,WeightedTransition,1,0,0,0
1001,1961,TexMex,LatinPop,WeightedTransition,1,0,0,0
1001,1961,TexMex,SurfRock,WeightedTransition,1,0,0,0
1001,1961,TexMex,TexMex,Retained,18,0,0,0
1001,1961,TexMex,TexMex,WeightedTransition,1,0,0,0
1001,1961,TraditionalPop,Blues,AnnualFloor,1,0,1,0
1001,1961,TraditionalPop,Blues,WeightedTransition,2,0,0,0
1001,1961,TraditionalPop,Classical,AnnualFloor,1,0,1,0
1001,1961,TraditionalPop,Classical,WeightedTransition,2,0,0,0
1001,1961,TraditionalPop,Comedy,WeightedTransition,3,0,0,0
1001,1961,TraditionalPop,ContemporaryFolk,WeightedTransition,1,0,0,0
1001,1961,TraditionalPop,Country,WeightedTransition,9,0,0,0
1001,1961,TraditionalPop,DooWop,WeightedTransition,3,0,0,0
1001,1961,TraditionalPop,EasyListening,AnnualFloor,2,0,2,0
1001,1961,TraditionalPop,EasyListening,WeightedTransition,18,0,0,0
1001,1961,TraditionalPop,Folk,WeightedTransition,5,0,0,0
1001,1961,TraditionalPop,Gospel,WeightedTransition,4,0,0,0
1001,1961,TraditionalPop,Jazz,WeightedTransition,8,0,0,0
1001,1961,TraditionalPop,LatinPop,WeightedTransition,2,0,0,0
1001,1961,TraditionalPop,RnB,WeightedTransition,2,0,0,0
1001,1961,TraditionalPop,RockAndRoll,WeightedTransition,4,0,0,0
1001,1961,TraditionalPop,Soul,AnnualFloor,2,0,2,0
1001,1961,TraditionalPop,SurfRock,WeightedTransition,1,0,0,0
1001,1961,TraditionalPop,TeenPop,AnnualFloor,1,0,1,0
1001,1961,TraditionalPop,TeenPop,WeightedTransition,14,0,0,0
1001,1961,TraditionalPop,TexMex,WeightedTransition,3,0,0,0
1001,1961,TraditionalPop,TraditionalPop,AnnualFloor,1,0,1,0
1001,1961,TraditionalPop,TraditionalPop,Retained,482,0,0,0
1001,1961,TraditionalPop,TraditionalPop,WeightedTransition,37,0,0,0
1001,1962,Blues,Blues,Retained,80,0,0,0
1001,1962,Blues,Blues,WeightedTransition,3,0,0,0
1001,1962,Blues,BossaNova,WeightedTransition,2,0,0,0
1001,1962,Blues,Comedy,WeightedTransition,3,0,0,0
1001,1962,Blues,ContemporaryFolk,WeightedTransition,1,0,0,0
1001,1962,Blues,Country,WeightedTransition,2,0,0,0
1001,1962,Blues,DooWop,AnnualFloor,1,0,1,0
1001,1962,Blues,DooWop,WeightedTransition,1,0,0,0
1001,1962,Blues,Folk,WeightedTransition,1,0,0,0
1001,1962,Blues,Gospel,WeightedTransition,1,0,0,0
1001,1962,Blues,Jazz,WeightedTransition,3,0,0,0
1001,1962,Blues,LatinPop,WeightedTransition,1,0,0,0
1001,1962,Blues,RnB,WeightedTransition,4,0,0,0
1001,1962,Blues,RockAndRoll,WeightedTransition,2,0,0,0
1001,1962,Blues,Soul,WeightedTransition,4,0,0,0
1001,1962,Blues,SurfRock,WeightedTransition,5,0,0,0
1001,1962,Blues,TraditionalPop,WeightedTransition,3,0,0,0
1001,1962,BossaNova,BossaNova,Retained,6,0,0,0
1001,1962,BossaNova,Country,WeightedTransition,1,0,0,0
1001,1962,BossaNova,DooWop,WeightedTransition,1,0,0,0
1001,1962,BossaNova,RnB,WeightedTransition,1,0,0,0
1001,1962,Childrens,Blues,WeightedTransition,1,0,0,0
1001,1962,Childrens,Childrens,Retained,29,0,0,0
1001,1962,Childrens,Comedy,WeightedTransition,1,0,0,0
1001,1962,Childrens,Folk,WeightedTransition,1,0,0,0
1001,1962,Childrens,RockAndRoll,WeightedTransition,1,0,0,0
1001,1962,Classical,Classical,Retained,63,0,0,0
1001,1962,Classical,Classical,WeightedTransition,3,0,0,0
1001,1962,Classical,EasyListening,WeightedTransition,1,0,0,0
1001,1962,Classical,LatinPop,WeightedTransition,1,0,0,0
1001,1962,Classical,RnB,WeightedTransition,1,0,0,0
1001,1962,Classical,TeenPop,WeightedTransition,1,0,0,0
1001,1962,Comedy,Blues,WeightedTransition,1,0,0,0
1001,1962,Comedy,Comedy,Retained,47,0,0,0
1001,1962,Comedy,Comedy,WeightedTransition,2,0,0,0
1001,1962,Comedy,DooWop,WeightedTransition,1,0,0,0
1001,1962,Comedy,RockAndRoll,WeightedTransition,1,0,0,0
1001,1962,Comedy,SurfRock,WeightedTransition,1,0,0,0
1001,1962,ContemporaryFolk,ContemporaryFolk,Retained,22,0,0,0
1001,1962,ContemporaryFolk,ContemporaryFolk,WeightedTransition,1,0,0,0
1001,1962,ContemporaryFolk,EasyListening,WeightedTransition,1,0,0,0
1001,1962,ContemporaryFolk,Folk,WeightedTransition,1,0,0,0
1001,1962,ContemporaryFolk,RnB,WeightedTransition,1,0,0,0
1001,1962,ContemporaryFolk,TeenPop,WeightedTransition,1,0,0,0
1001,1962,Country,Blues,WeightedTransition,1,0,0,0
1001,1962,Country,Childrens,WeightedTransition,1,0,0,0
1001,1962,Country,Classical,WeightedTransition,2,0,0,0
1001,1962,Country,ContemporaryFolk,AnnualFloor,1,0,1,0
1001,1962,Country,ContemporaryFolk,WeightedTransition,5,0,0,0
1001,1962,Country,Country,AnnualFloor,2,0,2,0
1001,1962,Country,Country,Retained,240,0,0,0
1001,1962,Country,Country,WeightedTransition,16,0,0,0
1001,1962,Country,DooWop,WeightedTransition,1,0,0,0
1001,1962,Country,EasyListening,WeightedTransition,4,0,0,0
1001,1962,Country,Folk,WeightedTransition,6,0,0,0
1001,1962,Country,Gospel,WeightedTransition,7,0,0,0
1001,1962,Country,Jazz,AnnualFloor,1,0,1,0
1001,1962,Country,Jazz,WeightedTransition,2,0,0,0
1001,1962,Country,LatinPop,WeightedTransition,2,0,0,0
1001,1962,Country,RnB,WeightedTransition,3,0,0,0
1001,1962,Country,RockAndRoll,WeightedTransition,4,0,0,0
1001,1962,Country,Soul,WeightedTransition,2,0,0,0
1001,1962,Country,SurfRock,WeightedTransition,2,0,0,0
1001,1962,Country,TeenPop,WeightedTransition,3,0,0,0
1001,1962,Country,TraditionalPop,WeightedTransition,3,0,0,0
1001,1962,DooWop,BossaNova,WeightedTransition,1,0,0,0
1001,1962,DooWop,Childrens,WeightedTransition,4,0,0,0
1001,1962,DooWop,Comedy,WeightedTransition,2,0,0,0
1001,1962,DooWop,ContemporaryFolk,WeightedTransition,3,0,0,0
1001,1962,DooWop,Country,WeightedTransition,4,0,0,0
1001,1962,DooWop,DooWop,Retained,141,0,0,0
1001,1962,DooWop,DooWop,WeightedTransition,20,0,0,0
1001,1962,DooWop,EasyListening,AnnualFloor,1,0,1,0
1001,1962,DooWop,EasyListening,WeightedTransition,1,0,0,0
1001,1962,DooWop,Folk,AnnualFloor,1,0,1,0
1001,1962,DooWop,Folk,WeightedTransition,2,0,0,0
1001,1962,DooWop,Gospel,WeightedTransition,3,0,0,0
1001,1962,DooWop,Jazz,WeightedTransition,3,0,0,0
1001,1962,DooWop,LatinPop,WeightedTransition,2,0,0,0
1001,1962,DooWop,RnB,WeightedTransition,10,0,0,0
1001,1962,DooWop,RockAndRoll,WeightedTransition,1,0,0,0
1001,1962,DooWop,Soul,AnnualFloor,1,0,1,0
1001,1962,DooWop,Soul,WeightedTransition,15,0,0,0
1001,1962,DooWop,SurfRock,AnnualFloor,1,0,1,0
1001,1962,DooWop,SurfRock,WeightedTransition,1,0,0,0
1001,1962,DooWop,TeenPop,WeightedTransition,6,0,0,0
1001,1962,DooWop,TexMex,WeightedTransition,1,0,0,0
1001,1962,DooWop,TraditionalPop,WeightedTransition,4,0,0,0
1001,1962,EasyListening,Blues,WeightedTransition,3,0,0,0
1001,1962,EasyListening,BossaNova,WeightedTransition,1,0,0,0
1001,1962,EasyListening,Childrens,WeightedTransition,4,0,0,0
1001,1962,EasyListening,Classical,WeightedTransition,2,0,0,0
1001,1962,EasyListening,Comedy,WeightedTransition,2,0,0,0
1001,1962,EasyListening,ContemporaryFolk,AnnualFloor,1,0,1,0
1001,1962,EasyListening,ContemporaryFolk,WeightedTransition,2,0,0,0
1001,1962,EasyListening,Country,WeightedTransition,5,0,0,0
1001,1962,EasyListening,DooWop,WeightedTransition,1,0,0,0
1001,1962,EasyListening,EasyListening,Retained,183,0,0,0
1001,1962,EasyListening,EasyListening,WeightedTransition,19,0,0,0
1001,1962,EasyListening,Folk,WeightedTransition,4,0,0,0
1001,1962,EasyListening,Gospel,WeightedTransition,4,0,0,0
1001,1962,EasyListening,Jazz,WeightedTransition,4,0,0,0
1001,1962,EasyListening,RnB,WeightedTransition,5,0,0,0
1001,1962,EasyListening,RockAndRoll,WeightedTransition,2,0,0,0
1001,1962,EasyListening,SurfRock,WeightedTransition,2,0,0,0
1001,1962,EasyListening,TeenPop,AnnualFloor,1,0,1,0
1001,1962,EasyListening,TeenPop,WeightedTransition,14,0,0,0
1001,1962,EasyListening,TexMex,WeightedTransition,1,0,0,0
1001,1962,EasyListening,TraditionalPop,WeightedTransition,4,0,0,0
1001,1962,Folk,Blues,AnnualFloor,1,0,1,0
1001,1962,Folk,BossaNova,WeightedTransition,1,0,0,0
1001,1962,Folk,ContemporaryFolk,WeightedTransition,2,0,0,0
1001,1962,Folk,Country,WeightedTransition,2,0,0,0
1001,1962,Folk,DooWop,WeightedTransition,1,0,0,0
1001,1962,Folk,EasyListening,WeightedTransition,2,0,0,0
1001,1962,Folk,Folk,AnnualFloor,1,0,1,0
1001,1962,Folk,Folk,Retained,118,0,0,0
1001,1962,Folk,Folk,WeightedTransition,4,0,0,0
1001,1962,Folk,Jazz,WeightedTransition,1,0,0,0
1001,1962,Folk,Soul,WeightedTransition,2,0,0,0
1001,1962,Folk,TeenPop,WeightedTransition,3,0,0,0
1001,1962,Folk,TexMex,AnnualFloor,1,0,1,0
1001,1962,Folk,TraditionalPop,WeightedTransition,2,0,0,0
1001,1962,Gospel,BossaNova,AnnualFloor,1,0,1,0
1001,1962,Gospel,ContemporaryFolk,WeightedTransition,1,0,0,0
1001,1962,Gospel,Country,WeightedTransition,1,0,0,0
1001,1962,Gospel,DooWop,WeightedTransition,3,0,0,0
1001,1962,Gospel,Folk,WeightedTransition,1,0,0,0
1001,1962,Gospel,Gospel,Retained,28,0,0,0
1001,1962,Gospel,Gospel,WeightedTransition,9,0,0,0
1001,1962,Gospel,LatinPop,WeightedTransition,1,0,0,0
1001,1962,Gospel,RnB,WeightedTransition,4,0,0,0
1001,1962,Gospel,Soul,WeightedTransition,1,0,0,0
1001,1962,Gospel,TeenPop,WeightedTransition,1,0,0,0
1001,1962,Jazz,Blues,WeightedTransition,3,0,0,0
1001,1962,Jazz,BossaNova,WeightedTransition,7,0,0,0
1001,1962,Jazz,Childrens,WeightedTransition,3,0,0,0
1001,1962,Jazz,Classical,WeightedTransition,3,0,0,0
1001,1962,Jazz,Comedy,AnnualFloor,1,0,1,0
1001,1962,Jazz,Comedy,WeightedTransition,2,0,0,0
1001,1962,Jazz,ContemporaryFolk,WeightedTransition,3,0,0,0
1001,1962,Jazz,Country,AnnualFloor,1,0,1,0
1001,1962,Jazz,Country,WeightedTransition,2,0,0,0
1001,1962,Jazz,DooWop,WeightedTransition,2,0,0,0
1001,1962,Jazz,EasyListening,WeightedTransition,5,0,0,0
1001,1962,Jazz,Folk,WeightedTransition,2,0,0,0
1001,1962,Jazz,Jazz,Retained,183,0,0,0
1001,1962,Jazz,Jazz,WeightedTransition,20,0,0,0
1001,1962,Jazz,RnB,WeightedTransition,4,0,0,0
1001,1962,Jazz,RockAndRoll,WeightedTransition,4,0,0,0
1001,1962,Jazz,Soul,WeightedTransition,7,0,0,0
1001,1962,Jazz,SurfRock,WeightedTransition,3,0,0,0
1001,1962,Jazz,TeenPop,WeightedTransition,6,0,0,0
1001,1962,Jazz,TexMex,WeightedTransition,2,0,0,0
1001,1962,Jazz,TraditionalPop,WeightedTransition,7,0,0,0
1001,1962,LatinPop,DooWop,WeightedTransition,1,0,0,0
1001,1962,LatinPop,Folk,WeightedTransition,1,0,0,0
1001,1962,LatinPop,Gospel,AnnualFloor,1,0,1,0
1001,1962,LatinPop,LatinPop,Retained,44,0,0,0
1001,1962,LatinPop,RnB,WeightedTransition,1,0,0,0
1001,1962,LatinPop,RockAndRoll,WeightedTransition,2,0,0,0
1001,1962,LatinPop,TexMex,WeightedTransition,2,0,0,0
1001,1962,RnB,Blues,AnnualFloor,1,0,1,0
1001,1962,RnB,BossaNova,WeightedTransition,1,0,0,0
1001,1962,RnB,Childrens,AnnualFloor,1,0,1,0
1001,1962,RnB,Classical,AnnualFloor,1,0,1,0
1001,1962,RnB,Classical,WeightedTransition,1,0,0,0
1001,1962,RnB,Comedy,WeightedTransition,1,0,0,0
1001,1962,RnB,Country,WeightedTransition,1,0,0,0
1001,1962,RnB,DooWop,AnnualFloor,1,0,1,0
1001,1962,RnB,DooWop,WeightedTransition,11,0,0,0
1001,1962,RnB,Folk,WeightedTransition,3,0,0,0
1001,1962,RnB,Gospel,WeightedTransition,2,0,0,0
1001,1962,RnB,Jazz,WeightedTransition,3,0,0,0
1001,1962,RnB,LatinPop,AnnualFloor,1,0,1,0
1001,1962,RnB,LatinPop,WeightedTransition,1,0,0,0
1001,1962,RnB,RnB,AnnualFloor,2,0,2,0
1001,1962,RnB,RnB,Retained,254,0,0,0
1001,1962,RnB,RnB,WeightedTransition,12,0,0,0
1001,1962,RnB,RockAndRoll,WeightedTransition,2,0,0,0
1001,1962,RnB,Soul,WeightedTransition,9,0,0,0
1001,1962,RnB,SurfRock,WeightedTransition,3,0,0,0
1001,1962,RnB,TeenPop,AnnualFloor,1,0,1,0
1001,1962,RnB,TeenPop,WeightedTransition,2,0,0,0
1001,1962,RnB,TexMex,AnnualFloor,1,0,1,0
1001,1962,RnB,TexMex,WeightedTransition,1,0,0,0
1001,1962,RnB,TraditionalPop,WeightedTransition,5,0,0,0
1001,1962,RockAndRoll,Blues,AnnualFloor,1,0,1,0
1001,1962,RockAndRoll,Blues,WeightedTransition,1,0,0,0
1001,1962,RockAndRoll,BossaNova,AnnualFloor,2,0,2,0
1001,1962,RockAndRoll,BossaNova,WeightedTransition,1,0,0,0
1001,1962,RockAndRoll,Classical,WeightedTransition,4,0,0,0
1001,1962,RockAndRoll,Comedy,AnnualFloor,1,0,1,0
1001,1962,RockAndRoll,Comedy,WeightedTransition,1,0,0,0
1001,1962,RockAndRoll,ContemporaryFolk,WeightedTransition,3,0,0,0
1001,1962,RockAndRoll,Country,WeightedTransition,6,0,0,0
1001,1962,RockAndRoll,DooWop,WeightedTransition,6,0,0,0
1001,1962,RockAndRoll,EasyListening,WeightedTransition,2,0,0,0
1001,1962,RockAndRoll,Folk,WeightedTransition,4,0,0,0
1001,1962,RockAndRoll,Gospel,AnnualFloor,1,0,1,0
1001,1962,RockAndRoll,Gospel,WeightedTransition,1,0,0,0
1001,1962,RockAndRoll,Jazz,AnnualFloor,1,0,1,0
1001,1962,RockAndRoll,Jazz,WeightedTransition,2,0,0,0
1001,1962,RockAndRoll,LatinPop,AnnualFloor,1,0,1,0
1001,1962,RockAndRoll,LatinPop,WeightedTransition,2,0,0,0
1001,1962,RockAndRoll,RnB,AnnualFloor,1,0,1,0
1001,1962,RockAndRoll,RnB,WeightedTransition,10,0,0,0
1001,1962,RockAndRoll,RockAndRoll,AnnualFloor,3,0,3,0
1001,1962,RockAndRoll,RockAndRoll,Retained,350,0,0,0
1001,1962,RockAndRoll,RockAndRoll,WeightedTransition,25,0,0,0
1001,1962,RockAndRoll,Soul,AnnualFloor,1,0,1,0
1001,1962,RockAndRoll,Soul,WeightedTransition,1,0,0,0
1001,1962,RockAndRoll,SurfRock,AnnualFloor,1,0,1,0
1001,1962,RockAndRoll,SurfRock,WeightedTransition,3,0,0,0
1001,1962,RockAndRoll,TeenPop,WeightedTransition,6,0,0,0
1001,1962,RockAndRoll,TexMex,AnnualFloor,1,0,1,0
1001,1962,RockAndRoll,TexMex,WeightedTransition,1,0,0,0
1001,1962,RockAndRoll,TraditionalPop,WeightedTransition,3,0,0,0
1001,1962,Soul,Blues,WeightedTransition,1,0,0,0
1001,1962,Soul,BossaNova,WeightedTransition,1,0,0,0
1001,1962,Soul,Classical,WeightedTransition,1,0,0,0
1001,1962,Soul,Comedy,WeightedTransition,1,0,0,0
1001,1962,Soul,ContemporaryFolk,WeightedTransition,1,0,0,0
1001,1962,Soul,Country,WeightedTransition,4,0,0,0
1001,1962,Soul,DooWop,WeightedTransition,8,0,0,0
1001,1962,Soul,EasyListening,AnnualFloor,1,0,1,0
1001,1962,Soul,EasyListening,WeightedTransition,6,0,0,0
1001,1962,Soul,Folk,WeightedTransition,1,0,0,0
1001,1962,Soul,LatinPop,WeightedTransition,2,0,0,0
1001,1962,Soul,RnB,WeightedTransition,8,0,0,0
1001,1962,Soul,RockAndRoll,WeightedTransition,2,0,0,0
1001,1962,Soul,Soul,AnnualFloor,1,0,1,0
1001,1962,Soul,Soul,Retained,147,0,0,0
1001,1962,Soul,Soul,WeightedTransition,24,0,0,0
1001,1962,Soul,SurfRock,WeightedTransition,1,0,0,0
1001,1962,Soul,TeenPop,WeightedTransition,5,0,0,0
1001,1962,Soul,TexMex,WeightedTransition,1,0,0,0
1001,1962,Soul,TraditionalPop,WeightedTransition,5,0,0,0
1001,1962,SurfRock,Gospel,WeightedTransition,1,0,0,0
1001,1962,SurfRock,Soul,WeightedTransition,1,0,0,0
1001,1962,SurfRock,SurfRock,Retained,33,0,0,0
1001,1962,SurfRock,SurfRock,WeightedTransition,1,0,0,0
1001,1962,TeenPop,Blues,WeightedTransition,2,0,0,0
1001,1962,TeenPop,Classical,WeightedTransition,2,0,0,0
1001,1962,TeenPop,Comedy,AnnualFloor,1,0,1,0
1001,1962,TeenPop,Comedy,WeightedTransition,1,0,0,0
1001,1962,TeenPop,ContemporaryFolk,AnnualFloor,1,0,1,0
1001,1962,TeenPop,ContemporaryFolk,WeightedTransition,3,0,0,0
1001,1962,TeenPop,Country,WeightedTransition,4,0,0,0
1001,1962,TeenPop,DooWop,AnnualFloor,1,0,1,0
1001,1962,TeenPop,DooWop,WeightedTransition,2,0,0,0
1001,1962,TeenPop,EasyListening,WeightedTransition,7,0,0,0
1001,1962,TeenPop,Folk,WeightedTransition,4,0,0,0
1001,1962,TeenPop,Gospel,WeightedTransition,2,0,0,0
1001,1962,TeenPop,Jazz,WeightedTransition,4,0,0,0
1001,1962,TeenPop,LatinPop,WeightedTransition,2,0,0,0
1001,1962,TeenPop,RnB,WeightedTransition,3,0,0,0
1001,1962,TeenPop,RockAndRoll,WeightedTransition,7,0,0,0
1001,1962,TeenPop,Soul,WeightedTransition,3,0,0,0
1001,1962,TeenPop,TeenPop,AnnualFloor,1,0,1,0
1001,1962,TeenPop,TeenPop,Retained,448,0,0,0
1001,1962,TeenPop,TeenPop,WeightedTransition,27,0,0,0
1001,1962,TeenPop,TraditionalPop,WeightedTransition,10,0,0,0
1001,1962,TexMex,ContemporaryFolk,WeightedTransition,1,0,0,0
1001,1962,TexMex,Country,WeightedTransition,2,0,0,0
1001,1962,TexMex,EasyListening,WeightedTransition,1,0,0,0
1001,1962,TexMex,Gospel,AnnualFloor,1,0,1,0
1001,1962,TexMex,LatinPop,WeightedTransition,2,0,0,0
1001,1962,TexMex,Soul,WeightedTransition,1,0,0,0
1001,1962,TexMex,TeenPop,WeightedTransition,1,0,0,0
1001,1962,TexMex,TexMex,Retained,22,0,0,0
1001,1962,TexMex,TraditionalPop,WeightedTransition,1,0,0,0
1001,1962,TraditionalPop,Blues,WeightedTransition,5,0,0,0
1001,1962,TraditionalPop,BossaNova,WeightedTransition,2,0,0,0
1001,1962,TraditionalPop,Childrens,AnnualFloor,2,0,2,0
1001,1962,TraditionalPop,Childrens,WeightedTransition,6,0,0,0
1001,1962,TraditionalPop,Classical,AnnualFloor,2,0,2,0
1001,1962,TraditionalPop,Comedy,WeightedTransition,2,0,0,0
1001,1962,TraditionalPop,ContemporaryFolk,WeightedTransition,4,0,0,0
1001,1962,TraditionalPop,Country,WeightedTransition,4,0,0,0
1001,1962,TraditionalPop,DooWop,WeightedTransition,7,0,0,0
1001,1962,TraditionalPop,EasyListening,AnnualFloor,1,0,1,0
1001,1962,TraditionalPop,EasyListening,WeightedTransition,9,0,0,0
1001,1962,TraditionalPop,Folk,AnnualFloor,1,0,1,0
1001,1962,TraditionalPop,Folk,WeightedTransition,3,0,0,0
1001,1962,TraditionalPop,Gospel,WeightedTransition,5,0,0,0
1001,1962,TraditionalPop,Jazz,AnnualFloor,1,0,1,0
1001,1962,TraditionalPop,Jazz,WeightedTransition,10,0,0,0
1001,1962,TraditionalPop,LatinPop,AnnualFloor,1,0,1,0
1001,1962,TraditionalPop,LatinPop,WeightedTransition,2,0,0,0
1001,1962,TraditionalPop,RnB,WeightedTransition,8,0,0,0
1001,1962,TraditionalPop,RockAndRoll,WeightedTransition,6,0,0,0
1001,1962,TraditionalPop,Soul,WeightedTransition,3,0,0,0
1001,1962,TraditionalPop,SurfRock,AnnualFloor,1,0,1,0
1001,1962,TraditionalPop,SurfRock,WeightedTransition,3,0,0,0
1001,1962,TraditionalPop,TeenPop,WeightedTransition,18,0,0,0
1001,1962,TraditionalPop,TraditionalPop,AnnualFloor,3,0,3,0
1001,1962,TraditionalPop,TraditionalPop,Retained,389,0,0,0
1001,1962,TraditionalPop,TraditionalPop,WeightedTransition,39,0,0,0
1001,1963,Blues,Blues,Retained,58,0,0,0
1001,1963,Blues,Blues,WeightedTransition,3,0,0,0
1001,1963,Blues,BossaNova,WeightedTransition,1,0,0,0
1001,1963,Blues,Classical,WeightedTransition,1,0,0,0
1001,1963,Blues,DooWop,WeightedTransition,1,0,0,0
1001,1963,Blues,Folk,WeightedTransition,1,0,0,0
1001,1963,Blues,Gospel,WeightedTransition,1,0,0,0
1001,1963,Blues,Jazz,WeightedTransition,4,0,0,0
1001,1963,Blues,RnB,WeightedTransition,1,0,0,0
1001,1963,Blues,RockAndRoll,WeightedTransition,1,0,0,0
1001,1963,Blues,Soul,WeightedTransition,3,0,0,0
1001,1963,Blues,TeenPop,WeightedTransition,1,0,0,0
1001,1963,Blues,TraditionalPop,WeightedTransition,1,0,0,0
1001,1963,BossaNova,Blues,WeightedTransition,1,0,0,0
1001,1963,BossaNova,BossaNova,Retained,18,0,0,0
1001,1963,BossaNova,BossaNova,WeightedTransition,3,0,0,0
1001,1963,BossaNova,Gospel,WeightedTransition,1,0,0,0
1001,1963,BossaNova,Jazz,WeightedTransition,1,0,0,0
1001,1963,BossaNova,LatinPop,WeightedTransition,1,0,0,0
1001,1963,BossaNova,RnB,WeightedTransition,1,0,0,0
1001,1963,BossaNova,Soul,WeightedTransition,1,0,0,0
1001,1963,Childrens,Childrens,Retained,26,0,0,0
1001,1963,Childrens,Childrens,WeightedTransition,2,0,0,0
1001,1963,Childrens,Folk,WeightedTransition,1,0,0,0
1001,1963,Childrens,Gospel,WeightedTransition,1,0,0,0
1001,1963,Childrens,TraditionalPop,WeightedTransition,1,0,0,0
1001,1963,Classical,Classical,AnnualFloor,1,0,1,0
1001,1963,Classical,Classical,Retained,62,0,0,0
1001,1963,Classical,Classical,WeightedTransition,3,0,0,0
1001,1963,Classical,ContemporaryFolk,WeightedTransition,1,0,0,0
1001,1963,Classical,DooWop,WeightedTransition,1,0,0,0
1001,1963,Classical,EasyListening,WeightedTransition,1,0,0,0
1001,1963,Classical,GarageRock,WeightedTransition,2,0,0,0
1001,1963,Classical,RnB,WeightedTransition,1,0,0,0
1001,1963,Classical,TeenPop,WeightedTransition,1,0,0,0
1001,1963,Comedy,BossaNova,WeightedTransition,1,0,0,0
1001,1963,Comedy,Comedy,Retained,33,0,0,0
1001,1963,Comedy,Comedy,WeightedTransition,1,0,0,0
1001,1963,Comedy,Country,WeightedTransition,2,0,0,0
1001,1963,Comedy,DooWop,WeightedTransition,1,0,0,0
1001,1963,Comedy,EasyListening,WeightedTransition,4,0,0,0
1001,1963,Comedy,Folk,WeightedTransition,1,0,0,0
1001,1963,Comedy,Jazz,WeightedTransition,1,0,0,0
1001,1963,Comedy,RnB,WeightedTransition,2,0,0,0
1001,1963,Comedy,Soul,AnnualFloor,1,0,1,0
1001,1963,Comedy,Soul,WeightedTransition,2,0,0,0
1001,1963,Comedy,SurfRock,WeightedTransition,1,0,0,0
1001,1963,Comedy,TeenPop,WeightedTransition,1,0,0,0
1001,1963,Comedy,TraditionalPop,WeightedTransition,1,0,0,0
1001,1963,ContemporaryFolk,ContemporaryFolk,Retained,16,0,0,0
1001,1963,ContemporaryFolk,ContemporaryFolk,WeightedTransition,1,0,0,0
1001,1963,ContemporaryFolk,Folk,WeightedTransition,1,0,0,0
1001,1963,ContemporaryFolk,RockAndRoll,WeightedTransition,1,0,0,0
1001,1963,Country,Blues,WeightedTransition,4,0,0,0
1001,1963,Country,BossaNova,WeightedTransition,2,0,0,0
1001,1963,Country,Childrens,WeightedTransition,2,0,0,0
1001,1963,Country,Classical,WeightedTransition,3,0,0,0
1001,1963,Country,Comedy,AnnualFloor,1,0,1,0
1001,1963,Country,Comedy,WeightedTransition,2,0,0,0
1001,1963,Country,ContemporaryFolk,WeightedTransition,2,0,0,0
1001,1963,Country,Country,AnnualFloor,3,0,3,0
1001,1963,Country,Country,Retained,228,0,0,0
1001,1963,Country,Country,WeightedTransition,29,0,0,0
1001,1963,Country,DooWop,WeightedTransition,3,0,0,0
1001,1963,Country,EasyListening,WeightedTransition,4,0,0,0
1001,1963,Country,Folk,WeightedTransition,6,0,0,0
1001,1963,Country,Gospel,WeightedTransition,6,0,0,0
1001,1963,Country,Jazz,WeightedTransition,1,0,0,0
1001,1963,Country,RnB,WeightedTransition,3,0,0,0
1001,1963,Country,RockAndRoll,WeightedTransition,7,0,0,0
1001,1963,Country,Soul,WeightedTransition,4,0,0,0
1001,1963,Country,SurfRock,WeightedTransition,5,0,0,0
1001,1963,Country,TeenPop,WeightedTransition,6,0,0,0
1001,1963,Country,TexMex,WeightedTransition,3,0,0,0
1001,1963,Country,TraditionalPop,WeightedTransition,4,0,0,0
1001,1963,DooWop,Blues,WeightedTransition,2,0,0,0
1001,1963,DooWop,BossaNova,WeightedTransition,4,0,0,0
1001,1963,DooWop,Childrens,WeightedTransition,3,0,0,0
1001,1963,DooWop,Classical,AnnualFloor,1,0,1,0
1001,1963,DooWop,Classical,WeightedTransition,3,0,0,0
1001,1963,DooWop,Comedy,AnnualFloor,1,0,1,0
1001,1963,DooWop,Comedy,WeightedTransition,2,0,0,0
1001,1963,DooWop,ContemporaryFolk,WeightedTransition,2,0,0,0
1001,1963,DooWop,Country,WeightedTransition,3,0,0,0
1001,1963,DooWop,DooWop,Retained,79,0,0,0
1001,1963,DooWop,DooWop,WeightedTransition,16,0,0,0
1001,1963,DooWop,EasyListening,WeightedTransition,2,0,0,0
1001,1963,DooWop,Folk,WeightedTransition,3,0,0,0
1001,1963,DooWop,Gospel,WeightedTransition,7,0,0,0
1001,1963,DooWop,Jazz,AnnualFloor,1,0,1,0
1001,1963,DooWop,Jazz,WeightedTransition,2,0,0,0
1001,1963,DooWop,LatinPop,WeightedTransition,3,0,0,0
1001,1963,DooWop,RnB,WeightedTransition,11,0,0,0
1001,1963,DooWop,RockAndRoll,WeightedTransition,1,0,0,0
1001,1963,DooWop,Soul,WeightedTransition,7,0,0,0
1001,1963,DooWop,SurfRock,WeightedTransition,2,0,0,0
1001,1963,DooWop,TeenPop,WeightedTransition,4,0,0,0
1001,1963,DooWop,TexMex,WeightedTransition,2,0,0,0
1001,1963,DooWop,TraditionalPop,WeightedTransition,6,0,0,0
1001,1963,EasyListening,Blues,WeightedTransition,1,0,0,0
1001,1963,EasyListening,BossaNova,AnnualFloor,1,0,1,0
1001,1963,EasyListening,BossaNova,WeightedTransition,2,0,0,0
1001,1963,EasyListening,Childrens,WeightedTransition,1,0,0,0
1001,1963,EasyListening,Classical,WeightedTransition,1,0,0,0
1001,1963,EasyListening,Comedy,WeightedTransition,3,0,0,0
1001,1963,EasyListening,ContemporaryFolk,WeightedTransition,2,0,0,0
1001,1963,EasyListening,Country,WeightedTransition,2,0,0,0
1001,1963,EasyListening,DooWop,AnnualFloor,1,0,1,0
1001,1963,EasyListening,DooWop,WeightedTransition,6,0,0,0
1001,1963,EasyListening,EasyListening,AnnualFloor,1,0,1,0
1001,1963,EasyListening,EasyListening,Retained,130,0,0,0
1001,1963,EasyListening,EasyListening,WeightedTransition,12,0,0,0
1001,1963,EasyListening,Folk,WeightedTransition,3,0,0,0
1001,1963,EasyListening,GarageRock,AnnualFloor,2,0,2,0
1001,1963,EasyListening,Gospel,WeightedTransition,3,0,0,0
1001,1963,EasyListening,Jazz,WeightedTransition,7,0,0,0
1001,1963,EasyListening,LatinPop,WeightedTransition,2,0,0,0
1001,1963,EasyListening,RnB,WeightedTransition,2,0,0,0
1001,1963,EasyListening,RockAndRoll,WeightedTransition,6,0,0,0
1001,1963,EasyListening,Soul,WeightedTransition,2,0,0,0
1001,1963,EasyListening,SurfRock,WeightedTransition,2,0,0,0
1001,1963,EasyListening,TeenPop,WeightedTransition,17,0,0,0
1001,1963,EasyListening,TexMex,WeightedTransition,4,0,0,0
1001,1963,EasyListening,TraditionalPop,WeightedTransition,14,0,0,0
1001,1963,Folk,Blues,AnnualFloor,1,0,1,0
1001,1963,Folk,Blues,WeightedTransition,1,0,0,0
1001,1963,Folk,BossaNova,WeightedTransition,2,0,0,0
1001,1963,Folk,Classical,WeightedTransition,2,0,0,0
1001,1963,Folk,Comedy,WeightedTransition,1,0,0,0
1001,1963,Folk,ContemporaryFolk,WeightedTransition,2,0,0,0
1001,1963,Folk,Country,WeightedTransition,3,0,0,0
1001,1963,Folk,Folk,AnnualFloor,1,0,1,0
1001,1963,Folk,Folk,Retained,124,0,0,0
1001,1963,Folk,Folk,WeightedTransition,7,0,0,0
1001,1963,Folk,GarageRock,WeightedTransition,1,0,0,0
1001,1963,Folk,Gospel,WeightedTransition,1,0,0,0
1001,1963,Folk,RnB,WeightedTransition,2,0,0,0
1001,1963,Folk,TeenPop,AnnualFloor,1,0,1,0
1001,1963,Folk,TeenPop,WeightedTransition,3,0,0,0
1001,1963,Folk,TraditionalPop,WeightedTransition,1,0,0,0
1001,1963,GarageRock,DooWop,WeightedTransition,1,0,0,0
1001,1963,GarageRock,GarageRock,Retained,11,0,0,0
1001,1963,GarageRock,Gospel,WeightedTransition,1,0,0,0
1001,1963,GarageRock,Soul,WeightedTransition,1,0,0,0
1001,1963,GarageRock,SurfRock,WeightedTransition,1,0,0,0
1001,1963,GarageRock,TraditionalPop,WeightedTransition,1,0,0,0
1001,1963,Gospel,Classical,WeightedTransition,2,0,0,0
1001,1963,Gospel,Comedy,WeightedTransition,1,0,0,0
1001,1963,Gospel,ContemporaryFolk,WeightedTransition,1,0,0,0
1001,1963,Gospel,Country,WeightedTransition,2,0,0,0
1001,1963,Gospel,EasyListening,WeightedTransition,2,0,0,0
1001,1963,Gospel,Gospel,Retained,29,0,0,0
1001,1963,Gospel,Gospel,WeightedTransition,10,0,0,0
1001,1963,Gospel,Jazz,WeightedTransition,2,0,0,0
1001,1963,Gospel,LatinPop,WeightedTransition,1,0,0,0
1001,1963,Gospel,RnB,WeightedTransition,3,0,0,0
1001,1963,Gospel,RockAndRoll,WeightedTransition,1,0,0,0
1001,1963,Gospel,Soul,WeightedTransition,2,0,0,0
1001,1963,Gospel,TeenPop,WeightedTransition,2,0,0,0
1001,1963,Gospel,TraditionalPop,WeightedTransition,1,0,0,0
1001,1963,Jazz,Blues,WeightedTransition,2,0,0,0
1001,1963,Jazz,BossaNova,WeightedTransition,7,0,0,0
1001,1963,Jazz,BritishBeat,AnnualFloor,1,0,1,0
1001,1963,Jazz,Childrens,WeightedTransition,5,0,0,0
1001,1963,Jazz,Classical,WeightedTransition,3,0,0,0
1001,1963,Jazz,Comedy,WeightedTransition,1,0,0,0
1001,1963,Jazz,ContemporaryFolk,WeightedTransition,2,0,0,0
1001,1963,Jazz,Country,WeightedTransition,2,0,0,0
1001,1963,Jazz,DooWop,WeightedTransition,2,0,0,0
1001,1963,Jazz,EasyListening,WeightedTransition,3,0,0,0
1001,1963,Jazz,Folk,WeightedTransition,2,0,0,0
1001,1963,Jazz,GarageRock,WeightedTransition,2,0,0,0
1001,1963,Jazz,Gospel,AnnualFloor,1,0,1,0
1001,1963,Jazz,Gospel,WeightedTransition,3,0,0,0
1001,1963,Jazz,Jazz,AnnualFloor,2,0,2,0
1001,1963,Jazz,Jazz,Retained,128,0,0,0
1001,1963,Jazz,Jazz,WeightedTransition,23,0,0,0
1001,1963,Jazz,LatinPop,WeightedTransition,1,0,0,0
1001,1963,Jazz,RnB,AnnualFloor,1,0,1,0
1001,1963,Jazz,RnB,WeightedTransition,7,0,0,0
1001,1963,Jazz,RockAndRoll,WeightedTransition,1,0,0,0
1001,1963,Jazz,Soul,WeightedTransition,5,0,0,0
1001,1963,Jazz,SurfRock,WeightedTransition,4,0,0,0
1001,1963,Jazz,TeenPop,AnnualFloor,1,0,1,0
1001,1963,Jazz,TeenPop,WeightedTransition,7,0,0,0
1001,1963,Jazz,TexMex,AnnualFloor,2,0,2,0
1001,1963,Jazz,TexMex,WeightedTransition,3,0,0,0
1001,1963,Jazz,TraditionalPop,WeightedTransition,6,0,0,0
1001,1963,LatinPop,Blues,WeightedTransition,1,0,0,0
1001,1963,LatinPop,BossaNova,AnnualFloor,1,0,1,0
1001,1963,LatinPop,BossaNova,WeightedTransition,1,0,0,0
1001,1963,LatinPop,ContemporaryFolk,WeightedTransition,1,0,0,0
1001,1963,LatinPop,Folk,WeightedTransition,1,0,0,0
1001,1963,LatinPop,Jazz,WeightedTransition,3,0,0,0
1001,1963,LatinPop,LatinPop,AnnualFloor,1,0,1,0
1001,1963,LatinPop,LatinPop,Retained,33,0,0,0
1001,1963,LatinPop,LatinPop,WeightedTransition,1,0,0,0
1001,1963,LatinPop,Soul,WeightedTransition,2,0,0,0
1001,1963,LatinPop,TexMex,WeightedTransition,2,0,0,0
1001,1963,LatinPop,TraditionalPop,WeightedTransition,1,0,0,0
1001,1963,RnB,Blues,WeightedTransition,2,0,0,0
1001,1963,RnB,BossaNova,WeightedTransition,2,0,0,0
1001,1963,RnB,Childrens,AnnualFloor,1,0,1,0
1001,1963,RnB,Childrens,WeightedTransition,1,0,0,0
1001,1963,RnB,Classical,WeightedTransition,2,0,0,0
1001,1963,RnB,Comedy,WeightedTransition,1,0,0,0
1001,1963,RnB,ContemporaryFolk,WeightedTransition,1,0,0,0
1001,1963,RnB,Country,WeightedTransition,1,0,0,0
1001,1963,RnB,DooWop,WeightedTransition,8,0,0,0
1001,1963,RnB,EasyListening,WeightedTransition,1,0,0,0
1001,1963,RnB,Folk,WeightedTransition,2,0,0,0
1001,1963,RnB,Gospel,WeightedTransition,4,0,0,0
1001,1963,RnB,Jazz,WeightedTransition,3,0,0,0
1001,1963,RnB,LatinPop,AnnualFloor,1,0,1,0
1001,1963,RnB,RnB,AnnualFloor,2,0,2,0
1001,1963,RnB,RnB,Retained,232,0,0,0
1001,1963,RnB,RnB,WeightedTransition,14,0,0,0
1001,1963,RnB,RockAndRoll,WeightedTransition,3,0,0,0
1001,1963,RnB,Soul,WeightedTransition,12,0,0,0
1001,1963,RnB,SurfRock,WeightedTransition,3,0,0,0
1001,1963,RnB,TeenPop,WeightedTransition,6,0,0,0
1001,1963,RnB,TraditionalPop,AnnualFloor,1,0,1,0
1001,1963,RnB,TraditionalPop,WeightedTransition,2,0,0,0
1001,1963,RockAndRoll,BossaNova,WeightedTransition,5,0,0,0
1001,1963,RockAndRoll,BritishBeat,AnnualFloor,1,0,1,0
1001,1963,RockAndRoll,Childrens,AnnualFloor,2,0,2,0
1001,1963,RockAndRoll,Classical,WeightedTransition,3,0,0,0
1001,1963,RockAndRoll,Comedy,AnnualFloor,1,0,1,0
1001,1963,RockAndRoll,Comedy,WeightedTransition,3,0,0,0
1001,1963,RockAndRoll,ContemporaryFolk,AnnualFloor,1,0,1,0
1001,1963,RockAndRoll,ContemporaryFolk,WeightedTransition,7,0,0,0
1001,1963,RockAndRoll,Country,WeightedTransition,3,0,0,0
1001,1963,RockAndRoll,DooWop,AnnualFloor,1,0,1,0
1001,1963,RockAndRoll,DooWop,WeightedTransition,9,0,0,0
1001,1963,RockAndRoll,EasyListening,AnnualFloor,1,0,1,0
1001,1963,RockAndRoll,EasyListening,WeightedTransition,4,0,0,0
1001,1963,RockAndRoll,Folk,WeightedTransition,5,0,0,0
1001,1963,RockAndRoll,GarageRock,WeightedTransition,5,0,0,0
1001,1963,RockAndRoll,Gospel,AnnualFloor,1,0,1,0
1001,1963,RockAndRoll,Gospel,WeightedTransition,4,0,0,0
1001,1963,RockAndRoll,Jazz,WeightedTransition,6,0,0,0
1001,1963,RockAndRoll,LatinPop,WeightedTransition,1,0,0,0
1001,1963,RockAndRoll,RnB,WeightedTransition,8,0,0,0
1001,1963,RockAndRoll,RockAndRoll,AnnualFloor,2,0,2,0
1001,1963,RockAndRoll,RockAndRoll,Retained,285,0,0,0
1001,1963,RockAndRoll,RockAndRoll,WeightedTransition,35,0,0,0
1001,1963,RockAndRoll,Soul,WeightedTransition,9,0,0,0
1001,1963,RockAndRoll,SurfRock,AnnualFloor,1,0,1,0
1001,1963,RockAndRoll,SurfRock,WeightedTransition,9,0,0,0
1001,1963,RockAndRoll,TeenPop,WeightedTransition,11,0,0,0
1001,1963,RockAndRoll,TexMex,WeightedTransition,3,0,0,0
1001,1963,RockAndRoll,TraditionalPop,WeightedTransition,5,0,0,0
1001,1963,Soul,BossaNova,WeightedTransition,1,0,0,0
1001,1963,Soul,BritishBeat,AnnualFloor,1,0,1,0
1001,1963,Soul,Childrens,WeightedTransition,1,0,0,0
1001,1963,Soul,Classical,WeightedTransition,2,0,0,0
1001,1963,Soul,Comedy,WeightedTransition,2,0,0,0
1001,1963,Soul,Country,WeightedTransition,4,0,0,0
1001,1963,Soul,DooWop,AnnualFloor,1,0,1,0
1001,1963,Soul,DooWop,WeightedTransition,5,0,0,0
1001,1963,Soul,EasyListening,WeightedTransition,4,0,0,0
1001,1963,Soul,Folk,WeightedTransition,1,0,0,0
1001,1963,Soul,Gospel,WeightedTransition,4,0,0,0
1001,1963,Soul,Jazz,WeightedTransition,3,0,0,0
1001,1963,Soul,RnB,WeightedTransition,10,0,0,0
1001,1963,Soul,RockAndRoll,WeightedTransition,1,0,0,0
1001,1963,Soul,Soul,AnnualFloor,2,0,2,0
1001,1963,Soul,Soul,Retained,184,0,0,0
1001,1963,Soul,Soul,WeightedTransition,22,0,0,0
1001,1963,Soul,SurfRock,WeightedTransition,3,0,0,0
1001,1963,Soul,TeenPop,WeightedTransition,2,0,0,0
1001,1963,Soul,TraditionalPop,WeightedTransition,2,0,0,0
1001,1963,SurfRock,GarageRock,WeightedTransition,1,0,0,0
1001,1963,SurfRock,RnB,WeightedTransition,3,0,0,0
1001,1963,SurfRock,RockAndRoll,WeightedTransition,1,0,0,0
1001,1963,SurfRock,SurfRock,Retained,36,0,0,0
1001,1963,SurfRock,SurfRock,WeightedTransition,2,0,0,0
1001,1963,TeenPop,Blues,AnnualFloor,1,0,1,0
1001,1963,TeenPop,Blues,WeightedTransition,2,0,0,0
1001,1963,TeenPop,BossaNova,AnnualFloor,1,0,1,0
1001,1963,TeenPop,BossaNova,WeightedTransition,2,0,0,0
1001,1963,TeenPop,Childrens,WeightedTransition,1,0,0,0
1001,1963,TeenPop,Classical,WeightedTransition,6,0,0,0
1001,1963,TeenPop,Comedy,WeightedTransition,3,0,0,0
1001,1963,TeenPop,ContemporaryFolk,WeightedTransition,3,0,0,0
1001,1963,TeenPop,Country,WeightedTransition,9,0,0,0
1001,1963,TeenPop,DooWop,WeightedTransition,5,0,0,0
1001,1963,TeenPop,EasyListening,WeightedTransition,13,0,0,0
1001,1963,TeenPop,Folk,AnnualFloor,1,0,1,0
1001,1963,TeenPop,Folk,WeightedTransition,3,0,0,0
1001,1963,TeenPop,GarageRock,WeightedTransition,1,0,0,0
1001,1963,TeenPop,Gospel,AnnualFloor,1,0,1,0
1001,1963,TeenPop,Gospel,WeightedTransition,6,0,0,0
1001,1963,TeenPop,Jazz,WeightedTransition,3,0,0,0
1001,1963,TeenPop,LatinPop,AnnualFloor,1,0,1,0
1001,1963,TeenPop,LatinPop,WeightedTransition,2,0,0,0
1001,1963,TeenPop,RnB,WeightedTransition,5,0,0,0
1001,1963,TeenPop,RockAndRoll,AnnualFloor,1,0,1,0
1001,1963,TeenPop,RockAndRoll,WeightedTransition,4,0,0,0
1001,1963,TeenPop,Soul,WeightedTransition,17,0,0,0
1001,1963,TeenPop,SurfRock,WeightedTransition,6,0,0,0
1001,1963,TeenPop,TeenPop,AnnualFloor,1,0,1,0
1001,1963,TeenPop,TeenPop,Retained,311,0,0,0
1001,1963,TeenPop,TeenPop,WeightedTransition,28,0,0,0
1001,1963,TeenPop,TexMex,AnnualFloor,1,0,1,0
1001,1963,TeenPop,TraditionalPop,WeightedTransition,11,0,0,0
1001,1963,TexMex,Childrens,WeightedTransition,1,0,0,0
1001,1963,TexMex,Country,WeightedTransition,1,0,0,0
1001,1963,TexMex,Folk,WeightedTransition,2,0,0,0
1001,1963,TexMex,Soul,WeightedTransition,1,0,0,0
1001,1963,TexMex,SurfRock,WeightedTransition,1,0,0,0
1001,1963,TexMex,TeenPop,WeightedTransition,1,0,0,0
1001,1963,TexMex,TexMex,Retained,17,0,0,0
1001,1963,TexMex,TexMex,WeightedTransition,1,0,0,0
1001,1963,TexMex,TraditionalPop,WeightedTransition,1,0,0,0
1001,1963,TraditionalPop,Blues,AnnualFloor,1,0,1,0
1001,1963,TraditionalPop,Blues,WeightedTransition,4,0,0,0
1001,1963,TraditionalPop,BossaNova,WeightedTransition,7,0,0,0
1001,1963,TraditionalPop,Childrens,WeightedTransition,1,0,0,0
1001,1963,TraditionalPop,Classical,AnnualFloor,1,0,1,0
1001,1963,TraditionalPop,Classical,WeightedTransition,5,0,0,0
1001,1963,TraditionalPop,Comedy,WeightedTransition,6,0,0,0
1001,1963,TraditionalPop,ContemporaryFolk,AnnualFloor,2,0,2,0
1001,1963,TraditionalPop,ContemporaryFolk,WeightedTransition,4,0,0,0
1001,1963,TraditionalPop,Country,WeightedTransition,5,0,0,0
1001,1963,TraditionalPop,DooWop,WeightedTransition,4,0,0,0
1001,1963,TraditionalPop,EasyListening,AnnualFloor,1,0,1,0
1001,1963,TraditionalPop,EasyListening,WeightedTransition,15,0,0,0
1001,1963,TraditionalPop,Folk,AnnualFloor,1,0,1,0
1001,1963,TraditionalPop,Folk,WeightedTransition,7,0,0,0
1001,1963,TraditionalPop,GarageRock,AnnualFloor,1,0,1,0
1001,1963,TraditionalPop,GarageRock,WeightedTransition,4,0,0,0
1001,1963,TraditionalPop,Gospel,WeightedTransition,4,0,0,0
1001,1963,TraditionalPop,Jazz,WeightedTransition,9,0,0,0
1001,1963,TraditionalPop,RnB,WeightedTransition,9,0,0,0
1001,1963,TraditionalPop,RockAndRoll,WeightedTransition,5,0,0,0
1001,1963,TraditionalPop,Soul,WeightedTransition,6,0,0,0
1001,1963,TraditionalPop,SurfRock,AnnualFloor,2,0,2,0
1001,1963,TraditionalPop,SurfRock,WeightedTransition,9,0,0,0
1001,1963,TraditionalPop,TeenPop,WeightedTransition,19,0,0,0
1001,1963,TraditionalPop,TraditionalPop,AnnualFloor,2,0,2,0
1001,1963,TraditionalPop,TraditionalPop,Retained,279,0,0,0
1001,1963,TraditionalPop,TraditionalPop,WeightedTransition,47,0,0,0
1001,1964,Blues,Blues,AnnualFloor,1,0,1,0
1001,1964,Blues,Blues,Retained,38,0,0,0
1001,1964,Blues,Blues,WeightedTransition,3,0,0,0
1001,1964,Blues,BossaNova,WeightedTransition,1,0,0,0
1001,1964,Blues,BritishBeat,WeightedTransition,6,0,0,0
1001,1964,Blues,BritishPop,WeightedTransition,1,0,0,0
1001,1964,Blues,Childrens,AnnualFloor,1,0,1,0
1001,1964,Blues,Childrens,WeightedTransition,1,0,0,0
1001,1964,Blues,Classical,WeightedTransition,1,0,0,0
1001,1964,Blues,Country,WeightedTransition,1,0,0,0
1001,1964,Blues,EasyListening,WeightedTransition,1,0,0,0
1001,1964,Blues,Folk,WeightedTransition,1,0,0,0
1001,1964,Blues,GarageRock,AnnualFloor,1,0,1,0
1001,1964,Blues,GarageRock,WeightedTransition,2,0,0,0
1001,1964,Blues,Gospel,WeightedTransition,3,0,0,0
1001,1964,Blues,Jazz,WeightedTransition,2,0,0,0
1001,1964,Blues,LatinPop,WeightedTransition,1,0,0,0
1001,1964,Blues,RnB,WeightedTransition,1,0,0,0
1001,1964,Blues,Soul,WeightedTransition,1,0,0,0
1001,1964,Blues,TexMex,WeightedTransition,1,0,0,0
1001,1964,BossaNova,BossaNova,Retained,22,0,0,0
1001,1964,BossaNova,ContemporaryFolk,AnnualFloor,1,0,1,0
1001,1964,BossaNova,Folk,WeightedTransition,1,0,0,0
1001,1964,BossaNova,GarageRock,WeightedTransition,1,0,0,0
1001,1964,BossaNova,Jazz,WeightedTransition,1,0,0,0
1001,1964,BossaNova,Soul,WeightedTransition,1,0,0,0
1001,1964,BossaNova,SurfRock,WeightedTransition,1,0,0,0
1001,1964,BritishBeat,BritishBeat,Retained,37,0,0,0
1001,1964,BritishBeat,BritishBeat,WeightedTransition,1,0,0,0
1001,1964,BritishBeat,GarageRock,WeightedTransition,2,0,0,0
1001,1964,BritishBeat,TexMex,WeightedTransition,1,0,0,0
1001,1964,BritishBlues,BritishBlues,Retained,1,0,0,0
1001,1964,BritishPop,BritishBeat,WeightedTransition,1,0,0,0
1001,1964,BritishPop,BritishPop,Retained,26,0,0,0
1001,1964,BritishPop,BritishPop,WeightedTransition,2,0,0,0
1001,1964,BritishPop,EasyListening,WeightedTransition,2,0,0,0
1001,1964,BritishPop,TeenPop,WeightedTransition,1,0,0,0
1001,1964,Childrens,Childrens,Retained,12,0,0,0
1001,1964,Childrens,Childrens,WeightedTransition,1,0,0,0
1001,1964,Childrens,ContemporaryFolk,WeightedTransition,1,0,0,0
1001,1964,Childrens,RnB,WeightedTransition,1,0,0,0
1001,1964,Classical,BossaNova,WeightedTransition,1,0,0,0
1001,1964,Classical,BritishBeat,WeightedTransition,2,0,0,0
1001,1964,Classical,Childrens,WeightedTransition,1,0,0,0
1001,1964,Classical,Classical,AnnualFloor,1,0,1,0
1001,1964,Classical,Classical,Retained,44,0,0,0
1001,1964,Classical,DooWop,WeightedTransition,1,0,0,0
1001,1964,Classical,EasyListening,WeightedTransition,2,0,0,0
1001,1964,Classical,Folk,WeightedTransition,1,0,0,0
1001,1964,Classical,GarageRock,WeightedTransition,1,0,0,0
1001,1964,Classical,RnB,WeightedTransition,1,0,0,0
1001,1964,Classical,Soul,WeightedTransition,1,0,0,0
1001,1964,Classical,SurfRock,AnnualFloor,1,0,1,0
1001,1964,Comedy,BritishBeat,WeightedTransition,5,0,0,0
1001,1964,Comedy,BritishPop,WeightedTransition,2,0,0,0
1001,1964,Comedy,Childrens,WeightedTransition,1,0,0,0
1001,1964,Comedy,Comedy,Retained,30,0,0,0
1001,1964,Comedy,Comedy,WeightedTransition,3,0,0,0
1001,1964,Comedy,ContemporaryFolk,WeightedTransition,1,0,0,0
1001,1964,Comedy,Country,WeightedTransition,2,0,0,0
1001,1964,Comedy,Folk,WeightedTransition,1,0,0,0
1001,1964,Comedy,Jazz,WeightedTransition,1,0,0,0
1001,1964,Comedy,Soul,WeightedTransition,4,0,0,0
1001,1964,Comedy,SurfRock,WeightedTransition,1,0,0,0
1001,1964,Comedy,TeenPop,AnnualFloor,1,0,1,0
1001,1964,Comedy,TexMex,WeightedTransition,1,0,0,0
1001,1964,Comedy,TraditionalPop,AnnualFloor,1,0,1,0
1001,1964,ContemporaryFolk,BossaNova,WeightedTransition,1,0,0,0
1001,1964,ContemporaryFolk,BritishBlues,WeightedTransition,1,0,0,0
1001,1964,ContemporaryFolk,Comedy,WeightedTransition,1,0,0,0
1001,1964,ContemporaryFolk,ContemporaryFolk,Retained,24,0,0,0
1001,1964,ContemporaryFolk,SurfRock,WeightedTransition,1,0,0,0
1001,1964,Country,Blues,WeightedTransition,2,0,0,0
1001,1964,Country,BossaNova,WeightedTransition,3,0,0,0
1001,1964,Country,BritishBeat,AnnualFloor,1,0,1,0
1001,1964,Country,BritishBeat,WeightedTransition,11,0,0,0
1001,1964,Country,BritishBlues,AnnualFloor,1,0,1,0
1001,1964,Country,BritishPop,WeightedTransition,8,0,0,0
1001,1964,Country,Childrens,AnnualFloor,1,0,1,0
1001,1964,Country,Childrens,WeightedTransition,1,0,0,0
1001,1964,Country,Classical,WeightedTransition,1,0,0,0
1001,1964,Country,Comedy,AnnualFloor,1,0,1,0
1001,1964,Country,Comedy,WeightedTransition,1,0,0,0
1001,1964,Country,ContemporaryFolk,WeightedTransition,1,0,0,0
1001,1964,Country,Country,AnnualFloor,1,0,1,0
1001,1964,Country,Country,Retained,203,0,0,0
1001,1964,Country,Country,WeightedTransition,20,0,0,0
1001,1964,Country,DooWop,AnnualFloor,1,0,1,0
1001,1964,Country,EasyListening,WeightedTransition,1,0,0,0
1001,1964,Country,Folk,WeightedTransition,5,0,0,0
1001,1964,Country,Gospel,AnnualFloor,1,0,1,0
1001,1964,Country,Gospel,WeightedTransition,4,0,0,0
1001,1964,Country,Jazz,WeightedTransition,2,0,0,0
1001,1964,Country,LatinPop,WeightedTransition,1,0,0,0
1001,1964,Country,RnB,WeightedTransition,2,0,0,0
1001,1964,Country,RockAndRoll,WeightedTransition,7,0,0,0
1001,1964,Country,Ska,WeightedTransition,1,0,0,0
1001,1964,Country,Soul,WeightedTransition,3,0,0,0
1001,1964,Country,SurfRock,WeightedTransition,3,0,0,0
1001,1964,Country,TeenPop,WeightedTransition,3,0,0,0
1001,1964,Country,TexMex,WeightedTransition,2,0,0,0
1001,1964,DooWop,Blues,AnnualFloor,1,0,1,0
1001,1964,DooWop,Blues,WeightedTransition,3,0,0,0
1001,1964,DooWop,BossaNova,WeightedTransition,7,0,0,0
1001,1964,DooWop,BritishBeat,WeightedTransition,9,0,0,0
1001,1964,DooWop,BritishPop,WeightedTransition,7,0,0,0
1001,1964,DooWop,Classical,WeightedTransition,1,0,0,0
1001,1964,DooWop,Comedy,WeightedTransition,4,0,0,0
1001,1964,DooWop,ContemporaryFolk,WeightedTransition,1,0,0,0
1001,1964,DooWop,Country,WeightedTransition,1,0,0,0
1001,1964,DooWop,DooWop,Retained,60,0,0,0
1001,1964,DooWop,DooWop,WeightedTransition,15,0,0,0
1001,1964,DooWop,EasyListening,WeightedTransition,4,0,0,0
1001,1964,DooWop,Folk,WeightedTransition,4,0,0,0
1001,1964,DooWop,GarageRock,WeightedTransition,3,0,0,0
1001,1964,DooWop,Gospel,WeightedTransition,2,0,0,0
1001,1964,DooWop,Jazz,WeightedTransition,3,0,0,0
1001,1964,DooWop,LatinPop,WeightedTransition,1,0,0,0
1001,1964,DooWop,RnB,AnnualFloor,1,0,1,0
1001,1964,DooWop,RnB,WeightedTransition,13,0,0,0
1001,1964,DooWop,RockAndRoll,WeightedTransition,2,0,0,0
1001,1964,DooWop,Ska,WeightedTransition,1,0,0,0
1001,1964,DooWop,Soul,WeightedTransition,8,0,0,0
1001,1964,DooWop,SurfRock,WeightedTransition,1,0,0,0
1001,1964,DooWop,TeenPop,WeightedTransition,4,0,0,0
1001,1964,DooWop,TraditionalPop,WeightedTransition,4,0,0,0
1001,1964,EasyListening,Blues,WeightedTransition,1,0,0,0
1001,1964,EasyListening,BossaNova,WeightedTransition,2,0,0,0
1001,1964,EasyListening,BritishBeat,WeightedTransition,12,0,0,0
1001,1964,EasyListening,BritishPop,WeightedTransition,21,0,0,0
1001,1964,EasyListening,Classical,WeightedTransition,3,0,0,0
1001,1964,EasyListening,Comedy,AnnualFloor,1,0,1,0
1001,1964,EasyListening,Comedy,WeightedTransition,1,0,0,0
1001,1964,EasyListening,ContemporaryFolk,WeightedTransition,2,0,0,0
1001,1964,EasyListening,Country,WeightedTransition,2,0,0,0
1001,1964,EasyListening,DooWop,WeightedTransition,2,0,0,0
1001,1964,EasyListening,EasyListening,AnnualFloor,1,0,1,0
1001,1964,EasyListening,EasyListening,Retained,91,0,0,0
1001,1964,EasyListening,EasyListening,WeightedTransition,14,0,0,0
1001,1964,EasyListening,Folk,WeightedTransition,7,0,0,0
1001,1964,EasyListening,GarageRock,WeightedTransition,2,0,0,0
1001,1964,EasyListening,Gospel,AnnualFloor,1,0,1,0
1001,1964,EasyListening,Gospel,WeightedTransition,1,0,0,0
1001,1964,EasyListening,Jazz,WeightedTransition,6,0,0,0
1001,1964,EasyListening,LatinPop,WeightedTransition,2,0,0,0
1001,1964,EasyListening,RnB,WeightedTransition,6,0,0,0
1001,1964,EasyListening,RockAndRoll,WeightedTransition,2,0,0,0
1001,1964,EasyListening,Ska,WeightedTransition,1,0,0,0
1001,1964,EasyListening,Soul,WeightedTransition,4,0,0,0
1001,1964,EasyListening,SurfRock,WeightedTransition,5,0,0,0
1001,1964,EasyListening,TeenPop,WeightedTransition,2,0,0,0
1001,1964,EasyListening,TexMex,AnnualFloor,1,0,1,0
1001,1964,EasyListening,TexMex,WeightedTransition,2,0,0,0
1001,1964,EasyListening,TraditionalPop,WeightedTransition,3,0,0,0
1001,1964,Folk,BossaNova,WeightedTransition,2,0,0,0
1001,1964,Folk,BritishBeat,WeightedTransition,3,0,0,0
1001,1964,Folk,BritishPop,AnnualFloor,1,0,1,0
1001,1964,Folk,BritishPop,WeightedTransition,3,0,0,0
1001,1964,Folk,ContemporaryFolk,AnnualFloor,1,0,1,0
1001,1964,Folk,ContemporaryFolk,WeightedTransition,1,0,0,0
1001,1964,Folk,Country,AnnualFloor,1,0,1,0
1001,1964,Folk,EasyListening,WeightedTransition,1,0,0,0
1001,1964,Folk,Folk,AnnualFloor,2,0,2,0
1001,1964,Folk,Folk,Retained,124,0,0,0
1001,1964,Folk,Folk,WeightedTransition,7,0,0,0
1001,1964,Folk,RockAndRoll,WeightedTransition,2,0,0,0
1001,1964,Folk,TeenPop,WeightedTransition,1,0,0,0
1001,1964,Folk,TraditionalPop,WeightedTransition,3,0,0,0
1001,1964,GarageRock,BritishPop,AnnualFloor,1,0,1,0
1001,1964,GarageRock,BritishPop,WeightedTransition,1,0,0,0
1001,1964,GarageRock,Country,WeightedTransition,1,0,0,0
1001,1964,GarageRock,GarageRock,Retained,18,0,0,0
1001,1964,Gospel,BritishBeat,WeightedTransition,1,0,0,0
1001,1964,Gospel,BritishPop,WeightedTransition,2,0,0,0
1001,1964,Gospel,Childrens,WeightedTransition,1,0,0,0
1001,1964,Gospel,ContemporaryFolk,WeightedTransition,2,0,0,0
1001,1964,Gospel,Country,WeightedTransition,2,0,0,0
1001,1964,Gospel,DooWop,WeightedTransition,1,0,0,0
1001,1964,Gospel,Folk,WeightedTransition,3,0,0,0
1001,1964,Gospel,GarageRock,WeightedTransition,1,0,0,0
1001,1964,Gospel,Gospel,AnnualFloor,1,0,1,0
1001,1964,Gospel,Gospel,Retained,24,0,0,0
1001,1964,Gospel,Gospel,WeightedTransition,5,0,0,0
1001,1964,Gospel,LatinPop,WeightedTransition,1,0,0,0
1001,1964,Gospel,TeenPop,WeightedTransition,2,0,0,0
1001,1964,Gospel,TraditionalPop,WeightedTransition,1,0,0,0
1001,1964,Jazz,Blues,WeightedTransition,5,0,0,0
1001,1964,Jazz,BossaNova,WeightedTransition,5,0,0,0
1001,1964,Jazz,BritishBeat,WeightedTransition,9,0,0,0
1001,1964,Jazz,BritishPop,WeightedTransition,12,0,0,0
1001,1964,Jazz,Childrens,WeightedTransition,2,0,0,0
1001,1964,Jazz,Classical,WeightedTransition,1,0,0,0
1001,1964,Jazz,ContemporaryFolk,AnnualFloor,1,0,1,0
1001,1964,Jazz,ContemporaryFolk,WeightedTransition,2,0,0,0
1001,1964,Jazz,Country,WeightedTransition,2,0,0,0
1001,1964,Jazz,DooWop,AnnualFloor,1,0,1,0
1001,1964,Jazz,DooWop,WeightedTransition,4,0,0,0
1001,1964,Jazz,EasyListening,WeightedTransition,5,0,0,0
1001,1964,Jazz,Folk,WeightedTransition,3,0,0,0
1001,1964,Jazz,Jazz,AnnualFloor,2,0,2,0
1001,1964,Jazz,Jazz,Retained,94,0,0,0
1001,1964,Jazz,Jazz,WeightedTransition,14,0,0,0
1001,1964,Jazz,LatinPop,WeightedTransition,3,0,0,0
1001,1964,Jazz,RnB,AnnualFloor,1,0,1,0
1001,1964,Jazz,RnB,WeightedTransition,7,0,0,0
1001,1964,Jazz,RockAndRoll,WeightedTransition,1,0,0,0
1001,1964,Jazz,Soul,WeightedTransition,14,0,0,0
1001,1964,Jazz,SurfRock,WeightedTransition,2,0,0,0
1001,1964,Jazz,TeenPop,WeightedTransition,4,0,0,0
1001,1964,Jazz,TexMex,WeightedTransition,1,0,0,0
1001,1964,Jazz,TraditionalPop,WeightedTransition,3,0,0,0
1001,1964,LatinPop,BritishBeat,WeightedTransition,2,0,0,0
1001,1964,LatinPop,ContemporaryFolk,WeightedTransition,1,0,0,0
1001,1964,LatinPop,GarageRock,WeightedTransition,1,0,0,0
1001,1964,LatinPop,Gospel,WeightedTransition,1,0,0,0
1001,1964,LatinPop,LatinPop,Retained,27,0,0,0
1001,1964,LatinPop,LatinPop,WeightedTransition,2,0,0,0
1001,1964,LatinPop,Soul,WeightedTransition,1,0,0,0
1001,1964,LatinPop,SurfRock,WeightedTransition,2,0,0,0
1001,1964,RnB,BritishBeat,WeightedTransition,3,0,0,0
1001,1964,RnB,BritishPop,WeightedTransition,3,0,0,0
1001,1964,RnB,Childrens,WeightedTransition,1,0,0,0
1001,1964,RnB,Country,AnnualFloor,1,0,1,0
1001,1964,RnB,Country,WeightedTransition,2,0,0,0
1001,1964,RnB,EasyListening,AnnualFloor,1,0,1,0
1001,1964,RnB,EasyListening,WeightedTransition,1,0,0,0
1001,1964,RnB,Folk,WeightedTransition,2,0,0,0
1001,1964,RnB,GarageRock,WeightedTransition,1,0,0,0
1001,1964,RnB,Gospel,WeightedTransition,3,0,0,0
1001,1964,RnB,LatinPop,WeightedTransition,1,0,0,0
1001,1964,RnB,RnB,Retained,258,0,0,0
1001,1964,RnB,RnB,WeightedTransition,8,0,0,0
1001,1964,RnB,RockAndRoll,AnnualFloor,1,0,1,0
1001,1964,RnB,RockAndRoll,WeightedTransition,1,0,0,0
1001,1964,RnB,Ska,AnnualFloor,1,0,1,0
1001,1964,RnB,Ska,WeightedTransition,1,0,0,0
1001,1964,RnB,Soul,AnnualFloor,1,0,1,0
1001,1964,RnB,Soul,WeightedTransition,9,0,0,0
1001,1964,RnB,SurfRock,AnnualFloor,1,0,1,0
1001,1964,RnB,SurfRock,WeightedTransition,1,0,0,0
1001,1964,RnB,TraditionalPop,WeightedTransition,1,0,0,0
1001,1964,RockAndRoll,Blues,WeightedTransition,1,0,0,0
1001,1964,RockAndRoll,BossaNova,AnnualFloor,1,0,1,0
1001,1964,RockAndRoll,BossaNova,WeightedTransition,1,0,0,0
1001,1964,RockAndRoll,BritishBeat,WeightedTransition,40,0,0,0
1001,1964,RockAndRoll,BritishBlues,AnnualFloor,1,0,1,0
1001,1964,RockAndRoll,BritishBlues,WeightedTransition,1,0,0,0
1001,1964,RockAndRoll,BritishPop,WeightedTransition,17,0,0,0
1001,1964,RockAndRoll,Childrens,WeightedTransition,1,0,0,0
1001,1964,RockAndRoll,Classical,AnnualFloor,1,0,1,0
1001,1964,RockAndRoll,Comedy,WeightedTransition,1,0,0,0
1001,1964,RockAndRoll,ContemporaryFolk,WeightedTransition,1,0,0,0
1001,1964,RockAndRoll,Country,WeightedTransition,4,0,0,0
1001,1964,RockAndRoll,DooWop,WeightedTransition,7,0,0,0
1001,1964,RockAndRoll,EasyListening,WeightedTransition,4,0,0,0
1001,1964,RockAndRoll,Folk,WeightedTransition,3,0,0,0
1001,1964,RockAndRoll,GarageRock,AnnualFloor,2,0,2,0
1001,1964,RockAndRoll,GarageRock,WeightedTransition,15,0,0,0
1001,1964,RockAndRoll,Gospel,WeightedTransition,5,0,0,0
1001,1964,RockAndRoll,Jazz,AnnualFloor,1,0,1,0
1001,1964,RockAndRoll,Jazz,WeightedTransition,2,0,0,0
1001,1964,RockAndRoll,LatinPop,AnnualFloor,1,0,1,0
1001,1964,RockAndRoll,LatinPop,WeightedTransition,2,0,0,0
1001,1964,RockAndRoll,RnB,WeightedTransition,5,0,0,0
1001,1964,RockAndRoll,RockAndRoll,AnnualFloor,1,0,1,0
1001,1964,RockAndRoll,RockAndRoll,Retained,194,0,0,0
1001,1964,RockAndRoll,RockAndRoll,WeightedTransition,29,0,0,0
1001,1964,RockAndRoll,Soul,WeightedTransition,6,0,0,0
1001,1964,RockAndRoll,SurfRock,WeightedTransition,8,0,0,0
1001,1964,RockAndRoll,TeenPop,AnnualFloor,1,0,1,0
1001,1964,RockAndRoll,TeenPop,WeightedTransition,10,0,0,0
1001,1964,RockAndRoll,TexMex,AnnualFloor,1,0,1,0
1001,1964,RockAndRoll,TexMex,WeightedTransition,2,0,0,0
1001,1964,RockAndRoll,TraditionalPop,WeightedTransition,3,0,0,0
1001,1964,Ska,Ska,Retained,3,0,0,0
1001,1964,Soul,BossaNova,AnnualFloor,1,0,1,0
1001,1964,Soul,BossaNova,WeightedTransition,1,0,0,0
1001,1964,Soul,BritishBeat,WeightedTransition,5,0,0,0
1001,1964,Soul,BritishPop,WeightedTransition,4,0,0,0
1001,1964,Soul,Childrens,WeightedTransition,2,0,0,0
1001,1964,Soul,Comedy,WeightedTransition,1,0,0,0
1001,1964,Soul,ContemporaryFolk,WeightedTransition,2,0,0,0
1001,1964,Soul,Country,WeightedTransition,4,0,0,0
1001,1964,Soul,DooWop,WeightedTransition,3,0,0,0
1001,1964,Soul,EasyListening,WeightedTransition,2,0,0,0
1001,1964,Soul,Folk,WeightedTransition,2,0,0,0
1001,1964,Soul,GarageRock,WeightedTransition,1,0,0,0
1001,1964,Soul,Gospel,WeightedTransition,5,0,0,0
1001,1964,Soul,Jazz,WeightedTransition,1,0,0,0
1001,1964,Soul,RnB,WeightedTransition,10,0,0,0
1001,1964,Soul,RockAndRoll,WeightedTransition,3,0,0,0
1001,1964,Soul,Soul,AnnualFloor,2,0,2,0
1001,1964,Soul,Soul,Retained,195,0,0,0
1001,1964,Soul,Soul,WeightedTransition,12,0,0,0
1001,1964,Soul,SurfRock,AnnualFloor,1,0,1,0
1001,1964,Soul,SurfRock,WeightedTransition,2,0,0,0
1001,1964,Soul,TeenPop,WeightedTransition,1,0,0,0
1001,1964,Soul,TraditionalPop,WeightedTransition,1,0,0,0
1001,1964,SurfRock,GarageRock,WeightedTransition,1,0,0,0
1001,1964,SurfRock,RnB,WeightedTransition,1,0,0,0
1001,1964,SurfRock,Soul,WeightedTransition,1,0,0,0
1001,1964,SurfRock,SurfRock,Retained,24,0,0,0
1001,1964,SurfRock,SurfRock,WeightedTransition,2,0,0,0
1001,1964,TeenPop,Blues,AnnualFloor,1,0,1,0
1001,1964,TeenPop,Blues,WeightedTransition,2,0,0,0
1001,1964,TeenPop,BossaNova,WeightedTransition,1,0,0,0
1001,1964,TeenPop,BritishBeat,AnnualFloor,1,0,1,0
1001,1964,TeenPop,BritishBeat,WeightedTransition,15,0,0,0
1001,1964,TeenPop,BritishBlues,AnnualFloor,1,0,1,0
1001,1964,TeenPop,BritishPop,AnnualFloor,1,0,1,0
1001,1964,TeenPop,BritishPop,WeightedTransition,26,0,0,0
1001,1964,TeenPop,Childrens,WeightedTransition,5,0,0,0
1001,1964,TeenPop,Classical,WeightedTransition,1,0,0,0
1001,1964,TeenPop,Comedy,WeightedTransition,7,0,0,0
1001,1964,TeenPop,ContemporaryFolk,WeightedTransition,3,0,0,0
1001,1964,TeenPop,Country,WeightedTransition,3,0,0,0
1001,1964,TeenPop,DooWop,AnnualFloor,1,0,1,0
1001,1964,TeenPop,DooWop,WeightedTransition,7,0,0,0
1001,1964,TeenPop,EasyListening,WeightedTransition,12,0,0,0
1001,1964,TeenPop,Folk,AnnualFloor,1,0,1,0
1001,1964,TeenPop,Folk,WeightedTransition,5,0,0,0
1001,1964,TeenPop,GarageRock,WeightedTransition,3,0,0,0
1001,1964,TeenPop,Gospel,WeightedTransition,3,0,0,0
1001,1964,TeenPop,Jazz,WeightedTransition,3,0,0,0
1001,1964,TeenPop,LatinPop,AnnualFloor,2,0,2,0
1001,1964,TeenPop,LatinPop,WeightedTransition,1,0,0,0
1001,1964,TeenPop,RnB,WeightedTransition,5,0,0,0
1001,1964,TeenPop,RockAndRoll,WeightedTransition,7,0,0,0
1001,1964,TeenPop,Ska,WeightedTransition,3,0,0,0
1001,1964,TeenPop,Soul,WeightedTransition,3,0,0,0
1001,1964,TeenPop,SurfRock,WeightedTransition,5,0,0,0
1001,1964,TeenPop,TeenPop,Retained,273,0,0,0
1001,1964,TeenPop,TeenPop,WeightedTransition,27,0,0,0
1001,1964,TeenPop,TraditionalPop,AnnualFloor,1,0,1,0
1001,1964,TeenPop,TraditionalPop,WeightedTransition,6,0,0,0
1001,1964,TexMex,BritishBeat,WeightedTransition,2,0,0,0
1001,1964,TexMex,Classical,WeightedTransition,1,0,0,0
1001,1964,TexMex,Comedy,WeightedTransition,2,0,0,0
1001,1964,TexMex,TexMex,Retained,19,0,0,0
1001,1964,TraditionalPop,Blues,WeightedTransition,3,0,0,0
1001,1964,TraditionalPop,BossaNova,AnnualFloor,1,0,1,0
1001,1964,TraditionalPop,BossaNova,WeightedTransition,7,0,0,0
1001,1964,TraditionalPop,BritishBeat,AnnualFloor,1,0,1,0
1001,1964,TraditionalPop,BritishBeat,WeightedTransition,20,0,0,0
1001,1964,TraditionalPop,BritishBlues,WeightedTransition,2,0,0,0
1001,1964,TraditionalPop,BritishPop,WeightedTransition,38,0,0,0
1001,1964,TraditionalPop,Childrens,AnnualFloor,1,0,1,0
1001,1964,TraditionalPop,Classical,AnnualFloor,1,0,1,0
1001,1964,TraditionalPop,Classical,WeightedTransition,1,0,0,0
1001,1964,TraditionalPop,Comedy,AnnualFloor,1,0,1,0
1001,1964,TraditionalPop,Comedy,WeightedTransition,2,0,0,0
1001,1964,TraditionalPop,ContemporaryFolk,WeightedTransition,5,0,0,0
1001,1964,TraditionalPop,Country,WeightedTransition,3,0,0,0
1001,1964,TraditionalPop,DooWop,WeightedTransition,3,0,0,0
1001,1964,TraditionalPop,EasyListening,AnnualFloor,1,0,1,0
1001,1964,TraditionalPop,EasyListening,WeightedTransition,11,0,0,0
1001,1964,TraditionalPop,Folk,WeightedTransition,8,0,0,0
1001,1964,TraditionalPop,GarageRock,WeightedTransition,3,0,0,0
1001,1964,TraditionalPop,Gospel,WeightedTransition,4,0,0,0
1001,1964,TraditionalPop,Jazz,WeightedTransition,9,0,0,0
1001,1964,TraditionalPop,LatinPop,WeightedTransition,4,0,0,0
1001,1964,TraditionalPop,RnB,AnnualFloor,1,0,1,0
1001,1964,TraditionalPop,RnB,WeightedTransition,4,0,0,0
1001,1964,TraditionalPop,RockAndRoll,AnnualFloor,1,0,1,0
1001,1964,TraditionalPop,RockAndRoll,WeightedTransition,8,0,0,0
1001,1964,TraditionalPop,Ska,AnnualFloor,2,0,2,0
1001,1964,TraditionalPop,Ska,WeightedTransition,1,0,0,0
1001,1964,TraditionalPop,Soul,WeightedTransition,5,0,0,0
1001,1964,TraditionalPop,SurfRock,WeightedTransition,6,0,0,0
1001,1964,TraditionalPop,TeenPop,AnnualFloor,1,0,1,0
1001,1964,TraditionalPop,TeenPop,WeightedTransition,15,0,0,0
1001,1964,TraditionalPop,TexMex,AnnualFloor,1,0,1,0
1001,1964,TraditionalPop,TexMex,WeightedTransition,4,0,0,0
1001,1964,TraditionalPop,TraditionalPop,AnnualFloor,1,0,1,0
1001,1964,TraditionalPop,TraditionalPop,Retained,268,0,0,0
1001,1964,TraditionalPop,TraditionalPop,WeightedTransition,39,0,0,0
1001,1965,Blues,Blues,Retained,40,0,0,0
1001,1965,Blues,Blues,WeightedTransition,3,0,0,0
1001,1965,Blues,BossaNova,WeightedTransition,1,0,0,0
1001,1965,Blues,BritishPop,WeightedTransition,3,0,0,0
1001,1965,Blues,DooWop,WeightedTransition,1,0,0,0
1001,1965,Blues,FolkRock,WeightedTransition,1,0,0,0
1001,1965,Blues,Jazz,AnnualFloor,1,0,1,0
1001,1965,Blues,Jazz,WeightedTransition,3,0,0,0
1001,1965,Blues,RnB,WeightedTransition,1,0,0,0
1001,1965,Blues,RockAndRoll,WeightedTransition,1,0,0,0
1001,1965,Blues,Ska,WeightedTransition,1,0,0,0
1001,1965,BossaNova,BossaNova,Retained,19,0,0,0
1001,1965,BossaNova,BritishBeat,WeightedTransition,1,0,0,0
1001,1965,BossaNova,BritishPop,WeightedTransition,1,0,0,0
1001,1965,BossaNova,ContemporaryFolk,WeightedTransition,1,0,0,0
1001,1965,BossaNova,Country,WeightedTransition,1,0,0,0
1001,1965,BossaNova,Jazz,WeightedTransition,1,0,0,0
1001,1965,BossaNova,LatinPop,AnnualFloor,1,0,1,0
1001,1965,BossaNova,RockAndRoll,WeightedTransition,1,0,0,0
1001,1965,BossaNova,TeenPop,AnnualFloor,1,0,1,0
1001,1965,BossaNova,TraditionalPop,WeightedTransition,1,0,0,0
1001,1965,BritishBeat,BritishBeat,Retained,65,0,0,0
1001,1965,BritishBeat,BritishBeat,WeightedTransition,6,0,0,0
1001,1965,BritishBeat,BritishBlues,AnnualFloor,1,0,1,0
1001,1965,BritishBeat,BritishBlues,WeightedTransition,1,0,0,0
1001,1965,BritishBeat,BritishPop,WeightedTransition,1,0,0,0
1001,1965,BritishBeat,Childrens,WeightedTransition,1,0,0,0
1001,1965,BritishBeat,Classical,WeightedTransition,1,0,0,0
1001,1965,BritishBeat,Folk,WeightedTransition,1,0,0,0
1001,1965,BritishBeat,FolkRock,WeightedTransition,1,0,0,0
1001,1965,BritishBeat,GarageRock,AnnualFloor,2,0,2,0
1001,1965,BritishBeat,GarageRock,WeightedTransition,3,0,0,0
1001,1965,BritishBeat,RockAndRoll,WeightedTransition,1,0,0,0
1001,1965,BritishBeat,TexMex,AnnualFloor,1,0,1,0
1001,1965,BritishBlues,BritishBeat,WeightedTransition,1,0,0,0
1001,1965,BritishBlues,BritishBlues,Retained,3,0,0,0
1001,1965,BritishPop,BritishBeat,WeightedTransition,1,0,0,0
1001,1965,BritishPop,BritishPop,AnnualFloor,1,0,1,0
1001,1965,BritishPop,BritishPop,Retained,56,0,0,0
1001,1965,BritishPop,BritishPop,WeightedTransition,2,0,0,0
1001,1965,BritishPop,Classical,WeightedTransition,1,0,0,0
1001,1965,BritishPop,Comedy,WeightedTransition,1,0,0,0
1001,1965,BritishPop,Country,WeightedTransition,1,0,0,0
1001,1965,BritishPop,FolkRock,AnnualFloor,1,0,1,0
1001,1965,BritishPop,RnB,WeightedTransition,1,0,0,0
1001,1965,BritishPop,TraditionalPop,WeightedTransition,1,0,0,0
1001,1965,Childrens,Childrens,AnnualFloor,1,0,1,0
1001,1965,Childrens,Childrens,Retained,18,0,0,0
1001,1965,Childrens,Childrens,WeightedTransition,2,0,0,0
1001,1965,Childrens,Comedy,WeightedTransition,1,0,0,0
1001,1965,Childrens,Country,AnnualFloor,1,0,1,0
1001,1965,Childrens,FolkRock,WeightedTransition,1,0,0,0
1001,1965,Childrens,TexMex,AnnualFloor,1,0,1,0
1001,1965,Classical,Childrens,WeightedTransition,1,0,0,0
1001,1965,Classical,Classical,AnnualFloor,1,0,1,0
1001,1965,Classical,Classical,Retained,53,0,0,0
1001,1965,Classical,Classical,WeightedTransition,1,0,0,0
1001,1965,Classical,DooWop,AnnualFloor,1,0,1,0
1001,1965,Classical,TraditionalPop,WeightedTransition,1,0,0,0
1001,1965,Comedy,BritishBlues,WeightedTransition,1,0,0,0
1001,1965,Comedy,Comedy,Retained,25,0,0,0
1001,1965,Comedy,Comedy,WeightedTransition,3,0,0,0
1001,1965,Comedy,ContemporaryFolk,WeightedTransition,1,0,0,0
1001,1965,Comedy,Country,WeightedTransition,1,0,0,0
1001,1965,Comedy,EasyListening,WeightedTransition,3,0,0,0
1001,1965,Comedy,Folk,WeightedTransition,1,0,0,0
1001,1965,Comedy,Gospel,WeightedTransition,1,0,0,0
1001,1965,Comedy,Jazz,WeightedTransition,1,0,0,0
1001,1965,Comedy,RnB,WeightedTransition,1,0,0,0
1001,1965,Comedy,Soul,WeightedTransition,3,0,0,0
1001,1965,ContemporaryFolk,BritishPop,WeightedTransition,2,0,0,0
1001,1965,ContemporaryFolk,Childrens,WeightedTransition,1,0,0,0
1001,1965,ContemporaryFolk,ContemporaryFolk,Retained,16,0,0,0
1001,1965,ContemporaryFolk,ContemporaryFolk,WeightedTransition,5,0,0,0
1001,1965,ContemporaryFolk,LatinPop,AnnualFloor,1,0,1,0
1001,1965,ContemporaryFolk,SurfRock,WeightedTransition,1,0,0,0
1001,1965,Country,Blues,AnnualFloor,1,0,1,0
1001,1965,Country,Blues,WeightedTransition,1,0,0,0
1001,1965,Country,BossaNova,WeightedTransition,2,0,0,0
1001,1965,Country,BritishBeat,WeightedTransition,2,0,0,0
1001,1965,Country,BritishBlues,AnnualFloor,2,0,2,0
1001,1965,Country,BritishPop,AnnualFloor,1,0,1,0
1001,1965,Country,BritishPop,WeightedTransition,4,0,0,0
1001,1965,Country,Childrens,WeightedTransition,2,0,0,0
1001,1965,Country,Classical,AnnualFloor,1,0,1,0
1001,1965,Country,Comedy,AnnualFloor,1,0,1,0
1001,1965,Country,ContemporaryFolk,AnnualFloor,2,0,2,0
1001,1965,Country,Country,AnnualFloor,2,0,2,0
1001,1965,Country,Country,Retained,203,0,0,0
1001,1965,Country,Country,WeightedTransition,12,0,0,0
1001,1965,Country,DooWop,WeightedTransition,1,0,0,0
1001,1965,Country,EasyListening,WeightedTransition,2,0,0,0
1001,1965,Country,Folk,WeightedTransition,4,0,0,0
1001,1965,Country,GarageRock,WeightedTransition,1,0,0,0
1001,1965,Country,Gospel,AnnualFloor,1,0,1,0
1001,1965,Country,Gospel,WeightedTransition,3,0,0,0
1001,1965,Country,RnB,WeightedTransition,1,0,0,0
1001,1965,Country,Soul,WeightedTransition,1,0,0,0
1001,1965,Country,SunshinePop,WeightedTransition,1,0,0,0
1001,1965,Country,SurfRock,WeightedTransition,3,0,0,0
1001,1965,Country,TeenPop,WeightedTransition,1,0,0,0
1001,1965,DooWop,Blues,WeightedTransition,2,0,0,0
1001,1965,DooWop,BossaNova,WeightedTransition,4,0,0,0
1001,1965,DooWop,BritishBeat,AnnualFloor,1,0,1,0
1001,1965,DooWop,BritishBeat,WeightedTransition,2,0,0,0
1001,1965,DooWop,BritishBlues,WeightedTransition,1,0,0,0
1001,1965,DooWop,BritishPop,WeightedTransition,8,0,0,0
1001,1965,DooWop,Childrens,WeightedTransition,1,0,0,0
1001,1965,DooWop,Classical,WeightedTransition,1,0,0,0
1001,1965,DooWop,Comedy,AnnualFloor,1,0,1,0
1001,1965,DooWop,ContemporaryFolk,WeightedTransition,4,0,0,0
1001,1965,DooWop,Country,WeightedTransition,2,0,0,0
1001,1965,DooWop,DooWop,Retained,50,0,0,0
1001,1965,DooWop,DooWop,WeightedTransition,9,0,0,0
1001,1965,DooWop,EasyListening,AnnualFloor,1,0,1,0
1001,1965,DooWop,EasyListening,WeightedTransition,2,0,0,0
1001,1965,DooWop,Folk,WeightedTransition,5,0,0,0
1001,1965,DooWop,GarageRock,WeightedTransition,2,0,0,0
1001,1965,DooWop,Gospel,WeightedTransition,4,0,0,0
1001,1965,DooWop,Jazz,WeightedTransition,1,0,0,0
1001,1965,DooWop,RnB,WeightedTransition,14,0,0,0
1001,1965,DooWop,RockAndRoll,WeightedTransition,2,0,0,0
1001,1965,DooWop,Soul,WeightedTransition,21,0,0,0
1001,1965,DooWop,SurfRock,WeightedTransition,3,0,0,0
1001,1965,DooWop,TexMex,WeightedTransition,2,0,0,0
1001,1965,EasyListening,Blues,AnnualFloor,1,0,1,0
1001,1965,EasyListening,BossaNova,WeightedTransition,2,0,0,0
1001,1965,EasyListening,BritishBeat,WeightedTransition,4,0,0,0
1001,1965,EasyListening,BritishBlues,WeightedTransition,1,0,0,0
1001,1965,EasyListening,BritishPop,WeightedTransition,9,0,0,0
1001,1965,EasyListening,Childrens,WeightedTransition,1,0,0,0
1001,1965,EasyListening,Classical,WeightedTransition,1,0,0,0
1001,1965,EasyListening,Comedy,WeightedTransition,1,0,0,0
1001,1965,EasyListening,ContemporaryFolk,WeightedTransition,1,0,0,0
1001,1965,EasyListening,EasyListening,Retained,139,0,0,0
1001,1965,EasyListening,EasyListening,WeightedTransition,7,0,0,0
1001,1965,EasyListening,Folk,WeightedTransition,4,0,0,0
1001,1965,EasyListening,FolkRock,WeightedTransition,1,0,0,0
1001,1965,EasyListening,GarageRock,WeightedTransition,1,0,0,0
1001,1965,EasyListening,Gospel,WeightedTransition,1,0,0,0
1001,1965,EasyListening,Jazz,WeightedTransition,2,0,0,0
1001,1965,EasyListening,RnB,WeightedTransition,3,0,0,0
1001,1965,EasyListening,RockAndRoll,WeightedTransition,3,0,0,0
1001,1965,EasyListening,Soul,WeightedTransition,5,0,0,0
1001,1965,EasyListening,SurfRock,WeightedTransition,1,0,0,0
1001,1965,EasyListening,TeenPop,WeightedTransition,1,0,0,0
1001,1965,EasyListening,TexMex,WeightedTransition,1,0,0,0
1001,1965,EasyListening,TraditionalPop,WeightedTransition,5,0,0,0
1001,1965,Folk,BossaNova,WeightedTransition,2,0,0,0
1001,1965,Folk,BritishBeat,WeightedTransition,7,0,0,0
1001,1965,Folk,BritishPop,WeightedTransition,1,0,0,0
1001,1965,Folk,Childrens,AnnualFloor,1,0,1,0
1001,1965,Folk,Comedy,WeightedTransition,2,0,0,0
1001,1965,Folk,ContemporaryFolk,WeightedTransition,1,0,0,0
1001,1965,Folk,Country,WeightedTransition,3,0,0,0
1001,1965,Folk,Folk,AnnualFloor,2,0,2,0
1001,1965,Folk,Folk,Retained,123,0,0,0
1001,1965,Folk,Folk,WeightedTransition,12,0,0,0
1001,1965,Folk,FolkRock,WeightedTransition,1,0,0,0
1001,1965,Folk,Soul,WeightedTransition,2,0,0,0
1001,1965,Folk,SurfRock,WeightedTransition,2,0,0,0
1001,1965,Folk,TeenPop,WeightedTransition,2,0,0,0
1001,1965,Folk,TexMex,WeightedTransition,1,0,0,0
1001,1965,FolkRock,BritishPop,WeightedTransition,1,0,0,0
1001,1965,FolkRock,FolkRock,Retained,5,0,0,0
1001,1965,GarageRock,Blues,WeightedTransition,1,0,0,0
1001,1965,GarageRock,BritishBeat,WeightedTransition,2,0,0,0
1001,1965,GarageRock,BritishBlues,WeightedTransition,2,0,0,0
1001,1965,GarageRock,BritishPop,WeightedTransition,2,0,0,0
1001,1965,GarageRock,Comedy,WeightedTransition,1,0,0,0
1001,1965,GarageRock,GarageRock,AnnualFloor,1,0,1,0
1001,1965,GarageRock,GarageRock,Retained,21,0,0,0
1001,1965,GarageRock,SunshinePop,WeightedTransition,1,0,0,0
1001,1965,GarageRock,TexMex,WeightedTransition,1,0,0,0
1001,1965,Gospel,BritishBeat,WeightedTransition,2,0,0,0
1001,1965,Gospel,BritishPop,WeightedTransition,1,0,0,0
1001,1965,Gospel,Classical,WeightedTransition,1,0,0,0
1001,1965,Gospel,Country,WeightedTransition,1,0,0,0
1001,1965,Gospel,FolkRock,WeightedTransition,1,0,0,0
1001,1965,Gospel,GarageRock,WeightedTransition,1,0,0,0
1001,1965,Gospel,Gospel,Retained,35,0,0,0
1001,1965,Gospel,Gospel,WeightedTransition,7,0,0,0
1001,1965,Gospel,Jazz,WeightedTransition,1,0,0,0
1001,1965,Gospel,RockAndRoll,WeightedTransition,1,0,0,0
1001,1965,Gospel,Soul,WeightedTransition,5,0,0,0
1001,1965,Gospel,TeenPop,WeightedTransition,1,0,0,0
1001,1965,Gospel,TraditionalPop,WeightedTransition,2,0,0,0
1001,1965,Jazz,BossaNova,AnnualFloor,1,0,1,0
1001,1965,Jazz,BossaNova,WeightedTransition,15,0,0,0
1001,1965,Jazz,BritishBeat,AnnualFloor,1,0,1,0
1001,1965,Jazz,BritishBeat,WeightedTransition,9,0,0,0
1001,1965,Jazz,BritishPop,WeightedTransition,8,0,0,0
1001,1965,Jazz,Classical,WeightedTransition,3,0,0,0
1001,1965,Jazz,Comedy,WeightedTransition,2,0,0,0
1001,1965,Jazz,ContemporaryFolk,WeightedTransition,1,0,0,0
1001,1965,Jazz,Country,WeightedTransition,5,0,0,0
1001,1965,Jazz,DooWop,AnnualFloor,2,0,2,0
1001,1965,Jazz,DooWop,WeightedTransition,2,0,0,0
1001,1965,Jazz,EasyListening,WeightedTransition,2,0,0,0
1001,1965,Jazz,Folk,AnnualFloor,1,0,1,0
1001,1965,Jazz,Folk,WeightedTransition,1,0,0,0
1001,1965,Jazz,FolkRock,WeightedTransition,4,0,0,0
1001,1965,Jazz,GarageRock,WeightedTransition,3,0,0,0
1001,1965,Jazz,Gospel,WeightedTransition,2,0,0,0
1001,1965,Jazz,Jazz,AnnualFloor,1,0,1,0
1001,1965,Jazz,Jazz,Retained,112,0,0,0
1001,1965,Jazz,Jazz,WeightedTransition,20,0,0,0
1001,1965,Jazz,RnB,WeightedTransition,10,0,0,0
1001,1965,Jazz,RockAndRoll,WeightedTransition,1,0,0,0
1001,1965,Jazz,Ska,WeightedTransition,1,0,0,0
1001,1965,Jazz,Soul,WeightedTransition,14,0,0,0
1001,1965,Jazz,SunshinePop,AnnualFloor,1,0,1,0
1001,1965,Jazz,SunshinePop,WeightedTransition,3,0,0,0
1001,1965,Jazz,TeenPop,WeightedTransition,3,0,0,0
1001,1965,Jazz,TraditionalPop,WeightedTransition,3,0,0,0
1001,1965,LatinPop,Classical,WeightedTransition,2,0,0,0
1001,1965,LatinPop,ContemporaryFolk,WeightedTransition,1,0,0,0
1001,1965,LatinPop,Folk,WeightedTransition,1,0,0,0
1001,1965,LatinPop,FolkRock,WeightedTransition,2,0,0,0
1001,1965,LatinPop,Jazz,WeightedTransition,1,0,0,0
1001,1965,LatinPop,LatinPop,Retained,26,0,0,0
1001,1965,LatinPop,LatinPop,WeightedTransition,1,0,0,0
1001,1965,LatinPop,RnB,WeightedTransition,1,0,0,0
1001,1965,LatinPop,SurfRock,AnnualFloor,1,0,1,0
1001,1965,LatinPop,SurfRock,WeightedTransition,1,0,0,0
1001,1965,RnB,Blues,AnnualFloor,1,0,1,0
1001,1965,RnB,BritishBeat,WeightedTransition,4,0,0,0
1001,1965,RnB,BritishBlues,WeightedTransition,1,0,0,0
1001,1965,RnB,BritishPop,WeightedTransition,4,0,0,0
1001,1965,RnB,Childrens,WeightedTransition,1,0,0,0
1001,1965,RnB,Comedy,WeightedTransition,2,0,0,0
1001,1965,RnB,Country,WeightedTransition,1,0,0,0
1001,1965,RnB,EasyListening,WeightedTransition,2,0,0,0
1001,1965,RnB,Folk,WeightedTransition,1,0,0,0
1001,1965,RnB,GarageRock,WeightedTransition,1,0,0,0
1001,1965,RnB,Gospel,WeightedTransition,4,0,0,0
1001,1965,RnB,Jazz,WeightedTransition,2,0,0,0
1001,1965,RnB,LatinPop,WeightedTransition,1,0,0,0
1001,1965,RnB,RnB,AnnualFloor,2,0,2,0
1001,1965,RnB,RnB,Retained,205,0,0,0
1001,1965,RnB,RnB,WeightedTransition,6,0,0,0
1001,1965,RnB,RockAndRoll,WeightedTransition,1,0,0,0
1001,1965,RnB,Soul,WeightedTransition,11,0,0,0
1001,1965,RnB,TraditionalPop,WeightedTransition,1,0,0,0
1001,1965,RockAndRoll,Blues,WeightedTransition,4,0,0,0
1001,1965,RockAndRoll,BossaNova,WeightedTransition,1,0,0,0
1001,1965,RockAndRoll,BritishBeat,AnnualFloor,1,0,1,0
1001,1965,RockAndRoll,BritishBeat,WeightedTransition,43,0,0,0
1001,1965,RockAndRoll,BritishBlues,WeightedTransition,4,0,0,0
1001,1965,RockAndRoll,BritishPop,WeightedTransition,12,0,0,0
1001,1965,RockAndRoll,Childrens,WeightedTransition,1,0,0,0
1001,1965,RockAndRoll,Classical,AnnualFloor,1,0,1,0
1001,1965,RockAndRoll,Classical,WeightedTransition,1,0,0,0
1001,1965,RockAndRoll,Comedy,WeightedTransition,7,0,0,0
1001,1965,RockAndRoll,ContemporaryFolk,WeightedTransition,1,0,0,0
1001,1965,RockAndRoll,Country,WeightedTransition,4,0,0,0
1001,1965,RockAndRoll,EasyListening,WeightedTransition,5,0,0,0
1001,1965,RockAndRoll,Folk,WeightedTransition,1,0,0,0
1001,1965,RockAndRoll,FolkRock,AnnualFloor,1,0,1,0
1001,1965,RockAndRoll,FolkRock,WeightedTransition,2,0,0,0
1001,1965,RockAndRoll,GarageRock,WeightedTransition,16,0,0,0
1001,1965,RockAndRoll,Gospel,WeightedTransition,7,0,0,0
1001,1965,RockAndRoll,Jazz,WeightedTransition,4,0,0,0
1001,1965,RockAndRoll,LatinPop,AnnualFloor,1,0,1,0
1001,1965,RockAndRoll,LatinPop,WeightedTransition,4,0,0,0
1001,1965,RockAndRoll,RnB,WeightedTransition,11,0,0,0
1001,1965,RockAndRoll,RockAndRoll,AnnualFloor,2,0,2,0
1001,1965,RockAndRoll,RockAndRoll,Retained,102,0,0,0
1001,1965,RockAndRoll,RockAndRoll,WeightedTransition,35,0,0,0
1001,1965,RockAndRoll,Ska,WeightedTransition,1,0,0,0
1001,1965,RockAndRoll,Soul,WeightedTransition,10,0,0,0
1001,1965,RockAndRoll,SunshinePop,WeightedTransition,2,0,0,0
1001,1965,RockAndRoll,SurfRock,AnnualFloor,1,0,1,0
1001,1965,RockAndRoll,SurfRock,WeightedTransition,12,0,0,0
1001,1965,RockAndRoll,TeenPop,WeightedTransition,3,0,0,0
1001,1965,RockAndRoll,TexMex,WeightedTransition,2,0,0,0
1001,1965,RockAndRoll,TraditionalPop,WeightedTransition,1,0,0,0
1001,1965,Ska,BritishPop,WeightedTransition,3,0,0,0
1001,1965,Ska,Country,WeightedTransition,1,0,0,0
1001,1965,Ska,Folk,WeightedTransition,1,0,0,0
1001,1965,Ska,Ska,Retained,5,0,0,0
1001,1965,Ska,TeenPop,WeightedTransition,1,0,0,0
1001,1965,Soul,BossaNova,WeightedTransition,3,0,0,0
1001,1965,Soul,BritishPop,WeightedTransition,3,0,0,0
1001,1965,Soul,Childrens,AnnualFloor,1,0,1,0
1001,1965,Soul,Classical,WeightedTransition,1,0,0,0
1001,1965,Soul,ContemporaryFolk,WeightedTransition,2,0,0,0
1001,1965,Soul,Country,WeightedTransition,2,0,0,0
1001,1965,Soul,EasyListening,WeightedTransition,2,0,0,0
1001,1965,Soul,Folk,WeightedTransition,1,0,0,0
1001,1965,Soul,FolkRock,WeightedTransition,1,0,0,0
1001,1965,Soul,Jazz,AnnualFloor,1,0,1,0
1001,1965,Soul,LatinPop,WeightedTransition,1,0,0,0
1001,1965,Soul,RnB,AnnualFloor,1,0,1,0
1001,1965,Soul,RnB,WeightedTransition,6,0,0,0
1001,1965,Soul,Soul,AnnualFloor,2,0,2,0
1001,1965,Soul,Soul,Retained,188,0,0,0
1001,1965,Soul,Soul,WeightedTransition,14,0,0,0
1001,1965,Soul,SunshinePop,AnnualFloor,1,0,1,0
1001,1965,Soul,TexMex,AnnualFloor,1,0,1,0
1001,1965,Soul,TraditionalPop,WeightedTransition,3,0,0,0
1001,1965,SunshinePop,Gospel,WeightedTransition,1,0,0,0
1001,1965,SunshinePop,SunshinePop,Retained,8,0,0,0
1001,1965,SurfRock,BossaNova,WeightedTransition,1,0,0,0
1001,1965,SurfRock,BritishBeat,WeightedTransition,2,0,0,0
1001,1965,SurfRock,BritishBlues,WeightedTransition,1,0,0,0
1001,1965,SurfRock,Classical,WeightedTransition,1,0,0,0
1001,1965,SurfRock,Country,WeightedTransition,1,0,0,0
1001,1965,SurfRock,RnB,WeightedTransition,1,0,0,0
1001,1965,SurfRock,RockAndRoll,WeightedTransition,1,0,0,0
1001,1965,SurfRock,Soul,WeightedTransition,1,0,0,0
1001,1965,SurfRock,SurfRock,Retained,36,0,0,0
1001,1965,SurfRock,SurfRock,WeightedTransition,3,0,0,0
1001,1965,SurfRock,TeenPop,WeightedTransition,1,0,0,0
1001,1965,TeenPop,BossaNova,AnnualFloor,1,0,1,0
1001,1965,TeenPop,BossaNova,WeightedTransition,2,0,0,0
1001,1965,TeenPop,BritishBeat,WeightedTransition,11,0,0,0
1001,1965,TeenPop,BritishPop,WeightedTransition,24,0,0,0
1001,1965,TeenPop,Childrens,WeightedTransition,2,0,0,0
1001,1965,TeenPop,Classical,WeightedTransition,3,0,0,0
1001,1965,TeenPop,Comedy,WeightedTransition,1,0,0,0
1001,1965,TeenPop,ContemporaryFolk,WeightedTransition,3,0,0,0
1001,1965,TeenPop,Country,WeightedTransition,5,0,0,0
1001,1965,TeenPop,DooWop,WeightedTransition,2,0,0,0
1001,1965,TeenPop,EasyListening,WeightedTransition,11,0,0,0
1001,1965,TeenPop,Folk,WeightedTransition,3,0,0,0
1001,1965,TeenPop,FolkRock,AnnualFloor,1,0,1,0
1001,1965,TeenPop,GarageRock,WeightedTransition,3,0,0,0
1001,1965,TeenPop,Gospel,AnnualFloor,2,0,2,0
1001,1965,TeenPop,Gospel,WeightedTransition,5,0,0,0
1001,1965,TeenPop,Jazz,WeightedTransition,1,0,0,0
1001,1965,TeenPop,RnB,WeightedTransition,7,0,0,0
1001,1965,TeenPop,RockAndRoll,AnnualFloor,1,0,1,0
1001,1965,TeenPop,RockAndRoll,WeightedTransition,3,0,0,0
1001,1965,TeenPop,Ska,AnnualFloor,3,0,3,0
1001,1965,TeenPop,Ska,WeightedTransition,2,0,0,0
1001,1965,TeenPop,Soul,AnnualFloor,1,0,1,0
1001,1965,TeenPop,Soul,WeightedTransition,7,0,0,0
1001,1965,TeenPop,SunshinePop,AnnualFloor,1,0,1,0
1001,1965,TeenPop,SunshinePop,WeightedTransition,5,0,0,0
1001,1965,TeenPop,SurfRock,WeightedTransition,5,0,0,0
1001,1965,TeenPop,TeenPop,AnnualFloor,2,0,2,0
1001,1965,TeenPop,TeenPop,Retained,201,0,0,0
1001,1965,TeenPop,TeenPop,WeightedTransition,9,0,0,0
1001,1965,TeenPop,TexMex,WeightedTransition,2,0,0,0
1001,1965,TeenPop,TraditionalPop,AnnualFloor,1,0,1,0
1001,1965,TeenPop,TraditionalPop,WeightedTransition,8,0,0,0
1001,1965,TexMex,BritishPop,AnnualFloor,1,0,1,0
1001,1965,TexMex,ContemporaryFolk,AnnualFloor,1,0,1,0
1001,1965,TexMex,Folk,WeightedTransition,1,0,0,0
1001,1965,TexMex,Gospel,WeightedTransition,1,0,0,0
1001,1965,TexMex,Jazz,WeightedTransition,1,0,0,0
1001,1965,TexMex,LatinPop,WeightedTransition,1,0,0,0
1001,1965,TexMex,RockAndRoll,WeightedTransition,1,0,0,0
1001,1965,TexMex,TexMex,Retained,18,0,0,0
1001,1965,TraditionalPop,Blues,WeightedTransition,2,0,0,0
1001,1965,TraditionalPop,BossaNova,AnnualFloor,1,0,1,0
1001,1965,TraditionalPop,BossaNova,WeightedTransition,9,0,0,0
1001,1965,TraditionalPop,BritishBeat,WeightedTransition,16,0,0,0
1001,1965,TraditionalPop,BritishBlues,WeightedTransition,1,0,0,0
1001,1965,TraditionalPop,BritishPop,WeightedTransition,39,0,0,0
1001,1965,TraditionalPop,Childrens,WeightedTransition,4,0,0,0
1001,1965,TraditionalPop,Classical,WeightedTransition,5,0,0,0
1001,1965,TraditionalPop,Comedy,AnnualFloor,1,0,1,0
1001,1965,TraditionalPop,Comedy,WeightedTransition,2,0,0,0
1001,1965,TraditionalPop,ContemporaryFolk,WeightedTransition,5,0,0,0
1001,1965,TraditionalPop,Country,WeightedTransition,10,0,0,0
1001,1965,TraditionalPop,EasyListening,AnnualFloor,2,0,2,0
1001,1965,TraditionalPop,EasyListening,WeightedTransition,21,0,0,0
1001,1965,TraditionalPop,Folk,WeightedTransition,5,0,0,0
1001,1965,TraditionalPop,FolkRock,WeightedTransition,3,0,0,0
1001,1965,TraditionalPop,GarageRock,WeightedTransition,7,0,0,0
1001,1965,TraditionalPop,Gospel,WeightedTransition,4,0,0,0
1001,1965,TraditionalPop,Jazz,WeightedTransition,10,0,0,0
1001,1965,TraditionalPop,LatinPop,WeightedTransition,2,0,0,0
1001,1965,TraditionalPop,RnB,WeightedTransition,5,0,0,0
1001,1965,TraditionalPop,RockAndRoll,WeightedTransition,6,0,0,0
1001,1965,TraditionalPop,Ska,WeightedTransition,1,0,0,0
1001,1965,TraditionalPop,Soul,WeightedTransition,6,0,0,0
1001,1965,TraditionalPop,SunshinePop,WeightedTransition,8,0,0,0
1001,1965,TraditionalPop,SurfRock,AnnualFloor,1,0,1,0
1001,1965,TraditionalPop,SurfRock,WeightedTransition,3,0,0,0
1001,1965,TraditionalPop,TeenPop,WeightedTransition,6,0,0,0
1001,1965,TraditionalPop,TexMex,WeightedTransition,1,0,0,0
1001,1965,TraditionalPop,TraditionalPop,AnnualFloor,2,0,2,0
1001,1965,TraditionalPop,TraditionalPop,Retained,225,0,0,0
1001,1965,TraditionalPop,TraditionalPop,WeightedTransition,33,0,0,0
1001,1966,AcidRock,AcidRock,Retained,3,0,0,0
1001,1966,AcidRock,Classical,WeightedTransition,1,0,0,0
1001,1966,AcidRock,Gospel,WeightedTransition,1,0,0,0
1001,1966,BaroquePop,BaroquePop,Retained,2,0,0,0
1001,1966,BaroquePop,BritishBlues,WeightedTransition,1,0,0,0
1001,1966,Blues,AcidRock,WeightedTransition,1,0,0,0
1001,1966,Blues,Blues,Retained,68,0,0,0
1001,1966,Blues,Blues,WeightedTransition,3,0,0,0
1001,1966,Blues,Boogaloo,WeightedTransition,1,0,0,0
1001,1966,Blues,BritishPop,WeightedTransition,1,0,0,0
1001,1966,Blues,Childrens,WeightedTransition,2,0,0,0
1001,1966,Blues,Classical,WeightedTransition,1,0,0,0
1001,1966,Blues,ContemporaryFolk,WeightedTransition,1,0,0,0
1001,1966,Blues,EasyListening,WeightedTransition,1,0,0,0
1001,1966,Blues,Jazz,WeightedTransition,1,0,0,0
1001,1966,Blues,RnB,WeightedTransition,1,0,1,1
1001,1966,Blues,Soul,WeightedTransition,1,0,0,0
1001,1966,Blues,TexMex,AnnualFloor,1,0,1,0
1001,1966,Blues,TraditionalPop,AnnualFloor,1,0,1,0
1001,1966,BluesRock,BluesRock,Retained,6,0,0,0
1001,1966,BluesRock,Boogaloo,WeightedTransition,1,0,0,0
1001,1966,BluesRock,ContemporaryFolk,WeightedTransition,1,0,0,0
1001,1966,BluesRock,Country,WeightedTransition,1,0,0,0
1001,1966,Boogaloo,BluesRock,WeightedTransition,1,0,0,0
1001,1966,Boogaloo,Boogaloo,Retained,1,0,0,0
1001,1966,BossaNova,Boogaloo,AnnualFloor,1,0,1,0
1001,1966,BossaNova,Boogaloo,WeightedTransition,1,0,0,0
1001,1966,BossaNova,BossaNova,Retained,22,0,0,0
1001,1966,BossaNova,BossaNova,WeightedTransition,2,0,0,0
1001,1966,BossaNova,BritishPop,WeightedTransition,1,0,0,0
1001,1966,BossaNova,Classical,WeightedTransition,1,0,0,0
1001,1966,BossaNova,Country,WeightedTransition,1,0,0,0
1001,1966,BossaNova,FolkRock,WeightedTransition,1,0,0,0
1001,1966,BossaNova,GarageRock,WeightedTransition,2,0,1,1
1001,1966,BossaNova,Gospel,WeightedTransition,1,0,0,0
1001,1966,BossaNova,Jazz,WeightedTransition,2,0,0,0
1001,1966,BossaNova,LatinPop,AnnualFloor,1,0,1,0
1001,1966,BossaNova,LatinPop,WeightedTransition,1,0,0,0
1001,1966,BossaNova,RnB,WeightedTransition,1,0,0,0
1001,1966,BritishBeat,AcidRock,WeightedTransition,1,0,0,0
1001,1966,BritishBeat,BaroquePop,WeightedTransition,1,0,0,0
1001,1966,BritishBeat,BluesRock,WeightedTransition,1,0,0,0
1001,1966,BritishBeat,Boogaloo,WeightedTransition,1,0,0,0
1001,1966,BritishBeat,BritishBeat,Retained,56,0,0,0
1001,1966,BritishBeat,BritishBeat,WeightedTransition,6,0,0,0
1001,1966,BritishBeat,BritishBlues,WeightedTransition,1,0,0,0
1001,1966,BritishBeat,BritishPop,WeightedTransition,1,0,0,0
1001,1966,BritishBeat,Classical,AnnualFloor,1,0,1,0
1001,1966,BritishBeat,Classical,WeightedTransition,1,0,0,0
1001,1966,BritishBeat,ContemporaryFolk,WeightedTransition,1,0,0,0
1001,1966,BritishBeat,Country,WeightedTransition,3,0,0,0
1001,1966,BritishBeat,Folk,AnnualFloor,1,0,1,0
1001,1966,BritishBeat,FolkRock,WeightedTransition,2,0,0,0
1001,1966,BritishBeat,GarageRock,WeightedTransition,2,0,0,0
1001,1966,BritishBeat,Gospel,WeightedTransition,2,0,0,0
1001,1966,BritishBeat,Jazz,WeightedTransition,1,0,0,0
1001,1966,BritishBeat,PsychedelicRock,WeightedTransition,2,0,0,0
1001,1966,BritishBeat,RnB,WeightedTransition,1,0,0,0
1001,1966,BritishBeat,RockAndRoll,WeightedTransition,1,0,0,0
1001,1966,BritishBeat,Soul,WeightedTransition,1,0,0,0
1001,1966,BritishBeat,TraditionalPop,WeightedTransition,1,0,0,0
1001,1966,BritishBlues,BritishBlues,Retained,11,0,0,0
1001,1966,BritishBlues,BritishBlues,WeightedTransition,3,0,0,0
1001,1966,BritishBlues,PsychedelicRock,WeightedTransition,1,0,0,0
1001,1966,BritishBlues,RnB,WeightedTransition,2,0,0,0
1001,1966,BritishBlues,Soul,WeightedTransition,1,0,0,0
1001,1966,BritishPop,AcidRock,AnnualFloor,1,0,1,0
1001,1966,BritishPop,Blues,AnnualFloor,1,0,1,0
1001,1966,BritishPop,BossaNova,WeightedTransition,1,0,0,0
1001,1966,BritishPop,BritishPop,Retained,58,0,0,0
1001,1966,BritishPop,BritishPop,WeightedTransition,1,0,0,0
1001,1966,BritishPop,ContemporaryFolk,AnnualFloor,1,0,1,0
1001,1966,BritishPop,EasyListening,WeightedTransition,1,0,0,0
1001,1966,BritishPop,FolkRock,WeightedTransition,1,0,0,0
1001,1966,BritishPop,Gospel,WeightedTransition,1,0,0,0
1001,1966,BritishPop,RockAndRoll,WeightedTransition,1,0,0,0
1001,1966,BritishPop,Rocksteady,AnnualFloor,1,0,1,0
1001,1966,BritishPop,Soul,WeightedTransition,1,0,0,0
1001,1966,BritishPop,SunshinePop,AnnualFloor,1,0,1,0
1001,1966,BritishPop,SunshinePop,WeightedTransition,3,0,0,0
1001,1966,BritishPop,SurfRock,AnnualFloor,2,0,2,0
1001,1966,BritishPop,TraditionalPop,WeightedTransition,1,0,0,0
1001,1966,Childrens,BritishPop,WeightedTransition,2,0,0,0
1001,1966,Childrens,Childrens,Retained,20,0,0,0
1001,1966,Childrens,Childrens,WeightedTransition,1,0,0,0
1001,1966,Childrens,Comedy,WeightedTransition,1,0,0,0
1001,1966,Childrens,ContemporaryFolk,WeightedTransition,1,0,0,0
1001,1966,Childrens,Country,WeightedTransition,2,0,0,0
1001,1966,Childrens,Rocksteady,AnnualFloor,1,0,1,0
1001,1966,Classical,Blues,AnnualFloor,1,0,1,0
1001,1966,Classical,BossaNova,WeightedTransition,1,0,0,0
1001,1966,Classical,BritishBeat,WeightedTransition,1,0,0,0
1001,1966,Classical,BritishPop,WeightedTransition,1,0,0,0
1001,1966,Classical,Childrens,AnnualFloor,1,0,1,0
1001,1966,Classical,Classical,Retained,70,0,0,0
1001,1966,Classical,ContemporaryFolk,WeightedTransition,1,0,0,0
1001,1966,Classical,EasyListening,WeightedTransition,1,0,0,0
1001,1966,Classical,GarageRock,WeightedTransition,1,0,0,0
1001,1966,Classical,Gospel,WeightedTransition,1,0,0,0
1001,1966,Classical,Jazz,WeightedTransition,1,0,0,0
1001,1966,Classical,RockAndRoll,WeightedTransition,3,0,1,1
1001,1966,Classical,Soul,WeightedTransition,1,0,0,0
1001,1966,Classical,TexMex,WeightedTransition,1,0,0,0
1001,1966,Comedy,AcidRock,WeightedTransition,1,0,0,0
1001,1966,Comedy,BluesRock,WeightedTransition,2,0,1,1
1001,1966,Comedy,BossaNova,WeightedTransition,2,0,0,0
1001,1966,Comedy,BritishBeat,WeightedTransition,1,0,0,0
1001,1966,Comedy,BritishPop,WeightedTransition,1,0,0,0
1001,1966,Comedy,Childrens,WeightedTransition,1,0,0,0
1001,1966,Comedy,Classical,WeightedTransition,1,0,0,0
1001,1966,Comedy,Comedy,Retained,22,0,0,0
1001,1966,Comedy,Comedy,WeightedTransition,3,0,0,0
1001,1966,Comedy,ContemporaryFolk,WeightedTransition,1,0,0,0
1001,1966,Comedy,Country,WeightedTransition,2,0,0,0
1001,1966,Comedy,EasyListening,WeightedTransition,1,0,0,0
1001,1966,Comedy,GarageRock,WeightedTransition,2,0,0,0
1001,1966,Comedy,LatinPop,WeightedTransition,1,0,0,0
1001,1966,Comedy,RnB,WeightedTransition,1,0,0,0
1001,1966,Comedy,RockAndRoll,WeightedTransition,2,0,0,0
1001,1966,Comedy,Soul,WeightedTransition,1,0,0,0
1001,1966,Comedy,SunshinePop,WeightedTransition,2,0,0,0
1001,1966,Comedy,SurfRock,WeightedTransition,1,0,0,0
1001,1966,Comedy,TraditionalPop,WeightedTransition,2,0,0,0
1001,1966,ContemporaryFolk,BossaNova,WeightedTransition,1,0,0,0
1001,1966,ContemporaryFolk,Comedy,WeightedTransition,1,0,0,0
1001,1966,ContemporaryFolk,ContemporaryFolk,AnnualFloor,1,0,1,0
1001,1966,ContemporaryFolk,ContemporaryFolk,Retained,24,0,0,0
1001,1966,ContemporaryFolk,ContemporaryFolk,WeightedTransition,4,0,0,0
1001,1966,ContemporaryFolk,Folk,WeightedTransition,1,0,0,0
1001,1966,ContemporaryFolk,FolkRock,WeightedTransition,1,0,0,0
1001,1966,ContemporaryFolk,GarageRock,WeightedTransition,1,0,0,0
1001,1966,ContemporaryFolk,Soul,WeightedTransition,1,0,0,0
1001,1966,Country,BluesRock,WeightedTransition,1,0,0,0
1001,1966,Country,BossaNova,WeightedTransition,3,0,0,0
1001,1966,Country,BritishBlues,WeightedTransition,4,0,0,0
1001,1966,Country,BritishPop,WeightedTransition,1,0,0,0
1001,1966,Country,Childrens,AnnualFloor,1,0,1,0
1001,1966,Country,Classical,AnnualFloor,1,0,1,0
1001,1966,Country,ContemporaryFolk,AnnualFloor,1,0,1,0
1001,1966,Country,ContemporaryFolk,WeightedTransition,3,0,0,0
1001,1966,Country,Country,AnnualFloor,1,0,1,0
1001,1966,Country,Country,Retained,207,0,0,0
1001,1966,Country,Country,WeightedTransition,20,0,3,3
1001,1966,Country,EasyListening,WeightedTransition,2,0,0,0
1001,1966,Country,Folk,AnnualFloor,1,0,1,0
1001,1966,Country,Folk,WeightedTransition,2,0,0,0
1001,1966,Country,FolkRock,AnnualFloor,1,0,1,0
1001,1966,Country,FolkRock,WeightedTransition,3,0,0,0
1001,1966,Country,GarageRock,WeightedTransition,1,0,0,0
1001,1966,Country,Gospel,WeightedTransition,3,0,0,0
1001,1966,Country,LatinPop,WeightedTransition,1,0,0,0
1001,1966,Country,RnB,AnnualFloor,1,0,1,0
1001,1966,Country,RnB,WeightedTransition,1,0,0,0
1001,1966,Country,Ska,WeightedTransition,1,0,0,0
1001,1966,Country,Soul,WeightedTransition,1,0,0,0
1001,1966,Country,SunshinePop,WeightedTransition,1,0,0,0
1001,1966,Country,TraditionalPop,WeightedTransition,1,0,0,0
1001,1966,DooWop,AcidRock,AnnualFloor,1,1,1,0
1001,1966,DooWop,AcidRock,WeightedTransition,2,2,0,0
1001,1966,DooWop,BaroquePop,WeightedTransition,5,5,0,0
1001,1966,DooWop,Blues,WeightedTransition,2,2,0,0
1001,1966,DooWop,Boogaloo,WeightedTransition,1,1,1,1
1001,1966,DooWop,BritishBeat,WeightedTransition,2,2,0,0
1001,1966,DooWop,BritishBlues,AnnualFloor,1,1,1,0
1001,1966,DooWop,BritishBlues,WeightedTransition,2,2,0,0
1001,1966,DooWop,BritishPop,WeightedTransition,4,4,0,0
1001,1966,DooWop,Childrens,WeightedTransition,3,3,0,0
1001,1966,DooWop,Classical,AnnualFloor,1,1,1,0
1001,1966,DooWop,Classical,WeightedTransition,1,1,0,0
1001,1966,DooWop,Comedy,WeightedTransition,1,1,0,0
1001,1966,DooWop,ContemporaryFolk,WeightedTransition,4,4,0,0
1001,1966,DooWop,Country,WeightedTransition,2,2,0,0
1001,1966,DooWop,DooWop,Retained,26,26,0,0
1001,1966,DooWop,EasyListening,WeightedTransition,1,1,0,0
1001,1966,DooWop,FolkRock,WeightedTransition,3,3,0,0
1001,1966,DooWop,Gospel,WeightedTransition,2,2,1,1
1001,1966,DooWop,RnB,AnnualFloor,1,1,1,0
1001,1966,DooWop,RnB,WeightedTransition,10,10,0,0
1001,1966,DooWop,RockAndRoll,WeightedTransition,2,2,0,0
1001,1966,DooWop,Ska,WeightedTransition,2,2,0,0
1001,1966,DooWop,Soul,WeightedTransition,14,14,0,0
1001,1966,DooWop,SurfRock,WeightedTransition,2,2,0,0
1001,1966,DooWop,TexMex,WeightedTransition,2,2,0,0
1001,1966,DooWop,TraditionalPop,WeightedTransition,2,2,0,0
1001,1966,EasyListening,BaroquePop,AnnualFloor,1,0,1,0
1001,1966,EasyListening,BaroquePop,WeightedTransition,4,0,0,0
1001,1966,EasyListening,Blues,WeightedTransition,4,0,0,0
1001,1966,EasyListening,BluesRock,WeightedTransition,1,0,1,1
1001,1966,EasyListening,Boogaloo,WeightedTransition,5,0,1,1
1001,1966,EasyListening,BossaNova,WeightedTransition,4,0,1,1
1001,1966,EasyListening,BritishBeat,WeightedTransition,2,0,0,0
1001,1966,EasyListening,BritishBlues,WeightedTransition,2,0,0,0
1001,1966,EasyListening,BritishPop,WeightedTransition,2,0,0,0
1001,1966,EasyListening,Childrens,WeightedTransition,3,0,1,1
1001,1966,EasyListening,Country,WeightedTransition,2,0,0,0
1001,1966,EasyListening,EasyListening,Retained,113,0,0,0
1001,1966,EasyListening,EasyListening,WeightedTransition,5,0,0,0
1001,1966,EasyListening,FolkRock,WeightedTransition,1,0,0,0
1001,1966,EasyListening,GarageRock,AnnualFloor,1,0,1,0
1001,1966,EasyListening,GarageRock,WeightedTransition,2,0,0,0
1001,1966,EasyListening,Gospel,WeightedTransition,2,0,0,0
1001,1966,EasyListening,Jazz,WeightedTransition,2,0,0,0
1001,1966,EasyListening,LatinPop,WeightedTransition,3,0,0,0
1001,1966,EasyListening,RnB,WeightedTransition,1,0,0,0
1001,1966,EasyListening,RockAndRoll,AnnualFloor,1,0,1,0
1001,1966,EasyListening,Soul,WeightedTransition,1,0,1,1
1001,1966,EasyListening,SunshinePop,WeightedTransition,5,0,0,0
1001,1966,EasyListening,SurfRock,WeightedTransition,1,0,0,0
1001,1966,EasyListening,TraditionalPop,WeightedTransition,8,0,0,0
1001,1966,Folk,BluesRock,WeightedTransition,1,0,0,0
1001,1966,Folk,BritishBeat,WeightedTransition,1,0,0,0
1001,1966,Folk,BritishPop,WeightedTransition,1,0,0,0
1001,1966,Folk,Childrens,WeightedTransition,2,0,0,0
1001,1966,Folk,Comedy,WeightedTransition,1,0,0,0
1001,1966,Folk,ContemporaryFolk,WeightedTransition,3,0,0,0
1001,1966,Folk,Country,WeightedTransition,4,0,0,0
1001,1966,Folk,Folk,Retained,104,0,0,0
1001,1966,Folk,Folk,WeightedTransition,6,0,1,1
1001,1966,Folk,FolkRock,AnnualFloor,1,0,1,0
1001,1966,Folk,FolkRock,WeightedTransition,6,0,0,0
1001,1966,Folk,GarageRock,WeightedTransition,1,0,0,0
1001,1966,Folk,Gospel,WeightedTransition,1,0,0,0
1001,1966,Folk,Jazz,WeightedTransition,1,0,0,0
1001,1966,Folk,LatinPop,AnnualFloor,1,0,1,0
1001,1966,Folk,Rocksteady,WeightedTransition,3,0,0,0
1001,1966,Folk,Soul,WeightedTransition,1,0,0,0
1001,1966,Folk,SunshinePop,WeightedTransition,3,0,0,0
1001,1966,FolkRock,ContemporaryFolk,WeightedTransition,1,0,0,0
1001,1966,FolkRock,FolkRock,Retained,23,0,0,0
1001,1966,FolkRock,FolkRock,WeightedTransition,2,0,0,0
1001,1966,FolkRock,Gospel,WeightedTransition,1,0,0,0
1001,1966,GarageRock,BritishBeat,WeightedTransition,1,0,0,0
1001,1966,GarageRock,FolkRock,AnnualFloor,1,0,1,0
1001,1966,GarageRock,GarageRock,AnnualFloor,1,0,1,0
1001,1966,GarageRock,GarageRock,Retained,28,0,0,0
1001,1966,GarageRock,GarageRock,WeightedTransition,1,0,0,0
1001,1966,GarageRock,PsychedelicRock,AnnualFloor,1,0,1,0
1001,1966,GarageRock,RnB,WeightedTransition,1,0,0,0
1001,1966,GarageRock,TexMex,WeightedTransition,1,0,0,0
1001,1966,Gospel,Blues,WeightedTransition,2,0,1,1
1001,1966,Gospel,BossaNova,WeightedTransition,1,0,0,0
1001,1966,Gospel,BritishBeat,WeightedTransition,2,0,0,0
1001,1966,Gospel,ContemporaryFolk,WeightedTransition,1,0,0,0
1001,1966,Gospel,GarageRock,WeightedTransition,1,0,0,0
1001,1966,Gospel,Gospel,AnnualFloor,1,0,1,0
1001,1966,Gospel,Gospel,Retained,33,0,0,0
1001,1966,Gospel,Gospel,WeightedTransition,11,0,0,0
1001,1966,Gospel,RnB,WeightedTransition,4,0,1,1
1001,1966,Gospel,RockAndRoll,WeightedTransition,1,0,0,0
1001,1966,Gospel,Soul,WeightedTransition,4,0,0,0
1001,1966,Gospel,TexMex,WeightedTransition,1,0,0,0
1001,1966,Jazz,AcidRock,WeightedTransition,1,0,0,0
1001,1966,Jazz,BaroquePop,WeightedTransition,2,0,0,0
1001,1966,Jazz,Blues,WeightedTransition,1,0,0,0
1001,1966,Jazz,BluesRock,WeightedTransition,1,0,0,0
1001,1966,Jazz,Boogaloo,WeightedTransition,1,0,0,0
1001,1966,Jazz,BossaNova,WeightedTransition,10,0,0,0
1001,1966,Jazz,BritishBeat,WeightedTransition,1,0,1,1
1001,1966,Jazz,BritishBlues,WeightedTransition,4,0,0,0
1001,1966,Jazz,BritishPop,AnnualFloor,2,0,2,0
1001,1966,Jazz,BritishPop,WeightedTransition,3,0,0,0
1001,1966,Jazz,Childrens,WeightedTransition,1,0,0,0
1001,1966,Jazz,Classical,WeightedTransition,1,0,0,0
1001,1966,Jazz,Comedy,WeightedTransition,2,0,0,0
1001,1966,Jazz,ContemporaryFolk,WeightedTransition,4,0,0,0
1001,1966,Jazz,Country,WeightedTransition,1,0,0,0
1001,1966,Jazz,EasyListening,WeightedTransition,4,0,1,1
1001,1966,Jazz,Folk,WeightedTransition,1,0,0,0
1001,1966,Jazz,FolkRock,WeightedTransition,5,0,0,0
1001,1966,Jazz,GarageRock,WeightedTransition,7,0,0,0
1001,1966,Jazz,Gospel,WeightedTransition,4,0,0,0
1001,1966,Jazz,Jazz,AnnualFloor,1,0,1,0
1001,1966,Jazz,Jazz,Retained,98,0,0,0
1001,1966,Jazz,Jazz,WeightedTransition,37,0,1,1
1001,1966,Jazz,LatinPop,WeightedTransition,6,0,0,0
1001,1966,Jazz,RnB,WeightedTransition,5,0,0,0
1001,1966,Jazz,RockAndRoll,WeightedTransition,3,0,0,0
1001,1966,Jazz,Ska,AnnualFloor,1,0,1,0
1001,1966,Jazz,Soul,WeightedTransition,14,0,0,0
1001,1966,Jazz,SunshinePop,AnnualFloor,1,0,1,0
1001,1966,Jazz,SunshinePop,WeightedTransition,3,0,0,0
1001,1966,Jazz,SurfRock,WeightedTransition,1,0,0,0
1001,1966,Jazz,TexMex,WeightedTransition,2,0,0,0
1001,1966,Jazz,TraditionalPop,AnnualFloor,2,0,2,0
1001,1966,Jazz,TraditionalPop,WeightedTransition,5,0,0,0
1001,1966,LatinPop,BritishBeat,WeightedTransition,1,0,0,0
1001,1966,LatinPop,BritishBlues,WeightedTransition,1,0,0,0
1001,1966,LatinPop,LatinPop,Retained,32,0,0,0
1001,1966,LatinPop,LatinPop,WeightedTransition,1,0,0,0
1001,1966,LatinPop,RockAndRoll,WeightedTransition,2,0,1,1
1001,1966,LatinPop,TexMex,AnnualFloor,1,0,1,0
1001,1966,LatinPop,TexMex,WeightedTransition,1,0,1,1
1001,1966,LatinPop,TraditionalPop,WeightedTransition,1,0,0,0
1001,1966,PsychedelicRock,PsychedelicRock,Retained,9,0,0,0
1001,1966,PsychedelicRock,Soul,WeightedTransition,1,0,0,0
1001,1966,RnB,AcidRock,WeightedTransition,1,0,1,1
1001,1966,RnB,BaroquePop,WeightedTransition,1,0,0,0
1001,1966,RnB,Blues,WeightedTransition,2,0,0,0
1001,1966,RnB,Boogaloo,WeightedTransition,1,0,0,0
1001,1966,RnB,BritishBeat,AnnualFloor,1,0,1,0
1001,1966,RnB,BritishBlues,AnnualFloor,1,0,1,0
1001,1966,RnB,BritishBlues,WeightedTransition,4,0,0,0
1001,1966,RnB,BritishPop,AnnualFloor,1,0,1,0
1001,1966,RnB,BritishPop,WeightedTransition,1,0,0,0
1001,1966,RnB,Childrens,WeightedTransition,1,0,0,0
1001,1966,RnB,Comedy,WeightedTransition,2,0,1,1
1001,1966,RnB,Country,WeightedTransition,1,0,0,0
1001,1966,RnB,EasyListening,AnnualFloor,1,0,1,0
1001,1966,RnB,EasyListening,WeightedTransition,3,0,0,0
1001,1966,RnB,Folk,WeightedTransition,1,0,0,0
1001,1966,RnB,FolkRock,WeightedTransition,3,0,0,0
1001,1966,RnB,Gospel,WeightedTransition,3,0,0,0
1001,1966,RnB,Jazz,WeightedTransition,1,0,0,0
1001,1966,RnB,LatinPop,WeightedTransition,1,0,0,0
1001,1966,RnB,RnB,AnnualFloor,1,0,1,0
1001,1966,RnB,RnB,Retained,152,0,0,0
1001,1966,RnB,RnB,WeightedTransition,18,0,3,3
1001,1966,RnB,RockAndRoll,WeightedTransition,1,0,0,0
1001,1966,RnB,Rocksteady,AnnualFloor,1,0,1,0
1001,1966,RnB,Rocksteady,WeightedTransition,1,0,0,0
1001,1966,RnB,Ska,AnnualFloor,1,0,1,0
1001,1966,RnB,Soul,AnnualFloor,1,0,1,0
1001,1966,RnB,Soul,WeightedTransition,15,0,1,1
1001,1966,RnB,SurfRock,WeightedTransition,1,0,1,1
1001,1966,RockAndRoll,AcidRock,WeightedTransition,4,0,0,0
1001,1966,RockAndRoll,BaroquePop,WeightedTransition,3,0,0,0
1001,1966,RockAndRoll,BluesRock,AnnualFloor,2,0,2,0
1001,1966,RockAndRoll,BluesRock,WeightedTransition,5,0,0,0
1001,1966,RockAndRoll,BossaNova,WeightedTransition,1,0,0,0
1001,1966,RockAndRoll,BritishBeat,AnnualFloor,1,0,1,0
1001,1966,RockAndRoll,BritishBeat,WeightedTransition,14,0,0,0
1001,1966,RockAndRoll,BritishBlues,WeightedTransition,13,0,0,0
1001,1966,RockAndRoll,BritishPop,WeightedTransition,4,0,0,0
1001,1966,RockAndRoll,Childrens,WeightedTransition,1,0,0,0
1001,1966,RockAndRoll,Classical,WeightedTransition,3,0,0,0
1001,1966,RockAndRoll,Comedy,AnnualFloor,1,0,1,0
1001,1966,RockAndRoll,Comedy,WeightedTransition,2,0,0,0
1001,1966,RockAndRoll,ContemporaryFolk,WeightedTransition,4,0,0,0
1001,1966,RockAndRoll,Country,WeightedTransition,2,0,0,0
1001,1966,RockAndRoll,EasyListening,AnnualFloor,1,0,1,0
1001,1966,RockAndRoll,EasyListening,WeightedTransition,3,0,0,0
1001,1966,RockAndRoll,Folk,WeightedTransition,3,0,0,0
1001,1966,RockAndRoll,FolkRock,WeightedTransition,3,0,0,0
1001,1966,RockAndRoll,GarageRock,AnnualFloor,1,0,1,0
1001,1966,RockAndRoll,GarageRock,WeightedTransition,15,0,0,0
1001,1966,RockAndRoll,Gospel,WeightedTransition,1,0,0,0
1001,1966,RockAndRoll,Jazz,WeightedTransition,3,0,0,0
1001,1966,RockAndRoll,LatinPop,WeightedTransition,4,0,0,0
1001,1966,RockAndRoll,PsychedelicRock,AnnualFloor,2,0,2,0
1001,1966,RockAndRoll,PsychedelicRock,WeightedTransition,3,0,0,0
1001,1966,RockAndRoll,RnB,WeightedTransition,14,0,0,0
1001,1966,RockAndRoll,RockAndRoll,Retained,48,0,0,0
1001,1966,RockAndRoll,RockAndRoll,WeightedTransition,24,0,0,0
1001,1966,RockAndRoll,Ska,WeightedTransition,3,0,0,0
1001,1966,RockAndRoll,Soul,WeightedTransition,10,0,0,0
1001,1966,RockAndRoll,SunshinePop,WeightedTransition,2,0,0,0
1001,1966,RockAndRoll,SurfRock,WeightedTransition,3,0,0,0
1001,1966,RockAndRoll,TexMex,WeightedTransition,3,0,0,0
1001,1966,RockAndRoll,TraditionalPop,WeightedTransition,6,0,0,0
1001,1966,Rocksteady,Rocksteady,Retained,1,0,0,0
1001,1966,Ska,BritishBeat,WeightedTransition,1,0,0,0
1001,1966,Ska,Classical,WeightedTransition,1,0,0,0
1001,1966,Ska,EasyListening,WeightedTransition,2,0,0,0
1001,1966,Ska,RnB,WeightedTransition,1,0,0,0
1001,1966,Ska,Ska,Retained,8,0,0,0
1001,1966,Ska,Soul,WeightedTransition,1,0,1,1
1001,1966,Soul,AcidRock,AnnualFloor,1,0,1,0
1001,1966,Soul,BluesRock,AnnualFloor,1,0,1,0
1001,1966,Soul,BossaNova,AnnualFloor,1,0,1,0
1001,1966,Soul,BritishBeat,WeightedTransition,2,0,0,0
1001,1966,Soul,BritishBlues,WeightedTransition,1,0,0,0
1001,1966,Soul,Childrens,WeightedTransition,2,0,0,0
1001,1966,Soul,Comedy,WeightedTransition,1,0,1,1
1001,1966,Soul,Country,WeightedTransition,2,0,0,0
1001,1966,Soul,GarageRock,WeightedTransition,1,0,0,0
1001,1966,Soul,Gospel,AnnualFloor,1,0,1,0
1001,1966,Soul,Gospel,WeightedTransition,1,0,0,0
1001,1966,Soul,RnB,WeightedTransition,2,0,0,0
1001,1966,Soul,Soul,AnnualFloor,2,0,2,0
1001,1966,Soul,Soul,Retained,154,0,0,0
1001,1966,Soul,Soul,WeightedTransition,8,0,1,1
1001,1966,Soul,TraditionalPop,WeightedTransition,1,0,0,0
1001,1966,SunshinePop,BossaNova,WeightedTransition,1,0,0,0
1001,1966,SunshinePop,RnB,WeightedTransition,2,0,0,0
1001,1966,SunshinePop,SunshinePop,Retained,14,0,0,0
1001,1966,SunshinePop,SurfRock,AnnualFloor,1,0,1,0
1001,1966,SurfRock,Blues,WeightedTransition,1,0,0,0
1001,1966,SurfRock,BluesRock,WeightedTransition,2,0,0,0
1001,1966,SurfRock,BritishBeat,WeightedTransition,1,0,0,0
1001,1966,SurfRock,BritishBlues,WeightedTransition,1,0,0,0
1001,1966,SurfRock,Childrens,WeightedTransition,1,0,0,0
1001,1966,SurfRock,Comedy,AnnualFloor,1,0,1,0
1001,1966,SurfRock,FolkRock,WeightedTransition,1,0,0,0
1001,1966,SurfRock,GarageRock,WeightedTransition,2,0,0,0
1001,1966,SurfRock,PsychedelicRock,WeightedTransition,2,0,0,0
1001,1966,SurfRock,RnB,WeightedTransition,1,0,0,0
1001,1966,SurfRock,RockAndRoll,WeightedTransition,5,0,0,0
1001,1966,SurfRock,Soul,WeightedTransition,2,0,0,0
1001,1966,SurfRock,SurfRock,Retained,22,0,0,0
1001,1966,SurfRock,SurfRock,WeightedTransition,1,0,0,0
1001,1966,TeenPop,AcidRock,WeightedTransition,4,4,0,0
1001,1966,TeenPop,BaroquePop,AnnualFloor,2,2,2,0
1001,1966,TeenPop,BaroquePop,WeightedTransition,3,3,0,0
1001,1966,TeenPop,Blues,WeightedTransition,1,1,0,0
1001,1966,TeenPop,BluesRock,WeightedTransition,2,2,0,0
1001,1966,TeenPop,BossaNova,WeightedTransition,4,4,0,0
1001,1966,TeenPop,BritishBeat,WeightedTransition,5,5,0,0
1001,1966,TeenPop,BritishBlues,WeightedTransition,6,6,0,0
1001,1966,TeenPop,BritishPop,WeightedTransition,16,16,0,0
1001,1966,TeenPop,Childrens,WeightedTransition,5,5,0,0
1001,1966,TeenPop,Classical,WeightedTransition,1,1,0,0
1001,1966,TeenPop,Comedy,WeightedTransition,5,5,0,0
1001,1966,TeenPop,ContemporaryFolk,WeightedTransition,1,1,0,0
1001,1966,TeenPop,Country,WeightedTransition,3,3,2,2
1001,1966,TeenPop,EasyListening,WeightedTransition,13,13,0,0
1001,1966,TeenPop,FolkRock,WeightedTransition,9,9,0,0
1001,1966,TeenPop,GarageRock,WeightedTransition,2,2,0,0
1001,1966,TeenPop,Gospel,AnnualFloor,1,1,1,0
1001,1966,TeenPop,Gospel,WeightedTransition,2,2,0,0
1001,1966,TeenPop,LatinPop,WeightedTransition,2,2,0,0
1001,1966,TeenPop,RnB,WeightedTransition,3,3,0,0
1001,1966,TeenPop,RockAndRoll,AnnualFloor,2,2,2,0
1001,1966,TeenPop,RockAndRoll,WeightedTransition,1,1,0,0
1001,1966,TeenPop,Rocksteady,WeightedTransition,1,1,0,0
1001,1966,TeenPop,Ska,AnnualFloor,1,1,1,0
1001,1966,TeenPop,Ska,WeightedTransition,2,2,0,0
1001,1966,TeenPop,Soul,WeightedTransition,7,7,1,1
1001,1966,TeenPop,SunshinePop,WeightedTransition,6,6,0,0
1001,1966,TeenPop,SurfRock,WeightedTransition,3,3,0,0
1001,1966,TeenPop,TeenPop,Retained,94,94,0,0
1001,1966,TeenPop,TexMex,WeightedTransition,2,2,0,0
1001,1966,TeenPop,TraditionalPop,WeightedTransition,10,10,0,0
1001,1966,TexMex,BossaNova,AnnualFloor,1,0,1,0
1001,1966,TexMex,BritishBeat,WeightedTransition,1,0,0,0
1001,1966,TexMex,Childrens,WeightedTransition,1,0,1,1
1001,1966,TexMex,FolkRock,WeightedTransition,1,0,0,0
1001,1966,TexMex,LatinPop,AnnualFloor,1,0,1,0
1001,1966,TexMex,TexMex,Retained,24,0,0,0
1001,1966,TexMex,TraditionalPop,WeightedTransition,1,0,0,0
1001,1966,TraditionalPop,AcidRock,WeightedTransition,1,0,0,0
1001,1966,TraditionalPop,BaroquePop,WeightedTransition,5,0,0,0
1001,1966,TraditionalPop,Blues,AnnualFloor,1,0,1,0
1001,1966,TraditionalPop,Blues,WeightedTransition,4,0,0,0
1001,1966,TraditionalPop,BluesRock,WeightedTransition,2,0,0,0
1001,1966,TraditionalPop,Boogaloo,AnnualFloor,2,0,2,0
1001,1966,TraditionalPop,Boogaloo,WeightedTransition,1,0,0,0
1001,1966,TraditionalPop,BossaNova,AnnualFloor,1,0,1,0
1001,1966,TraditionalPop,BossaNova,WeightedTransition,5,0,0,0
1001,1966,TraditionalPop,BritishBeat,AnnualFloor,1,0,1,0
1001,1966,TraditionalPop,BritishBeat,WeightedTransition,9,0,0,0
1001,1966,TraditionalPop,BritishBlues,AnnualFloor,1,0,1,0
1001,1966,TraditionalPop,BritishBlues,WeightedTransition,5,0,0,0
1001,1966,TraditionalPop,BritishPop,WeightedTransition,27,0,1,1
1001,1966,TraditionalPop,Childrens,AnnualFloor,1,0,1,0
1001,1966,TraditionalPop,Childrens,WeightedTransition,1,0,0,0
1001,1966,TraditionalPop,Classical,WeightedTransition,3,0,0,0
1001,1966,TraditionalPop,Comedy,AnnualFloor,1,0,1,0
1001,1966,TraditionalPop,Comedy,WeightedTransition,6,0,0,0
1001,1966,TraditionalPop,ContemporaryFolk,WeightedTransition,3,0,0,0
1001,1966,TraditionalPop,Country,AnnualFloor,2,0,2,0
1001,1966,TraditionalPop,Country,WeightedTransition,9,0,0,0
1001,1966,TraditionalPop,EasyListening,AnnualFloor,1,0,1,0
1001,1966,TraditionalPop,EasyListening,WeightedTransition,27,0,2,2
1001,1966,TraditionalPop,Folk,AnnualFloor,1,0,1,0
1001,1966,TraditionalPop,Folk,WeightedTransition,6,0,0,0
1001,1966,TraditionalPop,FolkRock,WeightedTransition,5,0,1,1
1001,1966,TraditionalPop,GarageRock,WeightedTransition,6,0,0,0
1001,1966,TraditionalPop,Gospel,WeightedTransition,3,0,0,0
1001,1966,TraditionalPop,Jazz,AnnualFloor,2,0,2,0
1001,1966,TraditionalPop,Jazz,WeightedTransition,13,0,0,0
1001,1966,TraditionalPop,LatinPop,WeightedTransition,4,0,1,1
1001,1966,TraditionalPop,RnB,WeightedTransition,10,0,1,1
1001,1966,TraditionalPop,RockAndRoll,WeightedTransition,2,0,0,0
1001,1966,TraditionalPop,Rocksteady,WeightedTransition,2,0,0,0
1001,1966,TraditionalPop,Ska,WeightedTransition,1,0,0,0
1001,1966,TraditionalPop,Soul,WeightedTransition,10,0,0,0
1001,1966,TraditionalPop,SunshinePop,AnnualFloor,1,0,1,0
1001,1966,TraditionalPop,SunshinePop,WeightedTransition,9,0,0,0
1001,1966,TraditionalPop,SurfRock,WeightedTransition,3,0,0,0
1001,1966,TraditionalPop,TexMex,AnnualFloor,1,0,1,0
1001,1966,TraditionalPop,TraditionalPop,Retained,135,0,0,0
1001,1966,TraditionalPop,TraditionalPop,WeightedTransition,32,0,1,1
1001,1967,AcidRock,AcidRock,Retained,15,0,0,0
1001,1967,AcidRock,GarageRock,WeightedTransition,1,0,0,0
1001,1967,AcidRock,HardRock,WeightedTransition,1,0,0,0
1001,1967,AcidRock,RnB,WeightedTransition,1,0,0,0
1001,1967,BaroquePop,BaroquePop,Retained,8,0,0,0
1001,1967,BaroquePop,BaroquePop,WeightedTransition,1,0,0,0
1001,1967,BaroquePop,Gospel,WeightedTransition,1,0,0,0
1001,1967,BaroquePop,Soul,WeightedTransition,1,0,0,0
1001,1967,Blues,AcidRock,WeightedTransition,1,0,0,0
1001,1967,Blues,Blues,Retained,59,0,0,0
1001,1967,Blues,BluesRock,AnnualFloor,1,0,1,0
1001,1967,Blues,BluesRock,WeightedTransition,1,0,0,0
1001,1967,Blues,BritishBlues,WeightedTransition,1,0,0,0
1001,1967,Blues,BritishPop,AnnualFloor,1,0,1,0
1001,1967,Blues,FolkRock,WeightedTransition,1,0,0,0
1001,1967,Blues,HardRock,WeightedTransition,2,0,0,0
1001,1967,Blues,LatinPop,WeightedTransition,1,0,0,0
1001,1967,Blues,RnB,WeightedTransition,3,0,0,0
1001,1967,BluesRock,BluesRock,Retained,8,0,0,0
1001,1967,BluesRock,BluesRock,WeightedTransition,1,0,0,0
1001,1967,BluesRock,BritishBlues,WeightedTransition,2,0,0,0
1001,1967,BluesRock,Comedy,WeightedTransition,1,0,0,0
1001,1967,BluesRock,GarageRock,WeightedTransition,2,0,0,0
1001,1967,BluesRock,PsychedelicRock,WeightedTransition,1,0,0,0
1001,1967,BluesRock,SingerSongwriter,AnnualFloor,1,0,1,0
1001,1967,Boogaloo,AcidRock,WeightedTransition,1,0,0,0
1001,1967,Boogaloo,Boogaloo,Retained,13,0,0,0
1001,1967,Boogaloo,BritishBeat,WeightedTransition,1,0,0,0
1001,1967,BossaNova,BaroquePop,WeightedTransition,1,0,0,0
1001,1967,BossaNova,Blues,AnnualFloor,1,0,1,0
1001,1967,BossaNova,Blues,WeightedTransition,1,0,0,0
1001,1967,BossaNova,BossaNova,Retained,20,0,0,0
1001,1967,BossaNova,BritishBeat,WeightedTransition,1,0,0,0
1001,1967,BossaNova,BritishBlues,WeightedTransition,1,0,0,0
1001,1967,BossaNova,Childrens,AnnualFloor,1,0,1,0
1001,1967,BossaNova,Classical,WeightedTransition,1,0,0,0
1001,1967,BossaNova,Country,WeightedTransition,1,0,0,0
1001,1967,BossaNova,Funk,WeightedTransition,1,0,0,0
1001,1967,BossaNova,GarageRock,WeightedTransition,1,0,0,0
1001,1967,BossaNova,Jazz,WeightedTransition,2,0,0,0
1001,1967,BossaNova,LatinPop,WeightedTransition,1,0,0,0
1001,1967,BossaNova,Soul,WeightedTransition,1,0,0,0
1001,1967,BossaNova,TexMex,WeightedTransition,1,0,0,0
1001,1967,BritishBeat,AcidRock,WeightedTransition,8,0,0,0
1001,1967,BritishBeat,BluesRock,WeightedTransition,3,0,0,0
1001,1967,BritishBeat,BossaNova,AnnualFloor,1,0,1,0
1001,1967,BritishBeat,BritishBeat,Retained,35,0,0,0
1001,1967,BritishBeat,BritishBeat,WeightedTransition,4,0,0,0
1001,1967,BritishBeat,BritishBlues,WeightedTransition,2,0,0,0
1001,1967,BritishBeat,Bubblegum,WeightedTransition,1,0,0,0
1001,1967,BritishBeat,Childrens,WeightedTransition,1,0,0,0
1001,1967,BritishBeat,Classical,WeightedTransition,1,0,0,0
1001,1967,BritishBeat,Comedy,WeightedTransition,2,0,0,0
1001,1967,BritishBeat,ContemporaryFolk,WeightedTransition,1,0,0,0
1001,1967,BritishBeat,Country,WeightedTransition,2,0,0,0
1001,1967,BritishBeat,Funk,WeightedTransition,1,0,0,0
1001,1967,BritishBeat,GarageRock,WeightedTransition,2,0,0,0
1001,1967,BritishBeat,Gospel,WeightedTransition,1,0,0,0
1001,1967,BritishBeat,HardRock,WeightedTransition,1,0,0,0
1001,1967,BritishBeat,Jazz,WeightedTransition,1,0,0,0
1001,1967,BritishBeat,LatinPop,WeightedTransition,1,0,0,0
1001,1967,BritishBeat,PsychedelicRock,AnnualFloor,1,0,1,0
1001,1967,BritishBeat,PsychedelicRock,WeightedTransition,4,0,0,0
1001,1967,BritishBeat,RockAndRoll,WeightedTransition,4,0,0,0
1001,1967,BritishBeat,Soul,WeightedTransition,1,0,0,0
1001,1967,BritishBeat,TraditionalPop,WeightedTransition,1,0,0,0
1001,1967,BritishBlues,BritishBlues,Retained,22,0,0,0
1001,1967,BritishBlues,BritishBlues,WeightedTransition,2,0,0,0
1001,1967,BritishBlues,Comedy,WeightedTransition,1,0,0,0
1001,1967,BritishBlues,GarageRock,AnnualFloor,1,0,1,0
1001,1967,BritishBlues,RockAndRoll,WeightedTransition,1,0,0,0
1001,1967,BritishBlues,SingerSongwriter,AnnualFloor,1,0,1,0
1001,1967,BritishPop,AcidRock,WeightedTransition,1,0,0,0
1001,1967,BritishPop,BluesRock,WeightedTransition,1,0,0,0
1001,1967,BritishPop,BossaNova,WeightedTransition,1,0,0,0
1001,1967,BritishPop,BritishBlues,WeightedTransition,1,0,0,0
1001,1967,BritishPop,BritishPop,Retained,34,0,0,0
1001,1967,BritishPop,BritishPop,WeightedTransition,2,0,0,0
1001,1967,BritishPop,Bubblegum,WeightedTransition,4,0,0,0
1001,1967,BritishPop,Childrens,WeightedTransition,1,0,0,0
1001,1967,BritishPop,Classical,WeightedTransition,1,0,0,0
1001,1967,BritishPop,Country,WeightedTransition,2,0,0,0
1001,1967,BritishPop,EasyListening,WeightedTransition,3,0,0,0
1001,1967,BritishPop,FolkRock,WeightedTransition,1,0,0,0
1001,1967,BritishPop,Funk,WeightedTransition,2,0,0,0
1001,1967,BritishPop,GarageRock,WeightedTransition,1,0,0,0
1001,1967,BritishPop,Gospel,WeightedTransition,1,0,0,0
1001,1967,BritishPop,Jazz,WeightedTransition,2,0,0,0
1001,1967,BritishPop,Soul,WeightedTransition,4,0,0,0
1001,1967,BritishPop,SunshinePop,WeightedTransition,1,0,0,0
1001,1967,BritishPop,TraditionalPop,WeightedTransition,2,0,0,0
1001,1967,Bubblegum,Bubblegum,Retained,7,0,0,0
1001,1967,Bubblegum,TexMex,WeightedTransition,1,0,0,0
1001,1967,Childrens,Blues,WeightedTransition,2,0,0,0
1001,1967,Childrens,Childrens,Retained,20,0,0,0
1001,1967,Childrens,GarageRock,AnnualFloor,1,0,1,0
1001,1967,Childrens,GarageRock,WeightedTransition,1,0,0,0
1001,1967,Childrens,Gospel,WeightedTransition,1,0,0,0
1001,1967,Childrens,RockAndRoll,WeightedTransition,1,0,0,0
1001,1967,Childrens,SingerSongwriter,WeightedTransition,1,0,0,0
1001,1967,Classical,BritishBeat,WeightedTransition,1,0,0,0
1001,1967,Classical,Bubblegum,WeightedTransition,1,0,0,0
1001,1967,Classical,Childrens,WeightedTransition,1,0,0,0
1001,1967,Classical,Classical,AnnualFloor,1,0,1,0
1001,1967,Classical,Classical,Retained,83,0,0,0
1001,1967,Classical,Comedy,WeightedTransition,1,0,0,0
1001,1967,Classical,Country,WeightedTransition,1,0,0,0
1001,1967,Classical,EasyListening,WeightedTransition,1,0,0,0
1001,1967,Classical,FolkRock,WeightedTransition,1,0,0,0
1001,1967,Classical,Funk,WeightedTransition,2,0,0,0
1001,1967,Classical,Gospel,WeightedTransition,1,0,0,0
1001,1967,Classical,Rocksteady,WeightedTransition,2,0,0,0
1001,1967,Classical,SunshinePop,WeightedTransition,1,0,0,0
1001,1967,Classical,TraditionalPop,AnnualFloor,1,0,1,0
1001,1967,Classical,TraditionalPop,WeightedTransition,1,0,0,0
1001,1967,Comedy,BaroquePop,WeightedTransition,1,0,0,0
1001,1967,Comedy,Blues,WeightedTransition,1,0,0,0
1001,1967,Comedy,BritishBlues,AnnualFloor,1,0,1,0
1001,1967,Comedy,BritishBlues,WeightedTransition,1,0,0,0
1001,1967,Comedy,BritishPop,WeightedTransition,3,0,0,0
1001,1967,Comedy,Childrens,WeightedTransition,2,0,0,0
1001,1967,Comedy,Classical,AnnualFloor,1,0,1,0
1001,1967,Comedy,Comedy,Retained,41,0,0,0
1001,1967,Comedy,Comedy,WeightedTransition,2,0,0,0
1001,1967,Comedy,FolkRock,WeightedTransition,1,0,0,0
1001,1967,Comedy,HardRock,WeightedTransition,1,0,0,0
1001,1967,Comedy,Jazz,WeightedTransition,1,0,0,0
1001,1967,Comedy,ProtoPunk,WeightedTransition,1,0,0,0
1001,1967,Comedy,Rocksteady,WeightedTransition,1,0,0,0
1001,1967,Comedy,Soul,WeightedTransition,1,0,0,0
1001,1967,Comedy,SunshinePop,WeightedTransition,1,0,0,0
1001,1967,Comedy,TexMex,AnnualFloor,1,0,1,0
1001,1967,Comedy,TexMex,WeightedTransition,1,0,0,0
1001,1967,ContemporaryFolk,AcidRock,WeightedTransition,1,0,0,0
1001,1967,ContemporaryFolk,Blues,AnnualFloor,1,0,1,0
1001,1967,ContemporaryFolk,BritishPop,WeightedTransition,1,0,0,0
1001,1967,ContemporaryFolk,ContemporaryFolk,Retained,30,0,0,0
1001,1967,ContemporaryFolk,EasyListening,WeightedTransition,1,0,0,0
1001,1967,ContemporaryFolk,FolkRock,WeightedTransition,1,0,0,0
1001,1967,ContemporaryFolk,HardRock,WeightedTransition,1,0,0,0
1001,1967,ContemporaryFolk,RnB,WeightedTransition,1,0,0,0
1001,1967,ContemporaryFolk,SingerSongwriter,WeightedTransition,1,0,0,0
1001,1967,ContemporaryFolk,Soul,WeightedTransition,2,0,0,0
1001,1967,ContemporaryFolk,SunshinePop,WeightedTransition,1,0,0,0
1001,1967,ContemporaryFolk,TexMex,WeightedTransition,2,0,0,0
1001,1967,Country,AcidRock,WeightedTransition,2,0,0,0
1001,1967,Country,BluesRock,AnnualFloor,1,0,1,0
1001,1967,Country,BluesRock,WeightedTransition,1,0,0,0
1001,1967,Country,Boogaloo,WeightedTransition,1,0,0,0
1001,1967,Country,BritishBeat,WeightedTransition,1,0,0,0
1001,1967,Country,BritishBlues,AnnualFloor,1,0,1,0
1001,1967,Country,BritishBlues,WeightedTransition,4,0,0,0
1001,1967,Country,BritishPop,WeightedTransition,2,0,0,0
1001,1967,Country,Bubblegum,WeightedTransition,1,0,0,0
1001,1967,Country,Classical,WeightedTransition,1,0,0,0
1001,1967,Country,Comedy,AnnualFloor,1,0,1,0
1001,1967,Country,Comedy,WeightedTransition,2,0,0,0
1001,1967,Country,ContemporaryFolk,WeightedTransition,3,0,0,0
1001,1967,Country,Country,AnnualFloor,1,0,1,0
1001,1967,Country,Country,Retained,202,0,0,0
1001,1967,Country,Country,WeightedTransition,13,0,0,0
1001,1967,Country,EasyListening,WeightedTransition,1,0,0,0
1001,1967,Country,FolkRock,WeightedTransition,2,0,0,0
1001,1967,Country,Funk,WeightedTransition,2,0,0,0
1001,1967,Country,GarageRock,WeightedTransition,1,0,0,0
1001,1967,Country,Gospel,WeightedTransition,1,0,0,0
1001,1967,Country,Jazz,WeightedTransition,2,0,0,0
1001,1967,Country,RnB,WeightedTransition,2,0,0,0
1001,1967,Country,RockAndRoll,WeightedTransition,3,0,0,0
1001,1967,Country,SingerSongwriter,WeightedTransition,2,0,0,0
1001,1967,Country,Soul,WeightedTransition,1,0,0,0
1001,1967,Country,TexMex,AnnualFloor,1,0,1,0
1001,1967,DooWop,AcidRock,WeightedTransition,1,1,0,0
1001,1967,DooWop,Blues,WeightedTransition,1,1,0,0
1001,1967,DooWop,BritishBeat,WeightedTransition,1,1,0,0
1001,1967,DooWop,BritishPop,WeightedTransition,1,1,0,0
1001,1967,DooWop,Bubblegum,WeightedTransition,1,1,0,0
1001,1967,DooWop,Country,WeightedTransition,1,1,0,0
1001,1967,DooWop,DooWop,Retained,12,12,0,0
1001,1967,DooWop,Funk,WeightedTransition,1,1,0,0
1001,1967,DooWop,Gospel,WeightedTransition,1,1,0,0
1001,1967,DooWop,LatinPop,WeightedTransition,1,1,0,0
1001,1967,DooWop,RnB,WeightedTransition,7,7,0,0
1001,1967,DooWop,Soul,WeightedTransition,6,6,0,0
1001,1967,DooWop,SunshinePop,WeightedTransition,2,2,0,0
1001,1967,DooWop,TexMex,AnnualFloor,1,1,1,0
1001,1967,DooWop,TexMex,WeightedTransition,1,1,0,0
1001,1967,EasyListening,AcidRock,WeightedTransition,1,0,0,0
1001,1967,EasyListening,BaroquePop,WeightedTransition,1,0,0,0
1001,1967,EasyListening,Blues,WeightedTransition,1,0,0,0
1001,1967,EasyListening,BluesRock,WeightedTransition,2,0,0,0
1001,1967,EasyListening,Boogaloo,WeightedTransition,1,0,0,0
1001,1967,EasyListening,BritishBeat,WeightedTransition,1,0,0,0
1001,1967,EasyListening,BritishBlues,WeightedTransition,1,0,0,0
1001,1967,EasyListening,BritishPop,WeightedTransition,1,0,0,0
1001,1967,EasyListening,Bubblegum,AnnualFloor,2,0,2,0
1001,1967,EasyListening,Bubblegum,WeightedTransition,3,0,0,0
1001,1967,EasyListening,Childrens,WeightedTransition,1,0,0,0
1001,1967,EasyListening,Classical,WeightedTransition,1,0,0,0
1001,1967,EasyListening,ContemporaryFolk,WeightedTransition,2,0,0,0
1001,1967,EasyListening,Country,WeightedTransition,2,0,0,0
1001,1967,EasyListening,EasyListening,Retained,132,0,0,0
1001,1967,EasyListening,EasyListening,WeightedTransition,8,0,0,0
1001,1967,EasyListening,FolkRock,WeightedTransition,1,0,0,0
1001,1967,EasyListening,Gospel,WeightedTransition,2,0,0,0
1001,1967,EasyListening,Jazz,WeightedTransition,1,0,0,0
1001,1967,EasyListening,LatinPop,WeightedTransition,1,0,0,0
1001,1967,EasyListening,RnB,WeightedTransition,1,0,0,0
1001,1967,EasyListening,RockAndRoll,WeightedTransition,1,0,0,0
1001,1967,EasyListening,Rocksteady,AnnualFloor,1,0,1,0
1001,1967,EasyListening,SingerSongwriter,WeightedTransition,2,0,0,0
1001,1967,EasyListening,Soul,WeightedTransition,4,0,0,0
1001,1967,EasyListening,SunshinePop,AnnualFloor,1,0,1,0
1001,1967,EasyListening,SunshinePop,WeightedTransition,1,0,0,0
1001,1967,EasyListening,TexMex,WeightedTransition,2,0,0,0
1001,1967,EasyListening,TraditionalPop,WeightedTransition,8,0,0,0
1001,1967,Folk,AcidRock,AnnualFloor,1,1,1,0
1001,1967,Folk,AcidRock,WeightedTransition,2,2,0,0
1001,1967,Folk,Boogaloo,WeightedTransition,2,2,0,0
1001,1967,Folk,BossaNova,WeightedTransition,1,1,0,0
1001,1967,Folk,BritishBlues,WeightedTransition,2,2,0,0
1001,1967,Folk,BritishPop,WeightedTransition,4,4,0,0
1001,1967,Folk,Childrens,AnnualFloor,1,1,1,0
1001,1967,Folk,Classical,AnnualFloor,1,1,1,0
1001,1967,Folk,Comedy,WeightedTransition,2,2,0,0
1001,1967,Folk,ContemporaryFolk,WeightedTransition,2,2,0,0
1001,1967,Folk,Country,WeightedTransition,7,7,0,0
1001,1967,Folk,EasyListening,WeightedTransition,1,1,0,0
1001,1967,Folk,Folk,Retained,48,48,0,0
1001,1967,Folk,FolkRock,AnnualFloor,1,1,1,0
1001,1967,Folk,FolkRock,WeightedTransition,7,7,0,0
1001,1967,Folk,Funk,WeightedTransition,1,1,0,0
1001,1967,Folk,GarageRock,WeightedTransition,2,2,0,0
1001,1967,Folk,Gospel,WeightedTransition,2,2,0,0
1001,1967,Folk,HardRock,WeightedTransition,2,2,0,0
1001,1967,Folk,Jazz,WeightedTransition,3,3,0,0
1001,1967,Folk,LatinPop,AnnualFloor,1,1,1,0
1001,1967,Folk,LatinPop,WeightedTransition,4,4,0,0
1001,1967,Folk,ProtoPunk,WeightedTransition,2,2,0,0
1001,1967,Folk,RnB,WeightedTransition,1,1,0,0
1001,1967,Folk,RockAndRoll,WeightedTransition,1,1,0,0
1001,1967,Folk,Rocksteady,AnnualFloor,1,1,1,0
1001,1967,Folk,SingerSongwriter,WeightedTransition,2,2,0,0
1001,1967,Folk,Ska,AnnualFloor,1,1,1,0
1001,1967,Folk,SunshinePop,WeightedTransition,2,2,0,0
1001,1967,Folk,TraditionalPop,WeightedTransition,2,2,0,0
1001,1967,FolkRock,BluesRock,WeightedTransition,1,0,0,0
1001,1967,FolkRock,BritishBeat,WeightedTransition,1,0,0,0
1001,1967,FolkRock,BritishBlues,WeightedTransition,1,0,0,0
1001,1967,FolkRock,Childrens,AnnualFloor,1,0,1,0
1001,1967,FolkRock,Childrens,WeightedTransition,1,0,0,0
1001,1967,FolkRock,Comedy,WeightedTransition,1,0,0,0
1001,1967,FolkRock,Country,WeightedTransition,1,0,0,0
1001,1967,FolkRock,EasyListening,WeightedTransition,1,0,0,0
1001,1967,FolkRock,FolkRock,AnnualFloor,1,0,1,0
1001,1967,FolkRock,FolkRock,Retained,23,0,0,0
1001,1967,FolkRock,FolkRock,WeightedTransition,4,0,0,0
1001,1967,FolkRock,Gospel,AnnualFloor,1,0,1,0
1001,1967,FolkRock,HardRock,AnnualFloor,1,0,1,0
1001,1967,FolkRock,Jazz,WeightedTransition,1,0,0,0
1001,1967,Funk,Blues,WeightedTransition,1,0,0,0
1001,1967,Funk,Funk,Retained,4,0,0,0
1001,1967,Funk,Gospel,WeightedTransition,1,0,0,0
1001,1967,GarageRock,AcidRock,WeightedTransition,1,0,0,0
1001,1967,GarageRock,BluesRock,WeightedTransition,1,0,0,0
1001,1967,GarageRock,BritishBeat,WeightedTransition,1,0,0,0
1001,1967,GarageRock,BritishBlues,WeightedTransition,2,0,0,0
1001,1967,GarageRock,ContemporaryFolk,WeightedTransition,2,0,0,0
1001,1967,GarageRock,Funk,WeightedTransition,1,0,0,0
1001,1967,GarageRock,GarageRock,Retained,40,0,0,0
1001,1967,GarageRock,GarageRock,WeightedTransition,5,0,0,0
1001,1967,GarageRock,RockAndRoll,WeightedTransition,2,0,0,0
1001,1967,Gospel,BluesRock,WeightedTransition,1,0,0,0
1001,1967,Gospel,Comedy,WeightedTransition,2,0,0,0
1001,1967,Gospel,Country,WeightedTransition,1,0,0,0
1001,1967,Gospel,FolkRock,WeightedTransition,1,0,0,0
1001,1967,Gospel,Funk,WeightedTransition,1,0,0,0
1001,1967,Gospel,GarageRock,WeightedTransition,1,0,0,0
1001,1967,Gospel,Gospel,AnnualFloor,1,0,1,0
1001,1967,Gospel,Gospel,Retained,58,0,0,0
1001,1967,Gospel,Gospel,WeightedTransition,3,0,0,0
1001,1967,Gospel,RnB,WeightedTransition,1,0,0,0
1001,1967,Gospel,Soul,WeightedTransition,2,0,0,0
1001,1967,HardRock,BritishBlues,WeightedTransition,1,0,0,0
1001,1967,HardRock,HardRock,Retained,4,0,0,0
1001,1967,Jazz,AcidRock,AnnualFloor,1,0,1,0
1001,1967,Jazz,AcidRock,WeightedTransition,3,0,0,0
1001,1967,Jazz,Blues,AnnualFloor,1,0,1,0
1001,1967,Jazz,BluesRock,WeightedTransition,1,0,0,0
1001,1967,Jazz,Boogaloo,AnnualFloor,1,0,1,0
1001,1967,Jazz,Boogaloo,WeightedTransition,1,0,0,0
1001,1967,Jazz,BossaNova,WeightedTransition,1,0,0,0
1001,1967,Jazz,BritishBlues,WeightedTransition,6,0,0,0
1001,1967,Jazz,BritishPop,WeightedTransition,5,0,0,0
1001,1967,Jazz,Bubblegum,WeightedTransition,2,0,0,0
1001,1967,Jazz,Childrens,WeightedTransition,1,0,0,0
1001,1967,Jazz,Classical,WeightedTransition,1,0,0,0
1001,1967,Jazz,Comedy,WeightedTransition,1,0,0,0
1001,1967,Jazz,ContemporaryFolk,WeightedTransition,1,0,0,0
1001,1967,Jazz,Country,AnnualFloor,1,0,1,0
1001,1967,Jazz,Country,WeightedTransition,4,0,0,0
1001,1967,Jazz,FolkRock,WeightedTransition,2,0,0,0
1001,1967,Jazz,Funk,WeightedTransition,5,0,0,0
1001,1967,Jazz,GarageRock,WeightedTransition,3,0,0,0
1001,1967,Jazz,Jazz,AnnualFloor,3,0,3,0
1001,1967,Jazz,Jazz,Retained,134,0,0,0
1001,1967,Jazz,Jazz,WeightedTransition,18,0,0,0
1001,1967,Jazz,LatinPop,AnnualFloor,1,0,1,0
1001,1967,Jazz,LatinPop,WeightedTransition,2,0,0,0
1001,1967,Jazz,ProtoPunk,AnnualFloor,1,0,1,0
1001,1967,Jazz,ProtoPunk,WeightedTransition,1,0,0,0
1001,1967,Jazz,RnB,WeightedTransition,4,0,0,0
1001,1967,Jazz,RockAndRoll,WeightedTransition,2,0,0,0
1001,1967,Jazz,Soul,WeightedTransition,9,0,0,0
1001,1967,Jazz,SunshinePop,WeightedTransition,2,0,0,0
1001,1967,Jazz,TexMex,WeightedTransition,1,0,0,0
1001,1967,Jazz,TraditionalPop,AnnualFloor,1,0,1,0
1001,1967,Jazz,TraditionalPop,WeightedTransition,3,0,0,0
1001,1967,LatinPop,AcidRock,WeightedTransition,1,0,0,0
1001,1967,LatinPop,BossaNova,AnnualFloor,1,0,1,0
1001,1967,LatinPop,Childrens,WeightedTransition,1,0,0,0
1001,1967,LatinPop,GarageRock,AnnualFloor,1,0,1,0
1001,1967,LatinPop,LatinPop,Retained,28,0,0,0
1001,1967,ProtoPunk,Jazz,WeightedTransition,1,0,0,0
1001,1967,ProtoPunk,ProtoPunk,Retained,2,0,0,0
1001,1967,PsychedelicRock,Country,WeightedTransition,1,0,0,0
1001,1967,PsychedelicRock,GarageRock,WeightedTransition,1,0,0,0
1001,1967,PsychedelicRock,PsychedelicRock,Retained,15,0,0,0
1001,1967,PsychedelicRock,PsychedelicRock,WeightedTransition,2,0,0,0
1001,1967,RnB,AcidRock,WeightedTransition,1,0,0,0
1001,1967,RnB,BaroquePop,WeightedTransition,1,0,0,0
1001,1967,RnB,Blues,WeightedTransition,1,0,0,0
1001,1967,RnB,BluesRock,AnnualFloor,1,0,1,0
1001,1967,RnB,Boogaloo,AnnualFloor,2,0,2,0
1001,1967,RnB,BritishBlues,WeightedTransition,2,0,0,0
1001,1967,RnB,Childrens,WeightedTransition,1,0,0,0
1001,1967,RnB,Comedy,AnnualFloor,1,0,1,0
1001,1967,RnB,Comedy,WeightedTransition,2,0,0,0
1001,1967,RnB,ContemporaryFolk,WeightedTransition,1,0,0,0
1001,1967,RnB,Country,WeightedTransition,3,0,0,0
1001,1967,RnB,Funk,AnnualFloor,1,0,1,0
1001,1967,RnB,Funk,WeightedTransition,3,0,0,0
1001,1967,RnB,GarageRock,WeightedTransition,2,0,0,0
1001,1967,RnB,Gospel,AnnualFloor,1,0,1,0
1001,1967,RnB,Gospel,WeightedTransition,5,0,0,0
1001,1967,RnB,HardRock,WeightedTransition,1,0,0,0
1001,1967,RnB,LatinPop,WeightedTransition,2,0,0,0
1001,1967,RnB,RnB,Retained,139,0,0,0
1001,1967,RnB,RnB,WeightedTransition,14,0,0,0
1001,1967,RnB,RockAndRoll,WeightedTransition,1,0,0,0
1001,1967,RnB,Soul,AnnualFloor,2,0,2,0
1001,1967,RnB,Soul,WeightedTransition,8,0,0,0
1001,1967,RnB,SunshinePop,WeightedTransition,2,0,0,0
1001,1967,RockAndRoll,AcidRock,WeightedTransition,17,0,0,0
1001,1967,RockAndRoll,BluesRock,WeightedTransition,2,0,0,0
1001,1967,RockAndRoll,Boogaloo,WeightedTransition,1,0,0,0
1001,1967,RockAndRoll,BossaNova,AnnualFloor,1,0,1,0
1001,1967,RockAndRoll,BossaNova,WeightedTransition,1,0,0,0
1001,1967,RockAndRoll,BritishBeat,WeightedTransition,4,0,0,0
1001,1967,RockAndRoll,BritishBlues,WeightedTransition,10,0,0,0
1001,1967,RockAndRoll,BritishPop,WeightedTransition,4,0,0,0
1001,1967,RockAndRoll,Bubblegum,WeightedTransition,1,0,0,0
1001,1967,RockAndRoll,Childrens,WeightedTransition,4,0,0,0
1001,1967,RockAndRoll,Classical,WeightedTransition,5,0,0,0
1001,1967,RockAndRoll,Comedy,WeightedTransition,3,0,0,0
1001,1967,RockAndRoll,ContemporaryFolk,AnnualFloor,1,0,1,0
1001,1967,RockAndRoll,ContemporaryFolk,WeightedTransition,4,0,0,0
1001,1967,RockAndRoll,Country,WeightedTransition,2,0,0,0
1001,1967,RockAndRoll,EasyListening,AnnualFloor,1,0,1,0
1001,1967,RockAndRoll,EasyListening,WeightedTransition,4,0,0,0
1001,1967,RockAndRoll,FolkRock,WeightedTransition,5,0,0,0
1001,1967,RockAndRoll,Funk,AnnualFloor,1,0,1,0
1001,1967,RockAndRoll,Funk,WeightedTransition,2,0,0,0
1001,1967,RockAndRoll,GarageRock,WeightedTransition,11,0,0,0
1001,1967,RockAndRoll,Gospel,WeightedTransition,5,0,0,0
1001,1967,RockAndRoll,HardRock,WeightedTransition,4,0,0,0
1001,1967,RockAndRoll,LatinPop,AnnualFloor,1,0,1,0
1001,1967,RockAndRoll,ProtoPunk,AnnualFloor,1,0,1,0
1001,1967,RockAndRoll,ProtoPunk,WeightedTransition,5,0,0,0
1001,1967,RockAndRoll,PsychedelicRock,AnnualFloor,1,0,1,0
1001,1967,RockAndRoll,PsychedelicRock,WeightedTransition,12,0,0,0
1001,1967,RockAndRoll,RnB,WeightedTransition,5,0,0,0
1001,1967,RockAndRoll,RockAndRoll,AnnualFloor,2,0,2,0
1001,1967,RockAndRoll,RockAndRoll,Retained,43,0,0,0
1001,1967,RockAndRoll,RockAndRoll,WeightedTransition,16,0,0,0
1001,1967,RockAndRoll,Rocksteady,WeightedTransition,1,0,0,0
1001,1967,RockAndRoll,SingerSongwriter,WeightedTransition,2,0,0,0
1001,1967,RockAndRoll,Ska,WeightedTransition,1,0,0,0
1001,1967,RockAndRoll,Soul,WeightedTransition,9,0,0,0
1001,1967,RockAndRoll,SunshinePop,WeightedTransition,3,0,0,0
1001,1967,RockAndRoll,TexMex,WeightedTransition,2,0,0,0
1001,1967,RockAndRoll,TraditionalPop,WeightedTransition,5,0,0,0
1001,1967,Rocksteady,Rocksteady,Retained,5,0,0,0
1001,1967,SingerSongwriter,SingerSongwriter,Retained,4,0,0,0
1001,1967,Ska,BaroquePop,AnnualFloor,1,0,1,0
1001,1967,Ska,BritishPop,WeightedTransition,1,0,0,0
1001,1967,Ska,Ska,Retained,18,0,0,0
1001,1967,Soul,BaroquePop,WeightedTransition,1,0,0,0
1001,1967,Soul,Blues,WeightedTransition,1,0,0,0
1001,1967,Soul,BluesRock,WeightedTransition,3,0,0,0
1001,1967,Soul,Boogaloo,WeightedTransition,1,0,0,0
1001,1967,Soul,BritishPop,AnnualFloor,1,0,1,0
1001,1967,Soul,BritishPop,WeightedTransition,1,0,0,0
1001,1967,Soul,Bubblegum,AnnualFloor,1,0,1,0
1001,1967,Soul,Comedy,WeightedTransition,1,0,0,0
1001,1967,Soul,ContemporaryFolk,WeightedTransition,1,0,0,0
1001,1967,Soul,Country,AnnualFloor,1,0,1,0
1001,1967,Soul,FolkRock,WeightedTransition,1,0,0,0
1001,1967,Soul,Funk,AnnualFloor,1,0,1,0
1001,1967,Soul,Funk,WeightedTransition,1,0,0,0
1001,1967,Soul,HardRock,WeightedTransition,2,0,0,0
1001,1967,Soul,RnB,AnnualFloor,2,0,2,0
1001,1967,Soul,RnB,WeightedTransition,1,0,0,0
1001,1967,Soul,Ska,AnnualFloor,1,0,1,0
1001,1967,Soul,Soul,Retained,173,0,0,0
1001,1967,Soul,Soul,WeightedTransition,5,0,0,0
1001,1967,SunshinePop,AcidRock,WeightedTransition,1,0,0,0
1001,1967,SunshinePop,BaroquePop,AnnualFloor,1,0,1,0
1001,1967,SunshinePop,Soul,WeightedTransition,2,0,0,0
1001,1967,SunshinePop,SunshinePop,Retained,14,0,0,0
1001,1967,SurfRock,BluesRock,WeightedTransition,1,1,0,0
1001,1967,SurfRock,BritishBeat,AnnualFloor,1,1,1,0
1001,1967,SurfRock,BritishBlues,AnnualFloor,1,1,1,0
1001,1967,SurfRock,BritishBlues,WeightedTransition,1,1,0,0
1001,1967,SurfRock,BritishPop,WeightedTransition,1,1,0,0
1001,1967,SurfRock,EasyListening,WeightedTransition,1,1,0,0
1001,1967,SurfRock,HardRock,AnnualFloor,1,1,1,0
1001,1967,SurfRock,PsychedelicRock,AnnualFloor,1,1,1,0
1001,1967,SurfRock,PsychedelicRock,WeightedTransition,1,1,0,0
1001,1967,SurfRock,RnB,WeightedTransition,2,2,0,0
1001,1967,SurfRock,RockAndRoll,WeightedTransition,1,1,0,0
1001,1967,SurfRock,SingerSongwriter,WeightedTransition,1,1,0,0
1001,1967,SurfRock,SurfRock,Retained,17,17,0,0
1001,1967,TeenPop,AcidRock,WeightedTransition,1,1,0,0
1001,1967,TeenPop,BaroquePop,WeightedTransition,4,4,0,0
1001,1967,TeenPop,BluesRock,WeightedTransition,4,4,0,0
1001,1967,TeenPop,BritishBeat,AnnualFloor,1,1,1,0
1001,1967,TeenPop,BritishBeat,WeightedTransition,1,1,0,0
1001,1967,TeenPop,BritishBlues,WeightedTransition,4,4,0,0
1001,1967,TeenPop,BritishPop,WeightedTransition,7,7,0,0
1001,1967,TeenPop,Bubblegum,WeightedTransition,3,3,0,0
1001,1967,TeenPop,Comedy,AnnualFloor,1,1,1,0
1001,1967,TeenPop,Comedy,WeightedTransition,1,1,0,0
1001,1967,TeenPop,Country,WeightedTransition,4,4,0,0
1001,1967,TeenPop,EasyListening,WeightedTransition,10,10,0,0
1001,1967,TeenPop,FolkRock,WeightedTransition,3,3,0,0
1001,1967,TeenPop,GarageRock,WeightedTransition,5,5,0,0
1001,1967,TeenPop,HardRock,WeightedTransition,1,1,0,0
1001,1967,TeenPop,Jazz,WeightedTransition,1,1,0,0
1001,1967,TeenPop,LatinPop,WeightedTransition,1,1,0,0
1001,1967,TeenPop,ProtoPunk,WeightedTransition,1,1,0,0
1001,1967,TeenPop,RnB,AnnualFloor,1,1,1,0
1001,1967,TeenPop,RnB,WeightedTransition,3,3,0,0
1001,1967,TeenPop,Rocksteady,AnnualFloor,1,1,1,0
1001,1967,TeenPop,SingerSongwriter,WeightedTransition,2,2,0,0
1001,1967,TeenPop,Soul,AnnualFloor,1,1,1,0
1001,1967,TeenPop,Soul,WeightedTransition,5,5,0,0
1001,1967,TeenPop,SunshinePop,AnnualFloor,1,1,1,0
1001,1967,TeenPop,SunshinePop,WeightedTransition,3,3,0,0
1001,1967,TeenPop,TeenPop,Retained,30,30,0,0
1001,1967,TeenPop,TexMex,WeightedTransition,4,4,0,0
1001,1967,TeenPop,TraditionalPop,WeightedTransition,4,4,0,0
1001,1967,TexMex,Boogaloo,WeightedTransition,1,0,0,0
1001,1967,TexMex,SingerSongwriter,WeightedTransition,1,0,0,0
1001,1967,TexMex,TexMex,Retained,25,0,0,0
1001,1967,TraditionalPop,AcidRock,AnnualFloor,1,0,1,0
1001,1967,TraditionalPop,AcidRock,WeightedTransition,7,0,0,0
1001,1967,TraditionalPop,BaroquePop,AnnualFloor,1,0,1,0
1001,1967,TraditionalPop,BaroquePop,WeightedTransition,3,0,0,0
1001,1967,TraditionalPop,Blues,WeightedTransition,4,0,0,0
1001,1967,TraditionalPop,BluesRock,WeightedTransition,2,0,0,0
1001,1967,TraditionalPop,Boogaloo,WeightedTransition,1,0,0,0
1001,1967,TraditionalPop,BritishBeat,AnnualFloor,1,0,1,0
1001,1967,TraditionalPop,BritishBeat,WeightedTransition,2,0,0,0
1001,1967,TraditionalPop,BritishBlues,WeightedTransition,3,0,0,0
1001,1967,TraditionalPop,BritishPop,AnnualFloor,1,0,1,0
1001,1967,TraditionalPop,BritishPop,WeightedTransition,15,0,0,0
1001,1967,TraditionalPop,Bubblegum,WeightedTransition,8,0,0,0
1001,1967,TraditionalPop,Childrens,WeightedTransition,1,0,0,0
1001,1967,TraditionalPop,Classical,WeightedTransition,3,0,0,0
1001,1967,TraditionalPop,Comedy,WeightedTransition,6,0,0,0
1001,1967,TraditionalPop,ContemporaryFolk,AnnualFloor,2,0,2,0
1001,1967,TraditionalPop,ContemporaryFolk,WeightedTransition,3,0,0,0
1001,1967,TraditionalPop,Country,WeightedTransition,6,0,0,0
1001,1967,TraditionalPop,EasyListening,AnnualFloor,2,0,2,0
1001,1967,TraditionalPop,EasyListening,WeightedTransition,16,0,0,0
1001,1967,TraditionalPop,FolkRock,AnnualFloor,1,0,1,0
1001,1967,TraditionalPop,FolkRock,WeightedTransition,8,0,0,0
1001,1967,TraditionalPop,Funk,WeightedTransition,1,0,0,0
1001,1967,TraditionalPop,GarageRock,WeightedTransition,5,0,0,0
1001,1967,TraditionalPop,Gospel,WeightedTransition,6,0,0,0
1001,1967,TraditionalPop,HardRock,AnnualFloor,1,0,1,0
1001,1967,TraditionalPop,HardRock,WeightedTransition,2,0,0,0
1001,1967,TraditionalPop,Jazz,WeightedTransition,12,0,0,0
1001,1967,TraditionalPop,LatinPop,WeightedTransition,1,0,0,0
1001,1967,TraditionalPop,ProtoPunk,AnnualFloor,1,0,1,0
1001,1967,TraditionalPop,ProtoPunk,WeightedTransition,1,0,0,0
1001,1967,TraditionalPop,RnB,WeightedTransition,5,0,0,0
1001,1967,TraditionalPop,RockAndRoll,AnnualFloor,1,0,1,0
1001,1967,TraditionalPop,RockAndRoll,WeightedTransition,2,0,0,0
1001,1967,TraditionalPop,Rocksteady,WeightedTransition,4,0,0,0
1001,1967,TraditionalPop,SingerSongwriter,AnnualFloor,1,0,1,0
1001,1967,TraditionalPop,SingerSongwriter,WeightedTransition,1,0,0,0
1001,1967,TraditionalPop,Ska,AnnualFloor,1,0,1,0
1001,1967,TraditionalPop,Ska,WeightedTransition,1,0,0,0
1001,1967,TraditionalPop,Soul,WeightedTransition,10,0,0,0
1001,1967,TraditionalPop,SunshinePop,AnnualFloor,1,0,1,0
1001,1967,TraditionalPop,SunshinePop,WeightedTransition,5,0,0,0
1001,1967,TraditionalPop,TexMex,WeightedTransition,3,0,0,0
1001,1967,TraditionalPop,TraditionalPop,AnnualFloor,1,0,1,0
1001,1967,TraditionalPop,TraditionalPop,Retained,131,0,0,0
1001,1967,TraditionalPop,TraditionalPop,WeightedTransition,24,0,0,0
1001,1968,AcidRock,AcidRock,Retained,35,0,0,0
1001,1968,AcidRock,Classical,WeightedTransition,1,0,0,0
1001,1968,AcidRock,HardRock,WeightedTransition,1,0,0,0
1001,1968,AcidRock,RnB,WeightedTransition,1,0,0,0
1001,1968,AcidRock,Soul,WeightedTransition,1,0,0,0
1001,1968,BaroquePop,AcidRock,WeightedTransition,1,0,0,0
1001,1968,BaroquePop,BaroquePop,Retained,11,0,0,0
1001,1968,BaroquePop,BaroquePop,WeightedTransition,1,0,0,0
1001,1968,BaroquePop,Boogaloo,WeightedTransition,1,0,0,0
1001,1968,BaroquePop,Bubblegum,WeightedTransition,1,0,0,0
1001,1968,BaroquePop,Childrens,WeightedTransition,1,0,0,0
1001,1968,BaroquePop,ContemporaryFolk,WeightedTransition,1,0,0,0
1001,1968,BaroquePop,FolkRock,WeightedTransition,1,0,0,0
1001,1968,BaroquePop,Funk,WeightedTransition,1,0,0,0
1001,1968,BaroquePop,GarageRock,WeightedTransition,1,0,0,0
1001,1968,BaroquePop,Jazz,WeightedTransition,1,0,0,0
1001,1968,BaroquePop,LatinPop,AnnualFloor,1,0,1,0
1001,1968,BaroquePop,Reggae,WeightedTransition,1,0,0,0
1001,1968,Blues,AcidRock,WeightedTransition,1,0,0,0
1001,1968,Blues,Blues,AnnualFloor,2,0,2,0
1001,1968,Blues,Blues,Retained,55,0,0,0
1001,1968,Blues,BritishBeat,AnnualFloor,1,0,1,0
1001,1968,Blues,ContemporaryFolk,WeightedTransition,1,0,0,0
1001,1968,Blues,GarageRock,AnnualFloor,1,0,1,0
1001,1968,Blues,HardRock,AnnualFloor,1,0,1,0
1001,1968,Blues,LatinPop,AnnualFloor,1,0,1,0
1001,1968,Blues,ProgressiveRock,AnnualFloor,1,0,1,0
1001,1968,Blues,ProtoPunk,WeightedTransition,1,0,0,0
1001,1968,Blues,SingerSongwriter,WeightedTransition,1,0,0,0
1001,1968,Blues,Soul,WeightedTransition,2,0,0,0
1001,1968,BluesRock,BluesRock,Retained,11,0,0,0
1001,1968,BluesRock,BritishBlues,WeightedTransition,1,0,0,0
1001,1968,BluesRock,PsychedelicRock,WeightedTransition,3,0,0,0
1001,1968,Boogaloo,Boogaloo,Retained,13,0,0,0
1001,1968,Boogaloo,Boogaloo,WeightedTransition,1,0,0,0
1001,1968,Boogaloo,Childrens,WeightedTransition,1,0,0,0
1001,1968,Boogaloo,Country,WeightedTransition,1,0,0,0
1001,1968,Boogaloo,LatinPop,WeightedTransition,1,0,0,0
1001,1968,Boogaloo,SunshinePop,WeightedTransition,1,0,0,0
1001,1968,BossaNova,Boogaloo,WeightedTransition,1,1,0,0
1001,1968,BossaNova,BossaNova,Retained,5,5,0,0
1001,1968,BossaNova,Comedy,WeightedTransition,1,1,0,0
1001,1968,BossaNova,CountryRock,AnnualFloor,1,1,1,0
1001,1968,BossaNova,Jazz,WeightedTransition,1,1,0,0
1001,1968,BossaNova,LatinPop,WeightedTransition,1,1,0,0
1001,1968,BossaNova,ProtoMetal,WeightedTransition,1,1,0,0
1001,1968,BossaNova,TraditionalPop,WeightedTransition,1,1,0,0
1001,1968,BritishBeat,AcidRock,WeightedTransition,3,0,0,0
1001,1968,BritishBeat,BaroquePop,WeightedTransition,1,0,0,0
1001,1968,BritishBeat,Blues,WeightedTransition,3,0,0,0
1001,1968,BritishBeat,BluesRock,WeightedTransition,2,0,0,0
1001,1968,BritishBeat,BritishBeat,AnnualFloor,1,0,1,0
1001,1968,BritishBeat,BritishBeat,Retained,26,0,0,0
1001,1968,BritishBeat,BritishBeat,WeightedTransition,10,0,0,0
1001,1968,BritishBeat,BritishBlues,WeightedTransition,6,0,0,0
1001,1968,BritishBeat,BritishPop,WeightedTransition,1,0,0,0
1001,1968,BritishBeat,Bubblegum,WeightedTransition,2,0,0,0
1001,1968,BritishBeat,Childrens,WeightedTransition,1,0,0,0
1001,1968,BritishBeat,CountryRock,WeightedTransition,1,0,0,0
1001,1968,BritishBeat,EasyListening,WeightedTransition,1,0,0,0
1001,1968,BritishBeat,Funk,AnnualFloor,1,0,1,0
1001,1968,BritishBeat,Funk,WeightedTransition,2,0,0,0
1001,1968,BritishBeat,Gospel,WeightedTransition,2,0,0,0
1001,1968,BritishBeat,HardRock,WeightedTransition,2,0,0,0
1001,1968,BritishBeat,ProgressiveRock,WeightedTransition,2,0,0,0
1001,1968,BritishBeat,ProtoMetal,AnnualFloor,1,0,1,0
1001,1968,BritishBeat,ProtoPunk,WeightedTransition,1,0,0,0
1001,1968,BritishBeat,PsychedelicRock,WeightedTransition,1,0,0,0
1001,1968,BritishBeat,RockAndRoll,WeightedTransition,2,0,0,0
1001,1968,BritishBeat,Soul,WeightedTransition,4,0,0,0
1001,1968,BritishBeat,TexMex,AnnualFloor,1,0,1,0
1001,1968,BritishBeat,TexMex,WeightedTransition,2,0,0,0
1001,1968,BritishBlues,BritishBlues,Retained,27,0,0,0
1001,1968,BritishBlues,BritishBlues,WeightedTransition,1,0,0,0
1001,1968,BritishBlues,Childrens,AnnualFloor,1,0,1,0
1001,1968,BritishBlues,Funk,WeightedTransition,1,0,0,0
1001,1968,BritishBlues,PsychedelicRock,AnnualFloor,1,0,1,0
1001,1968,BritishBlues,TexMex,WeightedTransition,1,0,0,0
1001,1968,BritishPop,AcidRock,WeightedTransition,2,0,0,0
1001,1968,BritishPop,BaroquePop,AnnualFloor,1,0,1,0
1001,1968,BritishPop,Blues,WeightedTransition,1,0,0,0
1001,1968,BritishPop,BluesRock,WeightedTransition,1,0,0,0
1001,1968,BritishPop,Boogaloo,WeightedTransition,1,0,0,0
1001,1968,BritishPop,BritishBlues,WeightedTransition,1,0,0,0
1001,1968,BritishPop,BritishPop,Retained,34,0,0,0
1001,1968,BritishPop,BritishPop,WeightedTransition,2,0,0,0
1001,1968,BritishPop,Bubblegum,AnnualFloor,2,0,2,0
1001,1968,BritishPop,Bubblegum,WeightedTransition,1,0,0,0
1001,1968,BritishPop,Comedy,WeightedTransition,1,0,0,0
1001,1968,BritishPop,ContemporaryFolk,WeightedTransition,2,0,0,0
1001,1968,BritishPop,Country,WeightedTransition,1,0,0,0
1001,1968,BritishPop,EasyListening,AnnualFloor,1,0,1,0
1001,1968,BritishPop,FolkRock,WeightedTransition,1,0,0,0
1001,1968,BritishPop,Funk,WeightedTransition,1,0,0,0
1001,1968,BritishPop,Gospel,WeightedTransition,2,0,0,0
1001,1968,BritishPop,HardRock,WeightedTransition,1,0,0,0
1001,1968,BritishPop,LatinPop,WeightedTransition,2,0,0,0
1001,1968,BritishPop,RnB,WeightedTransition,2,0,0,0
1001,1968,BritishPop,Soul,WeightedTransition,2,0,0,0
1001,1968,BritishPop,SunshinePop,WeightedTransition,2,0,0,0
1001,1968,BritishPop,TraditionalPop,WeightedTransition,1,0,0,0
1001,1968,Bubblegum,Blues,WeightedTransition,1,0,0,0
1001,1968,Bubblegum,Boogaloo,WeightedTransition,1,0,0,0
1001,1968,Bubblegum,Bubblegum,Retained,18,0,0,0
1001,1968,Bubblegum,Country,AnnualFloor,1,0,1,0
1001,1968,Bubblegum,LatinPop,WeightedTransition,1,0,0,0
1001,1968,Bubblegum,RockAndRoll,AnnualFloor,1,0,1,0
1001,1968,Childrens,AcidRock,WeightedTransition,1,0,0,0
1001,1968,Childrens,Childrens,Retained,44,0,0,0
1001,1968,Childrens,Childrens,WeightedTransition,1,0,0,0
1001,1968,Childrens,Classical,AnnualFloor,2,0,2,0
1001,1968,Childrens,Comedy,AnnualFloor,1,0,1,0
1001,1968,Childrens,FolkRock,WeightedTransition,1,0,0,0
1001,1968,Classical,AcidRock,WeightedTransition,1,0,0,0
1001,1968,Classical,BritishBeat,WeightedTransition,1,0,0,0
1001,1968,Classical,BritishBlues,WeightedTransition,1,0,0,0
1001,1968,Classical,Classical,AnnualFloor,1,0,1,0
1001,1968,Classical,Classical,Retained,91,0,0,0
1001,1968,Classical,Classical,WeightedTransition,2,0,0,0
1001,1968,Classical,ContemporaryFolk,WeightedTransition,1,0,0,0
1001,1968,Classical,EasyListening,WeightedTransition,1,0,0,0
1001,1968,Classical,Funk,WeightedTransition,1,0,0,0
1001,1968,Classical,GarageRock,WeightedTransition,1,0,0,0
1001,1968,Classical,Jazz,AnnualFloor,1,0,1,0
1001,1968,Classical,ProtoPunk,WeightedTransition,1,0,0,0
1001,1968,Classical,Reggae,AnnualFloor,1,0,1,0
1001,1968,Classical,SingerSongwriter,AnnualFloor,1,0,1,0
1001,1968,Classical,SingerSongwriter,WeightedTransition,1,0,0,0
1001,1968,Classical,Soul,WeightedTransition,1,0,0,0
1001,1968,Classical,SunshinePop,WeightedTransition,1,0,0,0
1001,1968,Classical,TraditionalPop,WeightedTransition,1,0,0,0
1001,1968,Comedy,AcidRock,AnnualFloor,1,0,1,0
1001,1968,Comedy,AcidRock,WeightedTransition,1,0,0,0
1001,1968,Comedy,BritishBlues,WeightedTransition,1,0,0,0
1001,1968,Comedy,Comedy,AnnualFloor,1,0,1,0
1001,1968,Comedy,Comedy,Retained,54,0,0,0
1001,1968,Comedy,Comedy,WeightedTransition,3,0,0,0
1001,1968,Comedy,EasyListening,WeightedTransition,1,0,0,0
1001,1968,Comedy,FolkRock,WeightedTransition,1,0,0,0
1001,1968,Comedy,Funk,WeightedTransition,1,0,0,0
1001,1968,Comedy,Gospel,WeightedTransition,2,0,0,0
1001,1968,Comedy,HardRock,WeightedTransition,1,0,0,0
1001,1968,Comedy,RnB,WeightedTransition,1,0,0,0
1001,1968,Comedy,RockAndRoll,WeightedTransition,1,0,0,0
1001,1968,Comedy,Rocksteady,WeightedTransition,1,0,0,0
1001,1968,Comedy,SingerSongwriter,WeightedTransition,1,0,0,0
1001,1968,Comedy,Soul,WeightedTransition,1,0,0,0
1001,1968,Comedy,SunshinePop,WeightedTransition,1,0,0,0
1001,1968,ContemporaryFolk,BaroquePop,WeightedTransition,1,0,0,0
1001,1968,ContemporaryFolk,BritishBlues,AnnualFloor,1,0,1,0
1001,1968,ContemporaryFolk,BritishBlues,WeightedTransition,1,0,0,0
1001,1968,ContemporaryFolk,Bubblegum,WeightedTransition,1,0,0,0
1001,1968,ContemporaryFolk,Comedy,WeightedTransition,1,0,0,0
1001,1968,ContemporaryFolk,ContemporaryFolk,Retained,34,0,0,0
1001,1968,ContemporaryFolk,ContemporaryFolk,WeightedTransition,3,0,0,0
1001,1968,ContemporaryFolk,CountryRock,WeightedTransition,2,0,0,0
1001,1968,ContemporaryFolk,FolkRock,WeightedTransition,1,0,0,0
1001,1968,ContemporaryFolk,Funk,WeightedTransition,2,0,0,0
1001,1968,ContemporaryFolk,Gospel,WeightedTransition,1,0,0,0
1001,1968,ContemporaryFolk,RnB,WeightedTransition,1,0,0,0
1001,1968,ContemporaryFolk,Soul,WeightedTransition,1,0,0,0
1001,1968,ContemporaryFolk,TraditionalPop,WeightedTransition,1,0,0,0
1001,1968,Country,AcidRock,WeightedTransition,2,0,0,0
1001,1968,Country,BaroquePop,WeightedTransition,1,0,0,0
1001,1968,Country,BluesRock,AnnualFloor,1,0,1,0
1001,1968,Country,BluesRock,WeightedTransition,1,0,0,0
1001,1968,Country,BritishBlues,AnnualFloor,1,0,1,0
1001,1968,Country,BritishBlues,WeightedTransition,2,0,0,0
1001,1968,Country,Bubblegum,WeightedTransition,1,0,0,0
1001,1968,Country,Childrens,WeightedTransition,1,0,0,0
1001,1968,Country,Classical,WeightedTransition,1,0,0,0
1001,1968,Country,Comedy,WeightedTransition,1,0,0,0
1001,1968,Country,ContemporaryFolk,WeightedTransition,1,0,0,0
1001,1968,Country,Country,AnnualFloor,1,0,1,0
1001,1968,Country,Country,Retained,200,0,0,0
1001,1968,Country,Country,WeightedTransition,10,0,0,0
1001,1968,Country,CountryRock,AnnualFloor,1,0,1,0
1001,1968,Country,FolkRock,WeightedTransition,2,0,0,0
1001,1968,Country,Gospel,AnnualFloor,1,0,1,0
1001,1968,Country,Gospel,WeightedTransition,3,0,0,0
1001,1968,Country,HardRock,AnnualFloor,1,0,1,0
1001,1968,Country,HardRock,WeightedTransition,1,0,0,0
1001,1968,Country,ProtoMetal,AnnualFloor,1,0,1,0
1001,1968,Country,ProtoPunk,WeightedTransition,1,0,0,0
1001,1968,Country,RnB,WeightedTransition,3,0,0,0
1001,1968,Country,RockAndRoll,WeightedTransition,3,0,0,0
1001,1968,Country,Rocksteady,AnnualFloor,1,0,1,0
1001,1968,Country,SingerSongwriter,AnnualFloor,1,0,1,0
1001,1968,Country,Soul,WeightedTransition,1,0,0,0
1001,1968,Country,TexMex,AnnualFloor,1,0,1,0
1001,1968,CountryRock,CountryRock,Retained,3,0,0,0
1001,1968,DooWop,Boogaloo,AnnualFloor,1,1,1,0
1001,1968,DooWop,BritishBeat,WeightedTransition,1,1,0,0
1001,1968,DooWop,BritishPop,WeightedTransition,1,1,0,0
1001,1968,DooWop,Childrens,WeightedTransition,1,1,0,0
1001,1968,DooWop,Classical,WeightedTransition,1,1,0,0
1001,1968,DooWop,DooWop,Retained,3,3,0,0
1001,1968,DooWop,EasyListening,WeightedTransition,1,1,0,0
1001,1968,DooWop,Funk,WeightedTransition,3,3,0,0
1001,1968,DooWop,LatinPop,WeightedTransition,1,1,0,0
1001,1968,DooWop,ProtoMetal,WeightedTransition,1,1,0,0
1001,1968,DooWop,RnB,WeightedTransition,3,3,0,0
1001,1968,DooWop,Soul,WeightedTransition,5,5,0,0
1001,1968,DooWop,SunshinePop,WeightedTransition,1,1,0,0
1001,1968,EasyListening,AcidRock,WeightedTransition,2,0,0,0
1001,1968,EasyListening,BaroquePop,AnnualFloor,1,0,1,0
1001,1968,EasyListening,BaroquePop,WeightedTransition,1,0,0,0
1001,1968,EasyListening,Blues,WeightedTransition,1,0,0,0
1001,1968,EasyListening,BluesRock,WeightedTransition,2,0,0,0
1001,1968,EasyListening,Boogaloo,WeightedTransition,4,0,0,0
1001,1968,EasyListening,BritishBeat,AnnualFloor,1,0,1,0
1001,1968,EasyListening,BritishBeat,WeightedTransition,2,0,0,0
1001,1968,EasyListening,BritishBlues,WeightedTransition,1,0,0,0
1001,1968,EasyListening,BritishPop,AnnualFloor,1,0,1,0
1001,1968,EasyListening,BritishPop,WeightedTransition,3,0,0,0
1001,1968,EasyListening,Bubblegum,WeightedTransition,4,0,0,0
1001,1968,EasyListening,Childrens,AnnualFloor,1,0,1,0
1001,1968,EasyListening,Childrens,WeightedTransition,2,0,0,0
1001,1968,EasyListening,Classical,WeightedTransition,4,0,0,0
1001,1968,EasyListening,Comedy,WeightedTransition,1,0,0,0
1001,1968,EasyListening,ContemporaryFolk,WeightedTransition,2,0,0,0
1001,1968,EasyListening,Country,WeightedTransition,4,0,0,0
1001,1968,EasyListening,CountryRock,WeightedTransition,2,0,0,0
1001,1968,EasyListening,EasyListening,AnnualFloor,1,0,1,0
1001,1968,EasyListening,EasyListening,Retained,98,0,0,0
1001,1968,EasyListening,EasyListening,WeightedTransition,10,0,0,0
1001,1968,EasyListening,FolkRock,WeightedTransition,3,0,0,0
1001,1968,EasyListening,Funk,WeightedTransition,2,0,0,0
1001,1968,EasyListening,GarageRock,AnnualFloor,1,0,1,0
1001,1968,EasyListening,GarageRock,WeightedTransition,2,0,0,0
1001,1968,EasyListening,Gospel,WeightedTransition,4,0,0,0
1001,1968,EasyListening,HardRock,WeightedTransition,1,0,0,0
1001,1968,EasyListening,Jazz,WeightedTransition,4,0,0,0
1001,1968,EasyListening,LatinPop,WeightedTransition,1,0,0,0
1001,1968,EasyListening,ProgressiveRock,WeightedTransition,1,0,0,0
1001,1968,EasyListening,ProtoMetal,WeightedTransition,1,0,0,0
1001,1968,EasyListening,Reggae,AnnualFloor,1,0,1,0
1001,1968,EasyListening,Reggae,WeightedTransition,1,0,0,0
1001,1968,EasyListening,RnB,WeightedTransition,3,0,0,0
1001,1968,EasyListening,RockAndRoll,WeightedTransition,1,0,0,0
1001,1968,EasyListening,SingerSongwriter,WeightedTransition,1,0,0,0
1001,1968,EasyListening,Soul,WeightedTransition,6,0,0,0
1001,1968,EasyListening,SunshinePop,WeightedTransition,5,0,0,0
1001,1968,EasyListening,TexMex,WeightedTransition,1,0,0,0
1001,1968,EasyListening,TraditionalPop,WeightedTransition,3,0,0,0
1001,1968,Folk,BaroquePop,WeightedTransition,1,1,0,0
1001,1968,Folk,Blues,WeightedTransition,1,1,0,0
1001,1968,Folk,BluesRock,AnnualFloor,1,1,1,0
1001,1968,Folk,BritishBlues,WeightedTransition,1,1,0,0
1001,1968,Folk,Childrens,AnnualFloor,1,1,1,0
1001,1968,Folk,ContemporaryFolk,AnnualFloor,1,1,1,0
1001,1968,Folk,ContemporaryFolk,WeightedTransition,1,1,0,0
1001,1968,Folk,Country,WeightedTransition,3,3,0,0
1001,1968,Folk,CountryRock,AnnualFloor,1,1,1,0
1001,1968,Folk,EasyListening,WeightedTransition,3,3,0,0
1001,1968,Folk,Folk,Retained,24,24,0,0
1001,1968,Folk,FolkRock,WeightedTransition,5,5,0,0
1001,1968,Folk,Jazz,WeightedTransition,1,1,0,0
1001,1968,Folk,ProgressiveRock,WeightedTransition,1,1,0,0
1001,1968,Folk,ProtoPunk,AnnualFloor,1,1,1,0
1001,1968,Folk,ProtoPunk,WeightedTransition,1,1,0,0
1001,1968,Folk,Reggae,WeightedTransition,1,1,0,0
1001,1968,Folk,SingerSongwriter,WeightedTransition,4,4,0,0
1001,1968,Folk,Soul,WeightedTransition,3,3,0,0
1001,1968,Folk,SunshinePop,AnnualFloor,1,1,1,0
1001,1968,Folk,SunshinePop,WeightedTransition,1,1,0,0
1001,1968,Folk,TraditionalPop,WeightedTransition,2,2,0,0
1001,1968,FolkRock,BritishBeat,WeightedTransition,1,0,0,0
1001,1968,FolkRock,ContemporaryFolk,WeightedTransition,2,0,0,0
1001,1968,FolkRock,EasyListening,WeightedTransition,1,0,0,0
1001,1968,FolkRock,FolkRock,AnnualFloor,1,0,1,0
1001,1968,FolkRock,FolkRock,Retained,20,0,0,0
1001,1968,FolkRock,FolkRock,WeightedTransition,1,0,0,0
1001,1968,FolkRock,Funk,AnnualFloor,1,0,1,0
1001,1968,FolkRock,Gospel,WeightedTransition,3,0,0,0
1001,1968,FolkRock,ProtoMetal,WeightedTransition,1,0,0,0
1001,1968,FolkRock,ProtoPunk,WeightedTransition,1,0,0,0
1001,1968,FolkRock,SingerSongwriter,WeightedTransition,1,0,0,0
1001,1968,FolkRock,Soul,WeightedTransition,1,0,0,0
1001,1968,FolkRock,SunshinePop,WeightedTransition,1,0,0,0
1001,1968,FolkRock,TexMex,WeightedTransition,1,0,0,0
1001,1968,FolkRock,TraditionalPop,WeightedTransition,1,0,0,0
1001,1968,Funk,Boogaloo,WeightedTransition,1,0,0,0
1001,1968,Funk,Comedy,WeightedTransition,2,0,0,0
1001,1968,Funk,Country,WeightedTransition,3,0,0,0
1001,1968,Funk,Funk,Retained,15,0,0,0
1001,1968,Funk,Funk,WeightedTransition,1,0,0,0
1001,1968,Funk,HardRock,AnnualFloor,1,0,1,0
1001,1968,Funk,LatinPop,WeightedTransition,1,0,0,0
1001,1968,Funk,ProgressiveRock,WeightedTransition,1,0,0,0
1001,1968,Funk,Soul,WeightedTransition,2,0,0,0
1001,1968,GarageRock,BritishBlues,WeightedTransition,1,0,0,0
1001,1968,GarageRock,Bubblegum,AnnualFloor,1,0,1,0
1001,1968,GarageRock,Childrens,WeightedTransition,1,0,0,0
1001,1968,GarageRock,CountryRock,WeightedTransition,1,0,0,0
1001,1968,GarageRock,Funk,WeightedTransition,1,0,0,0
1001,1968,GarageRock,GarageRock,Retained,14,0,0,0
1001,1968,GarageRock,GarageRock,WeightedTransition,2,0,0,0
1001,1968,GarageRock,Gospel,WeightedTransition,1,0,0,0
1001,1968,GarageRock,HardRock,WeightedTransition,2,0,0,0
1001,1968,GarageRock,ProtoMetal,WeightedTransition,1,0,0,0
1001,1968,GarageRock,ProtoPunk,AnnualFloor,1,0,1,0
1001,1968,GarageRock,ProtoPunk,WeightedTransition,1,0,0,0
1001,1968,GarageRock,PsychedelicRock,AnnualFloor,1,0,1,0
1001,1968,GarageRock,PsychedelicRock,WeightedTransition,2,0,0,0
1001,1968,Gospel,BluesRock,WeightedTransition,2,0,0,0
1001,1968,Gospel,BritishBlues,WeightedTransition,1,0,0,0
1001,1968,Gospel,Country,AnnualFloor,1,0,1,0
1001,1968,Gospel,FolkRock,WeightedTransition,1,0,0,0
1001,1968,Gospel,Funk,WeightedTransition,1,0,0,0
1001,1968,Gospel,Gospel,AnnualFloor,1,0,1,0
1001,1968,Gospel,Gospel,Retained,72,0,0,0
1001,1968,Gospel,Gospel,WeightedTransition,2,0,0,0
1001,1968,Gospel,LatinPop,AnnualFloor,1,0,1,0
1001,1968,Gospel,ProgressiveRock,AnnualFloor,1,0,1,0
1001,1968,Gospel,RockAndRoll,AnnualFloor,1,0,1,0
1001,1968,Gospel,Soul,AnnualFloor,1,0,1,0
1001,1968,Gospel,Soul,WeightedTransition,4,0,0,0
1001,1968,HardRock,AcidRock,WeightedTransition,1,0,0,0
1001,1968,HardRock,BaroquePop,WeightedTransition,1,0,0,0
1001,1968,HardRock,Bubblegum,WeightedTransition,1,0,0,0
1001,1968,HardRock,EasyListening,WeightedTransition,1,0,0,0
1001,1968,HardRock,HardRock,Retained,15,0,0,0
1001,1968,HardRock,HardRock,WeightedTransition,2,0,0,0
1001,1968,HardRock,LatinPop,WeightedTransition,1,0,0,0
1001,1968,HardRock,ProtoMetal,WeightedTransition,1,0,0,0
1001,1968,HardRock,Soul,WeightedTransition,1,0,0,0
1001,1968,Jazz,AcidRock,AnnualFloor,1,0,1,0
1001,1968,Jazz,AcidRock,WeightedTransition,3,0,0,0
1001,1968,Jazz,BaroquePop,WeightedTransition,3,0,0,0
1001,1968,Jazz,Blues,WeightedTransition,1,0,0,0
1001,1968,Jazz,Boogaloo,AnnualFloor,1,0,1,0
1001,1968,Jazz,BritishBeat,WeightedTransition,2,0,0,0
1001,1968,Jazz,BritishBlues,WeightedTransition,4,0,0,0
1001,1968,Jazz,BritishPop,WeightedTransition,1,0,0,0
1001,1968,Jazz,Bubblegum,WeightedTransition,5,0,0,0
1001,1968,Jazz,Childrens,WeightedTransition,2,0,0,0
1001,1968,Jazz,Comedy,WeightedTransition,1,0,0,0
1001,1968,Jazz,ContemporaryFolk,AnnualFloor,2,0,2,0
1001,1968,Jazz,ContemporaryFolk,WeightedTransition,1,0,0,0
1001,1968,Jazz,Country,WeightedTransition,2,0,0,0
1001,1968,Jazz,CountryRock,WeightedTransition,2,0,0,0
1001,1968,Jazz,EasyListening,WeightedTransition,6,0,0,0
1001,1968,Jazz,FolkRock,WeightedTransition,3,0,0,0
1001,1968,Jazz,Funk,WeightedTransition,3,0,0,0
1001,1968,Jazz,Gospel,WeightedTransition,4,0,0,0
1001,1968,Jazz,HardRock,WeightedTransition,3,0,0,0
1001,1968,Jazz,Jazz,AnnualFloor,1,0,1,0
1001,1968,Jazz,Jazz,Retained,70,0,0,0
1001,1968,Jazz,Jazz,WeightedTransition,18,0,0,0
1001,1968,Jazz,LatinPop,WeightedTransition,1,0,0,0
1001,1968,Jazz,ProgressiveRock,WeightedTransition,1,0,0,0
1001,1968,Jazz,ProtoMetal,WeightedTransition,1,0,0,0
1001,1968,Jazz,ProtoPunk,WeightedTransition,2,0,0,0
1001,1968,Jazz,Reggae,WeightedTransition,2,0,0,0
1001,1968,Jazz,RnB,AnnualFloor,2,0,2,0
1001,1968,Jazz,RnB,WeightedTransition,7,0,0,0
1001,1968,Jazz,RockAndRoll,WeightedTransition,2,0,0,0
1001,1968,Jazz,SingerSongwriter,WeightedTransition,2,0,0,0
1001,1968,Jazz,Soul,WeightedTransition,14,0,0,0
1001,1968,Jazz,SunshinePop,WeightedTransition,4,0,0,0
1001,1968,Jazz,TraditionalPop,WeightedTransition,2,0,0,0
1001,1968,LatinPop,BluesRock,WeightedTransition,1,0,0,0
1001,1968,LatinPop,Boogaloo,WeightedTransition,1,0,0,0
1001,1968,LatinPop,Childrens,WeightedTransition,1,0,0,0
1001,1968,LatinPop,EasyListening,WeightedTransition,1,0,0,0
1001,1968,LatinPop,Funk,WeightedTransition,1,0,0,0
1001,1968,LatinPop,Jazz,WeightedTransition,1,0,0,0
1001,1968,LatinPop,LatinPop,Retained,45,0,0,0
1001,1968,LatinPop,LatinPop,WeightedTransition,1,0,0,0
1001,1968,ProgressiveRock,BluesRock,WeightedTransition,1,0,0,0
1001,1968,ProgressiveRock,ProgressiveRock,Retained,5,0,0,0
1001,1968,ProtoMetal,ProtoMetal,Retained,3,0,0,0
1001,1968,ProtoPunk,BritishBeat,WeightedTransition,1,0,0,0
1001,1968,ProtoPunk,ProtoPunk,Retained,3,0,0,0
1001,1968,ProtoPunk,TexMex,WeightedTransition,1,0,0,0
1001,1968,PsychedelicRock,AcidRock,WeightedTransition,1,0,0,0
1001,1968,PsychedelicRock,Boogaloo,WeightedTransition,1,0,0,0
1001,1968,PsychedelicRock,FolkRock,WeightedTransition,1,0,0,0
1001,1968,PsychedelicRock,Gospel,WeightedTransition,2,0,0,0
1001,1968,PsychedelicRock,PsychedelicRock,Retained,27,0,0,0
1001,1968,PsychedelicRock,PsychedelicRock,WeightedTransition,4,0,0,0
1001,1968,PsychedelicRock,RockAndRoll,WeightedTransition,2,0,0,0
1001,1968,PsychedelicRock,TexMex,WeightedTransition,1,0,0,0
1001,1968,Reggae,Reggae,Retained,1,0,0,0
1001,1968,RnB,AcidRock,WeightedTransition,1,0,0,0
1001,1968,RnB,Blues,WeightedTransition,3,0,0,0
1001,1968,RnB,BluesRock,AnnualFloor,1,0,1,0
1001,1968,RnB,BluesRock,WeightedTransition,1,0,0,0
1001,1968,RnB,BritishBeat,WeightedTransition,1,0,0,0
1001,1968,RnB,BritishBlues,AnnualFloor,1,0,1,0
1001,1968,RnB,BritishBlues,WeightedTransition,2,0,0,0
1001,1968,RnB,BritishPop,AnnualFloor,1,0,1,0
1001,1968,RnB,BritishPop,WeightedTransition,2,0,0,0
1001,1968,RnB,Bubblegum,WeightedTransition,1,0,0,0
1001,1968,RnB,Childrens,WeightedTransition,1,0,0,0
1001,1968,RnB,Classical,WeightedTransition,2,0,0,0
1001,1968,RnB,Comedy,WeightedTransition,1,0,0,0
1001,1968,RnB,Country,WeightedTransition,1,0,0,0
1001,1968,RnB,CountryRock,WeightedTransition,1,0,0,0
1001,1968,RnB,FolkRock,AnnualFloor,1,0,1,0
1001,1968,RnB,Funk,WeightedTransition,2,0,0,0
1001,1968,RnB,GarageRock,AnnualFloor,1,0,1,0
1001,1968,RnB,Gospel,WeightedTransition,6,0,0,0
1001,1968,RnB,Jazz,WeightedTransition,1,0,0,0
1001,1968,RnB,LatinPop,WeightedTransition,2,0,0,0
1001,1968,RnB,ProgressiveRock,AnnualFloor,1,0,1,0
1001,1968,RnB,ProtoMetal,AnnualFloor,1,0,1,0
1001,1968,RnB,ProtoPunk,AnnualFloor,1,0,1,0
1001,1968,RnB,Reggae,AnnualFloor,1,0,1,0
1001,1968,RnB,RnB,Retained,121,0,0,0
1001,1968,RnB,RnB,WeightedTransition,12,0,0,0
1001,1968,RnB,Soul,AnnualFloor,1,0,1,0
1001,1968,RnB,Soul,WeightedTransition,11,0,0,0
1001,1968,RnB,TexMex,AnnualFloor,1,0,1,0
1001,1968,RnB,TexMex,WeightedTransition,2,0,0,0
1001,1968,RockAndRoll,AcidRock,AnnualFloor,1,0,1,0
1001,1968,RockAndRoll,AcidRock,WeightedTransition,9,0,0,0
1001,1968,RockAndRoll,Blues,WeightedTransition,1,0,0,0
1001,1968,RockAndRoll,BluesRock,WeightedTransition,7,0,0,0
1001,1968,RockAndRoll,Boogaloo,WeightedTransition,1,0,0,0
1001,1968,RockAndRoll,BritishBeat,WeightedTransition,8,0,0,0
1001,1968,RockAndRoll,BritishBlues,WeightedTransition,8,0,0,0
1001,1968,RockAndRoll,Bubblegum,WeightedTransition,2,0,0,0
1001,1968,RockAndRoll,Childrens,WeightedTransition,2,0,0,0
1001,1968,RockAndRoll,Classical,WeightedTransition,3,0,0,0
1001,1968,RockAndRoll,Comedy,WeightedTransition,1,0,0,0
1001,1968,RockAndRoll,ContemporaryFolk,WeightedTransition,3,0,0,0
1001,1968,RockAndRoll,Country,WeightedTransition,2,0,0,0
1001,1968,RockAndRoll,CountryRock,WeightedTransition,5,0,0,0
1001,1968,RockAndRoll,EasyListening,WeightedTransition,3,0,0,0
1001,1968,RockAndRoll,FolkRock,WeightedTransition,2,0,0,0
1001,1968,RockAndRoll,Funk,WeightedTransition,1,0,0,0
1001,1968,RockAndRoll,GarageRock,WeightedTransition,1,0,0,0
1001,1968,RockAndRoll,Gospel,WeightedTransition,3,0,0,0
1001,1968,RockAndRoll,HardRock,WeightedTransition,7,0,0,0
1001,1968,RockAndRoll,LatinPop,WeightedTransition,1,0,0,0
1001,1968,RockAndRoll,ProgressiveRock,WeightedTransition,4,0,0,0
1001,1968,RockAndRoll,ProtoMetal,WeightedTransition,1,0,0,0
1001,1968,RockAndRoll,ProtoPunk,WeightedTransition,4,0,0,0
1001,1968,RockAndRoll,PsychedelicRock,AnnualFloor,1,0,1,0
1001,1968,RockAndRoll,PsychedelicRock,WeightedTransition,6,0,0,0
1001,1968,RockAndRoll,RnB,WeightedTransition,3,0,0,0
1001,1968,RockAndRoll,RockAndRoll,Retained,22,0,0,0
1001,1968,RockAndRoll,RockAndRoll,WeightedTransition,9,0,0,0
1001,1968,RockAndRoll,SingerSongwriter,WeightedTransition,3,0,0,0
1001,1968,RockAndRoll,Soul,WeightedTransition,5,0,0,0
1001,1968,RockAndRoll,SunshinePop,WeightedTransition,1,0,0,0
1001,1968,RockAndRoll,TexMex,WeightedTransition,1,0,0,0
1001,1968,RockAndRoll,TraditionalPop,WeightedTransition,2,0,0,0
1001,1968,Rocksteady,Jazz,WeightedTransition,1,0,0,0
1001,1968,Rocksteady,Rocksteady,Retained,7,0,0,0
1001,1968,Rocksteady,TraditionalPop,WeightedTransition,1,0,0,0
1001,1968,SingerSongwriter,BaroquePop,WeightedTransition,1,0,0,0
1001,1968,SingerSongwriter,BluesRock,WeightedTransition,1,0,0,0
1001,1968,SingerSongwriter,ContemporaryFolk,WeightedTransition,1,0,0,0
1001,1968,SingerSongwriter,SingerSongwriter,Retained,10,0,0,0
1001,1968,Ska,Childrens,WeightedTransition,1,1,0,0
1001,1968,Ska,Country,WeightedTransition,1,1,0,0
1001,1968,Ska,CountryRock,WeightedTransition,1,1,0,0
1001,1968,Ska,Funk,AnnualFloor,1,1,1,0
1001,1968,Ska,Ska,Retained,7,7,0,0
1001,1968,Ska,SunshinePop,WeightedTransition,1,1,0,0
1001,1968,Ska,TraditionalPop,WeightedTransition,1,1,0,0
1001,1968,Soul,BaroquePop,AnnualFloor,1,0,1,0
1001,1968,Soul,Blues,WeightedTransition,1,0,0,0
1001,1968,Soul,Boogaloo,AnnualFloor,1,0,1,0
1001,1968,Soul,Boogaloo,WeightedTransition,1,0,0,0
1001,1968,Soul,BritishBlues,WeightedTransition,1,0,0,0
1001,1968,Soul,BritishPop,WeightedTransition,1,0,0,0
1001,1968,Soul,Country,WeightedTransition,2,0,0,0
1001,1968,Soul,Funk,WeightedTransition,3,0,1,1
1001,1968,Soul,Gospel,AnnualFloor,1,0,1,0
1001,1968,Soul,LatinPop,WeightedTransition,2,0,1,1
1001,1968,Soul,ProgressiveRock,WeightedTransition,1,0,0,0
1001,1968,Soul,ProtoPunk,WeightedTransition,2,0,0,0
1001,1968,Soul,RnB,AnnualFloor,1,0,1,0
1001,1968,Soul,RnB,WeightedTransition,2,0,0,0
1001,1968,Soul,RockAndRoll,AnnualFloor,1,0,1,0
1001,1968,Soul,Soul,AnnualFloor,1,0,1,0
1001,1968,Soul,Soul,Retained,156,0,0,0
1001,1968,Soul,Soul,WeightedTransition,7,0,0,0
1001,1968,Soul,SunshinePop,WeightedTransition,1,0,0,0
1001,1968,Soul,TexMex,WeightedTransition,1,0,0,0
1001,1968,Soul,TraditionalPop,AnnualFloor,1,0,1,0
1001,1968,SunshinePop,EasyListening,WeightedTransition,1,0,0,0
1001,1968,SunshinePop,RockAndRoll,WeightedTransition,1,0,0,0
1001,1968,SunshinePop,SunshinePop,Retained,10,0,0,0
1001,1968,SunshinePop,SunshinePop,WeightedTransition,1,0,0,0
1001,1968,SunshinePop,TraditionalPop,WeightedTransition,1,0,0,0
1001,1968,SurfRock,BluesRock,WeightedTransition,1,1,0,0
1001,1968,SurfRock,Bubblegum,WeightedTransition,1,1,0,0
1001,1968,SurfRock,Funk,WeightedTransition,1,1,0,0
1001,1968,SurfRock,SurfRock,Retained,6,6,0,0
1001,1968,TeenPop,AcidRock,WeightedTransition,2,2,0,0
1001,1968,TeenPop,Blues,WeightedTransition,1,1,0,0
1001,1968,TeenPop,Boogaloo,WeightedTransition,1,1,0,0
1001,1968,TeenPop,BritishBeat,WeightedTransition,1,1,0,0
1001,1968,TeenPop,Bubblegum,WeightedTransition,1,1,0,0
1001,1968,TeenPop,Childrens,WeightedTransition,1,1,0,0
1001,1968,TeenPop,ContemporaryFolk,WeightedTransition,2,2,0,0
1001,1968,TeenPop,Country,WeightedTransition,1,1,0,0
1001,1968,TeenPop,EasyListening,WeightedTransition,1,1,0,0
1001,1968,TeenPop,GarageRock,WeightedTransition,2,2,0,0
1001,1968,TeenPop,HardRock,WeightedTransition,3,3,0,0
1001,1968,TeenPop,LatinPop,WeightedTransition,1,1,0,0
1001,1968,TeenPop,ProtoPunk,WeightedTransition,2,2,0,0
1001,1968,TeenPop,RnB,WeightedTransition,3,3,0,0
1001,1968,TeenPop,RockAndRoll,WeightedTransition,1,1,0,0
1001,1968,TeenPop,Rocksteady,AnnualFloor,1,1,1,0
1001,1968,TeenPop,Soul,WeightedTransition,2,2,0,0
1001,1968,TeenPop,SunshinePop,AnnualFloor,1,1,1,0
1001,1968,TeenPop,TeenPop,Retained,29,29,0,0
1001,1968,TeenPop,TexMex,WeightedTransition,1,1,0,0
1001,1968,TeenPop,TraditionalPop,WeightedTransition,3,3,0,0
1001,1968,TexMex,Bubblegum,WeightedTransition,1,0,0,0
1001,1968,TexMex,SunshinePop,WeightedTransition,1,0,0,0
1001,1968,TexMex,TexMex,Retained,25,0,0,0
1001,1968,TraditionalPop,AcidRock,WeightedTransition,3,0,0,0
1001,1968,TraditionalPop,BaroquePop,WeightedTransition,6,0,0,0
1001,1968,TraditionalPop,Blues,AnnualFloor,1,0,1,0
1001,1968,TraditionalPop,Blues,WeightedTransition,2,0,0,0
1001,1968,TraditionalPop,Boogaloo,WeightedTransition,3,0,0,0
1001,1968,TraditionalPop,BritishBeat,WeightedTransition,2,0,0,0
1001,1968,TraditionalPop,BritishBlues,WeightedTransition,4,0,0,0
1001,1968,TraditionalPop,BritishPop,AnnualFloor,1,0,1,0
1001,1968,TraditionalPop,BritishPop,WeightedTransition,5,0,0,0
1001,1968,TraditionalPop,Bubblegum,WeightedTransition,9,0,0,0
1001,1968,TraditionalPop,Childrens,WeightedTransition,1,0,0,0
1001,1968,TraditionalPop,Classical,WeightedTransition,4,0,0,0
1001,1968,TraditionalPop,Comedy,AnnualFloor,1,0,1,0
1001,1968,TraditionalPop,Comedy,WeightedTransition,2,0,0,0
1001,1968,TraditionalPop,ContemporaryFolk,WeightedTransition,2,0,0,0
1001,1968,TraditionalPop,Country,WeightedTransition,4,0,0,0
1001,1968,TraditionalPop,CountryRock,WeightedTransition,5,0,0,0
1001,1968,TraditionalPop,EasyListening,AnnualFloor,1,0,1,0
1001,1968,TraditionalPop,EasyListening,WeightedTransition,14,0,0,0
1001,1968,TraditionalPop,FolkRock,AnnualFloor,1,0,1,0
1001,1968,TraditionalPop,FolkRock,WeightedTransition,3,0,0,0
1001,1968,TraditionalPop,Funk,WeightedTransition,5,0,0,0
1001,1968,TraditionalPop,GarageRock,WeightedTransition,2,0,0,0
1001,1968,TraditionalPop,Gospel,WeightedTransition,6,0,0,0
1001,1968,TraditionalPop,HardRock,WeightedTransition,5,0,0,0
1001,1968,TraditionalPop,Jazz,AnnualFloor,1,0,1,0
1001,1968,TraditionalPop,Jazz,WeightedTransition,6,0,0,0
1001,1968,TraditionalPop,LatinPop,WeightedTransition,2,0,0,0
1001,1968,TraditionalPop,ProgressiveRock,WeightedTransition,2,0,0,0
1001,1968,TraditionalPop,ProtoMetal,WeightedTransition,2,0,0,0
1001,1968,TraditionalPop,ProtoPunk,WeightedTransition,4,0,0,0
1001,1968,TraditionalPop,RnB,WeightedTransition,3,0,0,0
1001,1968,TraditionalPop,RockAndRoll,WeightedTransition,3,0,0,0
1001,1968,TraditionalPop,Rocksteady,AnnualFloor,1,0,1,0
1001,1968,TraditionalPop,SingerSongwriter,AnnualFloor,1,0,1,0
1001,1968,TraditionalPop,SingerSongwriter,WeightedTransition,3,0,0,0
1001,1968,TraditionalPop,Soul,WeightedTransition,12,0,0,0
1001,1968,TraditionalPop,SunshinePop,AnnualFloor,1,0,1,0
1001,1968,TraditionalPop,SunshinePop,WeightedTransition,4,0,0,0
1001,1968,TraditionalPop,TexMex,WeightedTransition,4,0,0,0
1001,1968,TraditionalPop,TraditionalPop,AnnualFloor,2,0,2,0
1001,1968,TraditionalPop,TraditionalPop,Retained,100,0,0,0
1001,1968,TraditionalPop,TraditionalPop,WeightedTransition,13,0,0,0
1001,1969,AcidRock,AcidRock,Retained,34,0,0,0
1001,1969,AcidRock,AcidRock,WeightedTransition,2,0,0,0
1001,1969,AcidRock,BritishBeat,WeightedTransition,1,0,0,0
1001,1969,AcidRock,BritishBlues,WeightedTransition,1,0,0,0
1001,1969,AcidRock,Classical,WeightedTransition,1,0,0,0
1001,1969,AcidRock,EasyListening,WeightedTransition,1,0,0,0
1001,1969,AcidRock,Funk,WeightedTransition,1,0,0,0
1001,1969,AcidRock,Gospel,WeightedTransition,1,0,0,0
1001,1969,AcidRock,HardRock,WeightedTransition,2,0,0,0
1001,1969,AcidRock,ProtoMetal,WeightedTransition,1,0,0,0
1001,1969,AcidRock,PsychedelicRock,WeightedTransition,2,0,0,0
1001,1969,AcidRock,Reggae,WeightedTransition,1,0,0,0
1001,1969,BaroquePop,BaroquePop,Retained,10,0,0,0
1001,1969,BaroquePop,BluesRock,WeightedTransition,1,0,0,0
1001,1969,BaroquePop,ContemporaryFolk,WeightedTransition,1,0,0,0
1001,1969,BaroquePop,Country,WeightedTransition,1,0,0,0
1001,1969,BaroquePop,Gospel,WeightedTransition,2,0,0,0
1001,1969,BaroquePop,ProgressiveRock,WeightedTransition,1,0,0,0
1001,1969,BaroquePop,ProtoMetal,WeightedTransition,1,0,0,0
1001,1969,BaroquePop,Soul,WeightedTransition,1,0,0,0
1001,1969,Blues,AcidRock,WeightedTransition,2,0,0,0
1001,1969,Blues,Blues,Retained,71,0,0,0
1001,1969,Blues,BritishBeat,WeightedTransition,2,0,0,0
1001,1969,Blues,Classical,AnnualFloor,1,0,1,0
1001,1969,Blues,Classical,WeightedTransition,2,0,0,0
1001,1969,Blues,EasyListening,WeightedTransition,1,0,0,0
1001,1969,Blues,FolkRock,AnnualFloor,1,0,1,0
1001,1969,Blues,Jazz,WeightedTransition,1,0,0,0
1001,1969,Blues,ProtoPunk,WeightedTransition,1,0,0,0
1001,1969,Blues,Soul,AnnualFloor,1,0,1,0
1001,1969,Blues,Soul,WeightedTransition,1,0,0,0
1001,1969,BluesRock,BluesRock,Retained,27,0,0,0
1001,1969,BluesRock,BluesRock,WeightedTransition,1,0,0,0
1001,1969,BluesRock,BritishBlues,WeightedTransition,1,0,0,0
1001,1969,BluesRock,Gospel,WeightedTransition,1,0,0,0
1001,1969,BluesRock,ProgressiveRock,WeightedTransition,1,0,0,0
1001,1969,BluesRock,RnB,WeightedTransition,1,0,0,0
1001,1969,BluesRock,RockAndRoll,AnnualFloor,1,0,1,0
1001,1969,Boogaloo,Blues,WeightedTransition,1,0,0,0
1001,1969,Boogaloo,Boogaloo,Retained,15,0,0,0
1001,1969,Boogaloo,EasyListening,AnnualFloor,1,0,1,0
1001,1969,Boogaloo,FolkRock,WeightedTransition,1,0,0,0
1001,1969,Boogaloo,Jazz,WeightedTransition,2,0,0,0
1001,1969,BossaNova,BossaNova,Retained,1,1,0,0
1001,1969,BossaNova,BritishBeat,WeightedTransition,1,1,0,0
1001,1969,BossaNova,BritishPop,WeightedTransition,1,1,0,0
1001,1969,BossaNova,CountryRock,WeightedTransition,3,3,0,0
1001,1969,BossaNova,FolkRock,WeightedTransition,1,1,0,0
1001,1969,BritishBeat,AcidRock,WeightedTransition,5,0,0,0
1001,1969,BritishBeat,BaroquePop,WeightedTransition,1,0,0,0
1001,1969,BritishBeat,Blues,WeightedTransition,2,0,0,0
1001,1969,BritishBeat,BluesRock,WeightedTransition,3,0,0,0
1001,1969,BritishBeat,BritishBeat,Retained,20,0,0,0
1001,1969,BritishBeat,BritishBeat,WeightedTransition,6,0,0,0
1001,1969,BritishBeat,BritishBlues,WeightedTransition,1,0,0,0
1001,1969,BritishBeat,BritishPop,WeightedTransition,2,0,0,0
1001,1969,BritishBeat,Country,WeightedTransition,2,0,0,0
1001,1969,BritishBeat,CountryRock,WeightedTransition,2,0,0,0
1001,1969,BritishBeat,EasyListening,WeightedTransition,1,0,0,0
1001,1969,BritishBeat,FolkRock,WeightedTransition,1,0,0,0
1001,1969,BritishBeat,HardRock,AnnualFloor,1,0,1,0
1001,1969,BritishBeat,HardRock,WeightedTransition,2,0,0,0
1001,1969,BritishBeat,Jazz,WeightedTransition,1,0,0,0
1001,1969,BritishBeat,LatinPop,WeightedTransition,2,0,0,0
1001,1969,BritishBeat,ProgressiveRock,WeightedTransition,2,0,0,0
1001,1969,BritishBeat,ProtoMetal,WeightedTransition,1,0,0,0
1001,1969,BritishBeat,ProtoPunk,WeightedTransition,1,0,0,0
1001,1969,BritishBeat,PsychedelicRock,AnnualFloor,1,0,1,0
1001,1969,BritishBeat,PsychedelicRock,WeightedTransition,2,0,0,0
1001,1969,BritishBeat,RnB,WeightedTransition,1,0,0,0
1001,1969,BritishBeat,RockAndRoll,WeightedTransition,3,0,0,0
1001,1969,BritishBeat,Soul,WeightedTransition,2,0,0,0
1001,1969,BritishBeat,SunshinePop,WeightedTransition,1,0,0,0
1001,1969,BritishBlues,BluesRock,WeightedTransition,2,0,0,0
1001,1969,BritishBlues,BritishBeat,WeightedTransition,1,0,0,0
1001,1969,BritishBlues,BritishBlues,Retained,50,0,0,0
1001,1969,BritishBlues,Bubblegum,WeightedTransition,1,0,0,0
1001,1969,BritishBlues,FolkRock,AnnualFloor,1,0,1,0
1001,1969,BritishBlues,HardRock,WeightedTransition,1,0,0,0
1001,1969,BritishBlues,LatinPop,WeightedTransition,1,0,0,0
1001,1969,BritishBlues,ProtoMetal,WeightedTransition,3,0,0,0
1001,1969,BritishBlues,ProtoPunk,WeightedTransition,2,0,0,0
1001,1969,BritishBlues,RnB,WeightedTransition,1,0,0,0
1001,1969,BritishPop,BluesRock,WeightedTransition,2,0,0,0
1001,1969,BritishPop,BritishBeat,WeightedTransition,1,0,0,0
1001,1969,BritishPop,BritishBlues,AnnualFloor,1,0,1,0
1001,1969,BritishPop,BritishPop,Retained,29,0,0,0
1001,1969,BritishPop,BritishPop,WeightedTransition,2,0,0,0
1001,1969,BritishPop,Bubblegum,WeightedTransition,4,0,0,0
1001,1969,BritishPop,Childrens,WeightedTransition,1,0,0,0
1001,1969,BritishPop,Classical,WeightedTransition,1,0,0,0
1001,1969,BritishPop,Comedy,WeightedTransition,3,0,0,0
1001,1969,BritishPop,ContemporaryFolk,AnnualFloor,1,0,1,0
1001,1969,BritishPop,ContemporaryFolk,WeightedTransition,1,0,0,0
1001,1969,BritishPop,Country,WeightedTransition,2,0,0,0
1001,1969,BritishPop,EasyListening,WeightedTransition,1,0,0,0
1001,1969,BritishPop,FolkRock,AnnualFloor,1,0,1,0
1001,1969,BritishPop,FolkRock,WeightedTransition,1,0,0,0
1001,1969,BritishPop,Funk,WeightedTransition,3,0,0,0
1001,1969,BritishPop,Gospel,WeightedTransition,2,0,0,0
1001,1969,BritishPop,HardRock,WeightedTransition,1,0,0,0
1001,1969,BritishPop,Jazz,WeightedTransition,1,0,0,0
1001,1969,BritishPop,LatinPop,WeightedTransition,1,0,0,0
1001,1969,BritishPop,ProgressiveRock,WeightedTransition,1,0,0,0
1001,1969,BritishPop,ProtoMetal,WeightedTransition,1,0,0,0
1001,1969,BritishPop,ProtoPunk,WeightedTransition,1,0,0,0
1001,1969,BritishPop,Reggae,WeightedTransition,1,0,0,0
1001,1969,BritishPop,RnB,WeightedTransition,1,0,0,0
1001,1969,BritishPop,RockAndRoll,WeightedTransition,1,0,0,0
1001,1969,BritishPop,SingerSongwriter,WeightedTransition,1,0,0,0
1001,1969,BritishPop,Soul,WeightedTransition,3,0,0,0
1001,1969,BritishPop,TexMex,WeightedTransition,1,0,0,0
1001,1969,BritishPop,TraditionalPop,WeightedTransition,1,0,0,0
1001,1969,Bubblegum,BritishPop,AnnualFloor,1,0,1,0
1001,1969,Bubblegum,Bubblegum,Retained,25,0,0,0
1001,1969,Bubblegum,Bubblegum,WeightedTransition,1,0,0,0
1001,1969,Bubblegum,Classical,WeightedTransition,1,0,0,0
1001,1969,Bubblegum,Comedy,WeightedTransition,1,0,0,0
1001,1969,Bubblegum,ProtoMetal,WeightedTransition,1,0,0,0
1001,1969,Bubblegum,RnB,WeightedTransition,1,0,0,0
1001,1969,Bubblegum,Soul,WeightedTransition,1,0,0,0
1001,1969,Bubblegum,TraditionalPop,WeightedTransition,1,0,0,0
1001,1969,Childrens,Childrens,Retained,40,0,0,0
1001,1969,Childrens,Childrens,WeightedTransition,1,0,0,0
1001,1969,Childrens,Comedy,AnnualFloor,2,0,2,0
1001,1969,Childrens,Comedy,WeightedTransition,1,0,0,0
1001,1969,Childrens,SingerSongwriter,WeightedTransition,1,0,0,0
1001,1969,Classical,AcidRock,AnnualFloor,2,0,2,0
1001,1969,Classical,Blues,AnnualFloor,1,0,1,0
1001,1969,Classical,Blues,WeightedTransition,1,0,0,0
1001,1969,Classical,BluesRock,WeightedTransition,1,0,0,0
1001,1969,Classical,Boogaloo,AnnualFloor,1,0,1,0
1001,1969,Classical,BritishPop,WeightedTransition,2,0,0,0
1001,1969,Classical,Bubblegum,WeightedTransition,2,0,0,0
1001,1969,Classical,Classical,Retained,93,0,0,0
1001,1969,Classical,CountryRock,WeightedTransition,1,0,0,0
1001,1969,Classical,ProtoPunk,AnnualFloor,1,0,1,0
1001,1969,Classical,Soul,WeightedTransition,2,0,0,0
1001,1969,Classical,TraditionalPop,WeightedTransition,1,0,0,0
1001,1969,Comedy,BluesRock,WeightedTransition,1,0,0,0
1001,1969,Comedy,BritishBeat,WeightedTransition,2,0,0,0
1001,1969,Comedy,BritishBlues,WeightedTransition,1,0,0,0
1001,1969,Comedy,BritishPop,WeightedTransition,1,0,0,0
1001,1969,Comedy,Childrens,WeightedTransition,2,0,0,0
1001,1969,Comedy,Classical,WeightedTransition,1,0,0,0
1001,1969,Comedy,Comedy,AnnualFloor,1,0,1,0
1001,1969,Comedy,Comedy,Retained,52,0,0,0
1001,1969,Comedy,Comedy,WeightedTransition,3,0,0,0
1001,1969,Comedy,ContemporaryFolk,WeightedTransition,2,0,0,0
1001,1969,Comedy,Country,WeightedTransition,1,0,0,0
1001,1969,Comedy,EasyListening,WeightedTransition,1,0,0,0
1001,1969,Comedy,FolkRock,WeightedTransition,2,0,0,0
1001,1969,Comedy,Funk,AnnualFloor,1,0,1,0
1001,1969,Comedy,Funk,WeightedTransition,2,0,0,0
1001,1969,Comedy,Gospel,WeightedTransition,3,0,0,0
1001,1969,Comedy,LatinPop,AnnualFloor,1,0,1,0
1001,1969,Comedy,ProgressiveRock,WeightedTransition,1,0,0,0
1001,1969,Comedy,ProtoMetal,WeightedTransition,1,0,0,0
1001,1969,Comedy,Reggae,WeightedTransition,1,0,0,0
1001,1969,Comedy,RnB,WeightedTransition,2,0,0,0
1001,1969,Comedy,SingerSongwriter,AnnualFloor,1,0,1,0
1001,1969,Comedy,SingerSongwriter,WeightedTransition,1,0,0,0
1001,1969,Comedy,Soul,WeightedTransition,2,0,0,0
1001,1969,Comedy,TraditionalPop,WeightedTransition,1,0,0,0
1001,1969,ContemporaryFolk,BaroquePop,WeightedTransition,1,0,0,0
1001,1969,ContemporaryFolk,Blues,WeightedTransition,1,0,0,0
1001,1969,ContemporaryFolk,BritishBlues,WeightedTransition,1,0,0,0
1001,1969,ContemporaryFolk,Comedy,WeightedTransition,1,0,0,0
1001,1969,ContemporaryFolk,ContemporaryFolk,Retained,30,0,0,0
1001,1969,ContemporaryFolk,Country,WeightedTransition,1,0,0,0
1001,1969,ContemporaryFolk,CountryRock,AnnualFloor,1,0,1,0
1001,1969,ContemporaryFolk,CountryRock,WeightedTransition,1,0,0,0
1001,1969,ContemporaryFolk,FolkRock,WeightedTransition,1,0,0,0
1001,1969,ContemporaryFolk,Funk,WeightedTransition,1,0,0,0
1001,1969,ContemporaryFolk,Gospel,WeightedTransition,1,0,0,0
1001,1969,ContemporaryFolk,Reggae,AnnualFloor,1,0,1,0
1001,1969,ContemporaryFolk,Reggae,WeightedTransition,1,0,0,0
1001,1969,Country,BluesRock,WeightedTransition,2,0,0,0
1001,1969,Country,BritishBeat,AnnualFloor,1,0,1,0
1001,1969,Country,BritishBlues,AnnualFloor,1,0,1,0
1001,1969,Country,BritishPop,WeightedTransition,1,0,0,0
1001,1969,Country,Bubblegum,WeightedTransition,1,0,0,0
1001,1969,Country,Childrens,WeightedTransition,1,0,0,0
1001,1969,Country,Country,AnnualFloor,1,0,1,0
1001,1969,Country,Country,Retained,185,0,0,0
1001,1969,Country,Country,WeightedTransition,6,0,0,0
1001,1969,Country,CountryRock,WeightedTransition,1,0,0,0
1001,1969,Country,Funk,AnnualFloor,1,0,1,0
1001,1969,Country,Gospel,WeightedTransition,3,0,0,0
1001,1969,Country,LatinPop,WeightedTransition,1,0,0,0
1001,1969,Country,ProtoMetal,WeightedTransition,2,0,0,0
1001,1969,Country,Reggae,AnnualFloor,1,0,1,0
1001,1969,Country,Reggae,WeightedTransition,1,0,0,0
1001,1969,Country,RockAndRoll,WeightedTransition,1,0,0,0
1001,1969,Country,Soul,WeightedTransition,2,0,0,0
1001,1969,Country,SunshinePop,WeightedTransition,1,0,0,0
1001,1969,Country,TraditionalPop,AnnualFloor,1,0,1,0
1001,1969,CountryRock,CountryRock,Retained,13,0,0,0
1001,1969,DooWop,AcidRock,WeightedTransition,1,1,0,0
1001,1969,DooWop,BluesRock,WeightedTransition,1,1,0,0
1001,1969,DooWop,BritishBlues,AnnualFloor,1,1,1,0
1001,1969,DooWop,Bubblegum,WeightedTransition,1,1,0,0
1001,1969,DooWop,CountryRock,WeightedTransition,1,1,0,0
1001,1969,DooWop,DooWop,Retained,4,4,0,0
1001,1969,DooWop,EasyListening,WeightedTransition,1,1,0,0
1001,1969,DooWop,Funk,WeightedTransition,1,1,0,0
1001,1969,DooWop,Gospel,WeightedTransition,1,1,0,0
1001,1969,DooWop,ProgressiveRock,AnnualFloor,1,1,1,0
1001,1969,DooWop,ProtoMetal,AnnualFloor,1,1,1,0
1001,1969,DooWop,SingerSongwriter,WeightedTransition,1,1,0,0
1001,1969,DooWop,Soul,WeightedTransition,3,3,0,0
1001,1969,EasyListening,AcidRock,WeightedTransition,2,0,0,0
1001,1969,EasyListening,BluesRock,WeightedTransition,1,0,0,0
1001,1969,EasyListening,BritishBlues,WeightedTransition,1,0,0,0
1001,1969,EasyListening,BritishPop,AnnualFloor,1,0,1,0
1001,1969,EasyListening,BritishPop,WeightedTransition,2,0,0,0
1001,1969,EasyListening,Bubblegum,AnnualFloor,1,0,1,0
1001,1969,EasyListening,Bubblegum,WeightedTransition,3,0,0,0
1001,1969,EasyListening,Classical,AnnualFloor,2,0,2,0
1001,1969,EasyListening,Classical,WeightedTransition,1,0,0,0
1001,1969,EasyListening,Comedy,WeightedTransition,1,0,0,0
1001,1969,EasyListening,ContemporaryFolk,AnnualFloor,1,0,1,0
1001,1969,EasyListening,Country,AnnualFloor,1,0,1,0
1001,1969,EasyListening,CountryRock,WeightedTransition,2,0,0,0
1001,1969,EasyListening,EasyListening,AnnualFloor,1,0,1,0
1001,1969,EasyListening,EasyListening,Retained,117,0,0,0
1001,1969,EasyListening,EasyListening,WeightedTransition,11,0,0,0
1001,1969,EasyListening,FolkRock,WeightedTransition,2,0,0,0
1001,1969,EasyListening,Funk,WeightedTransition,1,0,0,0
1001,1969,EasyListening,Gospel,WeightedTransition,6,0,0,0
1001,1969,EasyListening,HardRock,WeightedTransition,3,0,0,0
1001,1969,EasyListening,Jazz,AnnualFloor,1,0,1,0
1001,1969,EasyListening,Jazz,WeightedTransition,1,0,0,0
1001,1969,EasyListening,ProgressiveRock,AnnualFloor,1,0,1,0
1001,1969,EasyListening,ProgressiveRock,WeightedTransition,2,0,0,0
1001,1969,EasyListening,ProtoMetal,WeightedTransition,1,0,0,0
1001,1969,EasyListening,SingerSongwriter,AnnualFloor,1,0,1,0
1001,1969,EasyListening,Soul,WeightedTransition,2,0,0,0
1001,1969,EasyListening,SunshinePop,AnnualFloor,1,0,1,0
1001,1969,EasyListening,SunshinePop,WeightedTransition,1,0,0,0
1001,1969,EasyListening,TraditionalPop,WeightedTransition,3,0,0,0
1001,1969,Folk,Blues,AnnualFloor,1,1,1,0
1001,1969,Folk,BritishBeat,WeightedTransition,1,1,0,0
1001,1969,Folk,BritishBlues,WeightedTransition,3,3,0,0
1001,1969,Folk,Bubblegum,WeightedTransition,1,1,0,0
1001,1969,Folk,Country,WeightedTransition,1,1,0,0
1001,1969,Folk,EasyListening,WeightedTransition,1,1,0,0
1001,1969,Folk,Folk,Retained,19,19,0,0
1001,1969,Folk,Gospel,WeightedTransition,1,1,0,0
1001,1969,Folk,HardRock,AnnualFloor,1,1,1,0
1001,1969,Folk,HardRock,WeightedTransition,2,2,0,0
1001,1969,Folk,Jazz,WeightedTransition,1,1,0,0
1001,1969,Folk,ProgressiveRock,WeightedTransition,1,1,0,0
1001,1969,Folk,ProtoMetal,WeightedTransition,1,1,0,0
1001,1969,Folk,Reggae,WeightedTransition,1,1,0,0
1001,1969,Folk,SingerSongwriter,WeightedTransition,1,1,0,0
1001,1969,Folk,TraditionalPop,WeightedTransition,1,1,0,0
1001,1969,FolkRock,AcidRock,WeightedTransition,2,0,0,0
1001,1969,FolkRock,BritishBeat,WeightedTransition,2,0,0,0
1001,1969,FolkRock,BritishPop,WeightedTransition,2,0,0,0
1001,1969,FolkRock,Bubblegum,WeightedTransition,2,0,0,0
1001,1969,FolkRock,CountryRock,AnnualFloor,1,0,1,0
1001,1969,FolkRock,EasyListening,WeightedTransition,1,0,0,0
1001,1969,FolkRock,FolkRock,Retained,17,0,0,0
1001,1969,FolkRock,FolkRock,WeightedTransition,9,0,0,0
1001,1969,FolkRock,Funk,WeightedTransition,2,0,0,0
1001,1969,FolkRock,HardRock,WeightedTransition,1,0,0,0
1001,1969,FolkRock,ProtoMetal,WeightedTransition,1,0,0,0
1001,1969,FolkRock,ProtoPunk,WeightedTransition,1,0,0,0
1001,1969,FolkRock,RnB,WeightedTransition,1,0,0,0
1001,1969,FolkRock,SingerSongwriter,WeightedTransition,1,0,0,0
1001,1969,FolkRock,Soul,WeightedTransition,2,0,0,0
1001,1969,FolkRock,TexMex,WeightedTransition,1,0,0,0
1001,1969,FolkRock,TraditionalPop,WeightedTransition,1,0,0,0
1001,1969,Funk,BaroquePop,AnnualFloor,1,0,1,0
1001,1969,Funk,CountryRock,WeightedTransition,1,0,0,0
1001,1969,Funk,Funk,Retained,17,0,0,0
1001,1969,Funk,Funk,WeightedTransition,3,0,0,0
1001,1969,Funk,LatinPop,WeightedTransition,1,0,0,0
1001,1969,GarageRock,AcidRock,WeightedTransition,1,1,0,0
1001,1969,GarageRock,BritishBlues,WeightedTransition,1,1,0,0
1001,1969,GarageRock,Comedy,WeightedTransition,1,1,0,0
1001,1969,GarageRock,Country,WeightedTransition,1,1,0,0
1001,1969,GarageRock,FolkRock,WeightedTransition,1,1,0,0
1001,1969,GarageRock,GarageRock,Retained,11,11,0,0
1001,1969,GarageRock,ProtoMetal,AnnualFloor,1,1,1,0
1001,1969,GarageRock,ProtoMetal,WeightedTransition,1,1,0,0
1001,1969,GarageRock,ProtoPunk,WeightedTransition,1,1,0,0
1001,1969,GarageRock,Reggae,AnnualFloor,1,1,1,0
1001,1969,GarageRock,Soul,WeightedTransition,1,1,0,0
1001,1969,Gospel,AcidRock,WeightedTransition,1,0,0,0
1001,1969,Gospel,BluesRock,AnnualFloor,1,0,1,0
1001,1969,Gospel,BluesRock,WeightedTransition,1,0,0,0
1001,1969,Gospel,Boogaloo,AnnualFloor,1,0,1,0
1001,1969,Gospel,Bubblegum,WeightedTransition,1,0,0,0
1001,1969,Gospel,Childrens,AnnualFloor,1,0,1,0
1001,1969,Gospel,Childrens,WeightedTransition,1,0,0,0
1001,1969,Gospel,Classical,WeightedTransition,1,0,0,0
1001,1969,Gospel,CountryRock,WeightedTransition,1,0,0,0
1001,1969,Gospel,Gospel,AnnualFloor,1,0,1,0
1001,1969,Gospel,Gospel,Retained,76,0,0,0
1001,1969,Gospel,Gospel,WeightedTransition,2,0,0,0
1001,1969,Gospel,ProgressiveRock,AnnualFloor,1,0,1,0
1001,1969,Gospel,ProtoMetal,AnnualFloor,1,0,1,0
1001,1969,Gospel,ProtoMetal,WeightedTransition,1,0,0,0
1001,1969,Gospel,RnB,WeightedTransition,1,0,0,0
1001,1969,Gospel,Soul,WeightedTransition,3,0,0,0
1001,1969,Gospel,TexMex,AnnualFloor,1,0,1,0
1001,1969,HardRock,EasyListening,WeightedTransition,1,0,0,0
1001,1969,HardRock,Gospel,WeightedTransition,1,0,0,0
1001,1969,HardRock,HardRock,Retained,29,0,0,0
1001,1969,HardRock,HardRock,WeightedTransition,1,0,0,0
1001,1969,HardRock,ProtoMetal,WeightedTransition,2,0,0,0
1001,1969,HardRock,Soul,AnnualFloor,1,0,1,0
1001,1969,HardRock,Soul,WeightedTransition,1,0,0,0
1001,1969,Jazz,AcidRock,AnnualFloor,1,0,1,0
1001,1969,Jazz,AcidRock,WeightedTransition,1,0,0,0
1001,1969,Jazz,BaroquePop,WeightedTransition,1,0,0,0
1001,1969,Jazz,Blues,AnnualFloor,1,0,1,0
1001,1969,Jazz,BluesRock,AnnualFloor,1,0,1,0
1001,1969,Jazz,BluesRock,WeightedTransition,3,0,0,0
1001,1969,Jazz,Boogaloo,AnnualFloor,1,0,1,0
1001,1969,Jazz,BritishBlues,WeightedTransition,1,0,0,0
1001,1969,Jazz,BritishPop,WeightedTransition,1,0,0,0
1001,1969,Jazz,Bubblegum,WeightedTransition,3,0,0,0
1001,1969,Jazz,Childrens,AnnualFloor,2,0,2,0
1001,1969,Jazz,Childrens,WeightedTransition,3,0,0,0
1001,1969,Jazz,Comedy,WeightedTransition,1,0,0,0
1001,1969,Jazz,ContemporaryFolk,WeightedTransition,1,0,0,0
1001,1969,Jazz,Country,WeightedTransition,1,0,0,0
1001,1969,Jazz,CountryRock,AnnualFloor,1,0,1,0
1001,1969,Jazz,FolkRock,WeightedTransition,2,0,0,0
1001,1969,Jazz,Funk,WeightedTransition,2,0,0,0
1001,1969,Jazz,Gospel,WeightedTransition,2,0,0,0
1001,1969,Jazz,HardRock,WeightedTransition,2,0,0,0
1001,1969,Jazz,Jazz,AnnualFloor,2,0,2,0
1001,1969,Jazz,Jazz,Retained,85,0,0,0
1001,1969,Jazz,Jazz,WeightedTransition,4,0,0,0
1001,1969,Jazz,LatinPop,WeightedTransition,2,0,0,0
1001,1969,Jazz,ProtoMetal,WeightedTransition,1,0,0,0
1001,1969,Jazz,ProtoPunk,WeightedTransition,1,0,0,0
1001,1969,Jazz,Reggae,WeightedTransition,2,0,0,0
1001,1969,Jazz,RnB,WeightedTransition,4,0,0,0
1001,1969,Jazz,RockAndRoll,AnnualFloor,1,0,1,0
1001,1969,Jazz,RockAndRoll,WeightedTransition,2,0,0,0
1001,1969,Jazz,SingerSongwriter,AnnualFloor,1,0,1,0
1001,1969,Jazz,SingerSongwriter,WeightedTransition,1,0,0,0
1001,1969,Jazz,Soul,WeightedTransition,3,0,0,0
1001,1969,Jazz,SunshinePop,WeightedTransition,1,0,0,0
1001,1969,Jazz,TexMex,WeightedTransition,2,0,0,0
1001,1969,LatinPop,BritishBeat,WeightedTransition,1,0,0,0
1001,1969,LatinPop,BritishBlues,WeightedTransition,2,0,0,0
1001,1969,LatinPop,Country,WeightedTransition,1,0,0,0
1001,1969,LatinPop,Funk,WeightedTransition,2,0,0,0
1001,1969,LatinPop,LatinPop,Retained,45,0,0,0
1001,1969,LatinPop,LatinPop,WeightedTransition,1,0,0,0
1001,1969,LatinPop,TraditionalPop,WeightedTransition,1,0,0,0
1001,1969,ProgressiveRock,ProgressiveRock,Retained,13,0,0,0
1001,1969,ProgressiveRock,ProtoPunk,AnnualFloor,1,0,1,0
1001,1969,ProgressiveRock,PsychedelicRock,WeightedTransition,1,0,0,0
1001,1969,ProtoMetal,ProtoMetal,Retained,5,0,0,0
1001,1969,ProtoMetal,PsychedelicRock,WeightedTransition,1,0,0,0
1001,1969,ProtoPunk,AcidRock,WeightedTransition,1,0,0,0
1001,1969,ProtoPunk,Country,WeightedTransition,1,0,0,0
1001,1969,ProtoPunk,ProgressiveRock,WeightedTransition,1,0,0,0
1001,1969,ProtoPunk,ProtoPunk,Retained,17,0,0,0
1001,1969,PsychedelicRock,AcidRock,WeightedTransition,1,0,0,0
1001,1969,PsychedelicRock,Classical,WeightedTransition,1,0,0,0
1001,1969,PsychedelicRock,Gospel,WeightedTransition,1,0,0,0
1001,1969,PsychedelicRock,LatinPop,AnnualFloor,1,0,1,0
1001,1969,PsychedelicRock,LatinPop,WeightedTransition,2,0,0,0
1001,1969,PsychedelicRock,ProtoMetal,WeightedTransition,1,0,0,0
1001,1969,PsychedelicRock,ProtoPunk,WeightedTransition,1,0,0,0
1001,1969,PsychedelicRock,PsychedelicRock,AnnualFloor,1,0,1,0
1001,1969,PsychedelicRock,PsychedelicRock,Retained,29,0,0,0
1001,1969,PsychedelicRock,PsychedelicRock,WeightedTransition,1,0,0,0
1001,1969,PsychedelicRock,Reggae,WeightedTransition,1,0,0,0
1001,1969,PsychedelicRock,Soul,WeightedTransition,1,0,0,0
1001,1969,Reggae,Gospel,WeightedTransition,1,0,0,0
1001,1969,Reggae,Reggae,Retained,7,0,0,0
1001,1969,RnB,AcidRock,WeightedTransition,2,0,0,0
1001,1969,RnB,BaroquePop,AnnualFloor,2,0,2,0
1001,1969,RnB,Blues,WeightedTransition,1,0,0,0
1001,1969,RnB,Boogaloo,WeightedTransition,1,0,0,0
1001,1969,RnB,BritishBeat,WeightedTransition,1,0,0,0
1001,1969,RnB,BritishBlues,WeightedTransition,2,0,0,0
1001,1969,RnB,BritishPop,WeightedTransition,2,0,0,0
1001,1969,RnB,Classical,WeightedTransition,3,0,0,0
1001,1969,RnB,Comedy,WeightedTransition,3,0,0,0
1001,1969,RnB,ContemporaryFolk,AnnualFloor,1,0,1,0
1001,1969,RnB,Country,AnnualFloor,1,0,1,0
1001,1969,RnB,Country,WeightedTransition,2,0,0,0
1001,1969,RnB,CountryRock,WeightedTransition,4,0,0,0
1001,1969,RnB,EasyListening,WeightedTransition,2,0,0,0
1001,1969,RnB,Funk,AnnualFloor,1,0,1,0
1001,1969,RnB,Funk,WeightedTransition,3,0,0,0
1001,1969,RnB,Gospel,AnnualFloor,1,0,1,0
1001,1969,RnB,Gospel,WeightedTransition,5,0,0,0
1001,1969,RnB,HardRock,AnnualFloor,1,0,1,0
1001,1969,RnB,HardRock,WeightedTransition,2,0,0,0
1001,1969,RnB,LatinPop,AnnualFloor,1,0,1,0
1001,1969,RnB,LatinPop,WeightedTransition,2,0,0,0
1001,1969,RnB,ProgressiveRock,WeightedTransition,1,0,0,0
1001,1969,RnB,ProtoMetal,WeightedTransition,1,0,0,0
1001,1969,RnB,ProtoPunk,AnnualFloor,1,0,1,0
1001,1969,RnB,ProtoPunk,WeightedTransition,2,0,0,0
1001,1969,RnB,RnB,Retained,91,0,0,0
1001,1969,RnB,RnB,WeightedTransition,13,0,0,0
1001,1969,RnB,RockAndRoll,WeightedTransition,1,0,0,0
1001,1969,RnB,Soul,AnnualFloor,1,0,1,0
1001,1969,RnB,Soul,WeightedTransition,10,0,0,0
1001,1969,RnB,SunshinePop,WeightedTransition,1,0,0,0
1001,1969,RockAndRoll,AcidRock,WeightedTransition,6,0,0,0
1001,1969,RockAndRoll,BaroquePop,WeightedTransition,1,0,0,0
1001,1969,RockAndRoll,Blues,WeightedTransition,2,0,0,0
1001,1969,RockAndRoll,BluesRock,WeightedTransition,2,0,0,0
1001,1969,RockAndRoll,BritishBeat,AnnualFloor,1,0,1,0
1001,1969,RockAndRoll,BritishBeat,WeightedTransition,3,0,0,0
1001,1969,RockAndRoll,BritishBlues,WeightedTransition,5,0,0,0
1001,1969,RockAndRoll,BritishPop,WeightedTransition,6,0,0,0
1001,1969,RockAndRoll,Bubblegum,WeightedTransition,3,0,0,0
1001,1969,RockAndRoll,Country,WeightedTransition,3,0,0,0
1001,1969,RockAndRoll,CountryRock,WeightedTransition,4,0,0,0
1001,1969,RockAndRoll,EasyListening,WeightedTransition,4,0,0,0
1001,1969,RockAndRoll,FolkRock,WeightedTransition,1,0,0,0
1001,1969,RockAndRoll,Funk,WeightedTransition,3,0,0,0
1001,1969,RockAndRoll,Gospel,WeightedTransition,3,0,0,0
1001,1969,RockAndRoll,HardRock,WeightedTransition,6,0,0,0
1001,1969,RockAndRoll,Jazz,WeightedTransition,2,0,0,0
1001,1969,RockAndRoll,ProgressiveRock,WeightedTransition,1,0,0,0
1001,1969,RockAndRoll,ProtoMetal,WeightedTransition,5,0,0,0
1001,1969,RockAndRoll,ProtoPunk,WeightedTransition,5,0,0,0
1001,1969,RockAndRoll,PsychedelicRock,AnnualFloor,1,0,1,0
1001,1969,RockAndRoll,PsychedelicRock,WeightedTransition,5,0,0,0
1001,1969,RockAndRoll,RnB,AnnualFloor,1,0,1,0
1001,1969,RockAndRoll,RnB,WeightedTransition,4,0,0,0
1001,1969,RockAndRoll,RockAndRoll,AnnualFloor,1,0,1,0
1001,1969,RockAndRoll,RockAndRoll,Retained,22,0,0,0
1001,1969,RockAndRoll,RockAndRoll,WeightedTransition,3,0,0,0
1001,1969,RockAndRoll,SingerSongwriter,WeightedTransition,1,0,0,0
1001,1969,RockAndRoll,Soul,WeightedTransition,6,0,0,0
1001,1969,RockAndRoll,TexMex,WeightedTransition,1,0,0,0
1001,1969,RockAndRoll,TraditionalPop,WeightedTransition,3,0,0,0
1001,1969,Rocksteady,Classical,WeightedTransition,1,1,0,0
1001,1969,Rocksteady,Rocksteady,Retained,2,2,0,0
1001,1969,SingerSongwriter,HardRock,WeightedTransition,1,0,0,0
1001,1969,SingerSongwriter,ProtoPunk,WeightedTransition,1,0,0,0
1001,1969,SingerSongwriter,RnB,WeightedTransition,1,0,0,0
1001,1969,SingerSongwriter,SingerSongwriter,Retained,32,0,0,0
1001,1969,Ska,Gospel,WeightedTransition,1,1,0,0
1001,1969,Ska,Ska,Retained,2,2,0,0
1001,1969,Soul,BluesRock,WeightedTransition,1,0,0,0
1001,1969,Soul,BritishBeat,WeightedTransition,1,0,0,0
1001,1969,Soul,Bubblegum,AnnualFloor,1,0,1,0
1001,1969,Soul,Bubblegum,WeightedTransition,1,0,0,0
1001,1969,Soul,Funk,WeightedTransition,3,0,0,0
1001,1969,Soul,Gospel,AnnualFloor,1,0,1,0
1001,1969,Soul,Gospel,WeightedTransition,2,0,0,0
1001,1969,Soul,HardRock,WeightedTransition,1,0,0,0
1001,1969,Soul,Jazz,WeightedTransition,1,0,0,0
1001,1969,Soul,ProtoMetal,WeightedTransition,1,0,0,0
1001,1969,Soul,ProtoPunk,WeightedTransition,1,0,0,0
1001,1969,Soul,RnB,AnnualFloor,2,0,2,0
1001,1969,Soul,RnB,WeightedTransition,2,0,0,0
1001,1969,Soul,RockAndRoll,WeightedTransition,1,0,0,0
1001,1969,Soul,SingerSongwriter,WeightedTransition,1,0,0,0
1001,1969,Soul,Soul,Retained,153,0,0,0
1001,1969,Soul,Soul,WeightedTransition,8,0,0,0
1001,1969,Soul,SunshinePop,WeightedTransition,1,0,0,0
1001,1969,Soul,TexMex,WeightedTransition,1,0,0,0
1001,1969,Soul,TraditionalPop,WeightedTransition,1,0,0,0
1001,1969,SunshinePop,AcidRock,WeightedTransition,1,0,0,0
1001,1969,SunshinePop,BaroquePop,WeightedTransition,1,0,0,0
1001,1969,SunshinePop,BritishBlues,WeightedTransition,1,0,0,0
1001,1969,SunshinePop,Bubblegum,WeightedTransition,3,0,0,0
1001,1969,SunshinePop,Childrens,WeightedTransition,2,0,0,0
1001,1969,SunshinePop,Comedy,WeightedTransition,1,0,0,0
1001,1969,SunshinePop,Country,WeightedTransition,1,0,0,0
1001,1969,SunshinePop,EasyListening,WeightedTransition,2,0,0,0
1001,1969,SunshinePop,FolkRock,WeightedTransition,1,0,0,0
1001,1969,SunshinePop,Jazz,WeightedTransition,1,0,0,0
1001,1969,SunshinePop,ProgressiveRock,WeightedTransition,1,0,0,0
1001,1969,SunshinePop,SingerSongwriter,WeightedTransition,1,0,0,0
1001,1969,SunshinePop,SunshinePop,Retained,8,0,0,0
1001,1969,SunshinePop,TexMex,WeightedTransition,2,0,0,0
1001,1969,SurfRock,BluesRock,WeightedTransition,1,1,0,0
1001,1969,SurfRock,BritishBeat,WeightedTransition,1,1,0,0
1001,1969,SurfRock,RnB,WeightedTransition,1,1,0,0
1001,1969,SurfRock,SurfRock,Retained,3,3,0,0
1001,1969,TeenPop,AcidRock,WeightedTransition,1,1,0,0
1001,1969,TeenPop,BluesRock,WeightedTransition,1,1,0,0
1001,1969,TeenPop,BritishBlues,WeightedTransition,2,2,0,0
1001,1969,TeenPop,BritishPop,WeightedTransition,3,3,0,0
1001,1969,TeenPop,Bubblegum,WeightedTransition,3,3,0,0
1001,1969,TeenPop,Childrens,WeightedTransition,2,2,0,0
1001,1969,TeenPop,Classical,WeightedTransition,1,1,0,0
1001,1969,TeenPop,Country,WeightedTransition,1,1,0,0
1001,1969,TeenPop,EasyListening,WeightedTransition,4,4,0,0
1001,1969,TeenPop,HardRock,WeightedTransition,2,2,0,0
1001,1969,TeenPop,LatinPop,WeightedTransition,1,1,0,0
1001,1969,TeenPop,ProgressiveRock,WeightedTransition,3,3,0,0
1001,1969,TeenPop,ProtoPunk,WeightedTransition,1,1,0,0
1001,1969,TeenPop,Reggae,WeightedTransition,1,1,0,0
1001,1969,TeenPop,RnB,WeightedTransition,2,2,0,0
1001,1969,TeenPop,RockAndRoll,WeightedTransition,1,1,0,0
1001,1969,TeenPop,SingerSongwriter,WeightedTransition,1,1,0,0
1001,1969,TeenPop,SunshinePop,WeightedTransition,2,2,0,0
1001,1969,TeenPop,TeenPop,Retained,7,7,0,0
1001,1969,TexMex,AcidRock,WeightedTransition,2,0,0,0
1001,1969,TexMex,Childrens,WeightedTransition,1,0,0,0
1001,1969,TexMex,CountryRock,WeightedTransition,1,0,0,0
1001,1969,TexMex,EasyListening,WeightedTransition,1,0,0,0
1001,1969,TexMex,LatinPop,WeightedTransition,1,0,0,0
1001,1969,TexMex,ProtoPunk,WeightedTransition,1,0,0,0
1001,1969,TexMex,RnB,WeightedTransition,1,0,0,0
1001,1969,TexMex,TexMex,AnnualFloor,1,0,1,0
1001,1969,TexMex,TexMex,Retained,26,0,0,0
1001,1969,TexMex,TexMex,WeightedTransition,2,0,0,0
1001,1969,TraditionalPop,BaroquePop,WeightedTransition,2,0,0,0
1001,1969,TraditionalPop,BluesRock,AnnualFloor,1,0,1,0
1001,1969,TraditionalPop,BluesRock,WeightedTransition,5,0,0,0
1001,1969,TraditionalPop,Boogaloo,WeightedTransition,1,0,0,0
1001,1969,TraditionalPop,BritishBeat,AnnualFloor,1,0,1,0
1001,1969,TraditionalPop,BritishBeat,WeightedTransition,1,0,0,0
1001,1969,TraditionalPop,BritishBlues,WeightedTransition,2,0,0,0
1001,1969,TraditionalPop,BritishPop,AnnualFloor,1,0,1,0
1001,1969,TraditionalPop,BritishPop,WeightedTransition,4,0,0,0
1001,1969,TraditionalPop,Bubblegum,AnnualFloor,1,0,1,0
1001,1969,TraditionalPop,Bubblegum,WeightedTransition,10,0,0,0
1001,1969,TraditionalPop,Childrens,WeightedTransition,1,0,0,0
1001,1969,TraditionalPop,Classical,WeightedTransition,3,0,0,0
1001,1969,TraditionalPop,Comedy,WeightedTransition,6,0,0,0
1001,1969,TraditionalPop,ContemporaryFolk,WeightedTransition,1,0,0,0
1001,1969,TraditionalPop,Country,WeightedTransition,5,0,0,0
1001,1969,TraditionalPop,CountryRock,WeightedTransition,4,0,0,0
1001,1969,TraditionalPop,EasyListening,AnnualFloor,1,0,1,0
1001,1969,TraditionalPop,EasyListening,WeightedTransition,12,0,0,0
1001,1969,TraditionalPop,FolkRock,WeightedTransition,3,0,0,0
1001,1969,TraditionalPop,Funk,WeightedTransition,4,0,0,0
1001,1969,TraditionalPop,Gospel,WeightedTransition,3,0,0,0
1001,1969,TraditionalPop,HardRock,WeightedTransition,4,0,0,0
1001,1969,TraditionalPop,Jazz,WeightedTransition,5,0,0,0
1001,1969,TraditionalPop,LatinPop,WeightedTransition,3,0,0,0
1001,1969,TraditionalPop,ProgressiveRock,WeightedTransition,3,0,0,0
1001,1969,TraditionalPop,ProtoMetal,WeightedTransition,2,0,0,0
1001,1969,TraditionalPop,ProtoPunk,WeightedTransition,2,0,0,0
1001,1969,TraditionalPop,RnB,WeightedTransition,5,0,0,0
1001,1969,TraditionalPop,RockAndRoll,WeightedTransition,1,0,0,0
1001,1969,TraditionalPop,SingerSongwriter,WeightedTransition,1,0,0,0
1001,1969,TraditionalPop,Soul,WeightedTransition,4,0,0,0
1001,1969,TraditionalPop,SunshinePop,AnnualFloor,2,0,2,0
1001,1969,TraditionalPop,SunshinePop,WeightedTransition,5,0,0,0
1001,1969,TraditionalPop,TexMex,AnnualFloor,1,0,1,0
1001,1969,TraditionalPop,TexMex,WeightedTransition,2,0,0,0
1001,1969,TraditionalPop,TraditionalPop,AnnualFloor,2,0,2,0
1001,1969,TraditionalPop,TraditionalPop,Retained,94,0,0,0
1001,1969,TraditionalPop,TraditionalPop,WeightedTransition,8,0,0,0
