seed,year,fromGenre,toGenre,selectionMode,opportunities,unavailableIdentity,annualFloorRequested,annualFloorReroutes
1001,1960,Blues,Blues,Retained,104,0,0,0
1001,1960,Blues,Blues,WeightedTransition,2,0,0,0
1001,1960,Blues,Comedy,WeightedTransition,2,0,0,0
1001,1960,Blues,Country,WeightedTransition,2,0,0,0
1001,1960,Blues,DooWop,WeightedTransition,7,0,0,0
1001,1960,Blues,EasyListening,WeightedTransition,2,0,0,0
1001,1960,Blues,Folk,WeightedTransition,1,0,0,0
1001,1960,Blues,Gospel,WeightedTransition,2,0,0,0
1001,1960,Blues,Jazz,WeightedTransition,6,0,0,0
1001,1960,Blues,LatinPop,WeightedTransition,1,0,0,0
1001,1960,Blues,RockAndRoll,WeightedTransition,7,0,0,0
1001,1960,Blues,Soul,WeightedTransition,2,0,0,0
1001,1960,Blues,TeenPop,WeightedTransition,3,0,0,0
1001,1960,Blues,TraditionalPop,WeightedTransition,2,0,0,0
1001,1960,Childrens,Childrens,Retained,20,0,0,0
1001,1960,Childrens,Country,WeightedTransition,2,0,0,0
1001,1960,Childrens,Folk,WeightedTransition,2,0,0,0
1001,1960,Childrens,RockAndRoll,WeightedTransition,1,0,0,0
1001,1960,Childrens,TeenPop,WeightedTransition,1,0,0,0
1001,1960,Childrens,TraditionalPop,WeightedTransition,1,0,0,0
1001,1960,Classical,Childrens,WeightedTransition,1,0,0,0
1001,1960,Classical,Classical,Retained,109,0,0,0
1001,1960,Classical,Classical,WeightedTransition,5,0,0,0
1001,1960,Classical,Country,WeightedTransition,1,0,0,0
1001,1960,Classical,EasyListening,WeightedTransition,4,0,0,0
1001,1960,Classical,Folk,WeightedTransition,2,0,0,0
1001,1960,Classical,Jazz,WeightedTransition,3,0,0,0
1001,1960,Classical,RnB,WeightedTransition,1,0,0,0
1001,1960,Classical,TeenPop,WeightedTransition,5,0,0,0
1001,1960,Classical,TraditionalPop,WeightedTransition,4,0,0,0
1001,1960,Comedy,Childrens,WeightedTransition,1,0,0,0
1001,1960,Comedy,Comedy,Retained,24,0,0,0
1001,1960,Comedy,Comedy,WeightedTransition,1,0,0,0
1001,1960,Comedy,Country,WeightedTransition,1,0,0,0
1001,1960,Comedy,EasyListening,WeightedTransition,1,0,0,0
1001,1960,Comedy,RockAndRoll,WeightedTransition,1,0,0,0
1001,1960,Comedy,TraditionalPop,WeightedTransition,5,0,0,0
1001,1960,Country,Blues,WeightedTransition,1,0,0,0
1001,1960,Country,Childrens,AnnualFloor,1,0,1,0
1001,1960,Country,Classical,WeightedTransition,4,0,0,0
1001,1960,Country,Comedy,WeightedTransition,1,0,0,0
1001,1960,Country,Country,AnnualFloor,2,0,2,0
1001,1960,Country,Country,Retained,222,0,0,0
1001,1960,Country,Country,WeightedTransition,43,0,0,0
1001,1960,Country,DooWop,WeightedTransition,4,0,0,0
1001,1960,Country,EasyListening,WeightedTransition,2,0,0,0
1001,1960,Country,Folk,AnnualFloor,1,0,1,0
1001,1960,Country,Folk,WeightedTransition,5,0,0,0
1001,1960,Country,Gospel,WeightedTransition,2,0,0,0
1001,1960,Country,Jazz,AnnualFloor,1,0,1,0
1001,1960,Country,Jazz,WeightedTransition,4,0,0,0
1001,1960,Country,LatinPop,WeightedTransition,1,0,0,0
1001,1960,Country,RnB,WeightedTransition,2,0,0,0
1001,1960,Country,RockAndRoll,WeightedTransition,6,0,0,0
1001,1960,Country,TeenPop,WeightedTransition,1,0,0,0
1001,1960,Country,TexMex,AnnualFloor,1,0,1,0
1001,1960,Country,TexMex,WeightedTransition,1,0,0,0
1001,1960,Country,TraditionalPop,WeightedTransition,1,0,0,0
1001,1960,DooWop,Comedy,AnnualFloor,1,0,1,0
1001,1960,DooWop,Comedy,WeightedTransition,1,0,0,0
1001,1960,DooWop,Country,WeightedTransition,1,0,0,0
1001,1960,DooWop,DooWop,Retained,166,0,0,0
1001,1960,DooWop,DooWop,WeightedTransition,11,0,0,0
1001,1960,DooWop,EasyListening,AnnualFloor,1,0,1,0
1001,1960,DooWop,EasyListening,WeightedTransition,1,0,0,0
1001,1960,DooWop,RnB,WeightedTransition,2,0,0,0
1001,1960,DooWop,RockAndRoll,WeightedTransition,1,0,0,0
1001,1960,DooWop,Soul,WeightedTransition,2,0,0,0
1001,1960,DooWop,TeenPop,WeightedTransition,2,0,0,0
1001,1960,DooWop,TraditionalPop,WeightedTransition,4,0,0,0
1001,1960,EasyListening,Blues,WeightedTransition,1,0,0,0
1001,1960,EasyListening,Childrens,WeightedTransition,1,0,0,0
1001,1960,EasyListening,Country,WeightedTransition,3,0,0,0
1001,1960,EasyListening,DooWop,WeightedTransition,2,0,0,0
1001,1960,EasyListening,EasyListening,Retained,201,0,0,0
1001,1960,EasyListening,EasyListening,WeightedTransition,6,0,0,0
1001,1960,EasyListening,Folk,WeightedTransition,2,0,0,0
1001,1960,EasyListening,Gospel,WeightedTransition,2,0,0,0
1001,1960,EasyListening,Jazz,WeightedTransition,4,0,0,0
1001,1960,EasyListening,LatinPop,WeightedTransition,1,0,0,0
1001,1960,EasyListening,RnB,WeightedTransition,1,0,0,0
1001,1960,EasyListening,RockAndRoll,WeightedTransition,2,0,0,0
1001,1960,EasyListening,TeenPop,WeightedTransition,3,0,0,0
1001,1960,EasyListening,TraditionalPop,WeightedTransition,6,0,0,0
1001,1960,Folk,Blues,WeightedTransition,2,0,0,0
1001,1960,Folk,Comedy,WeightedTransition,5,0,0,0
1001,1960,Folk,Country,WeightedTransition,10,0,0,0
1001,1960,Folk,DooWop,AnnualFloor,1,0,1,0
1001,1960,Folk,DooWop,WeightedTransition,2,0,0,0
1001,1960,Folk,EasyListening,WeightedTransition,5,0,0,0
1001,1960,Folk,Folk,AnnualFloor,1,0,1,0
1001,1960,Folk,Folk,Retained,153,0,0,0
1001,1960,Folk,Folk,WeightedTransition,48,0,0,0
1001,1960,Folk,Gospel,WeightedTransition,2,0,0,0
1001,1960,Folk,Jazz,AnnualFloor,1,0,1,0
1001,1960,Folk,Jazz,WeightedTransition,5,0,0,0
1001,1960,Folk,LatinPop,AnnualFloor,1,0,1,0
1001,1960,Folk,LatinPop,WeightedTransition,3,0,0,0
1001,1960,Folk,RnB,WeightedTransition,3,0,0,0
1001,1960,Folk,RockAndRoll,WeightedTransition,5,0,0,0
1001,1960,Folk,TeenPop,WeightedTransition,3,0,0,0
1001,1960,Folk,TexMex,WeightedTransition,1,0,0,0
1001,1960,Folk,TraditionalPop,WeightedTransition,10,0,0,0
1001,1960,Gospel,Childrens,WeightedTransition,1,0,0,0
1001,1960,Gospel,Classical,WeightedTransition,1,0,0,0
1001,1960,Gospel,Country,AnnualFloor,1,0,1,0
1001,1960,Gospel,Country,WeightedTransition,4,0,0,0
1001,1960,Gospel,DooWop,WeightedTransition,3,0,0,0
1001,1960,Gospel,EasyListening,WeightedTransition,2,0,0,0
1001,1960,Gospel,Folk,WeightedTransition,3,0,0,0
1001,1960,Gospel,Gospel,Retained,48,0,0,0
1001,1960,Gospel,Gospel,WeightedTransition,13,0,0,0
1001,1960,Gospel,RnB,WeightedTransition,6,0,0,0
1001,1960,Gospel,RockAndRoll,WeightedTransition,1,0,0,0
1001,1960,Gospel,Soul,WeightedTransition,1,0,0,0
1001,1960,Gospel,TeenPop,WeightedTransition,1,0,0,0
1001,1960,Gospel,TraditionalPop,WeightedTransition,1,0,0,0
1001,1960,Jazz,Blues,WeightedTransition,1,0,0,0
1001,1960,Jazz,Classical,WeightedTransition,1,0,0,0
1001,1960,Jazz,Comedy,AnnualFloor,1,0,1,0
1001,1960,Jazz,Country,WeightedTransition,2,0,0,0
1001,1960,Jazz,DooWop,WeightedTransition,4,0,0,0
1001,1960,Jazz,EasyListening,AnnualFloor,1,0,1,0
1001,1960,Jazz,EasyListening,WeightedTransition,4,0,0,0
1001,1960,Jazz,Folk,WeightedTransition,1,0,0,0
1001,1960,Jazz,Gospel,AnnualFloor,1,0,1,0
1001,1960,Jazz,Jazz,Retained,199,0,0,0
1001,1960,Jazz,Jazz,WeightedTransition,11,0,0,0
1001,1960,Jazz,TeenPop,WeightedTransition,4,0,0,0
1001,1960,Jazz,TraditionalPop,WeightedTransition,4,0,0,0
1001,1960,LatinPop,Country,WeightedTransition,2,0,0,0
1001,1960,LatinPop,Gospel,WeightedTransition,1,0,0,0
1001,1960,LatinPop,Jazz,WeightedTransition,1,0,0,0
1001,1960,LatinPop,LatinPop,Retained,27,0,0,0
1001,1960,LatinPop,LatinPop,WeightedTransition,2,0,0,0
1001,1960,LatinPop,TeenPop,WeightedTransition,4,0,0,0
1001,1960,RnB,Blues,AnnualFloor,1,0,1,0
1001,1960,RnB,Blues,WeightedTransition,3,0,0,0
1001,1960,RnB,Childrens,WeightedTransition,5,0,0,0
1001,1960,RnB,Classical,AnnualFloor,1,0,1,0
1001,1960,RnB,Classical,WeightedTransition,3,0,0,0
1001,1960,RnB,Comedy,AnnualFloor,1,0,1,0
1001,1960,RnB,Comedy,WeightedTransition,4,0,0,0
1001,1960,RnB,Country,WeightedTransition,5,0,0,0
1001,1960,RnB,DooWop,WeightedTransition,49,0,0,0
1001,1960,RnB,EasyListening,WeightedTransition,9,0,0,0
1001,1960,RnB,Folk,AnnualFloor,1,0,1,0
1001,1960,RnB,Folk,WeightedTransition,1,0,0,0
1001,1960,RnB,Gospel,WeightedTransition,11,0,0,0
1001,1960,RnB,Jazz,WeightedTransition,1,0,0,0
1001,1960,RnB,LatinPop,AnnualFloor,2,0,2,0
1001,1960,RnB,LatinPop,WeightedTransition,2,0,0,0
1001,1960,RnB,RnB,AnnualFloor,1,0,1,0
1001,1960,RnB,RnB,Retained,411,0,0,0
1001,1960,RnB,RnB,WeightedTransition,72,0,0,0
1001,1960,RnB,RockAndRoll,WeightedTransition,2,0,0,0
1001,1960,RnB,Soul,AnnualFloor,1,0,1,0
1001,1960,RnB,Soul,WeightedTransition,13,0,0,0
1001,1960,RnB,TeenPop,WeightedTransition,7,0,0,0
1001,1960,RnB,TexMex,AnnualFloor,1,0,1,0
1001,1960,RnB,TraditionalPop,WeightedTransition,9,0,0,0
1001,1960,RockAndRoll,Blues,AnnualFloor,1,0,1,0
1001,1960,RockAndRoll,Blues,WeightedTransition,2,0,0,0
1001,1960,RockAndRoll,Childrens,AnnualFloor,1,0,1,0
1001,1960,RockAndRoll,Childrens,WeightedTransition,2,0,0,0
1001,1960,RockAndRoll,Classical,AnnualFloor,1,0,1,0
1001,1960,RockAndRoll,Classical,WeightedTransition,2,0,0,0
1001,1960,RockAndRoll,Comedy,WeightedTransition,3,0,0,0
1001,1960,RockAndRoll,Country,WeightedTransition,3,0,0,0
1001,1960,RockAndRoll,DooWop,AnnualFloor,1,0,1,0
1001,1960,RockAndRoll,DooWop,WeightedTransition,6,0,0,0
1001,1960,RockAndRoll,EasyListening,WeightedTransition,3,0,0,0
1001,1960,RockAndRoll,Folk,WeightedTransition,4,0,0,0
1001,1960,RockAndRoll,Gospel,WeightedTransition,4,0,0,0
1001,1960,RockAndRoll,Jazz,WeightedTransition,1,0,0,0
1001,1960,RockAndRoll,LatinPop,WeightedTransition,2,0,0,0
1001,1960,RockAndRoll,RnB,WeightedTransition,4,0,0,0
1001,1960,RockAndRoll,RockAndRoll,AnnualFloor,3,0,3,0
1001,1960,RockAndRoll,RockAndRoll,Retained,584,0,0,0
1001,1960,RockAndRoll,RockAndRoll,WeightedTransition,60,0,0,0
1001,1960,RockAndRoll,Soul,WeightedTransition,2,0,0,0
1001,1960,RockAndRoll,TeenPop,WeightedTransition,8,0,0,0
1001,1960,RockAndRoll,TexMex,WeightedTransition,1,0,0,0
1001,1960,RockAndRoll,TraditionalPop,WeightedTransition,4,0,0,0
1001,1960,Soul,Blues,AnnualFloor,1,0,1,0
1001,1960,Soul,Blues,WeightedTransition,2,0,0,0
1001,1960,Soul,Childrens,WeightedTransition,2,0,0,0
1001,1960,Soul,Classical,WeightedTransition,1,0,0,0
1001,1960,Soul,Comedy,WeightedTransition,1,0,0,0
1001,1960,Soul,Country,WeightedTransition,2,0,0,0
1001,1960,Soul,DooWop,WeightedTransition,18,0,0,0
1001,1960,Soul,EasyListening,WeightedTransition,5,0,0,0
1001,1960,Soul,Folk,WeightedTransition,3,0,0,0
1001,1960,Soul,Gospel,AnnualFloor,2,0,2,0
1001,1960,Soul,Gospel,WeightedTransition,13,0,0,0
1001,1960,Soul,Jazz,AnnualFloor,1,0,1,0
1001,1960,Soul,Jazz,WeightedTransition,2,0,0,0
1001,1960,Soul,LatinPop,WeightedTransition,1,0,0,0
1001,1960,Soul,RnB,AnnualFloor,1,0,1,0
1001,1960,Soul,RnB,WeightedTransition,22,0,0,0
1001,1960,Soul,RockAndRoll,WeightedTransition,6,0,0,0
1001,1960,Soul,Soul,AnnualFloor,2,0,2,0
1001,1960,Soul,Soul,Retained,551,0,0,0
1001,1960,Soul,Soul,WeightedTransition,19,0,0,0
1001,1960,Soul,TeenPop,AnnualFloor,1,0,1,0
1001,1960,Soul,TeenPop,WeightedTransition,10,0,0,0
1001,1960,Soul,TexMex,WeightedTransition,1,0,0,0
1001,1960,Soul,TraditionalPop,WeightedTransition,9,0,0,0
1001,1960,TeenPop,Childrens,WeightedTransition,1,0,0,0
1001,1960,TeenPop,Classical,WeightedTransition,3,0,0,0
1001,1960,TeenPop,DooWop,AnnualFloor,1,0,1,0
1001,1960,TeenPop,DooWop,WeightedTransition,6,0,0,0
1001,1960,TeenPop,EasyListening,AnnualFloor,1,0,1,0
1001,1960,TeenPop,EasyListening,WeightedTransition,9,0,0,0
1001,1960,TeenPop,Folk,WeightedTransition,2,0,0,0
1001,1960,TeenPop,Jazz,WeightedTransition,4,0,0,0
1001,1960,TeenPop,LatinPop,WeightedTransition,1,0,0,0
1001,1960,TeenPop,RnB,WeightedTransition,3,0,0,0
1001,1960,TeenPop,RockAndRoll,WeightedTransition,5,0,0,0
1001,1960,TeenPop,Soul,WeightedTransition,1,0,0,0
1001,1960,TeenPop,TeenPop,AnnualFloor,2,0,2,0
1001,1960,TeenPop,TeenPop,Retained,378,0,0,0
1001,1960,TeenPop,TeenPop,WeightedTransition,28,0,0,0
1001,1960,TeenPop,TraditionalPop,AnnualFloor,1,0,1,0
1001,1960,TeenPop,TraditionalPop,WeightedTransition,25,0,0,0
1001,1960,TexMex,Blues,WeightedTransition,1,0,0,0
1001,1960,TexMex,Country,WeightedTransition,1,0,0,0
1001,1960,TexMex,Folk,WeightedTransition,1,0,0,0
1001,1960,TexMex,RnB,WeightedTransition,1,0,0,0
1001,1960,TexMex,TeenPop,WeightedTransition,1,0,0,0
1001,1960,TexMex,TexMex,Retained,8,0,0,0
1001,1960,TexMex,TraditionalPop,WeightedTransition,1,0,0,0
1001,1960,TraditionalPop,Blues,WeightedTransition,1,0,0,0
1001,1960,TraditionalPop,Childrens,AnnualFloor,1,0,1,0
1001,1960,TraditionalPop,Childrens,WeightedTransition,2,0,0,0
1001,1960,TraditionalPop,Classical,AnnualFloor,1,0,1,0
1001,1960,TraditionalPop,Classical,WeightedTransition,1,0,0,0
1001,1960,TraditionalPop,Country,WeightedTransition,5,0,0,0
1001,1960,TraditionalPop,DooWop,WeightedTransition,1,0,0,0
1001,1960,TraditionalPop,EasyListening,WeightedTransition,10,0,0,0
1001,1960,TraditionalPop,Folk,WeightedTransition,2,0,0,0
1001,1960,TraditionalPop,Jazz,WeightedTransition,2,0,0,0
1001,1960,TraditionalPop,RnB,AnnualFloor,1,0,1,0
1001,1960,TraditionalPop,RockAndRoll,WeightedTransition,1,0,0,0
1001,1960,TraditionalPop,Soul,WeightedTransition,1,0,0,0
1001,1960,TraditionalPop,TeenPop,WeightedTransition,11,0,0,0
1001,1960,TraditionalPop,TexMex,AnnualFloor,1,0,1,0
1001,1960,TraditionalPop,TraditionalPop,AnnualFloor,2,0,2,0
1001,1960,TraditionalPop,TraditionalPop,Retained,339,0,0,0
1001,1960,TraditionalPop,TraditionalPop,WeightedTransition,33,0,0,0
1001,1961,Blues,Blues,Retained,82,0,0,0
1001,1961,Blues,Blues,WeightedTransition,1,0,0,0
1001,1961,Blues,Childrens,WeightedTransition,2,0,0,0
1001,1961,Blues,Country,WeightedTransition,1,0,0,0
1001,1961,Blues,DooWop,WeightedTransition,5,0,0,0
1001,1961,Blues,EasyListening,WeightedTransition,2,0,0,0
1001,1961,Blues,Folk,WeightedTransition,2,0,0,0
1001,1961,Blues,Gospel,WeightedTransition,3,0,0,0
1001,1961,Blues,Jazz,WeightedTransition,5,0,0,0
1001,1961,Blues,LatinPop,AnnualFloor,1,0,1,0
1001,1961,Blues,RnB,WeightedTransition,4,0,0,0
1001,1961,Blues,RockAndRoll,WeightedTransition,5,0,0,0
1001,1961,Blues,Soul,WeightedTransition,3,0,0,0
1001,1961,Blues,TeenPop,WeightedTransition,6,0,0,0
1001,1961,Blues,TraditionalPop,WeightedTransition,1,0,0,0
1001,1961,Childrens,Blues,WeightedTransition,1,0,0,0
1001,1961,Childrens,Childrens,AnnualFloor,1,0,1,0
1001,1961,Childrens,Childrens,Retained,37,0,0,0
1001,1961,Childrens,Comedy,WeightedTransition,1,0,0,0
1001,1961,Childrens,RnB,WeightedTransition,1,0,0,0
1001,1961,Childrens,Soul,WeightedTransition,1,0,0,0
1001,1961,Childrens,TeenPop,WeightedTransition,1,0,0,0
1001,1961,Classical,Blues,WeightedTransition,1,0,0,0
1001,1961,Classical,Classical,Retained,113,0,0,0
1001,1961,Classical,DooWop,WeightedTransition,1,0,0,0
1001,1961,Classical,EasyListening,WeightedTransition,1,0,0,0
1001,1961,Classical,Jazz,WeightedTransition,3,0,0,0
1001,1961,Classical,RnB,WeightedTransition,1,0,0,0
1001,1961,Classical,RockAndRoll,WeightedTransition,1,0,0,0
1001,1961,Classical,Soul,WeightedTransition,1,0,0,0
1001,1961,Classical,SurfRock,WeightedTransition,1,0,0,0
1001,1961,Classical,TeenPop,WeightedTransition,1,0,0,0
1001,1961,Classical,TraditionalPop,WeightedTransition,3,0,0,0
1001,1961,Comedy,Comedy,Retained,34,0,0,0
1001,1961,Comedy,Comedy,WeightedTransition,3,0,0,0
1001,1961,Comedy,DooWop,WeightedTransition,1,0,0,0
1001,1961,Comedy,EasyListening,WeightedTransition,1,0,0,0
1001,1961,Comedy,Folk,WeightedTransition,1,0,0,0
1001,1961,Comedy,Gospel,WeightedTransition,2,0,0,0
1001,1961,Comedy,Jazz,WeightedTransition,1,0,0,0
1001,1961,Comedy,RockAndRoll,WeightedTransition,1,0,0,0
1001,1961,Comedy,TeenPop,WeightedTransition,1,0,0,0
1001,1961,Comedy,TraditionalPop,WeightedTransition,3,0,0,0
1001,1961,ContemporaryFolk,ContemporaryFolk,Retained,1,0,0,0
1001,1961,Country,Blues,AnnualFloor,1,0,1,0
1001,1961,Country,Classical,WeightedTransition,2,0,0,0
1001,1961,Country,Comedy,WeightedTransition,1,0,0,0
1001,1961,Country,ContemporaryFolk,AnnualFloor,2,0,2,0
1001,1961,Country,ContemporaryFolk,WeightedTransition,2,0,0,0
1001,1961,Country,Country,AnnualFloor,1,0,1,0
1001,1961,Country,Country,Retained,207,0,0,0
1001,1961,Country,Country,WeightedTransition,23,0,0,0
1001,1961,Country,DooWop,WeightedTransition,1,0,0,0
1001,1961,Country,EasyListening,WeightedTransition,5,0,0,0
1001,1961,Country,Folk,AnnualFloor,1,0,1,0
1001,1961,Country,Folk,WeightedTransition,2,0,0,0
1001,1961,Country,Gospel,WeightedTransition,4,0,0,0
1001,1961,Country,Jazz,WeightedTransition,1,0,0,0
1001,1961,Country,LatinPop,WeightedTransition,1,0,0,0
1001,1961,Country,RnB,WeightedTransition,1,0,0,0
1001,1961,Country,RockAndRoll,WeightedTransition,9,0,0,0
1001,1961,Country,Soul,WeightedTransition,1,0,0,0
1001,1961,Country,TeenPop,WeightedTransition,4,0,0,0
1001,1961,Country,TexMex,WeightedTransition,1,0,0,0
1001,1961,Country,TraditionalPop,WeightedTransition,6,0,0,0
1001,1961,DooWop,Blues,WeightedTransition,1,0,0,0
1001,1961,DooWop,Comedy,AnnualFloor,1,0,1,0
1001,1961,DooWop,Comedy,WeightedTransition,2,0,0,0
1001,1961,DooWop,Country,AnnualFloor,1,0,1,0
1001,1961,DooWop,Country,WeightedTransition,3,0,0,0
1001,1961,DooWop,DooWop,AnnualFloor,2,0,2,0
1001,1961,DooWop,DooWop,Retained,120,0,0,0
1001,1961,DooWop,DooWop,WeightedTransition,26,0,0,0
1001,1961,DooWop,EasyListening,WeightedTransition,1,0,0,0
1001,1961,DooWop,Folk,WeightedTransition,2,0,0,0
1001,1961,DooWop,Gospel,WeightedTransition,1,0,0,0
1001,1961,DooWop,Jazz,WeightedTransition,2,0,0,0
1001,1961,DooWop,RnB,WeightedTransition,8,0,0,0
1001,1961,DooWop,RockAndRoll,WeightedTransition,2,0,0,0
1001,1961,DooWop,Soul,WeightedTransition,6,0,0,0
1001,1961,DooWop,SurfRock,WeightedTransition,1,0,0,0
1001,1961,DooWop,TeenPop,WeightedTransition,2,0,0,0
1001,1961,DooWop,TexMex,WeightedTransition,2,0,0,0
1001,1961,DooWop,TraditionalPop,AnnualFloor,1,0,1,0
1001,1961,DooWop,TraditionalPop,WeightedTransition,6,0,0,0
1001,1961,EasyListening,Blues,WeightedTransition,1,0,0,0
1001,1961,EasyListening,Childrens,WeightedTransition,2,0,0,0
1001,1961,EasyListening,Classical,WeightedTransition,1,0,0,0
1001,1961,EasyListening,Comedy,WeightedTransition,1,0,0,0
1001,1961,EasyListening,ContemporaryFolk,WeightedTransition,1,0,0,0
1001,1961,EasyListening,Country,WeightedTransition,2,0,0,0
1001,1961,EasyListening,DooWop,WeightedTransition,2,0,0,0
1001,1961,EasyListening,EasyListening,AnnualFloor,1,0,1,0
1001,1961,EasyListening,EasyListening,Retained,149,0,0,0
1001,1961,EasyListening,EasyListening,WeightedTransition,13,0,0,0
1001,1961,EasyListening,Folk,WeightedTransition,2,0,0,0
1001,1961,EasyListening,Gospel,WeightedTransition,2,0,0,0
1001,1961,EasyListening,Jazz,WeightedTransition,4,0,0,0
1001,1961,EasyListening,LatinPop,WeightedTransition,1,0,0,0
1001,1961,EasyListening,SurfRock,AnnualFloor,1,0,1,0
1001,1961,EasyListening,TeenPop,WeightedTransition,3,0,0,0
1001,1961,EasyListening,TraditionalPop,WeightedTransition,5,0,0,0
1001,1961,Folk,Blues,AnnualFloor,1,0,1,0
1001,1961,Folk,Childrens,WeightedTransition,1,0,0,0
1001,1961,Folk,Classical,WeightedTransition,2,0,0,0
1001,1961,Folk,Comedy,WeightedTransition,1,0,0,0
1001,1961,Folk,ContemporaryFolk,WeightedTransition,3,0,0,0
1001,1961,Folk,Country,WeightedTransition,5,0,0,0
1001,1961,Folk,DooWop,WeightedTransition,6,0,0,0
1001,1961,Folk,EasyListening,AnnualFloor,1,0,1,0
1001,1961,Folk,EasyListening,WeightedTransition,3,0,0,0
1001,1961,Folk,Folk,Retained,193,0,0,0
1001,1961,Folk,Folk,WeightedTransition,23,0,0,0
1001,1961,Folk,Gospel,WeightedTransition,2,0,0,0
1001,1961,Folk,Jazz,WeightedTransition,2,0,0,0
1001,1961,Folk,RnB,AnnualFloor,1,0,1,0
1001,1961,Folk,RnB,WeightedTransition,6,0,0,0
1001,1961,Folk,RockAndRoll,WeightedTransition,1,0,0,0
1001,1961,Folk,SurfRock,AnnualFloor,1,0,1,0
1001,1961,Folk,TeenPop,WeightedTransition,8,0,0,0
1001,1961,Folk,TexMex,WeightedTransition,1,0,0,0
1001,1961,Folk,TraditionalPop,WeightedTransition,7,0,0,0
1001,1961,Gospel,Childrens,WeightedTransition,1,0,0,0
1001,1961,Gospel,Classical,WeightedTransition,1,0,0,0
1001,1961,Gospel,Country,AnnualFloor,1,0,1,0
1001,1961,Gospel,Country,WeightedTransition,4,0,0,0
1001,1961,Gospel,DooWop,WeightedTransition,8,0,0,0
1001,1961,Gospel,EasyListening,WeightedTransition,2,0,0,0
1001,1961,Gospel,Folk,WeightedTransition,4,0,0,0
1001,1961,Gospel,Gospel,AnnualFloor,1,0,1,0
1001,1961,Gospel,Gospel,Retained,56,0,0,0
1001,1961,Gospel,Gospel,WeightedTransition,7,0,0,0
1001,1961,Gospel,RnB,WeightedTransition,4,0,0,0
1001,1961,Gospel,RockAndRoll,WeightedTransition,1,0,0,0
1001,1961,Gospel,Soul,WeightedTransition,4,0,0,0
1001,1961,Gospel,SurfRock,WeightedTransition,1,0,0,0
1001,1961,Gospel,TeenPop,WeightedTransition,4,0,0,0
1001,1961,Gospel,TraditionalPop,WeightedTransition,1,0,0,0
1001,1961,Jazz,Blues,WeightedTransition,1,0,0,0
1001,1961,Jazz,Classical,WeightedTransition,2,0,0,0
1001,1961,Jazz,Comedy,WeightedTransition,1,0,0,0
1001,1961,Jazz,ContemporaryFolk,WeightedTransition,1,0,0,0
1001,1961,Jazz,Country,WeightedTransition,2,0,0,0
1001,1961,Jazz,DooWop,WeightedTransition,1,0,0,0
1001,1961,Jazz,EasyListening,WeightedTransition,1,0,0,0
1001,1961,Jazz,Folk,WeightedTransition,2,0,0,0
1001,1961,Jazz,Gospel,WeightedTransition,2,0,0,0
1001,1961,Jazz,Jazz,AnnualFloor,2,0,2,0
1001,1961,Jazz,Jazz,Retained,167,0,0,0
1001,1961,Jazz,Jazz,WeightedTransition,10,0,0,0
1001,1961,Jazz,RnB,WeightedTransition,3,0,0,0
1001,1961,Jazz,RockAndRoll,WeightedTransition,2,0,0,0
1001,1961,Jazz,Soul,WeightedTransition,3,0,0,0
1001,1961,Jazz,TeenPop,AnnualFloor,1,0,1,0
1001,1961,Jazz,TeenPop,WeightedTransition,3,0,0,0
1001,1961,Jazz,TraditionalPop,WeightedTransition,3,0,0,0
1001,1961,LatinPop,Comedy,WeightedTransition,1,0,0,0
1001,1961,LatinPop,DooWop,WeightedTransition,1,0,0,0
1001,1961,LatinPop,EasyListening,WeightedTransition,1,0,0,0
1001,1961,LatinPop,Folk,WeightedTransition,1,0,0,0
1001,1961,LatinPop,Gospel,WeightedTransition,1,0,0,0
1001,1961,LatinPop,Jazz,WeightedTransition,2,0,0,0
1001,1961,LatinPop,LatinPop,Retained,28,0,0,0
1001,1961,LatinPop,LatinPop,WeightedTransition,4,0,0,0
1001,1961,LatinPop,RnB,WeightedTransition,1,0,0,0
1001,1961,LatinPop,RockAndRoll,WeightedTransition,1,0,0,0
1001,1961,LatinPop,Soul,AnnualFloor,1,0,1,0
1001,1961,LatinPop,TeenPop,WeightedTransition,2,0,0,0
1001,1961,LatinPop,TexMex,WeightedTransition,1,0,0,0
1001,1961,LatinPop,TraditionalPop,WeightedTransition,2,0,0,0
1001,1961,RnB,Blues,AnnualFloor,1,0,1,0
1001,1961,RnB,Blues,WeightedTransition,1,0,0,0
1001,1961,RnB,Childrens,WeightedTransition,3,0,0,0
1001,1961,RnB,Classical,AnnualFloor,2,0,2,0
1001,1961,RnB,Classical,WeightedTransition,3,0,0,0
1001,1961,RnB,Comedy,AnnualFloor,1,0,1,0
1001,1961,RnB,Comedy,WeightedTransition,2,0,0,0
1001,1961,RnB,Country,WeightedTransition,6,0,0,0
1001,1961,RnB,DooWop,WeightedTransition,26,0,0,0
1001,1961,RnB,EasyListening,WeightedTransition,4,0,0,0
1001,1961,RnB,Folk,WeightedTransition,2,0,0,0
1001,1961,RnB,Gospel,AnnualFloor,1,0,1,0
1001,1961,RnB,Gospel,WeightedTransition,8,0,0,0
1001,1961,RnB,Jazz,AnnualFloor,1,0,1,0
1001,1961,RnB,Jazz,WeightedTransition,3,0,0,0
1001,1961,RnB,RnB,AnnualFloor,2,0,2,0
1001,1961,RnB,RnB,Retained,396,0,0,0
1001,1961,RnB,RnB,WeightedTransition,32,0,0,0
1001,1961,RnB,RockAndRoll,WeightedTransition,8,0,0,0
1001,1961,RnB,Soul,AnnualFloor,1,0,1,0
1001,1961,RnB,Soul,WeightedTransition,15,0,0,0
1001,1961,RnB,TeenPop,WeightedTransition,7,0,0,0
1001,1961,RnB,TexMex,WeightedTransition,1,0,0,0
1001,1961,RnB,TraditionalPop,WeightedTransition,1,0,0,0
1001,1961,RockAndRoll,Blues,WeightedTransition,1,0,0,0
1001,1961,RockAndRoll,Childrens,WeightedTransition,2,0,0,0
1001,1961,RockAndRoll,Classical,WeightedTransition,3,0,0,0
1001,1961,RockAndRoll,Comedy,WeightedTransition,2,0,0,0
1001,1961,RockAndRoll,ContemporaryFolk,WeightedTransition,2,0,0,0
1001,1961,RockAndRoll,Country,WeightedTransition,3,0,0,0
1001,1961,RockAndRoll,DooWop,WeightedTransition,3,0,0,0
1001,1961,RockAndRoll,EasyListening,WeightedTransition,3,0,0,0
1001,1961,RockAndRoll,Folk,WeightedTransition,3,0,0,0
1001,1961,RockAndRoll,Gospel,WeightedTransition,1,0,0,0
1001,1961,RockAndRoll,Jazz,WeightedTransition,2,0,0,0
1001,1961,RockAndRoll,LatinPop,AnnualFloor,1,0,1,0
1001,1961,RockAndRoll,LatinPop,WeightedTransition,2,0,0,0
1001,1961,RockAndRoll,RnB,WeightedTransition,6,0,0,0
1001,1961,RockAndRoll,RockAndRoll,AnnualFloor,1,0,1,0
1001,1961,RockAndRoll,RockAndRoll,Retained,495,0,0,0
1001,1961,RockAndRoll,RockAndRoll,WeightedTransition,43,0,0,0
1001,1961,RockAndRoll,Soul,WeightedTransition,2,0,0,0
1001,1961,RockAndRoll,SurfRock,AnnualFloor,1,0,1,0
1001,1961,RockAndRoll,TeenPop,AnnualFloor,1,0,1,0
1001,1961,RockAndRoll,TeenPop,WeightedTransition,9,0,0,0
1001,1961,RockAndRoll,TexMex,AnnualFloor,2,0,2,0
1001,1961,RockAndRoll,TraditionalPop,WeightedTransition,6,0,0,0
1001,1961,Soul,Blues,WeightedTransition,3,0,0,0
1001,1961,Soul,Childrens,AnnualFloor,1,0,1,0
1001,1961,Soul,Childrens,WeightedTransition,3,0,0,0
1001,1961,Soul,Classical,AnnualFloor,1,0,1,0
1001,1961,Soul,Classical,WeightedTransition,3,0,0,0
1001,1961,Soul,Comedy,WeightedTransition,1,0,0,0
1001,1961,Soul,ContemporaryFolk,WeightedTransition,4,0,0,0
1001,1961,Soul,Country,WeightedTransition,5,0,0,0
1001,1961,Soul,DooWop,AnnualFloor,1,0,1,0
1001,1961,Soul,DooWop,WeightedTransition,26,0,0,0
1001,1961,Soul,EasyListening,WeightedTransition,9,0,0,0
1001,1961,Soul,Folk,AnnualFloor,1,0,1,0
1001,1961,Soul,Folk,WeightedTransition,4,0,0,0
1001,1961,Soul,Gospel,AnnualFloor,1,0,1,0
1001,1961,Soul,Gospel,WeightedTransition,18,0,0,0
1001,1961,Soul,Jazz,WeightedTransition,5,0,0,0
1001,1961,Soul,LatinPop,WeightedTransition,2,0,0,0
1001,1961,Soul,RnB,WeightedTransition,38,0,0,0
1001,1961,Soul,RockAndRoll,WeightedTransition,7,0,0,0
1001,1961,Soul,Soul,AnnualFloor,1,0,1,0
1001,1961,Soul,Soul,Retained,252,0,0,0
1001,1961,Soul,Soul,WeightedTransition,64,0,0,0
1001,1961,Soul,TeenPop,WeightedTransition,16,0,0,0
1001,1961,Soul,TexMex,WeightedTransition,3,0,0,0
1001,1961,Soul,TraditionalPop,WeightedTransition,12,0,0,0
1001,1961,SurfRock,Blues,WeightedTransition,1,0,0,0
1001,1961,SurfRock,RockAndRoll,WeightedTransition,2,0,0,0
1001,1961,SurfRock,SurfRock,Retained,7,0,0,0
1001,1961,SurfRock,TeenPop,WeightedTransition,1,0,0,0
1001,1961,TeenPop,Blues,WeightedTransition,2,0,0,0
1001,1961,TeenPop,Childrens,AnnualFloor,1,0,1,0
1001,1961,TeenPop,Classical,WeightedTransition,4,0,0,0
1001,1961,TeenPop,Comedy,AnnualFloor,1,0,1,0
1001,1961,TeenPop,Comedy,WeightedTransition,1,0,0,0
1001,1961,TeenPop,ContemporaryFolk,WeightedTransition,1,0,0,0
1001,1961,TeenPop,DooWop,WeightedTransition,3,0,0,0
1001,1961,TeenPop,EasyListening,AnnualFloor,1,0,1,0
1001,1961,TeenPop,EasyListening,WeightedTransition,6,0,0,0
1001,1961,TeenPop,Gospel,WeightedTransition,1,0,0,0
1001,1961,TeenPop,Jazz,WeightedTransition,1,0,0,0
1001,1961,TeenPop,LatinPop,AnnualFloor,1,0,1,0
1001,1961,TeenPop,RnB,WeightedTransition,1,0,0,0
1001,1961,TeenPop,RockAndRoll,AnnualFloor,1,0,1,0
1001,1961,TeenPop,RockAndRoll,WeightedTransition,8,0,0,0
1001,1961,TeenPop,Soul,WeightedTransition,2,0,0,0
1001,1961,TeenPop,SurfRock,WeightedTransition,2,0,0,0
1001,1961,TeenPop,TeenPop,Retained,347,0,0,0
1001,1961,TeenPop,TeenPop,WeightedTransition,24,0,0,0
1001,1961,TeenPop,TraditionalPop,AnnualFloor,1,0,1,0
1001,1961,TeenPop,TraditionalPop,WeightedTransition,5,0,0,0
1001,1961,TexMex,Blues,WeightedTransition,1,0,0,0
1001,1961,TexMex,EasyListening,WeightedTransition,1,0,0,0
1001,1961,TexMex,Folk,WeightedTransition,1,0,0,0
1001,1961,TexMex,Jazz,WeightedTransition,1,0,0,0
1001,1961,TexMex,LatinPop,WeightedTransition,1,0,0,0
1001,1961,TexMex,RockAndRoll,WeightedTransition,1,0,0,0
1001,1961,TexMex,SurfRock,WeightedTransition,1,0,0,0
1001,1961,TexMex,TeenPop,WeightedTransition,1,0,0,0
1001,1961,TexMex,TexMex,Retained,16,0,0,0
1001,1961,TexMex,TexMex,WeightedTransition,2,0,0,0
1001,1961,TexMex,TraditionalPop,WeightedTransition,1,0,0,0
1001,1961,TraditionalPop,Blues,WeightedTransition,5,0,0,0
1001,1961,TraditionalPop,Childrens,WeightedTransition,3,0,0,0
1001,1961,TraditionalPop,Classical,WeightedTransition,1,0,0,0
1001,1961,TraditionalPop,Comedy,WeightedTransition,3,0,0,0
1001,1961,TraditionalPop,ContemporaryFolk,AnnualFloor,1,0,1,0
1001,1961,TraditionalPop,ContemporaryFolk,WeightedTransition,2,0,0,0
1001,1961,TraditionalPop,Country,WeightedTransition,5,0,0,0
1001,1961,TraditionalPop,DooWop,WeightedTransition,7,0,0,0
1001,1961,TraditionalPop,EasyListening,WeightedTransition,10,0,0,0
1001,1961,TraditionalPop,Folk,AnnualFloor,1,0,1,0
1001,1961,TraditionalPop,Folk,WeightedTransition,6,0,0,0
1001,1961,TraditionalPop,Jazz,WeightedTransition,13,0,0,0
1001,1961,TraditionalPop,LatinPop,WeightedTransition,1,0,0,0
1001,1961,TraditionalPop,RnB,WeightedTransition,3,0,0,0
1001,1961,TraditionalPop,RockAndRoll,AnnualFloor,1,0,1,0
1001,1961,TraditionalPop,RockAndRoll,WeightedTransition,4,0,0,0
1001,1961,TraditionalPop,Soul,WeightedTransition,5,0,0,0
1001,1961,TraditionalPop,SurfRock,WeightedTransition,1,0,0,0
1001,1961,TraditionalPop,TeenPop,AnnualFloor,1,0,1,0
1001,1961,TraditionalPop,TeenPop,WeightedTransition,11,0,0,0
1001,1961,TraditionalPop,TexMex,AnnualFloor,1,0,1,0
1001,1961,TraditionalPop,TexMex,WeightedTransition,1,0,0,0
1001,1961,TraditionalPop,TraditionalPop,AnnualFloor,1,0,1,0
1001,1961,TraditionalPop,TraditionalPop,Retained,315,0,0,0
1001,1961,TraditionalPop,TraditionalPop,WeightedTransition,29,0,0,0
1001,1962,Blues,Blues,Retained,93,0,0,0
1001,1962,Blues,Blues,WeightedTransition,1,0,0,0
1001,1962,Blues,Childrens,WeightedTransition,1,0,0,0
1001,1962,Blues,Classical,WeightedTransition,2,0,0,0
1001,1962,Blues,Comedy,WeightedTransition,1,0,0,0
1001,1962,Blues,ContemporaryFolk,WeightedTransition,1,0,0,0
1001,1962,Blues,DooWop,WeightedTransition,1,0,0,0
1001,1962,Blues,EasyListening,AnnualFloor,1,0,1,0
1001,1962,Blues,Folk,WeightedTransition,1,0,0,0
1001,1962,Blues,Jazz,WeightedTransition,2,0,0,0
1001,1962,Blues,RnB,WeightedTransition,2,0,0,0
1001,1962,Blues,RockAndRoll,WeightedTransition,1,0,0,0
1001,1962,Blues,Soul,WeightedTransition,4,0,0,0
1001,1962,Blues,SurfRock,WeightedTransition,3,0,0,0
1001,1962,Blues,TexMex,WeightedTransition,3,0,0,0
1001,1962,Blues,TraditionalPop,WeightedTransition,1,0,0,0
1001,1962,BossaNova,BossaNova,Retained,12,0,0,0
1001,1962,BossaNova,BossaNova,WeightedTransition,1,0,0,0
1001,1962,BossaNova,Folk,WeightedTransition,1,0,0,0
1001,1962,BossaNova,SurfRock,WeightedTransition,1,0,0,0
1001,1962,Childrens,Childrens,Retained,32,0,0,0
1001,1962,Childrens,Childrens,WeightedTransition,1,0,0,0
1001,1962,Childrens,SurfRock,WeightedTransition,1,0,0,0
1001,1962,Childrens,TraditionalPop,WeightedTransition,1,0,0,0
1001,1962,Classical,Childrens,WeightedTransition,1,0,0,0
1001,1962,Classical,Classical,AnnualFloor,1,0,1,0
1001,1962,Classical,Classical,Retained,94,0,0,0
1001,1962,Classical,Classical,WeightedTransition,3,0,0,0
1001,1962,Classical,Comedy,AnnualFloor,1,0,1,0
1001,1962,Classical,ContemporaryFolk,WeightedTransition,2,0,0,0
1001,1962,Classical,DooWop,WeightedTransition,3,0,0,0
1001,1962,Classical,Folk,WeightedTransition,3,0,0,0
1001,1962,Classical,Jazz,AnnualFloor,1,0,1,0
1001,1962,Classical,LatinPop,WeightedTransition,1,0,0,0
1001,1962,Classical,Soul,WeightedTransition,1,0,0,0
1001,1962,Classical,SurfRock,WeightedTransition,1,0,0,0
1001,1962,Comedy,Comedy,Retained,56,0,0,0
1001,1962,Comedy,Comedy,WeightedTransition,2,0,0,0
1001,1962,Comedy,Country,AnnualFloor,1,0,1,0
1001,1962,Comedy,DooWop,AnnualFloor,1,0,1,0
1001,1962,Comedy,DooWop,WeightedTransition,1,0,0,0
1001,1962,Comedy,Folk,WeightedTransition,1,0,0,0
1001,1962,Comedy,TeenPop,WeightedTransition,1,0,0,0
1001,1962,Comedy,TraditionalPop,WeightedTransition,1,0,0,0
1001,1962,ContemporaryFolk,BossaNova,WeightedTransition,1,0,0,0
1001,1962,ContemporaryFolk,ContemporaryFolk,Retained,14,0,0,0
1001,1962,ContemporaryFolk,ContemporaryFolk,WeightedTransition,1,0,0,0
1001,1962,ContemporaryFolk,Soul,WeightedTransition,2,0,0,0
1001,1962,ContemporaryFolk,TeenPop,WeightedTransition,1,0,0,0
1001,1962,Country,Blues,WeightedTransition,2,0,0,0
1001,1962,Country,Childrens,WeightedTransition,1,0,0,0
1001,1962,Country,Classical,WeightedTransition,1,0,0,0
1001,1962,Country,Comedy,AnnualFloor,1,0,1,0
1001,1962,Country,Comedy,WeightedTransition,3,0,0,0
1001,1962,Country,ContemporaryFolk,WeightedTransition,2,0,0,0
1001,1962,Country,Country,AnnualFloor,1,0,1,0
1001,1962,Country,Country,Retained,215,0,0,0
1001,1962,Country,Country,WeightedTransition,21,0,0,0
1001,1962,Country,EasyListening,WeightedTransition,1,0,0,0
1001,1962,Country,Folk,WeightedTransition,4,0,0,0
1001,1962,Country,Jazz,WeightedTransition,2,0,0,0
1001,1962,Country,LatinPop,WeightedTransition,2,0,0,0
1001,1962,Country,RnB,WeightedTransition,2,0,0,0
1001,1962,Country,RockAndRoll,AnnualFloor,1,0,1,0
1001,1962,Country,RockAndRoll,WeightedTransition,3,0,0,0
1001,1962,Country,Soul,WeightedTransition,1,0,0,0
1001,1962,Country,SurfRock,AnnualFloor,1,0,1,0
1001,1962,Country,SurfRock,WeightedTransition,1,0,0,0
1001,1962,Country,TeenPop,WeightedTransition,4,0,0,0
1001,1962,Country,TexMex,AnnualFloor,1,0,1,0
1001,1962,Country,TraditionalPop,WeightedTransition,3,0,0,0
1001,1962,DooWop,BossaNova,WeightedTransition,1,0,0,0
1001,1962,DooWop,Classical,AnnualFloor,1,0,1,0
1001,1962,DooWop,Comedy,WeightedTransition,1,0,0,0
1001,1962,DooWop,ContemporaryFolk,AnnualFloor,1,0,1,0
1001,1962,DooWop,ContemporaryFolk,WeightedTransition,1,0,0,0
1001,1962,DooWop,Country,WeightedTransition,1,0,0,0
1001,1962,DooWop,DooWop,Retained,98,0,0,0
1001,1962,DooWop,DooWop,WeightedTransition,20,0,0,0
1001,1962,DooWop,EasyListening,WeightedTransition,4,0,0,0
1001,1962,DooWop,Folk,WeightedTransition,7,0,0,0
1001,1962,DooWop,Jazz,WeightedTransition,2,0,0,0
1001,1962,DooWop,RnB,WeightedTransition,7,0,0,0
1001,1962,DooWop,RockAndRoll,WeightedTransition,3,0,0,0
1001,1962,DooWop,Soul,WeightedTransition,7,0,0,0
1001,1962,DooWop,SurfRock,WeightedTransition,1,0,0,0
1001,1962,DooWop,TeenPop,WeightedTransition,2,0,0,0
1001,1962,DooWop,TexMex,WeightedTransition,1,0,0,0
1001,1962,EasyListening,BossaNova,WeightedTransition,2,0,0,0
1001,1962,EasyListening,Childrens,AnnualFloor,1,0,1,0
1001,1962,EasyListening,Classical,WeightedTransition,1,0,0,0
1001,1962,EasyListening,Comedy,WeightedTransition,1,0,0,0
1001,1962,EasyListening,Country,WeightedTransition,3,0,0,0
1001,1962,EasyListening,EasyListening,AnnualFloor,1,0,1,0
1001,1962,EasyListening,EasyListening,Retained,163,0,0,0
1001,1962,EasyListening,EasyListening,WeightedTransition,18,0,0,0
1001,1962,EasyListening,Folk,WeightedTransition,3,0,0,0
1001,1962,EasyListening,Gospel,WeightedTransition,1,0,0,0
1001,1962,EasyListening,RnB,WeightedTransition,3,0,0,0
1001,1962,EasyListening,RockAndRoll,WeightedTransition,1,0,0,0
1001,1962,EasyListening,Soul,WeightedTransition,2,0,0,0
1001,1962,EasyListening,SurfRock,WeightedTransition,1,0,0,0
1001,1962,EasyListening,TeenPop,WeightedTransition,5,0,0,0
1001,1962,EasyListening,TexMex,WeightedTransition,1,0,0,0
1001,1962,EasyListening,TraditionalPop,WeightedTransition,3,0,0,0
1001,1962,Folk,BossaNova,WeightedTransition,1,0,0,0
1001,1962,Folk,Classical,WeightedTransition,3,0,0,0
1001,1962,Folk,Comedy,WeightedTransition,2,0,0,0
1001,1962,Folk,ContemporaryFolk,AnnualFloor,1,0,1,0
1001,1962,Folk,ContemporaryFolk,WeightedTransition,5,0,0,0
1001,1962,Folk,Country,AnnualFloor,1,0,1,0
1001,1962,Folk,Country,WeightedTransition,4,0,0,0
1001,1962,Folk,EasyListening,WeightedTransition,1,0,0,0
1001,1962,Folk,Folk,AnnualFloor,1,0,1,0
1001,1962,Folk,Folk,Retained,177,0,0,0
1001,1962,Folk,Folk,WeightedTransition,21,0,0,0
1001,1962,Folk,Gospel,AnnualFloor,2,0,2,0
1001,1962,Folk,Gospel,WeightedTransition,2,0,0,0
1001,1962,Folk,LatinPop,WeightedTransition,1,0,0,0
1001,1962,Folk,RockAndRoll,WeightedTransition,4,0,0,0
1001,1962,Folk,TeenPop,WeightedTransition,2,0,0,0
1001,1962,Folk,TraditionalPop,AnnualFloor,1,0,1,0
1001,1962,Folk,TraditionalPop,WeightedTransition,5,0,0,0
1001,1962,Gospel,Blues,WeightedTransition,1,0,0,0
1001,1962,Gospel,Childrens,WeightedTransition,1,0,0,0
1001,1962,Gospel,Classical,WeightedTransition,1,0,0,0
1001,1962,Gospel,Comedy,WeightedTransition,2,0,0,0
1001,1962,Gospel,Country,WeightedTransition,2,0,0,0
1001,1962,Gospel,DooWop,WeightedTransition,2,0,0,0
1001,1962,Gospel,EasyListening,WeightedTransition,2,0,0,0
1001,1962,Gospel,Folk,WeightedTransition,2,0,0,0
1001,1962,Gospel,Gospel,Retained,29,0,0,0
1001,1962,Gospel,Gospel,WeightedTransition,9,0,0,0
1001,1962,Gospel,Jazz,WeightedTransition,1,0,0,0
1001,1962,Gospel,RnB,WeightedTransition,6,0,0,0
1001,1962,Gospel,RockAndRoll,WeightedTransition,1,0,0,0
1001,1962,Gospel,Soul,WeightedTransition,4,0,0,0
1001,1962,Gospel,SurfRock,WeightedTransition,2,0,0,0
1001,1962,Jazz,BossaNova,AnnualFloor,1,0,1,0
1001,1962,Jazz,BossaNova,WeightedTransition,4,0,0,0
1001,1962,Jazz,Comedy,WeightedTransition,3,0,0,0
1001,1962,Jazz,Country,WeightedTransition,2,0,0,0
1001,1962,Jazz,DooWop,WeightedTransition,4,0,0,0
1001,1962,Jazz,EasyListening,WeightedTransition,7,0,0,0
1001,1962,Jazz,Folk,WeightedTransition,1,0,0,0
1001,1962,Jazz,Jazz,AnnualFloor,1,0,1,0
1001,1962,Jazz,Jazz,Retained,115,0,0,0
1001,1962,Jazz,Jazz,WeightedTransition,19,0,0,0
1001,1962,Jazz,LatinPop,WeightedTransition,1,0,0,0
1001,1962,Jazz,RnB,WeightedTransition,4,0,0,0
1001,1962,Jazz,RockAndRoll,WeightedTransition,4,0,0,0
1001,1962,Jazz,Soul,WeightedTransition,3,0,0,0
1001,1962,Jazz,SurfRock,WeightedTransition,3,0,0,0
1001,1962,Jazz,TeenPop,WeightedTransition,4,0,0,0
1001,1962,Jazz,TexMex,WeightedTransition,1,0,0,0
1001,1962,Jazz,TraditionalPop,WeightedTransition,8,0,0,0
1001,1962,LatinPop,Comedy,WeightedTransition,3,0,0,0
1001,1962,LatinPop,ContemporaryFolk,WeightedTransition,2,0,0,0
1001,1962,LatinPop,DooWop,WeightedTransition,1,0,0,0
1001,1962,LatinPop,EasyListening,WeightedTransition,1,0,0,0
1001,1962,LatinPop,Gospel,WeightedTransition,2,0,0,0
1001,1962,LatinPop,Jazz,WeightedTransition,1,0,0,0
1001,1962,LatinPop,LatinPop,AnnualFloor,1,0,1,0
1001,1962,LatinPop,LatinPop,Retained,24,0,0,0
1001,1962,LatinPop,RnB,WeightedTransition,1,0,0,0
1001,1962,LatinPop,SurfRock,AnnualFloor,1,0,1,0
1001,1962,LatinPop,SurfRock,WeightedTransition,1,0,0,0
1001,1962,RnB,Blues,WeightedTransition,1,0,0,0
1001,1962,RnB,Childrens,WeightedTransition,1,0,0,0
1001,1962,RnB,Classical,WeightedTransition,1,0,0,0
1001,1962,RnB,Comedy,WeightedTransition,1,0,0,0
1001,1962,RnB,ContemporaryFolk,WeightedTransition,2,0,0,0
1001,1962,RnB,Country,WeightedTransition,3,0,0,0
1001,1962,RnB,DooWop,WeightedTransition,8,0,0,0
1001,1962,RnB,EasyListening,WeightedTransition,3,0,0,0
1001,1962,RnB,Folk,WeightedTransition,4,0,0,0
1001,1962,RnB,Gospel,AnnualFloor,1,0,1,0
1001,1962,RnB,Gospel,WeightedTransition,1,0,0,0
1001,1962,RnB,Jazz,WeightedTransition,5,0,0,0
1001,1962,RnB,LatinPop,WeightedTransition,1,0,0,0
1001,1962,RnB,RnB,AnnualFloor,2,0,2,0
1001,1962,RnB,RnB,Retained,364,0,0,0
1001,1962,RnB,RnB,WeightedTransition,25,0,0,0
1001,1962,RnB,RockAndRoll,WeightedTransition,3,0,0,0
1001,1962,RnB,Soul,WeightedTransition,14,0,0,0
1001,1962,RnB,SurfRock,WeightedTransition,4,0,0,0
1001,1962,RnB,TeenPop,WeightedTransition,2,0,0,0
1001,1962,RnB,TexMex,AnnualFloor,1,0,1,0
1001,1962,RnB,TraditionalPop,WeightedTransition,2,0,0,0
1001,1962,RockAndRoll,Blues,WeightedTransition,2,0,0,0
1001,1962,RockAndRoll,BossaNova,WeightedTransition,1,0,0,0
1001,1962,RockAndRoll,Childrens,WeightedTransition,3,0,0,0
1001,1962,RockAndRoll,Classical,AnnualFloor,1,0,1,0
1001,1962,RockAndRoll,Classical,WeightedTransition,2,0,0,0
1001,1962,RockAndRoll,Comedy,WeightedTransition,2,0,0,0
1001,1962,RockAndRoll,ContemporaryFolk,AnnualFloor,1,0,1,0
1001,1962,RockAndRoll,ContemporaryFolk,WeightedTransition,1,0,0,0
1001,1962,RockAndRoll,Country,WeightedTransition,4,0,0,0
1001,1962,RockAndRoll,DooWop,WeightedTransition,4,0,0,0
1001,1962,RockAndRoll,EasyListening,WeightedTransition,9,0,0,0
1001,1962,RockAndRoll,Folk,WeightedTransition,3,0,0,0
1001,1962,RockAndRoll,Gospel,WeightedTransition,3,0,0,0
1001,1962,RockAndRoll,Jazz,WeightedTransition,4,0,0,0
1001,1962,RockAndRoll,LatinPop,WeightedTransition,2,0,0,0
1001,1962,RockAndRoll,RnB,AnnualFloor,1,0,1,0
1001,1962,RockAndRoll,RnB,WeightedTransition,6,0,0,0
1001,1962,RockAndRoll,RockAndRoll,AnnualFloor,2,0,2,0
1001,1962,RockAndRoll,RockAndRoll,Retained,467,0,0,0
1001,1962,RockAndRoll,RockAndRoll,WeightedTransition,37,0,0,0
1001,1962,RockAndRoll,Soul,WeightedTransition,8,0,0,0
1001,1962,RockAndRoll,SurfRock,AnnualFloor,1,0,1,0
1001,1962,RockAndRoll,SurfRock,WeightedTransition,9,0,0,0
1001,1962,RockAndRoll,TeenPop,WeightedTransition,6,0,0,0
1001,1962,RockAndRoll,TexMex,WeightedTransition,2,0,0,0
1001,1962,RockAndRoll,TraditionalPop,WeightedTransition,5,0,0,0
1001,1962,Soul,Blues,AnnualFloor,1,0,1,0
1001,1962,Soul,Blues,WeightedTransition,5,0,0,0
1001,1962,Soul,BossaNova,AnnualFloor,1,0,1,0
1001,1962,Soul,BossaNova,WeightedTransition,1,0,0,0
1001,1962,Soul,Childrens,AnnualFloor,1,0,1,0
1001,1962,Soul,Childrens,WeightedTransition,5,0,0,0
1001,1962,Soul,Classical,WeightedTransition,1,0,0,0
1001,1962,Soul,Comedy,AnnualFloor,1,0,1,0
1001,1962,Soul,Comedy,WeightedTransition,8,0,0,0
1001,1962,Soul,Country,WeightedTransition,8,0,0,0
1001,1962,Soul,DooWop,WeightedTransition,10,0,0,0
1001,1962,Soul,EasyListening,WeightedTransition,10,0,0,0
1001,1962,Soul,Folk,WeightedTransition,4,0,0,0
1001,1962,Soul,Gospel,WeightedTransition,10,0,0,0
1001,1962,Soul,Jazz,WeightedTransition,6,0,0,0
1001,1962,Soul,LatinPop,AnnualFloor,1,0,1,0
1001,1962,Soul,LatinPop,WeightedTransition,2,0,0,0
1001,1962,Soul,RnB,WeightedTransition,26,0,0,0
1001,1962,Soul,RockAndRoll,WeightedTransition,2,0,0,0
1001,1962,Soul,Soul,AnnualFloor,3,0,3,0
1001,1962,Soul,Soul,Retained,271,0,0,0
1001,1962,Soul,Soul,WeightedTransition,50,0,0,0
1001,1962,Soul,SurfRock,WeightedTransition,7,0,0,0
1001,1962,Soul,TeenPop,WeightedTransition,9,0,0,0
1001,1962,Soul,TraditionalPop,WeightedTransition,8,0,0,0
1001,1962,SurfRock,Country,WeightedTransition,1,0,0,0
1001,1962,SurfRock,DooWop,WeightedTransition,1,0,0,0
1001,1962,SurfRock,Soul,WeightedTransition,1,0,0,0
1001,1962,SurfRock,SurfRock,Retained,22,0,0,0
1001,1962,SurfRock,SurfRock,WeightedTransition,3,0,0,0
1001,1962,SurfRock,TeenPop,WeightedTransition,1,0,0,0
1001,1962,TeenPop,Blues,WeightedTransition,2,0,0,0
1001,1962,TeenPop,BossaNova,AnnualFloor,1,0,1,0
1001,1962,TeenPop,Childrens,AnnualFloor,1,0,1,0
1001,1962,TeenPop,Childrens,WeightedTransition,3,0,0,0
1001,1962,TeenPop,Comedy,WeightedTransition,1,0,0,0
1001,1962,TeenPop,DooWop,AnnualFloor,1,0,1,0
1001,1962,TeenPop,DooWop,WeightedTransition,5,0,0,0
1001,1962,TeenPop,EasyListening,AnnualFloor,1,0,1,0
1001,1962,TeenPop,EasyListening,WeightedTransition,3,0,0,0
1001,1962,TeenPop,Folk,AnnualFloor,1,0,1,0
1001,1962,TeenPop,Folk,WeightedTransition,2,0,0,0
1001,1962,TeenPop,Jazz,AnnualFloor,1,0,1,0
1001,1962,TeenPop,Jazz,WeightedTransition,1,0,0,0
1001,1962,TeenPop,LatinPop,WeightedTransition,1,0,0,0
1001,1962,TeenPop,RnB,WeightedTransition,2,0,0,0
1001,1962,TeenPop,RockAndRoll,WeightedTransition,2,0,0,0
1001,1962,TeenPop,Soul,WeightedTransition,4,0,0,0
1001,1962,TeenPop,SurfRock,WeightedTransition,3,0,0,0
1001,1962,TeenPop,TeenPop,AnnualFloor,3,0,3,0
1001,1962,TeenPop,TeenPop,Retained,294,0,0,0
1001,1962,TeenPop,TeenPop,WeightedTransition,19,0,0,0
1001,1962,TeenPop,TraditionalPop,WeightedTransition,7,0,0,0
1001,1962,TexMex,BossaNova,WeightedTransition,1,0,0,0
1001,1962,TexMex,EasyListening,WeightedTransition,1,0,0,0
1001,1962,TexMex,Folk,WeightedTransition,1,0,0,0
1001,1962,TexMex,TexMex,Retained,6,0,0,0
1001,1962,TexMex,TexMex,WeightedTransition,2,0,0,0
1001,1962,TraditionalPop,Blues,AnnualFloor,2,0,2,0
1001,1962,TraditionalPop,BossaNova,WeightedTransition,3,0,0,0
1001,1962,TraditionalPop,Childrens,WeightedTransition,3,0,0,0
1001,1962,TraditionalPop,Comedy,WeightedTransition,3,0,0,0
1001,1962,TraditionalPop,ContemporaryFolk,WeightedTransition,1,0,0,0
1001,1962,TraditionalPop,Country,WeightedTransition,2,0,0,0
1001,1962,TraditionalPop,DooWop,AnnualFloor,1,0,1,0
1001,1962,TraditionalPop,DooWop,WeightedTransition,4,0,0,0
1001,1962,TraditionalPop,EasyListening,WeightedTransition,16,0,0,0
1001,1962,TraditionalPop,Folk,AnnualFloor,1,0,1,0
1001,1962,TraditionalPop,Folk,WeightedTransition,4,0,0,0
1001,1962,TraditionalPop,Gospel,WeightedTransition,5,0,0,0
1001,1962,TraditionalPop,Jazz,WeightedTransition,7,0,0,0
1001,1962,TraditionalPop,LatinPop,AnnualFloor,1,0,1,0
1001,1962,TraditionalPop,RnB,WeightedTransition,5,0,0,0
1001,1962,TraditionalPop,RockAndRoll,WeightedTransition,2,0,0,0
1001,1962,TraditionalPop,Soul,WeightedTransition,2,0,0,0
1001,1962,TraditionalPop,SurfRock,WeightedTransition,4,0,0,0
1001,1962,TraditionalPop,TeenPop,WeightedTransition,24,0,0,0
1001,1962,TraditionalPop,TexMex,AnnualFloor,1,0,1,0
1001,1962,TraditionalPop,TraditionalPop,AnnualFloor,2,0,2,0
1001,1962,TraditionalPop,TraditionalPop,Retained,258,0,0,0
1001,1962,TraditionalPop,TraditionalPop,WeightedTransition,37,0,0,0
1001,1963,Blues,Blues,Retained,83,0,0,0
1001,1963,Blues,Blues,WeightedTransition,8,0,0,0
1001,1963,Blues,BossaNova,WeightedTransition,3,0,0,0
1001,1963,Blues,Childrens,WeightedTransition,1,0,0,0
1001,1963,Blues,ContemporaryFolk,WeightedTransition,2,0,0,0
1001,1963,Blues,Country,WeightedTransition,1,0,0,0
1001,1963,Blues,DooWop,WeightedTransition,1,0,0,0
1001,1963,Blues,Gospel,WeightedTransition,1,0,0,0
1001,1963,Blues,Jazz,WeightedTransition,2,0,0,0
1001,1963,Blues,RnB,WeightedTransition,1,0,0,0
1001,1963,Blues,RockAndRoll,WeightedTransition,4,0,0,0
1001,1963,Blues,Soul,WeightedTransition,3,0,0,0
1001,1963,Blues,SurfRock,WeightedTransition,3,0,0,0
1001,1963,Blues,TeenPop,WeightedTransition,1,0,0,0
1001,1963,Blues,TraditionalPop,AnnualFloor,1,0,1,0
1001,1963,Blues,TraditionalPop,WeightedTransition,1,0,0,0
1001,1963,BossaNova,BossaNova,Retained,15,0,0,0
1001,1963,BossaNova,BossaNova,WeightedTransition,1,0,0,0
1001,1963,BossaNova,EasyListening,WeightedTransition,1,0,0,0
1001,1963,BossaNova,RockAndRoll,WeightedTransition,1,0,0,0
1001,1963,BossaNova,TeenPop,WeightedTransition,1,0,0,0
1001,1963,Childrens,BossaNova,WeightedTransition,1,0,0,0
1001,1963,Childrens,Childrens,Retained,19,0,0,0
1001,1963,Childrens,Childrens,WeightedTransition,1,0,0,0
1001,1963,Childrens,Comedy,WeightedTransition,1,0,0,0
1001,1963,Childrens,Folk,WeightedTransition,1,0,0,0
1001,1963,Childrens,TraditionalPop,WeightedTransition,1,0,0,0
1001,1963,Classical,Blues,WeightedTransition,1,0,0,0
1001,1963,Classical,BossaNova,AnnualFloor,1,0,1,0
1001,1963,Classical,BossaNova,WeightedTransition,1,0,0,0
1001,1963,Classical,Childrens,WeightedTransition,2,0,0,0
1001,1963,Classical,Classical,Retained,114,0,0,0
1001,1963,Classical,Classical,WeightedTransition,5,0,0,0
1001,1963,Classical,Comedy,WeightedTransition,1,0,0,0
1001,1963,Classical,ContemporaryFolk,WeightedTransition,1,0,0,0
1001,1963,Classical,Country,WeightedTransition,1,0,0,0
1001,1963,Classical,DooWop,WeightedTransition,1,0,0,0
1001,1963,Classical,EasyListening,WeightedTransition,1,0,0,0
1001,1963,Classical,Jazz,WeightedTransition,2,0,0,0
1001,1963,Classical,RnB,WeightedTransition,2,0,0,0
1001,1963,Classical,RockAndRoll,WeightedTransition,2,0,0,0
1001,1963,Classical,SurfRock,WeightedTransition,1,0,0,0
1001,1963,Classical,TexMex,WeightedTransition,1,0,0,0
1001,1963,Classical,TraditionalPop,WeightedTransition,2,0,0,0
1001,1963,Comedy,Childrens,WeightedTransition,1,0,0,0
1001,1963,Comedy,Comedy,Retained,47,0,0,0
1001,1963,Comedy,ContemporaryFolk,WeightedTransition,1,0,0,0
1001,1963,Comedy,EasyListening,WeightedTransition,2,0,0,0
1001,1963,Comedy,Folk,WeightedTransition,3,0,0,0
1001,1963,Comedy,GarageRock,WeightedTransition,1,0,0,0
1001,1963,Comedy,Jazz,WeightedTransition,2,0,0,0
1001,1963,Comedy,LatinPop,WeightedTransition,2,0,0,0
1001,1963,Comedy,RockAndRoll,WeightedTransition,1,0,0,0
1001,1963,Comedy,Soul,WeightedTransition,1,0,0,0
1001,1963,Comedy,SurfRock,WeightedTransition,1,0,0,0
1001,1963,ContemporaryFolk,Comedy,AnnualFloor,1,0,1,0
1001,1963,ContemporaryFolk,ContemporaryFolk,Retained,27,0,0,0
1001,1963,ContemporaryFolk,ContemporaryFolk,WeightedTransition,1,0,0,0
1001,1963,ContemporaryFolk,Country,WeightedTransition,1,0,0,0
1001,1963,ContemporaryFolk,EasyListening,WeightedTransition,1,0,0,0
1001,1963,ContemporaryFolk,Folk,WeightedTransition,3,0,0,0
1001,1963,ContemporaryFolk,GarageRock,WeightedTransition,1,0,0,0
1001,1963,ContemporaryFolk,RnB,WeightedTransition,1,0,0,0
1001,1963,Country,BossaNova,WeightedTransition,1,0,0,0
1001,1963,Country,Childrens,AnnualFloor,1,0,1,0
1001,1963,Country,Classical,WeightedTransition,2,0,0,0
1001,1963,Country,ContemporaryFolk,WeightedTransition,5,0,0,0
1001,1963,Country,Country,AnnualFloor,2,0,2,0
1001,1963,Country,Country,Retained,166,0,0,0
1001,1963,Country,Country,WeightedTransition,16,0,0,0
1001,1963,Country,DooWop,WeightedTransition,1,0,0,0
1001,1963,Country,EasyListening,AnnualFloor,1,0,1,0
1001,1963,Country,Folk,WeightedTransition,8,0,0,0
1001,1963,Country,GarageRock,AnnualFloor,1,0,1,0
1001,1963,Country,GarageRock,WeightedTransition,1,0,0,0
1001,1963,Country,Gospel,AnnualFloor,1,0,1,0
1001,1963,Country,Gospel,WeightedTransition,2,0,0,0
1001,1963,Country,Jazz,WeightedTransition,1,0,0,0
1001,1963,Country,RnB,WeightedTransition,1,0,0,0
1001,1963,Country,RockAndRoll,AnnualFloor,1,0,1,0
1001,1963,Country,RockAndRoll,WeightedTransition,4,0,0,0
1001,1963,Country,Soul,WeightedTransition,5,0,0,0
1001,1963,Country,SurfRock,WeightedTransition,1,0,0,0
1001,1963,Country,TeenPop,WeightedTransition,1,0,0,0
1001,1963,Country,TraditionalPop,WeightedTransition,1,0,0,0
1001,1963,DooWop,BossaNova,WeightedTransition,1,0,0,0
1001,1963,DooWop,Childrens,WeightedTransition,1,0,0,0
1001,1963,DooWop,Classical,WeightedTransition,2,0,0,0
1001,1963,DooWop,Comedy,WeightedTransition,3,0,0,0
1001,1963,DooWop,ContemporaryFolk,WeightedTransition,2,0,0,0
1001,1963,DooWop,Country,WeightedTransition,2,0,0,0
1001,1963,DooWop,DooWop,Retained,68,0,0,0
1001,1963,DooWop,DooWop,WeightedTransition,6,0,0,0
1001,1963,DooWop,EasyListening,WeightedTransition,6,0,0,0
1001,1963,DooWop,Folk,AnnualFloor,1,0,1,0
1001,1963,DooWop,Folk,WeightedTransition,2,0,0,0
1001,1963,DooWop,Gospel,WeightedTransition,3,0,0,0
1001,1963,DooWop,Jazz,WeightedTransition,3,0,0,0
1001,1963,DooWop,RnB,WeightedTransition,11,0,0,0
1001,1963,DooWop,RockAndRoll,WeightedTransition,4,0,0,0
1001,1963,DooWop,Soul,WeightedTransition,11,0,0,0
1001,1963,DooWop,SurfRock,WeightedTransition,5,0,0,0
1001,1963,DooWop,TeenPop,WeightedTransition,4,0,0,0
1001,1963,DooWop,TraditionalPop,WeightedTransition,3,0,0,0
1001,1963,EasyListening,BossaNova,WeightedTransition,1,0,0,0
1001,1963,EasyListening,Childrens,WeightedTransition,1,0,0,0
1001,1963,EasyListening,Classical,WeightedTransition,1,0,0,0
1001,1963,EasyListening,Comedy,WeightedTransition,3,0,0,0
1001,1963,EasyListening,ContemporaryFolk,AnnualFloor,1,0,1,0
1001,1963,EasyListening,ContemporaryFolk,WeightedTransition,2,0,0,0
1001,1963,EasyListening,Country,WeightedTransition,2,0,0,0
1001,1963,EasyListening,DooWop,WeightedTransition,3,0,0,0
1001,1963,EasyListening,EasyListening,Retained,148,0,0,0
1001,1963,EasyListening,EasyListening,WeightedTransition,12,0,0,0
1001,1963,EasyListening,Folk,WeightedTransition,2,0,0,0
1001,1963,EasyListening,GarageRock,WeightedTransition,1,0,0,0
1001,1963,EasyListening,Gospel,WeightedTransition,1,0,0,0
1001,1963,EasyListening,Jazz,AnnualFloor,1,0,1,0
1001,1963,EasyListening,Jazz,WeightedTransition,4,0,0,0
1001,1963,EasyListening,LatinPop,AnnualFloor,1,0,1,0
1001,1963,EasyListening,RnB,WeightedTransition,6,0,0,0
1001,1963,EasyListening,RockAndRoll,WeightedTransition,2,0,0,0
1001,1963,EasyListening,Soul,WeightedTransition,2,0,0,0
1001,1963,EasyListening,SurfRock,WeightedTransition,3,0,0,0
1001,1963,EasyListening,TeenPop,AnnualFloor,1,0,1,0
1001,1963,EasyListening,TeenPop,WeightedTransition,7,0,0,0
1001,1963,EasyListening,TexMex,WeightedTransition,1,0,0,0
1001,1963,EasyListening,TraditionalPop,WeightedTransition,4,0,0,0
1001,1963,Folk,Blues,AnnualFloor,1,0,1,0
1001,1963,Folk,Classical,WeightedTransition,1,0,0,0
1001,1963,Folk,ContemporaryFolk,AnnualFloor,1,0,1,0
1001,1963,Folk,ContemporaryFolk,WeightedTransition,2,0,0,0
1001,1963,Folk,Country,WeightedTransition,3,0,0,0
1001,1963,Folk,EasyListening,WeightedTransition,1,0,0,0
1001,1963,Folk,Folk,AnnualFloor,1,0,1,0
1001,1963,Folk,Folk,Retained,210,0,0,0
1001,1963,Folk,Folk,WeightedTransition,13,0,0,0
1001,1963,Folk,Gospel,WeightedTransition,1,0,0,0
1001,1963,Folk,Jazz,AnnualFloor,1,0,1,0
1001,1963,Folk,LatinPop,AnnualFloor,1,0,1,0
1001,1963,Folk,RockAndRoll,WeightedTransition,3,0,0,0
1001,1963,Folk,Soul,AnnualFloor,1,0,1,0
1001,1963,Folk,Soul,WeightedTransition,5,0,0,0
1001,1963,Folk,SurfRock,WeightedTransition,2,0,0,0
1001,1963,Folk,TeenPop,WeightedTransition,4,0,0,0
1001,1963,Folk,TraditionalPop,WeightedTransition,4,0,0,0
1001,1963,GarageRock,Childrens,WeightedTransition,2,0,0,0
1001,1963,GarageRock,GarageRock,Retained,5,0,0,0
1001,1963,GarageRock,Soul,WeightedTransition,1,0,0,0
1001,1963,Gospel,Classical,WeightedTransition,1,0,0,0
1001,1963,Gospel,Comedy,WeightedTransition,1,0,0,0
1001,1963,Gospel,ContemporaryFolk,WeightedTransition,1,0,0,0
1001,1963,Gospel,Country,WeightedTransition,1,0,0,0
1001,1963,Gospel,DooWop,WeightedTransition,1,0,0,0
1001,1963,Gospel,EasyListening,WeightedTransition,1,0,0,0
1001,1963,Gospel,Folk,WeightedTransition,2,0,0,0
1001,1963,Gospel,Gospel,Retained,37,0,0,0
1001,1963,Gospel,Gospel,WeightedTransition,2,0,0,0
1001,1963,Gospel,RnB,WeightedTransition,2,0,0,0
1001,1963,Gospel,RockAndRoll,WeightedTransition,3,0,0,0
1001,1963,Gospel,Soul,WeightedTransition,3,0,0,0
1001,1963,Gospel,TeenPop,WeightedTransition,2,0,0,0
1001,1963,Gospel,TexMex,WeightedTransition,1,0,0,0
1001,1963,Gospel,TraditionalPop,WeightedTransition,1,0,0,0
1001,1963,Jazz,BossaNova,WeightedTransition,8,0,0,0
1001,1963,Jazz,Childrens,WeightedTransition,2,0,0,0
1001,1963,Jazz,Classical,WeightedTransition,2,0,0,0
1001,1963,Jazz,ContemporaryFolk,WeightedTransition,2,0,0,0
1001,1963,Jazz,Country,AnnualFloor,1,0,1,0
1001,1963,Jazz,Country,WeightedTransition,5,0,0,0
1001,1963,Jazz,DooWop,WeightedTransition,4,0,0,0
1001,1963,Jazz,EasyListening,WeightedTransition,7,0,0,0
1001,1963,Jazz,Folk,WeightedTransition,8,0,0,0
1001,1963,Jazz,Gospel,WeightedTransition,2,0,0,0
1001,1963,Jazz,Jazz,AnnualFloor,1,0,1,0
1001,1963,Jazz,Jazz,Retained,94,0,0,0
1001,1963,Jazz,Jazz,WeightedTransition,18,0,0,0
1001,1963,Jazz,RnB,WeightedTransition,5,0,0,0
1001,1963,Jazz,RockAndRoll,WeightedTransition,1,0,0,0
1001,1963,Jazz,Soul,WeightedTransition,6,0,0,0
1001,1963,Jazz,SurfRock,AnnualFloor,1,0,1,0
1001,1963,Jazz,SurfRock,WeightedTransition,5,0,0,0
1001,1963,Jazz,TeenPop,WeightedTransition,6,0,0,0
1001,1963,Jazz,TraditionalPop,AnnualFloor,1,0,1,0
1001,1963,Jazz,TraditionalPop,WeightedTransition,8,0,0,0
1001,1963,LatinPop,BossaNova,WeightedTransition,1,0,0,0
1001,1963,LatinPop,Childrens,AnnualFloor,1,0,1,0
1001,1963,LatinPop,EasyListening,WeightedTransition,2,0,0,0
1001,1963,LatinPop,Folk,WeightedTransition,1,0,0,0
1001,1963,LatinPop,LatinPop,Retained,30,0,0,0
1001,1963,LatinPop,LatinPop,WeightedTransition,3,0,0,0
1001,1963,LatinPop,RockAndRoll,WeightedTransition,1,0,0,0
1001,1963,LatinPop,Soul,WeightedTransition,2,0,0,0
1001,1963,LatinPop,SurfRock,WeightedTransition,1,0,0,0
1001,1963,LatinPop,TeenPop,WeightedTransition,1,0,0,0
1001,1963,LatinPop,TexMex,AnnualFloor,1,0,1,0
1001,1963,RnB,Blues,AnnualFloor,1,0,1,0
1001,1963,RnB,Blues,WeightedTransition,2,0,0,0
1001,1963,RnB,BossaNova,AnnualFloor,1,0,1,0
1001,1963,RnB,BossaNova,WeightedTransition,1,0,0,0
1001,1963,RnB,Childrens,WeightedTransition,1,0,0,0
1001,1963,RnB,Classical,WeightedTransition,2,0,0,0
1001,1963,RnB,Comedy,AnnualFloor,1,0,1,0
1001,1963,RnB,Comedy,WeightedTransition,4,0,0,0
1001,1963,RnB,ContemporaryFolk,AnnualFloor,1,0,1,0
1001,1963,RnB,ContemporaryFolk,WeightedTransition,3,0,0,0
1001,1963,RnB,Country,WeightedTransition,3,0,0,0
1001,1963,RnB,DooWop,AnnualFloor,1,0,1,0
1001,1963,RnB,DooWop,WeightedTransition,6,0,0,0
1001,1963,RnB,Folk,WeightedTransition,3,0,0,0
1001,1963,RnB,Gospel,WeightedTransition,4,0,0,0
1001,1963,RnB,LatinPop,WeightedTransition,1,0,0,0
1001,1963,RnB,RnB,AnnualFloor,2,0,2,0
1001,1963,RnB,RnB,Retained,359,0,0,0
1001,1963,RnB,RnB,WeightedTransition,30,0,0,0
1001,1963,RnB,RockAndRoll,WeightedTransition,5,0,0,0
1001,1963,RnB,Soul,AnnualFloor,1,0,1,0
1001,1963,RnB,Soul,WeightedTransition,19,0,0,0
1001,1963,RnB,SurfRock,WeightedTransition,5,0,0,0
1001,1963,RnB,TeenPop,WeightedTransition,1,0,0,0
1001,1963,RnB,TraditionalPop,WeightedTransition,1,0,0,0
1001,1963,RockAndRoll,Blues,WeightedTransition,3,0,0,0
1001,1963,RockAndRoll,BossaNova,WeightedTransition,3,0,0,0
1001,1963,RockAndRoll,BritishBeat,AnnualFloor,2,0,2,0
1001,1963,RockAndRoll,Classical,AnnualFloor,2,0,2,0
1001,1963,RockAndRoll,Classical,WeightedTransition,2,0,0,0
1001,1963,RockAndRoll,Comedy,AnnualFloor,1,0,1,0
1001,1963,RockAndRoll,Comedy,WeightedTransition,4,0,0,0
1001,1963,RockAndRoll,ContemporaryFolk,WeightedTransition,2,0,0,0
1001,1963,RockAndRoll,Country,WeightedTransition,2,0,0,0
1001,1963,RockAndRoll,DooWop,WeightedTransition,7,0,0,0
1001,1963,RockAndRoll,EasyListening,WeightedTransition,4,0,0,0
1001,1963,RockAndRoll,Folk,WeightedTransition,3,0,0,0
1001,1963,RockAndRoll,GarageRock,AnnualFloor,1,0,1,0
1001,1963,RockAndRoll,GarageRock,WeightedTransition,6,0,0,0
1001,1963,RockAndRoll,Gospel,WeightedTransition,3,0,0,0
1001,1963,RockAndRoll,Jazz,WeightedTransition,5,0,0,0
1001,1963,RockAndRoll,LatinPop,WeightedTransition,5,0,0,0
1001,1963,RockAndRoll,RnB,WeightedTransition,13,0,0,0
1001,1963,RockAndRoll,RockAndRoll,AnnualFloor,2,0,2,0
1001,1963,RockAndRoll,RockAndRoll,Retained,307,0,0,0
1001,1963,RockAndRoll,RockAndRoll,WeightedTransition,61,0,0,0
1001,1963,RockAndRoll,Soul,WeightedTransition,10,0,0,0
1001,1963,RockAndRoll,SurfRock,AnnualFloor,1,0,1,0
1001,1963,RockAndRoll,SurfRock,WeightedTransition,12,0,0,0
1001,1963,RockAndRoll,TeenPop,WeightedTransition,13,0,0,0
1001,1963,RockAndRoll,TexMex,WeightedTransition,4,0,0,0
1001,1963,RockAndRoll,TraditionalPop,WeightedTransition,9,0,0,0
1001,1963,Soul,Blues,AnnualFloor,1,0,1,0
1001,1963,Soul,BossaNova,WeightedTransition,4,0,0,0
1001,1963,Soul,Childrens,AnnualFloor,1,0,1,0
1001,1963,Soul,Classical,WeightedTransition,2,0,0,0
1001,1963,Soul,Comedy,WeightedTransition,3,0,0,0
1001,1963,Soul,ContemporaryFolk,WeightedTransition,3,0,0,0
1001,1963,Soul,Country,WeightedTransition,4,0,0,0
1001,1963,Soul,DooWop,AnnualFloor,2,0,2,0
1001,1963,Soul,DooWop,WeightedTransition,9,0,0,0
1001,1963,Soul,EasyListening,WeightedTransition,6,0,0,0
1001,1963,Soul,Folk,WeightedTransition,1,0,0,0
1001,1963,Soul,Gospel,AnnualFloor,1,0,1,0
1001,1963,Soul,Gospel,WeightedTransition,10,0,0,0
1001,1963,Soul,Jazz,WeightedTransition,1,0,0,0
1001,1963,Soul,LatinPop,WeightedTransition,1,0,0,0
1001,1963,Soul,RnB,WeightedTransition,24,0,0,0
1001,1963,Soul,RockAndRoll,WeightedTransition,8,0,0,0
1001,1963,Soul,Soul,AnnualFloor,1,0,1,0
1001,1963,Soul,Soul,Retained,328,0,0,0
1001,1963,Soul,Soul,WeightedTransition,31,0,0,0
1001,1963,Soul,SurfRock,WeightedTransition,4,0,0,0
1001,1963,Soul,TeenPop,WeightedTransition,5,0,0,0
1001,1963,Soul,TexMex,WeightedTransition,1,0,0,0
1001,1963,Soul,TraditionalPop,WeightedTransition,5,0,0,0
1001,1963,SurfRock,Country,WeightedTransition,2,0,0,0
1001,1963,SurfRock,EasyListening,WeightedTransition,2,0,0,0
1001,1963,SurfRock,Gospel,WeightedTransition,1,0,0,0
1001,1963,SurfRock,Soul,WeightedTransition,1,0,0,0
1001,1963,SurfRock,SurfRock,Retained,37,0,0,0
1001,1963,SurfRock,SurfRock,WeightedTransition,2,0,0,0
1001,1963,TeenPop,Blues,WeightedTransition,1,0,0,0
1001,1963,TeenPop,BossaNova,WeightedTransition,3,0,0,0
1001,1963,TeenPop,BritishBeat,AnnualFloor,1,0,1,0
1001,1963,TeenPop,Childrens,WeightedTransition,2,0,0,0
1001,1963,TeenPop,Classical,WeightedTransition,2,0,0,0
1001,1963,TeenPop,Comedy,WeightedTransition,2,0,0,0
1001,1963,TeenPop,ContemporaryFolk,WeightedTransition,1,0,0,0
1001,1963,TeenPop,Country,WeightedTransition,3,0,0,0
1001,1963,TeenPop,DooWop,WeightedTransition,7,0,0,0
1001,1963,TeenPop,EasyListening,WeightedTransition,5,0,0,0
1001,1963,TeenPop,Folk,AnnualFloor,1,0,1,0
1001,1963,TeenPop,Folk,WeightedTransition,3,0,0,0
1001,1963,TeenPop,GarageRock,AnnualFloor,1,0,1,0
1001,1963,TeenPop,Gospel,WeightedTransition,3,0,0,0
1001,1963,TeenPop,Jazz,WeightedTransition,2,0,0,0
1001,1963,TeenPop,LatinPop,AnnualFloor,1,0,1,0
1001,1963,TeenPop,LatinPop,WeightedTransition,2,0,0,0
1001,1963,TeenPop,RnB,AnnualFloor,1,0,1,0
1001,1963,TeenPop,RnB,WeightedTransition,7,0,0,0
1001,1963,TeenPop,RockAndRoll,WeightedTransition,3,0,0,0
1001,1963,TeenPop,Soul,WeightedTransition,4,0,0,0
1001,1963,TeenPop,SurfRock,WeightedTransition,1,0,0,0
1001,1963,TeenPop,TeenPop,AnnualFloor,2,0,2,0
1001,1963,TeenPop,TeenPop,Retained,251,0,0,0
1001,1963,TeenPop,TeenPop,WeightedTransition,24,0,0,0
1001,1963,TeenPop,TexMex,AnnualFloor,1,0,1,0
1001,1963,TeenPop,TexMex,WeightedTransition,1,0,0,0
1001,1963,TeenPop,TraditionalPop,WeightedTransition,7,0,0,0
1001,1963,TexMex,RockAndRoll,WeightedTransition,1,0,0,0
1001,1963,TexMex,TexMex,Retained,17,0,0,0
1001,1963,TexMex,TexMex,WeightedTransition,3,0,0,0
1001,1963,TraditionalPop,BossaNova,AnnualFloor,1,0,1,0
1001,1963,TraditionalPop,BossaNova,WeightedTransition,9,0,0,0
1001,1963,TraditionalPop,Childrens,WeightedTransition,1,0,0,0
1001,1963,TraditionalPop,Classical,AnnualFloor,1,0,1,0
1001,1963,TraditionalPop,Classical,WeightedTransition,1,0,0,0
1001,1963,TraditionalPop,Comedy,WeightedTransition,2,0,0,0
1001,1963,TraditionalPop,ContemporaryFolk,WeightedTransition,1,0,0,0
1001,1963,TraditionalPop,Country,WeightedTransition,3,0,0,0
1001,1963,TraditionalPop,DooWop,WeightedTransition,5,0,0,0
1001,1963,TraditionalPop,EasyListening,AnnualFloor,2,0,2,0
1001,1963,TraditionalPop,EasyListening,WeightedTransition,12,0,0,0
1001,1963,TraditionalPop,Folk,WeightedTransition,6,0,0,0
1001,1963,TraditionalPop,GarageRock,WeightedTransition,2,0,0,0
1001,1963,TraditionalPop,Gospel,AnnualFloor,1,0,1,0
1001,1963,TraditionalPop,Gospel,WeightedTransition,5,0,0,0
1001,1963,TraditionalPop,Jazz,WeightedTransition,3,0,0,0
1001,1963,TraditionalPop,LatinPop,WeightedTransition,1,0,0,0
1001,1963,TraditionalPop,RnB,WeightedTransition,3,0,0,0
1001,1963,TraditionalPop,RockAndRoll,WeightedTransition,6,0,0,0
1001,1963,TraditionalPop,Soul,WeightedTransition,6,0,0,0
1001,1963,TraditionalPop,SurfRock,AnnualFloor,1,0,1,0
1001,1963,TraditionalPop,SurfRock,WeightedTransition,5,0,0,0
1001,1963,TraditionalPop,TeenPop,WeightedTransition,12,0,0,0
1001,1963,TraditionalPop,TexMex,AnnualFloor,1,0,1,0
1001,1963,TraditionalPop,TraditionalPop,AnnualFloor,1,0,1,0
1001,1963,TraditionalPop,TraditionalPop,Retained,184,0,0,0
1001,1963,TraditionalPop,TraditionalPop,WeightedTransition,39,0,0,0
1001,1964,Blues,Blues,Retained,77,0,0,0
1001,1964,Blues,Blues,WeightedTransition,2,0,0,0
1001,1964,Blues,BritishBeat,WeightedTransition,7,0,0,0
1001,1964,Blues,BritishPop,WeightedTransition,1,0,0,0
1001,1964,Blues,Country,WeightedTransition,2,0,0,0
1001,1964,Blues,DooWop,WeightedTransition,1,0,0,0
1001,1964,Blues,Folk,WeightedTransition,2,0,0,0
1001,1964,Blues,Gospel,AnnualFloor,1,0,1,0
1001,1964,Blues,Jazz,WeightedTransition,1,0,0,0
1001,1964,Blues,RockAndRoll,WeightedTransition,3,0,0,0
1001,1964,Blues,Soul,WeightedTransition,1,0,0,0
1001,1964,Blues,SurfRock,WeightedTransition,3,0,0,0
1001,1964,Blues,TraditionalPop,WeightedTransition,2,0,0,0
1001,1964,BossaNova,BossaNova,AnnualFloor,1,0,1,0
1001,1964,BossaNova,BossaNova,Retained,31,0,0,0
1001,1964,BossaNova,BossaNova,WeightedTransition,3,0,0,0
1001,1964,BossaNova,ContemporaryFolk,WeightedTransition,2,0,0,0
1001,1964,BossaNova,Jazz,AnnualFloor,1,0,1,0
1001,1964,BossaNova,Jazz,WeightedTransition,1,0,0,0
1001,1964,BossaNova,Soul,WeightedTransition,2,0,0,0
1001,1964,BritishBeat,BritishBeat,Retained,44,0,0,0
1001,1964,BritishBeat,BritishBeat,WeightedTransition,4,0,0,0
1001,1964,BritishBeat,ContemporaryFolk,WeightedTransition,1,0,0,0
1001,1964,BritishBeat,TeenPop,WeightedTransition,1,0,0,0
1001,1964,BritishBlues,BritishBlues,Retained,1,0,0,0
1001,1964,BritishBlues,RockAndRoll,WeightedTransition,1,0,0,0
1001,1964,BritishPop,BritishPop,Retained,29,0,0,0
1001,1964,BritishPop,BritishPop,WeightedTransition,3,0,0,0
1001,1964,BritishPop,EasyListening,WeightedTransition,1,0,0,0
1001,1964,BritishPop,TeenPop,WeightedTransition,1,0,0,0
1001,1964,Childrens,BritishBeat,WeightedTransition,2,0,0,0
1001,1964,Childrens,BritishPop,WeightedTransition,1,0,0,0
1001,1964,Childrens,Childrens,Retained,16,0,0,0
1001,1964,Childrens,Childrens,WeightedTransition,1,0,0,0
1001,1964,Childrens,GarageRock,WeightedTransition,1,0,0,0
1001,1964,Classical,BritishBeat,WeightedTransition,4,0,0,0
1001,1964,Classical,Classical,Retained,72,0,0,0
1001,1964,Classical,Comedy,WeightedTransition,1,0,0,0
1001,1964,Classical,DooWop,WeightedTransition,1,0,0,0
1001,1964,Classical,Folk,AnnualFloor,1,0,1,0
1001,1964,Classical,Folk,WeightedTransition,1,0,0,0
1001,1964,Classical,LatinPop,AnnualFloor,1,0,1,0
1001,1964,Comedy,BossaNova,WeightedTransition,2,0,0,0
1001,1964,Comedy,BritishBeat,WeightedTransition,5,0,0,0
1001,1964,Comedy,BritishPop,AnnualFloor,1,0,1,0
1001,1964,Comedy,BritishPop,WeightedTransition,1,0,0,0
1001,1964,Comedy,Childrens,WeightedTransition,2,0,0,0
1001,1964,Comedy,Classical,WeightedTransition,1,0,0,0
1001,1964,Comedy,Comedy,AnnualFloor,1,0,1,0
1001,1964,Comedy,Comedy,Retained,37,0,0,0
1001,1964,Comedy,Comedy,WeightedTransition,2,0,0,0
1001,1964,Comedy,ContemporaryFolk,AnnualFloor,1,0,1,0
1001,1964,Comedy,Country,AnnualFloor,1,0,1,0
1001,1964,Comedy,Country,WeightedTransition,1,0,0,0
1001,1964,Comedy,Jazz,WeightedTransition,1,0,0,0
1001,1964,Comedy,LatinPop,WeightedTransition,1,0,0,0
1001,1964,Comedy,Soul,WeightedTransition,2,0,0,0
1001,1964,Comedy,SurfRock,WeightedTransition,1,0,0,0
1001,1964,Comedy,TeenPop,WeightedTransition,2,0,0,0
1001,1964,Comedy,TexMex,WeightedTransition,1,0,0,0
1001,1964,Comedy,TraditionalPop,AnnualFloor,1,0,1,0
1001,1964,Comedy,TraditionalPop,WeightedTransition,1,0,0,0
1001,1964,ContemporaryFolk,BritishBeat,WeightedTransition,1,0,0,0
1001,1964,ContemporaryFolk,ContemporaryFolk,Retained,34,0,0,0
1001,1964,ContemporaryFolk,ContemporaryFolk,WeightedTransition,3,0,0,0
1001,1964,ContemporaryFolk,RockAndRoll,WeightedTransition,2,0,0,0
1001,1964,Country,Blues,WeightedTransition,1,0,0,0
1001,1964,Country,BossaNova,WeightedTransition,3,0,0,0
1001,1964,Country,BritishBeat,WeightedTransition,3,0,0,0
1001,1964,Country,BritishBlues,AnnualFloor,1,0,1,0
1001,1964,Country,BritishPop,WeightedTransition,1,0,0,0
1001,1964,Country,Childrens,AnnualFloor,1,0,1,0
1001,1964,Country,Childrens,WeightedTransition,1,0,0,0
1001,1964,Country,Classical,WeightedTransition,2,0,0,0
1001,1964,Country,ContemporaryFolk,WeightedTransition,2,0,0,0
1001,1964,Country,Country,Retained,176,0,0,0
1001,1964,Country,Country,WeightedTransition,4,0,0,0
1001,1964,Country,DooWop,AnnualFloor,1,0,1,0
1001,1964,Country,Folk,AnnualFloor,1,0,1,0
1001,1964,Country,Folk,WeightedTransition,4,0,0,0
1001,1964,Country,GarageRock,WeightedTransition,2,0,0,0
1001,1964,Country,Gospel,WeightedTransition,3,0,0,0
1001,1964,Country,RnB,WeightedTransition,2,0,0,0
1001,1964,Country,RockAndRoll,WeightedTransition,3,0,0,0
1001,1964,Country,Soul,WeightedTransition,3,0,0,0
1001,1964,Country,SurfRock,WeightedTransition,2,0,0,0
1001,1964,Country,TeenPop,WeightedTransition,2,0,0,0
1001,1964,Country,TexMex,WeightedTransition,1,0,0,0
1001,1964,DooWop,Blues,WeightedTransition,1,0,0,0
1001,1964,DooWop,BossaNova,WeightedTransition,3,0,0,0
1001,1964,DooWop,BritishBeat,WeightedTransition,11,0,0,0
1001,1964,DooWop,BritishPop,WeightedTransition,9,0,0,0
1001,1964,DooWop,Childrens,WeightedTransition,1,0,0,0
1001,1964,DooWop,Classical,WeightedTransition,3,0,0,0
1001,1964,DooWop,Comedy,WeightedTransition,1,0,0,0
1001,1964,DooWop,ContemporaryFolk,WeightedTransition,4,0,0,0
1001,1964,DooWop,Country,WeightedTransition,2,0,0,0
1001,1964,DooWop,DooWop,Retained,35,0,0,0
1001,1964,DooWop,DooWop,WeightedTransition,7,0,0,0
1001,1964,DooWop,EasyListening,AnnualFloor,1,0,1,0
1001,1964,DooWop,EasyListening,WeightedTransition,1,0,0,0
1001,1964,DooWop,Folk,WeightedTransition,2,0,0,0
1001,1964,DooWop,GarageRock,WeightedTransition,1,0,0,0
1001,1964,DooWop,Gospel,WeightedTransition,4,0,0,0
1001,1964,DooWop,Jazz,WeightedTransition,1,0,0,0
1001,1964,DooWop,RnB,WeightedTransition,2,0,0,0
1001,1964,DooWop,RockAndRoll,WeightedTransition,1,0,0,0
1001,1964,DooWop,Ska,WeightedTransition,1,0,0,0
1001,1964,DooWop,Soul,WeightedTransition,12,0,0,0
1001,1964,DooWop,SurfRock,WeightedTransition,1,0,0,0
1001,1964,DooWop,TeenPop,WeightedTransition,2,0,0,0
1001,1964,DooWop,TraditionalPop,WeightedTransition,1,0,0,0
1001,1964,EasyListening,Blues,WeightedTransition,2,0,0,0
1001,1964,EasyListening,BossaNova,WeightedTransition,1,0,0,0
1001,1964,EasyListening,BritishBeat,WeightedTransition,6,0,0,0
1001,1964,EasyListening,BritishPop,WeightedTransition,14,0,0,0
1001,1964,EasyListening,Childrens,WeightedTransition,2,0,0,0
1001,1964,EasyListening,Comedy,AnnualFloor,1,0,1,0
1001,1964,EasyListening,Comedy,WeightedTransition,1,0,0,0
1001,1964,EasyListening,Country,WeightedTransition,1,0,0,0
1001,1964,EasyListening,EasyListening,Retained,114,0,0,0
1001,1964,EasyListening,EasyListening,WeightedTransition,19,0,0,0
1001,1964,EasyListening,Folk,WeightedTransition,1,0,0,0
1001,1964,EasyListening,GarageRock,WeightedTransition,1,0,0,0
1001,1964,EasyListening,Gospel,WeightedTransition,1,0,0,0
1001,1964,EasyListening,Jazz,AnnualFloor,1,0,1,0
1001,1964,EasyListening,Jazz,WeightedTransition,1,0,0,0
1001,1964,EasyListening,LatinPop,AnnualFloor,1,0,1,0
1001,1964,EasyListening,LatinPop,WeightedTransition,2,0,0,0
1001,1964,EasyListening,RnB,WeightedTransition,3,0,0,0
1001,1964,EasyListening,RockAndRoll,WeightedTransition,1,0,0,0
1001,1964,EasyListening,Soul,WeightedTransition,1,0,0,0
1001,1964,EasyListening,SurfRock,WeightedTransition,2,0,0,0
1001,1964,EasyListening,TeenPop,WeightedTransition,4,0,0,0
1001,1964,EasyListening,TraditionalPop,WeightedTransition,6,0,0,0
1001,1964,Folk,Blues,AnnualFloor,1,0,1,0
1001,1964,Folk,BossaNova,WeightedTransition,1,0,0,0
1001,1964,Folk,BritishBeat,WeightedTransition,3,0,0,0
1001,1964,Folk,BritishPop,WeightedTransition,2,0,0,0
1001,1964,Folk,Childrens,AnnualFloor,1,0,1,0
1001,1964,Folk,Classical,WeightedTransition,1,0,0,0
1001,1964,Folk,Comedy,WeightedTransition,1,0,0,0
1001,1964,Folk,ContemporaryFolk,WeightedTransition,4,0,0,0
1001,1964,Folk,Country,WeightedTransition,2,0,0,0
1001,1964,Folk,DooWop,WeightedTransition,1,0,0,0
1001,1964,Folk,EasyListening,WeightedTransition,2,0,0,0
1001,1964,Folk,Folk,Retained,206,0,0,0
1001,1964,Folk,Folk,WeightedTransition,5,0,0,0
1001,1964,Folk,GarageRock,AnnualFloor,1,0,1,0
1001,1964,Folk,GarageRock,WeightedTransition,1,0,0,0
1001,1964,Folk,Gospel,WeightedTransition,1,0,0,0
1001,1964,Folk,RnB,WeightedTransition,3,0,0,0
1001,1964,Folk,Ska,WeightedTransition,1,0,0,0
1001,1964,Folk,SurfRock,WeightedTransition,1,0,0,0
1001,1964,Folk,TeenPop,WeightedTransition,1,0,0,0
1001,1964,Folk,TexMex,WeightedTransition,1,0,0,0
1001,1964,Folk,TraditionalPop,AnnualFloor,1,0,1,0
1001,1964,GarageRock,BritishPop,WeightedTransition,2,0,0,0
1001,1964,GarageRock,GarageRock,Retained,12,0,0,0
1001,1964,GarageRock,RockAndRoll,WeightedTransition,1,0,0,0
1001,1964,Gospel,BritishBeat,WeightedTransition,1,0,0,0
1001,1964,Gospel,BritishPop,WeightedTransition,1,0,0,0
1001,1964,Gospel,Childrens,WeightedTransition,1,0,0,0
1001,1964,Gospel,DooWop,WeightedTransition,1,0,0,0
1001,1964,Gospel,EasyListening,WeightedTransition,2,0,0,0
1001,1964,Gospel,Gospel,Retained,36,0,0,0
1001,1964,Gospel,Gospel,WeightedTransition,5,0,0,0
1001,1964,Gospel,Jazz,WeightedTransition,1,0,0,0
1001,1964,Gospel,RnB,WeightedTransition,2,0,0,0
1001,1964,Gospel,Soul,AnnualFloor,1,0,1,0
1001,1964,Gospel,Soul,WeightedTransition,3,0,0,0
1001,1964,Gospel,SurfRock,WeightedTransition,2,0,0,0
1001,1964,Gospel,TeenPop,WeightedTransition,2,0,0,0
1001,1964,Gospel,TexMex,WeightedTransition,1,0,0,0
1001,1964,Jazz,Blues,WeightedTransition,1,0,0,0
1001,1964,Jazz,BossaNova,WeightedTransition,9,0,0,0
1001,1964,Jazz,BritishBeat,AnnualFloor,1,0,1,0
1001,1964,Jazz,BritishBeat,WeightedTransition,9,0,0,0
1001,1964,Jazz,BritishBlues,AnnualFloor,1,0,1,0
1001,1964,Jazz,BritishPop,WeightedTransition,15,0,0,0
1001,1964,Jazz,Classical,AnnualFloor,1,0,1,0
1001,1964,Jazz,Classical,WeightedTransition,2,0,0,0
1001,1964,Jazz,Comedy,WeightedTransition,1,0,0,0
1001,1964,Jazz,ContemporaryFolk,WeightedTransition,3,0,0,0
1001,1964,Jazz,Country,WeightedTransition,5,0,0,0
1001,1964,Jazz,DooWop,AnnualFloor,1,0,1,0
1001,1964,Jazz,DooWop,WeightedTransition,1,0,0,0
1001,1964,Jazz,EasyListening,WeightedTransition,3,0,0,0
1001,1964,Jazz,Folk,WeightedTransition,2,0,0,0
1001,1964,Jazz,GarageRock,WeightedTransition,1,0,0,0
1001,1964,Jazz,Jazz,Retained,70,0,0,0
1001,1964,Jazz,Jazz,WeightedTransition,19,0,0,0
1001,1964,Jazz,LatinPop,WeightedTransition,2,0,0,0
1001,1964,Jazz,RnB,WeightedTransition,8,0,0,0
1001,1964,Jazz,RockAndRoll,WeightedTransition,7,0,0,0
1001,1964,Jazz,Ska,AnnualFloor,1,0,1,0
1001,1964,Jazz,Soul,WeightedTransition,11,0,0,0
1001,1964,Jazz,SurfRock,WeightedTransition,1,0,0,0
1001,1964,Jazz,TeenPop,WeightedTransition,4,0,0,0
1001,1964,Jazz,TexMex,WeightedTransition,1,0,0,0
1001,1964,LatinPop,BritishPop,WeightedTransition,1,0,0,0
1001,1964,LatinPop,GarageRock,WeightedTransition,1,0,0,0
1001,1964,LatinPop,Gospel,WeightedTransition,2,0,0,0
1001,1964,LatinPop,Jazz,WeightedTransition,1,0,0,0
1001,1964,LatinPop,LatinPop,Retained,29,0,0,0
1001,1964,LatinPop,SurfRock,WeightedTransition,1,0,0,0
1001,1964,RnB,Blues,AnnualFloor,1,0,1,0
1001,1964,RnB,Blues,WeightedTransition,1,0,0,0
1001,1964,RnB,BritishBeat,WeightedTransition,3,0,0,0
1001,1964,RnB,BritishPop,WeightedTransition,2,0,0,0
1001,1964,RnB,Childrens,WeightedTransition,2,0,0,0
1001,1964,RnB,Classical,AnnualFloor,2,0,2,0
1001,1964,RnB,Comedy,AnnualFloor,1,0,1,0
1001,1964,RnB,Country,WeightedTransition,2,0,0,0
1001,1964,RnB,DooWop,AnnualFloor,1,0,1,0
1001,1964,RnB,DooWop,WeightedTransition,4,0,0,0
1001,1964,RnB,EasyListening,AnnualFloor,2,0,2,0
1001,1964,RnB,Folk,WeightedTransition,3,0,0,0
1001,1964,RnB,GarageRock,AnnualFloor,1,0,1,0
1001,1964,RnB,Gospel,WeightedTransition,1,0,0,0
1001,1964,RnB,RnB,AnnualFloor,1,0,1,0
1001,1964,RnB,RnB,Retained,335,0,0,0
1001,1964,RnB,RnB,WeightedTransition,18,0,0,0
1001,1964,RnB,Ska,WeightedTransition,1,0,0,0
1001,1964,RnB,Soul,AnnualFloor,1,0,1,0
1001,1964,RnB,Soul,WeightedTransition,8,0,0,0
1001,1964,RnB,SurfRock,WeightedTransition,1,0,0,0
1001,1964,RnB,TexMex,AnnualFloor,1,0,1,0
1001,1964,RnB,TexMex,WeightedTransition,2,0,0,0
1001,1964,RockAndRoll,Blues,AnnualFloor,1,0,1,0
1001,1964,RockAndRoll,Blues,WeightedTransition,3,0,0,0
1001,1964,RockAndRoll,BossaNova,AnnualFloor,1,0,1,0
1001,1964,RockAndRoll,BritishBeat,AnnualFloor,1,0,1,0
1001,1964,RockAndRoll,BritishBeat,WeightedTransition,64,0,0,0
1001,1964,RockAndRoll,BritishBlues,AnnualFloor,1,0,1,0
1001,1964,RockAndRoll,BritishBlues,WeightedTransition,3,0,0,0
1001,1964,RockAndRoll,BritishPop,WeightedTransition,14,0,0,0
1001,1964,RockAndRoll,Childrens,AnnualFloor,1,0,1,0
1001,1964,RockAndRoll,Classical,WeightedTransition,1,0,0,0
1001,1964,RockAndRoll,Comedy,WeightedTransition,3,0,0,0
1001,1964,RockAndRoll,ContemporaryFolk,WeightedTransition,3,0,0,0
1001,1964,RockAndRoll,Country,WeightedTransition,5,0,0,0
1001,1964,RockAndRoll,EasyListening,WeightedTransition,5,0,0,0
1001,1964,RockAndRoll,Folk,WeightedTransition,3,0,0,0
1001,1964,RockAndRoll,GarageRock,WeightedTransition,12,0,0,0
1001,1964,RockAndRoll,Gospel,AnnualFloor,1,0,1,0
1001,1964,RockAndRoll,Gospel,WeightedTransition,3,0,0,0
1001,1964,RockAndRoll,Jazz,WeightedTransition,4,0,0,0
1001,1964,RockAndRoll,LatinPop,WeightedTransition,1,0,0,0
1001,1964,RockAndRoll,RnB,WeightedTransition,10,0,0,0
1001,1964,RockAndRoll,RockAndRoll,AnnualFloor,2,0,2,0
1001,1964,RockAndRoll,RockAndRoll,Retained,243,0,0,0
1001,1964,RockAndRoll,RockAndRoll,WeightedTransition,34,0,0,0
1001,1964,RockAndRoll,Ska,AnnualFloor,1,0,1,0
1001,1964,RockAndRoll,Ska,WeightedTransition,1,0,0,0
1001,1964,RockAndRoll,Soul,WeightedTransition,9,0,0,0
1001,1964,RockAndRoll,SurfRock,AnnualFloor,1,0,1,0
1001,1964,RockAndRoll,SurfRock,WeightedTransition,10,0,0,0
1001,1964,RockAndRoll,TeenPop,AnnualFloor,2,0,2,0
1001,1964,RockAndRoll,TeenPop,WeightedTransition,6,0,0,0
1001,1964,RockAndRoll,TexMex,WeightedTransition,2,0,0,0
1001,1964,RockAndRoll,TraditionalPop,WeightedTransition,5,0,0,0
1001,1964,Soul,Blues,WeightedTransition,1,0,0,0
1001,1964,Soul,BossaNova,WeightedTransition,1,0,0,0
1001,1964,Soul,BritishBeat,WeightedTransition,6,0,0,0
1001,1964,Soul,BritishPop,WeightedTransition,6,0,0,0
1001,1964,Soul,Classical,WeightedTransition,4,0,0,0
1001,1964,Soul,ContemporaryFolk,WeightedTransition,2,0,0,0
1001,1964,Soul,Country,AnnualFloor,1,0,1,0
1001,1964,Soul,Country,WeightedTransition,1,0,0,0
1001,1964,Soul,DooWop,WeightedTransition,3,0,0,0
1001,1964,Soul,EasyListening,WeightedTransition,2,0,0,0
1001,1964,Soul,Folk,WeightedTransition,1,0,0,0
1001,1964,Soul,GarageRock,WeightedTransition,3,0,0,0
1001,1964,Soul,Gospel,AnnualFloor,1,0,1,0
1001,1964,Soul,Gospel,WeightedTransition,2,0,0,0
1001,1964,Soul,LatinPop,WeightedTransition,2,0,0,0
1001,1964,Soul,RnB,AnnualFloor,1,0,1,0
1001,1964,Soul,RnB,WeightedTransition,6,0,0,0
1001,1964,Soul,RockAndRoll,WeightedTransition,1,0,0,0
1001,1964,Soul,Soul,AnnualFloor,1,0,1,0
1001,1964,Soul,Soul,Retained,318,0,0,0
1001,1964,Soul,Soul,WeightedTransition,25,0,0,0
1001,1964,Soul,SurfRock,AnnualFloor,1,0,1,0
1001,1964,Soul,SurfRock,WeightedTransition,1,0,0,0
1001,1964,Soul,TeenPop,WeightedTransition,4,0,0,0
1001,1964,Soul,TraditionalPop,WeightedTransition,1,0,0,0
1001,1964,SurfRock,BritishBeat,WeightedTransition,2,0,0,0
1001,1964,SurfRock,Comedy,WeightedTransition,2,0,0,0
1001,1964,SurfRock,Folk,AnnualFloor,1,0,1,0
1001,1964,SurfRock,GarageRock,WeightedTransition,1,0,0,0
1001,1964,SurfRock,SurfRock,Retained,50,0,0,0
1001,1964,SurfRock,SurfRock,WeightedTransition,1,0,0,0
1001,1964,TeenPop,Blues,WeightedTransition,2,0,0,0
1001,1964,TeenPop,BossaNova,WeightedTransition,2,0,0,0
1001,1964,TeenPop,BritishBeat,AnnualFloor,1,0,1,0
1001,1964,TeenPop,BritishBeat,WeightedTransition,11,0,0,0
1001,1964,TeenPop,BritishPop,AnnualFloor,2,0,2,0
1001,1964,TeenPop,BritishPop,WeightedTransition,22,0,0,0
1001,1964,TeenPop,Childrens,WeightedTransition,1,0,0,0
1001,1964,TeenPop,Classical,WeightedTransition,1,0,0,0
1001,1964,TeenPop,Comedy,WeightedTransition,2,0,0,0
1001,1964,TeenPop,ContemporaryFolk,WeightedTransition,1,0,0,0
1001,1964,TeenPop,Country,AnnualFloor,1,0,1,0
1001,1964,TeenPop,Country,WeightedTransition,2,0,0,0
1001,1964,TeenPop,DooWop,WeightedTransition,4,0,0,0
1001,1964,TeenPop,EasyListening,WeightedTransition,2,0,0,0
1001,1964,TeenPop,Folk,WeightedTransition,2,0,0,0
1001,1964,TeenPop,GarageRock,WeightedTransition,4,0,0,0
1001,1964,TeenPop,Gospel,WeightedTransition,3,0,0,0
1001,1964,TeenPop,Jazz,AnnualFloor,1,0,1,0
1001,1964,TeenPop,Jazz,WeightedTransition,3,0,0,0
1001,1964,TeenPop,LatinPop,WeightedTransition,1,0,0,0
1001,1964,TeenPop,RnB,AnnualFloor,1,0,1,0
1001,1964,TeenPop,RnB,WeightedTransition,4,0,0,0
1001,1964,TeenPop,RockAndRoll,WeightedTransition,6,0,0,0
1001,1964,TeenPop,Ska,AnnualFloor,1,0,1,0
1001,1964,TeenPop,Soul,WeightedTransition,6,0,0,0
1001,1964,TeenPop,SurfRock,AnnualFloor,1,0,1,0
1001,1964,TeenPop,SurfRock,WeightedTransition,5,0,0,0
1001,1964,TeenPop,TeenPop,Retained,186,0,0,0
1001,1964,TeenPop,TeenPop,WeightedTransition,20,0,0,0
1001,1964,TeenPop,TexMex,AnnualFloor,1,0,1,0
1001,1964,TeenPop,TexMex,WeightedTransition,2,0,0,0
1001,1964,TeenPop,TraditionalPop,WeightedTransition,9,0,0,0
1001,1964,TexMex,BritishBeat,WeightedTransition,2,0,0,0
1001,1964,TexMex,Classical,WeightedTransition,1,0,0,0
1001,1964,TexMex,EasyListening,WeightedTransition,1,0,0,0
1001,1964,TexMex,LatinPop,AnnualFloor,1,0,1,0
1001,1964,TexMex,TexMex,Retained,18,0,0,0
1001,1964,TraditionalPop,Blues,WeightedTransition,1,0,0,0
1001,1964,TraditionalPop,BossaNova,AnnualFloor,1,0,1,0
1001,1964,TraditionalPop,BossaNova,WeightedTransition,3,0,0,0
1001,1964,TraditionalPop,BritishBeat,WeightedTransition,14,0,0,0
1001,1964,TraditionalPop,BritishPop,WeightedTransition,28,0,0,0
1001,1964,TraditionalPop,Childrens,WeightedTransition,3,0,0,0
1001,1964,TraditionalPop,Classical,WeightedTransition,2,0,0,0
1001,1964,TraditionalPop,Comedy,WeightedTransition,2,0,0,0
1001,1964,TraditionalPop,ContemporaryFolk,AnnualFloor,2,0,2,0
1001,1964,TraditionalPop,ContemporaryFolk,WeightedTransition,3,0,0,0
1001,1964,TraditionalPop,Country,WeightedTransition,3,0,0,0
1001,1964,TraditionalPop,DooWop,WeightedTransition,2,0,0,0
1001,1964,TraditionalPop,EasyListening,WeightedTransition,14,0,0,0
1001,1964,TraditionalPop,Folk,WeightedTransition,5,0,0,0
1001,1964,TraditionalPop,GarageRock,AnnualFloor,1,0,1,0
1001,1964,TraditionalPop,GarageRock,WeightedTransition,1,0,0,0
1001,1964,TraditionalPop,Gospel,WeightedTransition,2,0,0,0
1001,1964,TraditionalPop,Jazz,WeightedTransition,2,0,0,0
1001,1964,TraditionalPop,LatinPop,WeightedTransition,2,0,0,0
1001,1964,TraditionalPop,RnB,WeightedTransition,4,0,0,0
1001,1964,TraditionalPop,RockAndRoll,AnnualFloor,1,0,1,0
1001,1964,TraditionalPop,RockAndRoll,WeightedTransition,3,0,0,0
1001,1964,TraditionalPop,Soul,WeightedTransition,6,0,0,0
1001,1964,TraditionalPop,SurfRock,WeightedTransition,4,0,0,0
1001,1964,TraditionalPop,TeenPop,AnnualFloor,1,0,1,0
1001,1964,TraditionalPop,TeenPop,WeightedTransition,14,0,0,0
1001,1964,TraditionalPop,TexMex,AnnualFloor,1,0,1,0
1001,1964,TraditionalPop,TexMex,WeightedTransition,2,0,0,0
1001,1964,TraditionalPop,TraditionalPop,AnnualFloor,1,0,1,0
1001,1964,TraditionalPop,TraditionalPop,Retained,173,0,0,0
1001,1964,TraditionalPop,TraditionalPop,WeightedTransition,28,0,0,0
1001,1965,Blues,Blues,Retained,51,0,0,0
1001,1965,Blues,Blues,WeightedTransition,2,0,0,0
1001,1965,Blues,BritishBeat,WeightedTransition,1,0,0,0
1001,1965,Blues,BritishPop,WeightedTransition,2,0,0,0
1001,1965,Blues,Country,WeightedTransition,1,0,0,0
1001,1965,Blues,DooWop,AnnualFloor,1,0,1,0
1001,1965,Blues,Folk,WeightedTransition,2,0,0,0
1001,1965,Blues,FolkRock,WeightedTransition,2,0,0,0
1001,1965,Blues,RnB,WeightedTransition,1,0,0,0
1001,1965,Blues,Soul,WeightedTransition,1,0,0,0
1001,1965,Blues,TexMex,WeightedTransition,1,0,0,0
1001,1965,Blues,TraditionalPop,WeightedTransition,1,0,0,0
1001,1965,BossaNova,Blues,WeightedTransition,1,0,0,0
1001,1965,BossaNova,BossaNova,Retained,24,0,0,0
1001,1965,BossaNova,BossaNova,WeightedTransition,1,0,0,0
1001,1965,BossaNova,BritishPop,WeightedTransition,2,0,0,0
1001,1965,BossaNova,GarageRock,WeightedTransition,1,0,0,0
1001,1965,BossaNova,Jazz,WeightedTransition,3,0,0,0
1001,1965,BossaNova,RnB,WeightedTransition,1,0,0,0
1001,1965,BritishBeat,BritishBeat,Retained,84,0,0,0
1001,1965,BritishBeat,BritishBeat,WeightedTransition,11,0,0,0
1001,1965,BritishBeat,BritishBlues,AnnualFloor,1,0,1,0
1001,1965,BritishBeat,Country,WeightedTransition,3,0,0,0
1001,1965,BritishBeat,GarageRock,AnnualFloor,1,0,1,0
1001,1965,BritishBeat,GarageRock,WeightedTransition,1,0,0,0
1001,1965,BritishBeat,RockAndRoll,WeightedTransition,2,0,0,0
1001,1965,BritishBeat,Soul,AnnualFloor,1,0,1,0
1001,1965,BritishBeat,Soul,WeightedTransition,1,0,0,0
1001,1965,BritishBlues,BritishBlues,Retained,6,0,0,0
1001,1965,BritishBlues,BritishBlues,WeightedTransition,1,0,0,0
1001,1965,BritishBlues,Childrens,WeightedTransition,1,0,0,0
1001,1965,BritishBlues,EasyListening,WeightedTransition,1,0,0,0
1001,1965,BritishBlues,GarageRock,WeightedTransition,1,0,0,0
1001,1965,BritishBlues,Gospel,WeightedTransition,1,0,0,0
1001,1965,BritishBlues,RockAndRoll,WeightedTransition,1,0,0,0
1001,1965,BritishPop,BritishBeat,WeightedTransition,1,0,0,0
1001,1965,BritishPop,BritishPop,AnnualFloor,1,0,1,0
1001,1965,BritishPop,BritishPop,Retained,57,0,0,0
1001,1965,BritishPop,BritishPop,WeightedTransition,3,0,0,0
1001,1965,BritishPop,Country,WeightedTransition,1,0,0,0
1001,1965,BritishPop,EasyListening,WeightedTransition,3,0,0,0
1001,1965,BritishPop,Gospel,AnnualFloor,1,0,1,0
1001,1965,BritishPop,Soul,WeightedTransition,1,0,0,0
1001,1965,BritishPop,SunshinePop,WeightedTransition,1,0,0,0
1001,1965,Childrens,Childrens,Retained,20,0,0,0
1001,1965,Childrens,Childrens,WeightedTransition,2,0,0,0
1001,1965,Childrens,Comedy,WeightedTransition,1,0,0,0
1001,1965,Classical,BritishBeat,WeightedTransition,1,0,0,0
1001,1965,Classical,BritishBlues,AnnualFloor,1,0,1,0
1001,1965,Classical,Classical,Retained,91,0,0,0
1001,1965,Classical,Classical,WeightedTransition,2,0,0,0
1001,1965,Classical,Country,WeightedTransition,2,0,0,0
1001,1965,Classical,EasyListening,WeightedTransition,2,0,0,0
1001,1965,Classical,Folk,AnnualFloor,1,0,1,0
1001,1965,Classical,GarageRock,AnnualFloor,1,0,1,0
1001,1965,Classical,Gospel,WeightedTransition,2,0,0,0
1001,1965,Classical,Jazz,WeightedTransition,3,0,0,0
1001,1965,Classical,LatinPop,WeightedTransition,1,0,0,0
1001,1965,Classical,SurfRock,WeightedTransition,1,0,0,0
1001,1965,Comedy,BossaNova,WeightedTransition,1,0,0,0
1001,1965,Comedy,BritishBeat,WeightedTransition,4,0,0,0
1001,1965,Comedy,BritishPop,WeightedTransition,1,0,0,0
1001,1965,Comedy,Comedy,Retained,27,0,0,0
1001,1965,Comedy,Comedy,WeightedTransition,2,0,0,0
1001,1965,Comedy,ContemporaryFolk,WeightedTransition,1,0,0,0
1001,1965,Comedy,Country,WeightedTransition,1,0,0,0
1001,1965,Comedy,EasyListening,WeightedTransition,1,0,0,0
1001,1965,Comedy,Folk,WeightedTransition,2,0,0,0
1001,1965,Comedy,GarageRock,WeightedTransition,1,0,0,0
1001,1965,Comedy,RnB,WeightedTransition,3,0,0,0
1001,1965,Comedy,Ska,WeightedTransition,1,0,0,0
1001,1965,Comedy,Soul,WeightedTransition,2,0,0,0
1001,1965,Comedy,TexMex,WeightedTransition,1,0,0,0
1001,1965,ContemporaryFolk,BritishPop,WeightedTransition,2,0,0,0
1001,1965,ContemporaryFolk,ContemporaryFolk,Retained,41,0,0,0
1001,1965,ContemporaryFolk,ContemporaryFolk,WeightedTransition,1,0,0,0
1001,1965,ContemporaryFolk,Folk,WeightedTransition,1,0,0,0
1001,1965,ContemporaryFolk,Gospel,WeightedTransition,1,0,0,0
1001,1965,ContemporaryFolk,Jazz,WeightedTransition,1,0,0,0
1001,1965,ContemporaryFolk,RnB,WeightedTransition,1,0,0,0
1001,1965,ContemporaryFolk,RockAndRoll,WeightedTransition,1,0,0,0
1001,1965,ContemporaryFolk,Soul,WeightedTransition,1,0,0,0
1001,1965,ContemporaryFolk,SurfRock,WeightedTransition,1,0,0,0
1001,1965,Country,BritishBeat,WeightedTransition,5,0,0,0
1001,1965,Country,BritishBlues,WeightedTransition,1,0,0,0
1001,1965,Country,BritishPop,WeightedTransition,1,0,0,0
1001,1965,Country,Childrens,WeightedTransition,1,0,0,0
1001,1965,Country,ContemporaryFolk,WeightedTransition,1,0,0,0
1001,1965,Country,Country,AnnualFloor,2,0,2,0
1001,1965,Country,Country,Retained,142,0,0,0
1001,1965,Country,Country,WeightedTransition,6,0,0,0
1001,1965,Country,Folk,WeightedTransition,5,0,0,0
1001,1965,Country,FolkRock,WeightedTransition,1,0,0,0
1001,1965,Country,GarageRock,WeightedTransition,1,0,0,0
1001,1965,Country,Gospel,WeightedTransition,1,0,0,0
1001,1965,Country,LatinPop,AnnualFloor,2,0,2,0
1001,1965,Country,LatinPop,WeightedTransition,1,0,0,0
1001,1965,Country,RnB,WeightedTransition,1,0,0,0
1001,1965,Country,RockAndRoll,AnnualFloor,1,0,1,0
1001,1965,Country,Ska,AnnualFloor,1,0,1,0
1001,1965,Country,SunshinePop,WeightedTransition,1,0,0,0
1001,1965,Country,SurfRock,WeightedTransition,1,0,0,0
1001,1965,Country,TexMex,AnnualFloor,1,0,1,0
1001,1965,DooWop,BossaNova,WeightedTransition,2,0,0,0
1001,1965,DooWop,BritishBeat,WeightedTransition,3,0,0,0
1001,1965,DooWop,BritishBlues,AnnualFloor,1,0,1,0
1001,1965,DooWop,BritishPop,WeightedTransition,6,0,0,0
1001,1965,DooWop,Childrens,AnnualFloor,1,0,1,0
1001,1965,DooWop,Childrens,WeightedTransition,2,0,0,0
1001,1965,DooWop,Classical,WeightedTransition,1,0,0,0
1001,1965,DooWop,Comedy,WeightedTransition,1,0,0,0
1001,1965,DooWop,Country,WeightedTransition,2,0,0,0
1001,1965,DooWop,DooWop,Retained,40,0,0,0
1001,1965,DooWop,DooWop,WeightedTransition,1,0,0,0
1001,1965,DooWop,EasyListening,WeightedTransition,6,0,0,0
1001,1965,DooWop,Folk,WeightedTransition,1,0,0,0
1001,1965,DooWop,FolkRock,AnnualFloor,1,0,1,0
1001,1965,DooWop,GarageRock,WeightedTransition,1,0,0,0
1001,1965,DooWop,Gospel,WeightedTransition,2,0,0,0
1001,1965,DooWop,LatinPop,WeightedTransition,1,0,0,0
1001,1965,DooWop,RnB,WeightedTransition,4,0,0,0
1001,1965,DooWop,RockAndRoll,WeightedTransition,1,0,0,0
1001,1965,DooWop,Ska,WeightedTransition,1,0,0,0
1001,1965,DooWop,Soul,WeightedTransition,7,0,0,0
1001,1965,DooWop,SunshinePop,AnnualFloor,1,0,1,0
1001,1965,DooWop,SunshinePop,WeightedTransition,2,0,0,0
1001,1965,DooWop,TeenPop,WeightedTransition,1,0,0,0
1001,1965,DooWop,TexMex,WeightedTransition,1,0,0,0
1001,1965,DooWop,TraditionalPop,WeightedTransition,2,0,0,0
1001,1965,EasyListening,BossaNova,WeightedTransition,4,0,0,0
1001,1965,EasyListening,BritishBeat,WeightedTransition,10,0,0,0
1001,1965,EasyListening,BritishPop,WeightedTransition,12,0,0,0
1001,1965,EasyListening,Childrens,AnnualFloor,1,0,1,0
1001,1965,EasyListening,Classical,AnnualFloor,1,0,1,0
1001,1965,EasyListening,Classical,WeightedTransition,3,0,0,0
1001,1965,EasyListening,Comedy,AnnualFloor,1,0,1,0
1001,1965,EasyListening,Comedy,WeightedTransition,2,0,0,0
1001,1965,EasyListening,ContemporaryFolk,WeightedTransition,2,0,0,0
1001,1965,EasyListening,Country,WeightedTransition,2,0,0,0
1001,1965,EasyListening,DooWop,WeightedTransition,2,0,0,0
1001,1965,EasyListening,EasyListening,Retained,97,0,0,0
1001,1965,EasyListening,EasyListening,WeightedTransition,15,0,0,0
1001,1965,EasyListening,Folk,WeightedTransition,2,0,0,0
1001,1965,EasyListening,Gospel,WeightedTransition,1,0,0,0
1001,1965,EasyListening,Jazz,AnnualFloor,1,0,1,0
1001,1965,EasyListening,Jazz,WeightedTransition,4,0,0,0
1001,1965,EasyListening,LatinPop,WeightedTransition,2,0,0,0
1001,1965,EasyListening,RockAndRoll,WeightedTransition,1,0,0,0
1001,1965,EasyListening,Ska,WeightedTransition,1,0,0,0
1001,1965,EasyListening,Soul,WeightedTransition,6,0,0,0
1001,1965,EasyListening,SunshinePop,WeightedTransition,3,0,0,0
1001,1965,EasyListening,SurfRock,WeightedTransition,3,0,0,0
1001,1965,EasyListening,TeenPop,WeightedTransition,2,0,0,0
1001,1965,EasyListening,TexMex,WeightedTransition,1,0,0,0
1001,1965,EasyListening,TraditionalPop,WeightedTransition,2,0,0,0
1001,1965,Folk,BritishBeat,WeightedTransition,4,0,0,0
1001,1965,Folk,BritishBlues,WeightedTransition,1,0,0,0
1001,1965,Folk,BritishPop,WeightedTransition,5,0,0,0
1001,1965,Folk,Comedy,WeightedTransition,1,0,0,0
1001,1965,Folk,ContemporaryFolk,AnnualFloor,2,0,2,0
1001,1965,Folk,ContemporaryFolk,WeightedTransition,4,0,0,0
1001,1965,Folk,Country,WeightedTransition,4,0,0,0
1001,1965,Folk,EasyListening,AnnualFloor,2,0,2,0
1001,1965,Folk,EasyListening,WeightedTransition,2,0,0,0
1001,1965,Folk,Folk,AnnualFloor,2,0,2,0
1001,1965,Folk,Folk,Retained,149,0,0,0
1001,1965,Folk,Folk,WeightedTransition,9,0,0,0
1001,1965,Folk,FolkRock,WeightedTransition,3,0,0,0
1001,1965,Folk,GarageRock,AnnualFloor,1,0,1,0
1001,1965,Folk,Gospel,WeightedTransition,1,0,0,0
1001,1965,Folk,Jazz,WeightedTransition,1,0,0,0
1001,1965,Folk,RockAndRoll,WeightedTransition,1,0,0,0
1001,1965,Folk,Ska,WeightedTransition,2,0,0,0
1001,1965,Folk,Soul,WeightedTransition,1,0,0,0
1001,1965,Folk,SurfRock,WeightedTransition,4,0,0,0
1001,1965,Folk,TeenPop,WeightedTransition,3,0,0,0
1001,1965,Folk,TexMex,AnnualFloor,1,0,1,0
1001,1965,Folk,TraditionalPop,WeightedTransition,4,0,0,0
1001,1965,FolkRock,ContemporaryFolk,WeightedTransition,1,0,0,0
1001,1965,FolkRock,FolkRock,Retained,8,0,0,0
1001,1965,FolkRock,Soul,WeightedTransition,1,0,0,0
1001,1965,GarageRock,BritishBlues,WeightedTransition,1,0,0,0
1001,1965,GarageRock,Childrens,WeightedTransition,1,0,0,0
1001,1965,GarageRock,Classical,WeightedTransition,1,0,0,0
1001,1965,GarageRock,ContemporaryFolk,WeightedTransition,1,0,0,0
1001,1965,GarageRock,Country,WeightedTransition,1,0,0,0
1001,1965,GarageRock,GarageRock,Retained,27,0,0,0
1001,1965,GarageRock,Jazz,AnnualFloor,1,0,1,0
1001,1965,GarageRock,RockAndRoll,WeightedTransition,1,0,0,0
1001,1965,GarageRock,Soul,AnnualFloor,1,0,1,0
1001,1965,GarageRock,Soul,WeightedTransition,1,0,0,0
1001,1965,GarageRock,SurfRock,AnnualFloor,1,0,1,0
1001,1965,GarageRock,SurfRock,WeightedTransition,1,0,0,0
1001,1965,Gospel,BritishBeat,WeightedTransition,1,0,0,0
1001,1965,Gospel,BritishPop,WeightedTransition,1,0,0,0
1001,1965,Gospel,Classical,WeightedTransition,1,0,0,0
1001,1965,Gospel,Country,WeightedTransition,2,0,0,0
1001,1965,Gospel,EasyListening,WeightedTransition,1,0,0,0
1001,1965,Gospel,Folk,WeightedTransition,1,0,0,0
1001,1965,Gospel,FolkRock,WeightedTransition,1,0,0,0
1001,1965,Gospel,Gospel,AnnualFloor,1,0,1,0
1001,1965,Gospel,Gospel,Retained,44,0,0,0
1001,1965,Gospel,Gospel,WeightedTransition,8,0,0,0
1001,1965,Gospel,LatinPop,WeightedTransition,2,0,0,0
1001,1965,Gospel,RnB,WeightedTransition,4,0,0,0
1001,1965,Gospel,RockAndRoll,WeightedTransition,1,0,0,0
1001,1965,Gospel,Soul,WeightedTransition,3,0,0,0
1001,1965,Jazz,Blues,WeightedTransition,2,0,0,0
1001,1965,Jazz,BossaNova,AnnualFloor,1,0,1,0
1001,1965,Jazz,BossaNova,WeightedTransition,9,0,0,0
1001,1965,Jazz,BritishBeat,WeightedTransition,6,0,0,0
1001,1965,Jazz,BritishBlues,WeightedTransition,1,0,0,0
1001,1965,Jazz,BritishPop,AnnualFloor,1,0,1,0
1001,1965,Jazz,BritishPop,WeightedTransition,3,0,0,0
1001,1965,Jazz,Childrens,WeightedTransition,2,0,0,0
1001,1965,Jazz,Classical,AnnualFloor,1,0,1,0
1001,1965,Jazz,Classical,WeightedTransition,1,0,0,0
1001,1965,Jazz,Comedy,WeightedTransition,2,0,0,0
1001,1965,Jazz,ContemporaryFolk,WeightedTransition,3,0,0,0
1001,1965,Jazz,Country,WeightedTransition,3,0,0,0
1001,1965,Jazz,EasyListening,WeightedTransition,3,0,0,0
1001,1965,Jazz,Folk,WeightedTransition,1,0,0,0
1001,1965,Jazz,FolkRock,AnnualFloor,1,0,1,0
1001,1965,Jazz,GarageRock,WeightedTransition,1,0,0,0
1001,1965,Jazz,Gospel,WeightedTransition,3,0,0,0
1001,1965,Jazz,Jazz,Retained,77,0,0,0
1001,1965,Jazz,Jazz,WeightedTransition,21,0,0,0
1001,1965,Jazz,RnB,WeightedTransition,8,0,0,0
1001,1965,Jazz,RockAndRoll,WeightedTransition,4,0,0,0
1001,1965,Jazz,Soul,WeightedTransition,8,0,0,0
1001,1965,Jazz,SurfRock,WeightedTransition,1,0,0,0
1001,1965,Jazz,TexMex,WeightedTransition,2,0,0,0
1001,1965,Jazz,TraditionalPop,WeightedTransition,4,0,0,0
1001,1965,LatinPop,FolkRock,WeightedTransition,2,0,0,0
1001,1965,LatinPop,Gospel,WeightedTransition,1,0,0,0
1001,1965,LatinPop,LatinPop,AnnualFloor,1,0,1,0
1001,1965,LatinPop,LatinPop,Retained,20,0,0,0
1001,1965,RnB,Blues,AnnualFloor,2,0,2,0
1001,1965,RnB,Blues,WeightedTransition,1,0,0,0
1001,1965,RnB,BossaNova,AnnualFloor,2,0,2,0
1001,1965,RnB,BossaNova,WeightedTransition,2,0,0,0
1001,1965,RnB,BritishBeat,WeightedTransition,2,0,0,0
1001,1965,RnB,BritishBlues,WeightedTransition,1,0,0,0
1001,1965,RnB,BritishPop,WeightedTransition,2,0,0,0
1001,1965,RnB,Classical,AnnualFloor,1,0,1,0
1001,1965,RnB,Classical,WeightedTransition,2,0,0,0
1001,1965,RnB,Comedy,AnnualFloor,1,0,1,0
1001,1965,RnB,ContemporaryFolk,AnnualFloor,1,0,1,0
1001,1965,RnB,Country,WeightedTransition,2,0,0,0
1001,1965,RnB,DooWop,AnnualFloor,1,0,1,0
1001,1965,RnB,Folk,WeightedTransition,1,0,0,0
1001,1965,RnB,FolkRock,AnnualFloor,1,0,1,0
1001,1965,RnB,Gospel,WeightedTransition,1,0,0,0
1001,1965,RnB,Jazz,WeightedTransition,1,0,0,0
1001,1965,RnB,LatinPop,WeightedTransition,1,0,0,0
1001,1965,RnB,RnB,AnnualFloor,2,0,2,0
1001,1965,RnB,RnB,Retained,318,0,0,0
1001,1965,RnB,RnB,WeightedTransition,20,0,0,0
1001,1965,RnB,RockAndRoll,WeightedTransition,1,0,0,0
1001,1965,RnB,Ska,AnnualFloor,1,0,1,0
1001,1965,RnB,Soul,AnnualFloor,1,0,1,0
1001,1965,RnB,Soul,WeightedTransition,10,0,0,0
1001,1965,RnB,SunshinePop,AnnualFloor,1,0,1,0
1001,1965,RnB,SurfRock,AnnualFloor,1,0,1,0
1001,1965,RnB,SurfRock,WeightedTransition,2,0,0,0
1001,1965,RnB,TeenPop,WeightedTransition,1,0,0,0
1001,1965,RnB,TexMex,WeightedTransition,1,0,0,0
1001,1965,RnB,TraditionalPop,AnnualFloor,1,0,1,0
1001,1965,RnB,TraditionalPop,WeightedTransition,2,0,0,0
1001,1965,RockAndRoll,Blues,WeightedTransition,3,0,0,0
1001,1965,RockAndRoll,BossaNova,WeightedTransition,6,0,0,0
1001,1965,RockAndRoll,BritishBeat,AnnualFloor,2,0,2,0
1001,1965,RockAndRoll,BritishBeat,WeightedTransition,35,0,0,0
1001,1965,RockAndRoll,BritishBlues,WeightedTransition,17,0,0,0
1001,1965,RockAndRoll,BritishPop,WeightedTransition,20,0,0,0
1001,1965,RockAndRoll,Childrens,AnnualFloor,1,0,1,0
1001,1965,RockAndRoll,Childrens,WeightedTransition,3,0,0,0
1001,1965,RockAndRoll,Classical,WeightedTransition,3,0,0,0
1001,1965,RockAndRoll,Comedy,AnnualFloor,1,0,1,0
1001,1965,RockAndRoll,Comedy,WeightedTransition,2,0,0,0
1001,1965,RockAndRoll,ContemporaryFolk,WeightedTransition,4,0,0,0
1001,1965,RockAndRoll,Country,WeightedTransition,2,0,0,0
1001,1965,RockAndRoll,EasyListening,WeightedTransition,6,0,0,0
1001,1965,RockAndRoll,Folk,WeightedTransition,5,0,0,0
1001,1965,RockAndRoll,FolkRock,WeightedTransition,1,0,0,0
1001,1965,RockAndRoll,GarageRock,WeightedTransition,16,0,0,0
1001,1965,RockAndRoll,Gospel,WeightedTransition,5,0,0,0
1001,1965,RockAndRoll,Jazz,WeightedTransition,3,0,0,0
1001,1965,RockAndRoll,LatinPop,WeightedTransition,1,0,0,0
1001,1965,RockAndRoll,RnB,WeightedTransition,8,0,0,0
1001,1965,RockAndRoll,RockAndRoll,AnnualFloor,2,0,2,0
1001,1965,RockAndRoll,RockAndRoll,Retained,128,0,0,0
1001,1965,RockAndRoll,RockAndRoll,WeightedTransition,30,0,0,0
1001,1965,RockAndRoll,Soul,WeightedTransition,11,0,0,0
1001,1965,RockAndRoll,SunshinePop,WeightedTransition,1,0,0,0
1001,1965,RockAndRoll,SurfRock,WeightedTransition,18,0,0,0
1001,1965,RockAndRoll,TeenPop,AnnualFloor,2,0,2,0
1001,1965,RockAndRoll,TeenPop,WeightedTransition,4,0,0,0
1001,1965,RockAndRoll,TexMex,WeightedTransition,2,0,0,0
1001,1965,RockAndRoll,TraditionalPop,AnnualFloor,1,0,1,0
1001,1965,RockAndRoll,TraditionalPop,WeightedTransition,5,0,0,0
1001,1965,Ska,Ska,Retained,1,0,0,0
1001,1965,Ska,Soul,WeightedTransition,2,0,0,0
1001,1965,Soul,Blues,AnnualFloor,1,0,1,0
1001,1965,Soul,Blues,WeightedTransition,1,0,0,0
1001,1965,Soul,BossaNova,WeightedTransition,2,0,0,0
1001,1965,Soul,BritishBeat,WeightedTransition,2,0,0,0
1001,1965,Soul,BritishPop,WeightedTransition,4,0,0,0
1001,1965,Soul,Childrens,WeightedTransition,1,0,0,0
1001,1965,Soul,ContemporaryFolk,WeightedTransition,4,0,0,0
1001,1965,Soul,Country,WeightedTransition,2,0,0,0
1001,1965,Soul,DooWop,WeightedTransition,1,0,0,0
1001,1965,Soul,Folk,WeightedTransition,1,0,0,0
1001,1965,Soul,Gospel,WeightedTransition,2,0,0,0
1001,1965,Soul,LatinPop,WeightedTransition,2,0,0,0
1001,1965,Soul,RnB,WeightedTransition,6,0,0,0
1001,1965,Soul,RockAndRoll,WeightedTransition,2,0,0,0
1001,1965,Soul,Ska,AnnualFloor,1,0,1,0
1001,1965,Soul,Soul,Retained,268,0,0,0
1001,1965,Soul,Soul,WeightedTransition,27,0,0,0
1001,1965,Soul,SunshinePop,WeightedTransition,1,0,0,0
1001,1965,Soul,SurfRock,AnnualFloor,1,0,1,0
1001,1965,Soul,TeenPop,AnnualFloor,1,0,1,0
1001,1965,Soul,TeenPop,WeightedTransition,1,0,0,0
1001,1965,Soul,TraditionalPop,WeightedTransition,4,0,0,0
1001,1965,SunshinePop,SunshinePop,Retained,2,0,0,0
1001,1965,SurfRock,BritishBeat,WeightedTransition,4,0,0,0
1001,1965,SurfRock,BritishBlues,WeightedTransition,1,0,0,0
1001,1965,SurfRock,BritishPop,WeightedTransition,2,0,0,0
1001,1965,SurfRock,ContemporaryFolk,WeightedTransition,1,0,0,0
1001,1965,SurfRock,Country,WeightedTransition,1,0,0,0
1001,1965,SurfRock,DooWop,AnnualFloor,1,0,1,0
1001,1965,SurfRock,GarageRock,WeightedTransition,3,0,0,0
1001,1965,SurfRock,RnB,WeightedTransition,1,0,0,0
1001,1965,SurfRock,RockAndRoll,WeightedTransition,2,0,0,0
1001,1965,SurfRock,Soul,WeightedTransition,2,0,0,0
1001,1965,SurfRock,SunshinePop,WeightedTransition,1,0,0,0
1001,1965,SurfRock,SurfRock,Retained,37,0,0,0
1001,1965,SurfRock,SurfRock,WeightedTransition,2,0,0,0
1001,1965,SurfRock,TraditionalPop,WeightedTransition,1,0,0,0
1001,1965,TeenPop,Blues,WeightedTransition,1,0,0,0
1001,1965,TeenPop,BritishBeat,WeightedTransition,6,0,0,0
1001,1965,TeenPop,BritishPop,WeightedTransition,15,0,0,0
1001,1965,TeenPop,Childrens,WeightedTransition,2,0,0,0
1001,1965,TeenPop,ContemporaryFolk,WeightedTransition,4,0,0,0
1001,1965,TeenPop,Country,WeightedTransition,2,0,0,0
1001,1965,TeenPop,EasyListening,AnnualFloor,1,0,1,0
1001,1965,TeenPop,EasyListening,WeightedTransition,7,0,0,0
1001,1965,TeenPop,Folk,WeightedTransition,3,0,0,0
1001,1965,TeenPop,FolkRock,WeightedTransition,1,0,0,0
1001,1965,TeenPop,GarageRock,WeightedTransition,8,0,0,0
1001,1965,TeenPop,Gospel,WeightedTransition,2,0,0,0
1001,1965,TeenPop,Jazz,AnnualFloor,1,0,1,0
1001,1965,TeenPop,Jazz,WeightedTransition,2,0,0,0
1001,1965,TeenPop,RnB,AnnualFloor,1,0,1,0
1001,1965,TeenPop,RnB,WeightedTransition,7,0,0,0
1001,1965,TeenPop,RockAndRoll,WeightedTransition,4,0,0,0
1001,1965,TeenPop,Soul,WeightedTransition,2,0,0,0
1001,1965,TeenPop,SunshinePop,WeightedTransition,1,0,0,0
1001,1965,TeenPop,SurfRock,WeightedTransition,5,0,0,0
1001,1965,TeenPop,TeenPop,Retained,132,0,0,0
1001,1965,TeenPop,TeenPop,WeightedTransition,8,0,0,0
1001,1965,TeenPop,TexMex,AnnualFloor,1,0,1,0
1001,1965,TeenPop,TexMex,WeightedTransition,1,0,0,0
1001,1965,TeenPop,TraditionalPop,WeightedTransition,7,0,0,0
1001,1965,TexMex,DooWop,WeightedTransition,1,0,0,0
1001,1965,TexMex,RnB,WeightedTransition,1,0,0,0
1001,1965,TexMex,SurfRock,WeightedTransition,1,0,0,0
1001,1965,TexMex,TexMex,Retained,17,0,0,0
1001,1965,TraditionalPop,BossaNova,WeightedTransition,7,0,0,0
1001,1965,TraditionalPop,BritishBeat,AnnualFloor,1,0,1,0
1001,1965,TraditionalPop,BritishBeat,WeightedTransition,9,0,0,0
1001,1965,TraditionalPop,BritishBlues,WeightedTransition,3,0,0,0
1001,1965,TraditionalPop,BritishPop,AnnualFloor,1,0,1,0
1001,1965,TraditionalPop,BritishPop,WeightedTransition,31,0,0,0
1001,1965,TraditionalPop,Childrens,WeightedTransition,4,0,0,0
1001,1965,TraditionalPop,Classical,WeightedTransition,3,0,0,0
1001,1965,TraditionalPop,Comedy,WeightedTransition,1,0,0,0
1001,1965,TraditionalPop,ContemporaryFolk,WeightedTransition,5,0,0,0
1001,1965,TraditionalPop,Country,AnnualFloor,1,0,1,0
1001,1965,TraditionalPop,Country,WeightedTransition,5,0,0,0
1001,1965,TraditionalPop,EasyListening,WeightedTransition,12,0,0,0
1001,1965,TraditionalPop,Folk,WeightedTransition,5,0,0,0
1001,1965,TraditionalPop,FolkRock,WeightedTransition,1,0,0,0
1001,1965,TraditionalPop,GarageRock,WeightedTransition,2,0,0,0
1001,1965,TraditionalPop,Gospel,AnnualFloor,1,0,1,0
1001,1965,TraditionalPop,Gospel,WeightedTransition,2,0,0,0
1001,1965,TraditionalPop,Jazz,WeightedTransition,5,0,0,0
1001,1965,TraditionalPop,LatinPop,WeightedTransition,1,0,0,0
1001,1965,TraditionalPop,RnB,WeightedTransition,4,0,0,0
1001,1965,TraditionalPop,RockAndRoll,WeightedTransition,8,0,0,0
1001,1965,TraditionalPop,Soul,WeightedTransition,3,0,0,0
1001,1965,TraditionalPop,SunshinePop,AnnualFloor,1,0,1,0
1001,1965,TraditionalPop,SunshinePop,WeightedTransition,5,0,0,0
1001,1965,TraditionalPop,SurfRock,WeightedTransition,5,0,0,0
1001,1965,TraditionalPop,TeenPop,WeightedTransition,3,0,0,0
1001,1965,TraditionalPop,TexMex,WeightedTransition,1,0,0,0
1001,1965,TraditionalPop,TraditionalPop,AnnualFloor,1,0,1,0
1001,1965,TraditionalPop,TraditionalPop,Retained,132,0,0,0
1001,1965,TraditionalPop,TraditionalPop,WeightedTransition,22,0,0,0
1001,1966,AcidRock,AcidRock,Retained,3,0,0,0
1001,1966,AcidRock,BritishBlues,WeightedTransition,1,0,0,0
1001,1966,BaroquePop,BaroquePop,Retained,1,0,0,0
1001,1966,Blues,AcidRock,AnnualFloor,1,0,1,0
1001,1966,Blues,Blues,AnnualFloor,1,0,1,0
1001,1966,Blues,Blues,Retained,49,0,0,0
1001,1966,Blues,Blues,WeightedTransition,1,0,0,0
1001,1966,Blues,BossaNova,WeightedTransition,1,0,0,0
1001,1966,Blues,BritishBeat,WeightedTransition,2,0,0,0
1001,1966,Blues,BritishBlues,WeightedTransition,1,0,0,0
1001,1966,Blues,Country,WeightedTransition,1,0,0,0
1001,1966,Blues,Jazz,WeightedTransition,2,0,0,0
1001,1966,Blues,RockAndRoll,WeightedTransition,1,0,0,0
1001,1966,Blues,TraditionalPop,WeightedTransition,1,0,0,0
1001,1966,BluesRock,BluesRock,Retained,5,0,0,0
1001,1966,Boogaloo,Boogaloo,Retained,7,0,0,0
1001,1966,Boogaloo,LatinPop,WeightedTransition,1,0,0,0
1001,1966,BossaNova,Boogaloo,WeightedTransition,1,0,0,0
1001,1966,BossaNova,BossaNova,Retained,28,0,0,0
1001,1966,BossaNova,BossaNova,WeightedTransition,3,0,0,0
1001,1966,BossaNova,BritishBeat,WeightedTransition,1,0,0,0
1001,1966,BossaNova,BritishBlues,WeightedTransition,1,0,0,0
1001,1966,BossaNova,BritishPop,WeightedTransition,1,0,0,0
1001,1966,BossaNova,ContemporaryFolk,WeightedTransition,1,0,0,0
1001,1966,BossaNova,Country,WeightedTransition,2,0,0,0
1001,1966,BossaNova,FolkRock,WeightedTransition,2,0,0,0
1001,1966,BossaNova,GarageRock,WeightedTransition,1,0,0,0
1001,1966,BossaNova,Gospel,WeightedTransition,1,0,0,0
1001,1966,BossaNova,RnB,WeightedTransition,1,0,0,0
1001,1966,BossaNova,TexMex,WeightedTransition,1,0,0,0
1001,1966,BritishBeat,AcidRock,WeightedTransition,1,0,0,0
1001,1966,BritishBeat,BaroquePop,AnnualFloor,1,0,1,0
1001,1966,BritishBeat,BluesRock,AnnualFloor,1,0,1,0
1001,1966,BritishBeat,BluesRock,WeightedTransition,1,0,0,0
1001,1966,BritishBeat,BritishBeat,AnnualFloor,1,0,1,0
1001,1966,BritishBeat,BritishBeat,Retained,68,0,0,0
1001,1966,BritishBeat,BritishBeat,WeightedTransition,3,0,0,0
1001,1966,BritishBeat,BritishBlues,WeightedTransition,4,0,0,0
1001,1966,BritishBeat,Classical,WeightedTransition,1,0,0,0
1001,1966,BritishBeat,Country,WeightedTransition,1,0,0,0
1001,1966,BritishBeat,Folk,AnnualFloor,1,0,1,0
1001,1966,BritishBeat,FolkRock,WeightedTransition,1,0,0,0
1001,1966,BritishBeat,GarageRock,WeightedTransition,2,0,0,0
1001,1966,BritishBeat,Jazz,WeightedTransition,1,0,0,0
1001,1966,BritishBeat,PsychedelicRock,WeightedTransition,1,0,0,0
1001,1966,BritishBeat,RnB,WeightedTransition,1,0,0,0
1001,1966,BritishBeat,RockAndRoll,WeightedTransition,3,0,0,0
1001,1966,BritishBeat,Soul,AnnualFloor,1,0,1,0
1001,1966,BritishBeat,Soul,WeightedTransition,2,0,0,0
1001,1966,BritishBeat,SurfRock,WeightedTransition,1,0,0,0
1001,1966,BritishBlues,BaroquePop,WeightedTransition,1,0,0,0
1001,1966,BritishBlues,BritishBeat,WeightedTransition,1,0,0,0
1001,1966,BritishBlues,BritishBlues,Retained,16,0,0,0
1001,1966,BritishBlues,BritishBlues,WeightedTransition,2,0,0,0
1001,1966,BritishBlues,Comedy,AnnualFloor,1,0,1,0
1001,1966,BritishBlues,GarageRock,WeightedTransition,2,0,0,0
1001,1966,BritishBlues,Jazz,WeightedTransition,1,0,0,0
1001,1966,BritishBlues,RnB,WeightedTransition,2,0,0,0
1001,1966,BritishBlues,Soul,AnnualFloor,1,0,1,0
1001,1966,BritishBlues,Soul,WeightedTransition,1,0,0,0
1001,1966,BritishBlues,TexMex,WeightedTransition,1,0,0,0
1001,1966,BritishPop,BaroquePop,WeightedTransition,1,0,0,0
1001,1966,BritishPop,BluesRock,AnnualFloor,1,0,1,0
1001,1966,BritishPop,Boogaloo,AnnualFloor,1,0,1,0
1001,1966,BritishPop,BossaNova,WeightedTransition,2,0,1,1
1001,1966,BritishPop,BritishBeat,WeightedTransition,1,0,0,0
1001,1966,BritishPop,BritishPop,Retained,54,0,0,0
1001,1966,BritishPop,BritishPop,WeightedTransition,2,0,0,0
1001,1966,BritishPop,ContemporaryFolk,WeightedTransition,1,0,0,0
1001,1966,BritishPop,Country,WeightedTransition,2,0,0,0
1001,1966,BritishPop,EasyListening,WeightedTransition,4,0,0,0
1001,1966,BritishPop,Folk,WeightedTransition,1,0,0,0
1001,1966,BritishPop,GarageRock,WeightedTransition,2,0,0,0
1001,1966,BritishPop,Jazz,WeightedTransition,1,0,0,0
1001,1966,BritishPop,Rocksteady,AnnualFloor,1,0,1,0
1001,1966,BritishPop,SunshinePop,WeightedTransition,1,0,0,0
1001,1966,BritishPop,SurfRock,WeightedTransition,1,0,0,0
1001,1966,Childrens,Childrens,Retained,31,0,0,0
1001,1966,Childrens,Childrens,WeightedTransition,1,0,0,0
1001,1966,Childrens,ContemporaryFolk,WeightedTransition,1,0,0,0
1001,1966,Childrens,Ska,AnnualFloor,1,0,1,0
1001,1966,Classical,AcidRock,WeightedTransition,1,0,0,0
1001,1966,Classical,BaroquePop,AnnualFloor,1,0,1,0
1001,1966,Classical,Boogaloo,AnnualFloor,1,0,1,0
1001,1966,Classical,BritishPop,WeightedTransition,1,0,0,0
1001,1966,Classical,Childrens,WeightedTransition,1,0,0,0
1001,1966,Classical,Classical,Retained,118,0,0,0
1001,1966,Classical,Classical,WeightedTransition,3,0,1,1
1001,1966,Classical,Country,AnnualFloor,1,0,1,0
1001,1966,Classical,Country,WeightedTransition,2,0,0,0
1001,1966,Classical,FolkRock,AnnualFloor,1,0,1,0
1001,1966,Classical,Gospel,WeightedTransition,3,0,0,0
1001,1966,Classical,Ska,WeightedTransition,1,0,0,0
1001,1966,Classical,TexMex,WeightedTransition,1,0,0,0
1001,1966,Comedy,Blues,WeightedTransition,1,0,0,0
1001,1966,Comedy,Boogaloo,WeightedTransition,1,0,0,0
1001,1966,Comedy,BossaNova,WeightedTransition,1,0,0,0
1001,1966,Comedy,BritishBeat,WeightedTransition,5,0,0,0
1001,1966,Comedy,BritishPop,WeightedTransition,3,0,0,0
1001,1966,Comedy,Childrens,WeightedTransition,1,0,0,0
1001,1966,Comedy,Classical,WeightedTransition,1,0,0,0
1001,1966,Comedy,Comedy,Retained,39,0,0,0
1001,1966,Comedy,Comedy,WeightedTransition,4,0,0,0
1001,1966,Comedy,Country,WeightedTransition,1,0,0,0
1001,1966,Comedy,Folk,WeightedTransition,1,0,0,0
1001,1966,Comedy,GarageRock,WeightedTransition,1,0,0,0
1001,1966,Comedy,Gospel,WeightedTransition,2,0,0,0
1001,1966,Comedy,Jazz,WeightedTransition,1,0,0,0
1001,1966,Comedy,RnB,WeightedTransition,1,0,0,0
1001,1966,Comedy,RockAndRoll,WeightedTransition,1,0,0,0
1001,1966,Comedy,Soul,WeightedTransition,1,0,0,0
1001,1966,Comedy,SunshinePop,WeightedTransition,1,0,0,0
1001,1966,Comedy,TexMex,AnnualFloor,1,0,1,0
1001,1966,Comedy,TraditionalPop,WeightedTransition,2,0,0,0
1001,1966,ContemporaryFolk,Boogaloo,WeightedTransition,1,0,0,0
1001,1966,ContemporaryFolk,BritishBeat,WeightedTransition,1,0,0,0
1001,1966,ContemporaryFolk,Childrens,AnnualFloor,1,0,1,0
1001,1966,ContemporaryFolk,ContemporaryFolk,Retained,42,0,0,0
1001,1966,ContemporaryFolk,ContemporaryFolk,WeightedTransition,1,0,0,0
1001,1966,ContemporaryFolk,GarageRock,AnnualFloor,1,0,1,0
1001,1966,ContemporaryFolk,Gospel,WeightedTransition,4,0,0,0
1001,1966,ContemporaryFolk,Jazz,WeightedTransition,1,0,0,0
1001,1966,ContemporaryFolk,Soul,WeightedTransition,1,0,0,0
1001,1966,ContemporaryFolk,SurfRock,WeightedTransition,1,0,0,0
1001,1966,Country,BritishBlues,AnnualFloor,1,0,1,0
1001,1966,Country,BritishBlues,WeightedTransition,3,0,1,1
1001,1966,Country,BritishPop,WeightedTransition,2,0,0,0
1001,1966,Country,Comedy,AnnualFloor,1,0,1,0
1001,1966,Country,Comedy,WeightedTransition,1,0,0,0
1001,1966,Country,ContemporaryFolk,WeightedTransition,3,0,0,0
1001,1966,Country,Country,AnnualFloor,1,0,1,0
1001,1966,Country,Country,Retained,142,0,0,0
1001,1966,Country,Country,WeightedTransition,9,0,1,1
1001,1966,Country,EasyListening,WeightedTransition,1,0,0,0
1001,1966,Country,FolkRock,WeightedTransition,4,0,0,0
1001,1966,Country,Gospel,AnnualFloor,1,0,1,0
1001,1966,Country,Gospel,WeightedTransition,1,0,0,0
1001,1966,Country,LatinPop,WeightedTransition,2,0,0,0
1001,1966,Country,RockAndRoll,WeightedTransition,3,0,1,1
1001,1966,Country,Ska,AnnualFloor,1,0,1,0
1001,1966,Country,Soul,WeightedTransition,1,0,0,0
1001,1966,Country,SurfRock,AnnualFloor,1,0,1,0
1001,1966,Country,SurfRock,WeightedTransition,1,0,0,0
1001,1966,Country,TexMex,AnnualFloor,1,0,1,0
1001,1966,DooWop,Blues,WeightedTransition,2,2,0,0
1001,1966,DooWop,BluesRock,WeightedTransition,1,1,0,0
1001,1966,DooWop,BritishBeat,WeightedTransition,1,1,0,0
1001,1966,DooWop,BritishBlues,WeightedTransition,1,1,0,0
1001,1966,DooWop,BritishPop,WeightedTransition,1,1,0,0
1001,1966,DooWop,Comedy,WeightedTransition,1,1,0,0
1001,1966,DooWop,Country,AnnualFloor,1,1,1,0
1001,1966,DooWop,DooWop,Retained,14,14,0,0
1001,1966,DooWop,Folk,WeightedTransition,1,1,0,0
1001,1966,DooWop,FolkRock,WeightedTransition,3,3,0,0
1001,1966,DooWop,GarageRock,WeightedTransition,2,2,0,0
1001,1966,DooWop,Gospel,WeightedTransition,3,3,1,1
1001,1966,DooWop,LatinPop,WeightedTransition,1,1,0,0
1001,1966,DooWop,RnB,WeightedTransition,7,7,1,1
1001,1966,DooWop,RockAndRoll,WeightedTransition,1,1,0,0
1001,1966,DooWop,Soul,AnnualFloor,1,1,1,0
1001,1966,DooWop,Soul,WeightedTransition,3,3,0,0
1001,1966,DooWop,SunshinePop,AnnualFloor,1,1,1,0
1001,1966,DooWop,TexMex,AnnualFloor,1,1,1,0
1001,1966,DooWop,TexMex,WeightedTransition,1,1,0,0
1001,1966,EasyListening,AcidRock,WeightedTransition,1,0,0,0
1001,1966,EasyListening,BaroquePop,AnnualFloor,1,0,1,0
1001,1966,EasyListening,BaroquePop,WeightedTransition,1,0,0,0
1001,1966,EasyListening,Blues,AnnualFloor,1,0,1,0
1001,1966,EasyListening,Blues,WeightedTransition,2,0,0,0
1001,1966,EasyListening,BossaNova,WeightedTransition,2,0,0,0
1001,1966,EasyListening,BritishBeat,WeightedTransition,2,0,0,0
1001,1966,EasyListening,BritishBlues,WeightedTransition,2,0,0,0
1001,1966,EasyListening,BritishPop,WeightedTransition,11,0,0,0
1001,1966,EasyListening,Childrens,WeightedTransition,5,0,0,0
1001,1966,EasyListening,Classical,WeightedTransition,2,0,0,0
1001,1966,EasyListening,Comedy,WeightedTransition,3,0,0,0
1001,1966,EasyListening,ContemporaryFolk,WeightedTransition,2,0,0,0
1001,1966,EasyListening,Country,WeightedTransition,3,0,0,0
1001,1966,EasyListening,EasyListening,AnnualFloor,1,0,1,0
1001,1966,EasyListening,EasyListening,Retained,90,0,0,0
1001,1966,EasyListening,EasyListening,WeightedTransition,10,0,0,0
1001,1966,EasyListening,Folk,WeightedTransition,1,0,0,0
1001,1966,EasyListening,FolkRock,AnnualFloor,1,0,1,0
1001,1966,EasyListening,FolkRock,WeightedTransition,5,0,0,0
1001,1966,EasyListening,GarageRock,WeightedTransition,4,0,0,0
1001,1966,EasyListening,Gospel,WeightedTransition,2,0,0,0
1001,1966,EasyListening,Jazz,WeightedTransition,5,0,0,0
1001,1966,EasyListening,LatinPop,AnnualFloor,1,0,1,0
1001,1966,EasyListening,LatinPop,WeightedTransition,2,0,0,0
1001,1966,EasyListening,RnB,WeightedTransition,2,0,0,0
1001,1966,EasyListening,RockAndRoll,WeightedTransition,1,0,0,0
1001,1966,EasyListening,Rocksteady,WeightedTransition,1,0,0,0
1001,1966,EasyListening,Ska,WeightedTransition,1,0,0,0
1001,1966,EasyListening,Soul,WeightedTransition,4,0,0,0
1001,1966,EasyListening,SunshinePop,WeightedTransition,1,0,0,0
1001,1966,EasyListening,TraditionalPop,WeightedTransition,3,0,0,0
1001,1966,Folk,BaroquePop,WeightedTransition,2,0,0,0
1001,1966,Folk,Blues,WeightedTransition,3,0,0,0
1001,1966,Folk,BluesRock,AnnualFloor,1,0,1,0
1001,1966,Folk,Boogaloo,WeightedTransition,2,0,0,0
1001,1966,Folk,BossaNova,WeightedTransition,1,0,0,0
1001,1966,Folk,BritishBeat,WeightedTransition,2,0,0,0
1001,1966,Folk,BritishBlues,WeightedTransition,5,0,0,0
1001,1966,Folk,BritishPop,WeightedTransition,4,0,0,0
1001,1966,Folk,Classical,WeightedTransition,1,0,0,0
1001,1966,Folk,Comedy,WeightedTransition,1,0,0,0
1001,1966,Folk,ContemporaryFolk,AnnualFloor,1,0,1,0
1001,1966,Folk,ContemporaryFolk,WeightedTransition,5,0,0,0
1001,1966,Folk,Country,WeightedTransition,7,0,0,0
1001,1966,Folk,EasyListening,AnnualFloor,1,0,1,0
1001,1966,Folk,EasyListening,WeightedTransition,4,0,0,0
1001,1966,Folk,Folk,AnnualFloor,2,0,2,0
1001,1966,Folk,Folk,Retained,138,0,0,0
1001,1966,Folk,Folk,WeightedTransition,10,0,0,0
1001,1966,Folk,FolkRock,WeightedTransition,5,0,0,0
1001,1966,Folk,GarageRock,WeightedTransition,1,0,0,0
1001,1966,Folk,Gospel,WeightedTransition,4,0,0,0
1001,1966,Folk,Jazz,WeightedTransition,3,0,0,0
1001,1966,Folk,LatinPop,WeightedTransition,1,0,0,0
1001,1966,Folk,RnB,WeightedTransition,3,0,0,0
1001,1966,Folk,Soul,WeightedTransition,5,0,0,0
1001,1966,Folk,SunshinePop,WeightedTransition,1,0,0,0
1001,1966,Folk,TexMex,WeightedTransition,1,0,0,0
1001,1966,Folk,TraditionalPop,WeightedTransition,3,0,0,0
1001,1966,FolkRock,Childrens,WeightedTransition,1,0,0,0
1001,1966,FolkRock,FolkRock,Retained,23,0,0,0
1001,1966,FolkRock,Soul,WeightedTransition,1,0,0,0
1001,1966,GarageRock,Blues,AnnualFloor,1,0,1,0
1001,1966,GarageRock,Childrens,WeightedTransition,1,0,0,0
1001,1966,GarageRock,ContemporaryFolk,WeightedTransition,1,0,0,0
1001,1966,GarageRock,FolkRock,WeightedTransition,2,0,0,0
1001,1966,GarageRock,GarageRock,Retained,39,0,0,0
1001,1966,GarageRock,GarageRock,WeightedTransition,2,0,0,0
1001,1966,GarageRock,Soul,WeightedTransition,1,0,0,0
1001,1966,GarageRock,TexMex,WeightedTransition,1,0,0,0
1001,1966,Gospel,BritishBeat,WeightedTransition,2,0,0,0
1001,1966,Gospel,Country,WeightedTransition,2,0,0,0
1001,1966,Gospel,EasyListening,WeightedTransition,1,0,0,0
1001,1966,Gospel,Gospel,AnnualFloor,1,0,1,0
1001,1966,Gospel,Gospel,Retained,45,0,0,0
1001,1966,Gospel,Gospel,WeightedTransition,5,0,0,0
1001,1966,Gospel,RnB,WeightedTransition,1,0,0,0
1001,1966,Gospel,Ska,WeightedTransition,1,0,0,0
1001,1966,Gospel,Soul,WeightedTransition,2,0,0,0
1001,1966,Gospel,TraditionalPop,WeightedTransition,1,0,0,0
1001,1966,Jazz,AcidRock,AnnualFloor,1,0,1,0
1001,1966,Jazz,AcidRock,WeightedTransition,2,0,0,0
1001,1966,Jazz,BaroquePop,WeightedTransition,1,0,0,0
1001,1966,Jazz,Blues,WeightedTransition,2,0,0,0
1001,1966,Jazz,BluesRock,WeightedTransition,1,0,0,0
1001,1966,Jazz,BossaNova,AnnualFloor,2,0,2,0
1001,1966,Jazz,BossaNova,WeightedTransition,9,0,0,0
1001,1966,Jazz,BritishBeat,WeightedTransition,4,0,0,0
1001,1966,Jazz,BritishBlues,WeightedTransition,2,0,0,0
1001,1966,Jazz,BritishPop,WeightedTransition,3,0,0,0
1001,1966,Jazz,Childrens,AnnualFloor,1,0,1,0
1001,1966,Jazz,Childrens,WeightedTransition,2,0,0,0
1001,1966,Jazz,Classical,WeightedTransition,2,0,0,0
1001,1966,Jazz,Comedy,WeightedTransition,2,0,0,0
1001,1966,Jazz,ContemporaryFolk,AnnualFloor,1,0,1,0
1001,1966,Jazz,ContemporaryFolk,WeightedTransition,4,0,0,0
1001,1966,Jazz,Country,WeightedTransition,2,0,0,0
1001,1966,Jazz,EasyListening,WeightedTransition,5,0,0,0
1001,1966,Jazz,FolkRock,WeightedTransition,2,0,0,0
1001,1966,Jazz,GarageRock,WeightedTransition,2,0,0,0
1001,1966,Jazz,Gospel,AnnualFloor,1,0,1,0
1001,1966,Jazz,Gospel,WeightedTransition,1,0,0,0
1001,1966,Jazz,Jazz,AnnualFloor,2,0,2,0
1001,1966,Jazz,Jazz,Retained,74,0,0,0
1001,1966,Jazz,Jazz,WeightedTransition,22,0,1,1
1001,1966,Jazz,LatinPop,WeightedTransition,2,0,0,0
1001,1966,Jazz,RnB,WeightedTransition,10,0,0,0
1001,1966,Jazz,Rocksteady,AnnualFloor,1,0,1,0
1001,1966,Jazz,Ska,AnnualFloor,1,0,1,0
1001,1966,Jazz,Ska,WeightedTransition,1,0,0,0
1001,1966,Jazz,Soul,WeightedTransition,9,0,0,0
1001,1966,Jazz,SunshinePop,WeightedTransition,2,0,0,0
1001,1966,Jazz,TexMex,WeightedTransition,4,0,0,0
1001,1966,Jazz,TraditionalPop,WeightedTransition,5,0,0,0
1001,1966,LatinPop,BritishBlues,WeightedTransition,1,0,0,0
1001,1966,LatinPop,EasyListening,WeightedTransition,1,0,0,0
1001,1966,LatinPop,LatinPop,AnnualFloor,1,0,1,0
1001,1966,LatinPop,LatinPop,Retained,30,0,0,0
1001,1966,LatinPop,LatinPop,WeightedTransition,1,0,0,0
1001,1966,LatinPop,RnB,WeightedTransition,1,0,0,0
1001,1966,PsychedelicRock,ContemporaryFolk,WeightedTransition,1,0,0,0
1001,1966,PsychedelicRock,PsychedelicRock,Retained,11,0,0,0
1001,1966,RnB,AcidRock,AnnualFloor,1,0,1,0
1001,1966,RnB,BaroquePop,WeightedTransition,2,0,0,0
1001,1966,RnB,Blues,WeightedTransition,1,0,0,0
1001,1966,RnB,BossaNova,AnnualFloor,1,0,1,0
1001,1966,RnB,BossaNova,WeightedTransition,2,0,0,0
1001,1966,RnB,BritishBeat,AnnualFloor,1,0,1,0
1001,1966,RnB,BritishBlues,WeightedTransition,1,0,0,0
1001,1966,RnB,BritishPop,WeightedTransition,2,0,0,0
1001,1966,RnB,Childrens,AnnualFloor,1,0,1,0
1001,1966,RnB,Classical,WeightedTransition,3,0,0,0
1001,1966,RnB,Comedy,WeightedTransition,2,0,0,0
1001,1966,RnB,ContemporaryFolk,WeightedTransition,1,0,0,0
1001,1966,RnB,Country,WeightedTransition,3,0,0,0
1001,1966,RnB,EasyListening,WeightedTransition,1,0,0,0
1001,1966,RnB,Folk,WeightedTransition,1,0,0,0
1001,1966,RnB,FolkRock,AnnualFloor,1,0,1,0
1001,1966,RnB,FolkRock,WeightedTransition,5,0,1,1
1001,1966,RnB,GarageRock,WeightedTransition,2,0,0,0
1001,1966,RnB,Gospel,WeightedTransition,3,0,0,0
1001,1966,RnB,Jazz,WeightedTransition,1,0,0,0
1001,1966,RnB,RnB,AnnualFloor,2,0,2,0
1001,1966,RnB,RnB,Retained,220,0,0,0
1001,1966,RnB,RnB,WeightedTransition,23,0,1,1
1001,1966,RnB,RockAndRoll,WeightedTransition,2,0,0,0
1001,1966,RnB,Ska,WeightedTransition,1,0,0,0
1001,1966,RnB,Soul,WeightedTransition,17,0,0,0
1001,1966,RnB,SunshinePop,AnnualFloor,1,0,1,0
1001,1966,RnB,SunshinePop,WeightedTransition,1,0,0,0
1001,1966,RnB,TraditionalPop,WeightedTransition,1,0,0,0
1001,1966,RockAndRoll,AcidRock,WeightedTransition,3,0,0,0
1001,1966,RockAndRoll,BluesRock,WeightedTransition,1,0,0,0
1001,1966,RockAndRoll,Boogaloo,AnnualFloor,1,0,1,0
1001,1966,RockAndRoll,BossaNova,WeightedTransition,2,0,0,0
1001,1966,RockAndRoll,BritishBeat,AnnualFloor,1,0,1,0
1001,1966,RockAndRoll,BritishBeat,WeightedTransition,26,0,0,0
1001,1966,RockAndRoll,BritishBlues,AnnualFloor,1,0,1,0
1001,1966,RockAndRoll,BritishBlues,WeightedTransition,22,0,0,0
1001,1966,RockAndRoll,BritishPop,WeightedTransition,11,0,0,0
1001,1966,RockAndRoll,Childrens,WeightedTransition,3,0,0,0
1001,1966,RockAndRoll,Classical,WeightedTransition,2,0,0,0
1001,1966,RockAndRoll,Comedy,WeightedTransition,2,0,0,0
1001,1966,RockAndRoll,ContemporaryFolk,WeightedTransition,5,0,0,0
1001,1966,RockAndRoll,Country,WeightedTransition,6,0,0,0
1001,1966,RockAndRoll,EasyListening,AnnualFloor,1,0,1,0
1001,1966,RockAndRoll,EasyListening,WeightedTransition,9,0,0,0
1001,1966,RockAndRoll,Folk,WeightedTransition,2,0,0,0
1001,1966,RockAndRoll,FolkRock,WeightedTransition,5,0,0,0
1001,1966,RockAndRoll,GarageRock,WeightedTransition,18,0,0,0
1001,1966,RockAndRoll,Gospel,WeightedTransition,6,0,0,0
1001,1966,RockAndRoll,Jazz,WeightedTransition,2,0,0,0
1001,1966,RockAndRoll,LatinPop,WeightedTransition,4,0,0,0
1001,1966,RockAndRoll,PsychedelicRock,AnnualFloor,3,0,3,0
1001,1966,RockAndRoll,PsychedelicRock,WeightedTransition,6,0,0,0
1001,1966,RockAndRoll,RnB,WeightedTransition,10,0,0,0
1001,1966,RockAndRoll,RockAndRoll,AnnualFloor,3,0,3,0
1001,1966,RockAndRoll,RockAndRoll,Retained,48,0,0,0
1001,1966,RockAndRoll,RockAndRoll,WeightedTransition,32,0,0,0
1001,1966,RockAndRoll,Rocksteady,WeightedTransition,1,0,0,0
1001,1966,RockAndRoll,Ska,WeightedTransition,2,0,0,0
1001,1966,RockAndRoll,Soul,WeightedTransition,10,0,0,0
1001,1966,RockAndRoll,SunshinePop,WeightedTransition,1,0,0,0
1001,1966,RockAndRoll,SurfRock,WeightedTransition,3,0,0,0
1001,1966,RockAndRoll,TexMex,WeightedTransition,3,0,0,0
1001,1966,RockAndRoll,TraditionalPop,WeightedTransition,8,0,0,0
1001,1966,Rocksteady,Rocksteady,Retained,1,0,0,0
1001,1966,Ska,Blues,WeightedTransition,1,0,0,0
1001,1966,Ska,Gospel,WeightedTransition,1,0,0,0
1001,1966,Ska,Ska,Retained,7,0,0,0
1001,1966,Soul,BluesRock,WeightedTransition,1,0,1,1
1001,1966,Soul,Boogaloo,WeightedTransition,1,0,0,0
1001,1966,Soul,BritishPop,WeightedTransition,1,0,0,0
1001,1966,Soul,Classical,AnnualFloor,1,0,1,0
1001,1966,Soul,Classical,WeightedTransition,2,0,0,0
1001,1966,Soul,Comedy,AnnualFloor,1,0,1,0
1001,1966,Soul,Comedy,WeightedTransition,1,0,0,0
1001,1966,Soul,ContemporaryFolk,WeightedTransition,2,0,0,0
1001,1966,Soul,Country,WeightedTransition,2,0,0,0
1001,1966,Soul,FolkRock,WeightedTransition,2,0,0,0
1001,1966,Soul,Gospel,WeightedTransition,4,0,1,1
1001,1966,Soul,Jazz,AnnualFloor,1,0,1,0
1001,1966,Soul,LatinPop,WeightedTransition,1,0,0,0
1001,1966,Soul,RnB,WeightedTransition,2,0,0,0
1001,1966,Soul,RockAndRoll,WeightedTransition,1,0,0,0
1001,1966,Soul,Soul,Retained,204,0,0,0
1001,1966,Soul,Soul,WeightedTransition,18,0,1,1
1001,1966,Soul,SunshinePop,AnnualFloor,1,0,1,0
1001,1966,Soul,SurfRock,AnnualFloor,1,0,1,0
1001,1966,Soul,SurfRock,WeightedTransition,1,0,0,0
1001,1966,Soul,TexMex,WeightedTransition,1,0,0,0
1001,1966,SunshinePop,BritishPop,WeightedTransition,1,0,0,0
1001,1966,SunshinePop,SunshinePop,Retained,14,0,0,0
1001,1966,SurfRock,BossaNova,WeightedTransition,1,0,0,0
1001,1966,SurfRock,BritishBeat,WeightedTransition,4,0,0,0
1001,1966,SurfRock,Comedy,WeightedTransition,1,0,0,0
1001,1966,SurfRock,ContemporaryFolk,WeightedTransition,1,0,0,0
1001,1966,SurfRock,FolkRock,WeightedTransition,1,0,0,0
1001,1966,SurfRock,GarageRock,AnnualFloor,2,0,2,0
1001,1966,SurfRock,PsychedelicRock,WeightedTransition,2,0,0,0
1001,1966,SurfRock,RockAndRoll,WeightedTransition,3,0,0,0
1001,1966,SurfRock,Soul,WeightedTransition,1,0,0,0
1001,1966,SurfRock,SurfRock,AnnualFloor,1,0,1,0
1001,1966,SurfRock,SurfRock,Retained,27,0,0,0
1001,1966,TeenPop,BaroquePop,WeightedTransition,1,1,0,0
1001,1966,TeenPop,BossaNova,WeightedTransition,1,1,1,1
1001,1966,TeenPop,BritishBeat,WeightedTransition,3,3,1,1
1001,1966,TeenPop,BritishBlues,WeightedTransition,1,1,0,0
1001,1966,TeenPop,BritishPop,AnnualFloor,2,2,2,0
1001,1966,TeenPop,BritishPop,WeightedTransition,19,19,0,0
1001,1966,TeenPop,Childrens,WeightedTransition,1,1,0,0
1001,1966,TeenPop,Classical,WeightedTransition,2,2,0,0
1001,1966,TeenPop,Comedy,WeightedTransition,2,2,0,0
1001,1966,TeenPop,ContemporaryFolk,AnnualFloor,1,1,1,0
1001,1966,TeenPop,ContemporaryFolk,WeightedTransition,2,2,0,0
1001,1966,TeenPop,Country,WeightedTransition,4,4,0,0
1001,1966,TeenPop,EasyListening,WeightedTransition,5,5,0,0
1001,1966,TeenPop,Folk,WeightedTransition,1,1,0,0
1001,1966,TeenPop,FolkRock,WeightedTransition,6,6,0,0
1001,1966,TeenPop,GarageRock,WeightedTransition,3,3,0,0
1001,1966,TeenPop,Gospel,WeightedTransition,5,5,0,0
1001,1966,TeenPop,Jazz,WeightedTransition,1,1,0,0
1001,1966,TeenPop,LatinPop,AnnualFloor,1,1,1,0
1001,1966,TeenPop,RnB,AnnualFloor,1,1,1,0
1001,1966,TeenPop,RnB,WeightedTransition,2,2,0,0
1001,1966,TeenPop,RockAndRoll,WeightedTransition,6,6,1,1
1001,1966,TeenPop,Ska,WeightedTransition,3,3,0,0
1001,1966,TeenPop,Soul,WeightedTransition,6,6,0,0
1001,1966,TeenPop,SunshinePop,WeightedTransition,5,5,0,0
1001,1966,TeenPop,TeenPop,Retained,67,67,0,0
1001,1966,TeenPop,TraditionalPop,AnnualFloor,2,2,2,0
1001,1966,TeenPop,TraditionalPop,WeightedTransition,1,1,0,0
1001,1966,TexMex,BritishBlues,AnnualFloor,1,0,1,0
1001,1966,TexMex,TexMex,Retained,19,0,0,0
1001,1966,TraditionalPop,BaroquePop,WeightedTransition,5,0,0,0
1001,1966,TraditionalPop,Blues,WeightedTransition,1,0,0,0
1001,1966,TraditionalPop,BluesRock,WeightedTransition,1,0,0,0
1001,1966,TraditionalPop,Boogaloo,WeightedTransition,2,0,0,0
1001,1966,TraditionalPop,BossaNova,WeightedTransition,2,0,0,0
1001,1966,TraditionalPop,BritishBeat,WeightedTransition,4,0,0,0
1001,1966,TraditionalPop,BritishBlues,WeightedTransition,3,0,0,0
1001,1966,TraditionalPop,BritishPop,AnnualFloor,1,0,1,0
1001,1966,TraditionalPop,BritishPop,WeightedTransition,9,0,0,0
1001,1966,TraditionalPop,Childrens,WeightedTransition,2,0,0,0
1001,1966,TraditionalPop,Classical,AnnualFloor,2,0,2,0
1001,1966,TraditionalPop,Classical,WeightedTransition,1,0,0,0
1001,1966,TraditionalPop,Comedy,WeightedTransition,2,0,0,0
1001,1966,TraditionalPop,ContemporaryFolk,WeightedTransition,4,0,0,0
1001,1966,TraditionalPop,Country,WeightedTransition,2,0,0,0
1001,1966,TraditionalPop,EasyListening,WeightedTransition,12,0,0,0
1001,1966,TraditionalPop,Folk,WeightedTransition,3,0,0,0
1001,1966,TraditionalPop,FolkRock,WeightedTransition,4,0,0,0
1001,1966,TraditionalPop,GarageRock,WeightedTransition,7,0,0,0
1001,1966,TraditionalPop,Gospel,WeightedTransition,4,0,1,1
1001,1966,TraditionalPop,Jazz,WeightedTransition,4,0,0,0
1001,1966,TraditionalPop,LatinPop,WeightedTransition,4,0,0,0
1001,1966,TraditionalPop,RnB,WeightedTransition,3,0,0,0
1001,1966,TraditionalPop,RockAndRoll,WeightedTransition,3,0,0,0
1001,1966,TraditionalPop,Rocksteady,AnnualFloor,1,0,1,0
1001,1966,TraditionalPop,Ska,WeightedTransition,1,0,0,0
1001,1966,TraditionalPop,Soul,WeightedTransition,11,0,0,0
1001,1966,TraditionalPop,SunshinePop,WeightedTransition,2,0,0,0
1001,1966,TraditionalPop,TexMex,WeightedTransition,4,0,0,0
1001,1966,TraditionalPop,TraditionalPop,AnnualFloor,1,0,1,0
1001,1966,TraditionalPop,TraditionalPop,Retained,93,0,0,0
1001,1966,TraditionalPop,TraditionalPop,WeightedTransition,19,0,0,0
1001,1967,AcidRock,AcidRock,Retained,3,0,0,0
1001,1967,AcidRock,Childrens,WeightedTransition,1,0,0,0
1001,1967,AcidRock,ProtoPunk,WeightedTransition,1,0,0,0
1001,1967,AcidRock,RnB,WeightedTransition,1,0,0,0
1001,1967,BaroquePop,BaroquePop,Retained,1,0,0,0
1001,1967,BaroquePop,BaroquePop,WeightedTransition,1,0,0,0
1001,1967,BaroquePop,ContemporaryFolk,AnnualFloor,1,0,1,0
1001,1967,BaroquePop,Gospel,WeightedTransition,2,0,0,0
1001,1967,BaroquePop,Soul,WeightedTransition,1,0,0,0
1001,1967,BaroquePop,SunshinePop,WeightedTransition,1,0,0,0
1001,1967,Blues,Blues,AnnualFloor,1,0,1,0
1001,1967,Blues,Blues,Retained,49,0,0,0
1001,1967,Blues,Boogaloo,AnnualFloor,1,0,1,0
1001,1967,Blues,BritishBlues,AnnualFloor,1,0,1,0
1001,1967,Blues,BritishBlues,WeightedTransition,2,0,0,0
1001,1967,Blues,Funk,WeightedTransition,1,0,0,0
1001,1967,Blues,GarageRock,AnnualFloor,1,0,1,0
1001,1967,Blues,Jazz,WeightedTransition,1,0,0,0
1001,1967,Blues,Soul,WeightedTransition,1,0,0,0
1001,1967,BluesRock,BluesRock,Retained,7,0,0,0
1001,1967,BluesRock,BluesRock,WeightedTransition,1,0,0,0
1001,1967,BluesRock,Funk,AnnualFloor,1,0,1,0
1001,1967,BluesRock,Jazz,WeightedTransition,1,0,0,0
1001,1967,BluesRock,Soul,AnnualFloor,1,0,1,0
1001,1967,Boogaloo,Boogaloo,AnnualFloor,1,0,1,0
1001,1967,Boogaloo,Boogaloo,Retained,11,0,0,0
1001,1967,Boogaloo,Boogaloo,WeightedTransition,2,0,0,0
1001,1967,Boogaloo,BritishBlues,WeightedTransition,1,0,0,0
1001,1967,Boogaloo,BritishPop,WeightedTransition,1,0,0,0
1001,1967,Boogaloo,Bubblegum,WeightedTransition,1,0,0,0
1001,1967,Boogaloo,EasyListening,WeightedTransition,1,0,0,0
1001,1967,Boogaloo,LatinPop,WeightedTransition,1,0,0,0
1001,1967,BossaNova,BluesRock,WeightedTransition,1,0,0,0
1001,1967,BossaNova,BossaNova,Retained,25,0,0,0
1001,1967,BossaNova,Comedy,WeightedTransition,3,0,0,0
1001,1967,BossaNova,Country,WeightedTransition,1,0,0,0
1001,1967,BossaNova,FolkRock,WeightedTransition,1,0,0,0
1001,1967,BossaNova,Gospel,AnnualFloor,1,0,1,0
1001,1967,BossaNova,Gospel,WeightedTransition,1,0,0,0
1001,1967,BossaNova,HardRock,WeightedTransition,1,0,0,0
1001,1967,BossaNova,Jazz,WeightedTransition,3,0,0,0
1001,1967,BossaNova,LatinPop,WeightedTransition,1,0,0,0
1001,1967,BossaNova,RnB,WeightedTransition,2,0,0,0
1001,1967,BossaNova,Soul,WeightedTransition,1,0,0,0
1001,1967,BossaNova,TexMex,WeightedTransition,1,0,0,0
1001,1967,BritishBeat,Blues,WeightedTransition,2,0,0,0
1001,1967,BritishBeat,BluesRock,WeightedTransition,1,0,0,0
1001,1967,BritishBeat,Boogaloo,WeightedTransition,3,0,0,0
1001,1967,BritishBeat,BritishBeat,Retained,48,0,0,0
1001,1967,BritishBeat,BritishBeat,WeightedTransition,4,0,0,0
1001,1967,BritishBeat,BritishBlues,WeightedTransition,7,0,0,0
1001,1967,BritishBeat,Classical,WeightedTransition,1,0,0,0
1001,1967,BritishBeat,ContemporaryFolk,WeightedTransition,1,0,0,0
1001,1967,BritishBeat,Country,WeightedTransition,1,0,0,0
1001,1967,BritishBeat,EasyListening,WeightedTransition,1,0,0,0
1001,1967,BritishBeat,FolkRock,WeightedTransition,1,0,0,0
1001,1967,BritishBeat,Funk,WeightedTransition,1,0,0,0
1001,1967,BritishBeat,GarageRock,WeightedTransition,6,0,0,0
1001,1967,BritishBeat,Gospel,WeightedTransition,2,0,0,0
1001,1967,BritishBeat,Jazz,AnnualFloor,1,0,1,0
1001,1967,BritishBeat,LatinPop,WeightedTransition,1,0,0,0
1001,1967,BritishBeat,ProtoPunk,WeightedTransition,2,0,0,0
1001,1967,BritishBeat,PsychedelicRock,WeightedTransition,5,0,0,0
1001,1967,BritishBeat,RnB,WeightedTransition,1,0,0,0
1001,1967,BritishBeat,Soul,WeightedTransition,2,0,0,0
1001,1967,BritishBeat,SunshinePop,WeightedTransition,1,0,0,0
1001,1967,BritishBeat,TexMex,WeightedTransition,3,0,0,0
1001,1967,BritishBlues,Blues,WeightedTransition,1,0,0,0
1001,1967,BritishBlues,BluesRock,WeightedTransition,1,0,0,0
1001,1967,BritishBlues,BritishBlues,Retained,42,0,0,0
1001,1967,BritishBlues,BritishBlues,WeightedTransition,4,0,0,0
1001,1967,BritishBlues,Classical,WeightedTransition,1,0,0,0
1001,1967,BritishBlues,HardRock,WeightedTransition,1,0,0,0
1001,1967,BritishBlues,Jazz,WeightedTransition,1,0,0,0
1001,1967,BritishBlues,PsychedelicRock,WeightedTransition,1,0,0,0
1001,1967,BritishBlues,RockAndRoll,AnnualFloor,1,0,1,0
1001,1967,BritishBlues,RockAndRoll,WeightedTransition,2,0,0,0
1001,1967,BritishBlues,Soul,WeightedTransition,2,0,0,0
1001,1967,BritishPop,AcidRock,WeightedTransition,1,0,0,0
1001,1967,BritishPop,BaroquePop,WeightedTransition,2,0,0,0
1001,1967,BritishPop,Blues,WeightedTransition,3,0,0,0
1001,1967,BritishPop,Boogaloo,WeightedTransition,1,0,0,0
1001,1967,BritishPop,BritishBlues,AnnualFloor,1,0,1,0
1001,1967,BritishPop,BritishBlues,WeightedTransition,5,0,0,0
1001,1967,BritishPop,BritishPop,Retained,43,0,0,0
1001,1967,BritishPop,BritishPop,WeightedTransition,8,0,0,0
1001,1967,BritishPop,Bubblegum,WeightedTransition,1,0,0,0
1001,1967,BritishPop,Childrens,WeightedTransition,1,0,0,0
1001,1967,BritishPop,Classical,WeightedTransition,1,0,0,0
1001,1967,BritishPop,Comedy,WeightedTransition,1,0,0,0
1001,1967,BritishPop,Country,WeightedTransition,3,0,0,0
1001,1967,BritishPop,EasyListening,WeightedTransition,4,0,0,0
1001,1967,BritishPop,Funk,WeightedTransition,1,0,0,0
1001,1967,BritishPop,GarageRock,WeightedTransition,2,0,0,0
1001,1967,BritishPop,Gospel,WeightedTransition,2,0,0,0
1001,1967,BritishPop,LatinPop,WeightedTransition,2,0,0,0
1001,1967,BritishPop,ProtoPunk,WeightedTransition,1,0,0,0
1001,1967,BritishPop,RnB,WeightedTransition,2,0,0,0
1001,1967,BritishPop,Soul,WeightedTransition,5,0,0,0
1001,1967,BritishPop,SunshinePop,WeightedTransition,1,0,0,0
1001,1967,BritishPop,TexMex,WeightedTransition,1,0,0,0
1001,1967,BritishPop,TraditionalPop,WeightedTransition,2,0,0,0
1001,1967,Bubblegum,Bubblegum,Retained,1,0,0,0
1001,1967,Childrens,AcidRock,WeightedTransition,1,0,0,0
1001,1967,Childrens,Childrens,Retained,24,0,0,0
1001,1967,Childrens,Childrens,WeightedTransition,1,0,0,0
1001,1967,Childrens,Comedy,WeightedTransition,1,0,0,0
1001,1967,Childrens,ProtoPunk,AnnualFloor,1,0,1,0
1001,1967,Childrens,Ska,AnnualFloor,2,0,2,0
1001,1967,Classical,Blues,WeightedTransition,1,0,0,0
1001,1967,Classical,BritishBlues,WeightedTransition,1,0,0,0
1001,1967,Classical,BritishPop,WeightedTransition,1,0,0,0
1001,1967,Classical,Classical,AnnualFloor,1,0,1,0
1001,1967,Classical,Classical,Retained,119,0,0,0
1001,1967,Classical,Classical,WeightedTransition,2,0,0,0
1001,1967,Classical,ContemporaryFolk,WeightedTransition,1,0,0,0
1001,1967,Classical,EasyListening,WeightedTransition,2,0,0,0
1001,1967,Classical,FolkRock,WeightedTransition,2,0,0,0
1001,1967,Classical,Funk,WeightedTransition,2,0,0,0
1001,1967,Classical,GarageRock,WeightedTransition,1,0,0,0
1001,1967,Classical,Gospel,WeightedTransition,1,0,0,0
1001,1967,Classical,LatinPop,AnnualFloor,1,0,1,0
1001,1967,Classical,Rocksteady,WeightedTransition,1,0,0,0
1001,1967,Classical,Ska,WeightedTransition,1,0,0,0
1001,1967,Comedy,BluesRock,WeightedTransition,1,0,0,0
1001,1967,Comedy,Boogaloo,WeightedTransition,1,0,0,0
1001,1967,Comedy,BritishBlues,WeightedTransition,1,0,0,0
1001,1967,Comedy,BritishPop,WeightedTransition,1,0,0,0
1001,1967,Comedy,Bubblegum,WeightedTransition,1,0,0,0
1001,1967,Comedy,Childrens,WeightedTransition,3,0,0,0
1001,1967,Comedy,Comedy,Retained,47,0,0,0
1001,1967,Comedy,Comedy,WeightedTransition,2,0,0,0
1001,1967,Comedy,Country,AnnualFloor,1,0,1,0
1001,1967,Comedy,Country,WeightedTransition,1,0,0,0
1001,1967,Comedy,EasyListening,WeightedTransition,1,0,0,0
1001,1967,Comedy,Funk,WeightedTransition,2,0,0,0
1001,1967,Comedy,GarageRock,WeightedTransition,3,0,0,0
1001,1967,Comedy,RnB,WeightedTransition,2,0,0,0
1001,1967,Comedy,SingerSongwriter,WeightedTransition,1,0,0,0
1001,1967,Comedy,Soul,WeightedTransition,3,0,0,0
1001,1967,ContemporaryFolk,Blues,WeightedTransition,2,0,0,0
1001,1967,ContemporaryFolk,Boogaloo,WeightedTransition,2,0,0,0
1001,1967,ContemporaryFolk,ContemporaryFolk,Retained,52,0,0,0
1001,1967,ContemporaryFolk,ContemporaryFolk,WeightedTransition,1,0,0,0
1001,1967,ContemporaryFolk,EasyListening,WeightedTransition,1,0,0,0
1001,1967,ContemporaryFolk,Funk,WeightedTransition,1,0,0,0
1001,1967,ContemporaryFolk,GarageRock,WeightedTransition,1,0,0,0
1001,1967,ContemporaryFolk,Gospel,WeightedTransition,2,0,0,0
1001,1967,ContemporaryFolk,LatinPop,WeightedTransition,1,0,0,0
1001,1967,ContemporaryFolk,RnB,WeightedTransition,1,0,0,0
1001,1967,ContemporaryFolk,SingerSongwriter,WeightedTransition,1,0,0,0
1001,1967,ContemporaryFolk,Soul,WeightedTransition,2,0,0,0
1001,1967,ContemporaryFolk,SunshinePop,WeightedTransition,2,0,0,0
1001,1967,Country,Blues,WeightedTransition,1,0,0,0
1001,1967,Country,Boogaloo,WeightedTransition,1,0,0,0
1001,1967,Country,BossaNova,WeightedTransition,1,0,0,0
1001,1967,Country,Classical,WeightedTransition,2,0,0,0
1001,1967,Country,Comedy,WeightedTransition,1,0,0,0
1001,1967,Country,ContemporaryFolk,WeightedTransition,1,0,0,0
1001,1967,Country,Country,AnnualFloor,2,0,2,0
1001,1967,Country,Country,Retained,143,0,0,0
1001,1967,Country,Country,WeightedTransition,5,0,0,0
1001,1967,Country,FolkRock,WeightedTransition,2,0,0,0
1001,1967,Country,GarageRock,WeightedTransition,1,0,0,0
1001,1967,Country,RockAndRoll,AnnualFloor,1,0,1,0
1001,1967,Country,RockAndRoll,WeightedTransition,1,0,0,0
1001,1967,Country,SingerSongwriter,WeightedTransition,1,0,0,0
1001,1967,Country,Soul,AnnualFloor,1,0,1,0
1001,1967,Country,Soul,WeightedTransition,3,0,0,0
1001,1967,Country,SunshinePop,WeightedTransition,1,0,0,0
1001,1967,Country,TexMex,AnnualFloor,1,0,1,0
1001,1967,DooWop,BluesRock,WeightedTransition,1,1,0,0
1001,1967,DooWop,Boogaloo,AnnualFloor,1,1,1,0
1001,1967,DooWop,BritishPop,WeightedTransition,3,3,0,0
1001,1967,DooWop,Comedy,WeightedTransition,1,1,0,0
1001,1967,DooWop,ContemporaryFolk,WeightedTransition,1,1,0,0
1001,1967,DooWop,DooWop,Retained,2,2,0,0
1001,1967,DooWop,LatinPop,WeightedTransition,1,1,0,0
1001,1967,DooWop,RnB,WeightedTransition,3,3,0,0
1001,1967,DooWop,SingerSongwriter,WeightedTransition,1,1,0,0
1001,1967,DooWop,Soul,WeightedTransition,1,1,0,0
1001,1967,DooWop,SunshinePop,AnnualFloor,1,1,1,0
1001,1967,DooWop,SunshinePop,WeightedTransition,2,2,0,0
1001,1967,EasyListening,AcidRock,AnnualFloor,1,0,1,0
1001,1967,EasyListening,AcidRock,WeightedTransition,2,0,0,0
1001,1967,EasyListening,BaroquePop,AnnualFloor,1,0,1,0
1001,1967,EasyListening,BaroquePop,WeightedTransition,1,0,0,0
1001,1967,EasyListening,BluesRock,WeightedTransition,1,0,0,0
1001,1967,EasyListening,BritishBlues,WeightedTransition,4,0,0,0
1001,1967,EasyListening,BritishPop,AnnualFloor,2,0,2,0
1001,1967,EasyListening,BritishPop,WeightedTransition,11,0,0,0
1001,1967,EasyListening,Childrens,WeightedTransition,1,0,0,0
1001,1967,EasyListening,Classical,AnnualFloor,1,0,1,0
1001,1967,EasyListening,Classical,WeightedTransition,2,0,0,0
1001,1967,EasyListening,Comedy,WeightedTransition,1,0,0,0
1001,1967,EasyListening,ContemporaryFolk,WeightedTransition,2,0,0,0
1001,1967,EasyListening,Country,WeightedTransition,4,0,0,0
1001,1967,EasyListening,EasyListening,Retained,71,0,0,0
1001,1967,EasyListening,EasyListening,WeightedTransition,7,0,0,0
1001,1967,EasyListening,FolkRock,WeightedTransition,3,0,0,0
1001,1967,EasyListening,Funk,WeightedTransition,3,0,0,0
1001,1967,EasyListening,GarageRock,AnnualFloor,1,0,1,0
1001,1967,EasyListening,GarageRock,WeightedTransition,5,0,0,0
1001,1967,EasyListening,Gospel,WeightedTransition,6,0,0,0
1001,1967,EasyListening,HardRock,WeightedTransition,1,0,0,0
1001,1967,EasyListening,Jazz,WeightedTransition,1,0,0,0
1001,1967,EasyListening,LatinPop,WeightedTransition,5,0,0,0
1001,1967,EasyListening,RnB,AnnualFloor,1,0,1,0
1001,1967,EasyListening,RnB,WeightedTransition,1,0,0,0
1001,1967,EasyListening,RockAndRoll,AnnualFloor,1,0,1,0
1001,1967,EasyListening,RockAndRoll,WeightedTransition,1,0,0,0
1001,1967,EasyListening,SingerSongwriter,AnnualFloor,2,0,2,0
1001,1967,EasyListening,Soul,WeightedTransition,3,0,0,0
1001,1967,EasyListening,SunshinePop,WeightedTransition,2,0,0,0
1001,1967,EasyListening,TexMex,WeightedTransition,2,0,0,0
1001,1967,EasyListening,TraditionalPop,WeightedTransition,1,0,0,0
1001,1967,Folk,AcidRock,AnnualFloor,1,1,1,0
1001,1967,Folk,BaroquePop,WeightedTransition,1,1,0,0
1001,1967,Folk,Blues,WeightedTransition,2,2,0,0
1001,1967,Folk,BluesRock,AnnualFloor,1,1,1,0
1001,1967,Folk,Boogaloo,WeightedTransition,2,2,0,0
1001,1967,Folk,BritishBeat,WeightedTransition,3,3,0,0
1001,1967,Folk,BritishBlues,WeightedTransition,4,4,0,0
1001,1967,Folk,BritishPop,WeightedTransition,3,3,0,0
1001,1967,Folk,Bubblegum,WeightedTransition,2,2,0,0
1001,1967,Folk,Childrens,AnnualFloor,1,1,1,0
1001,1967,Folk,Childrens,WeightedTransition,1,1,0,0
1001,1967,Folk,Comedy,AnnualFloor,2,2,2,0
1001,1967,Folk,Comedy,WeightedTransition,1,1,0,0
1001,1967,Folk,ContemporaryFolk,AnnualFloor,2,2,2,0
1001,1967,Folk,ContemporaryFolk,WeightedTransition,7,7,0,0
1001,1967,Folk,Country,WeightedTransition,9,9,0,0
1001,1967,Folk,EasyListening,AnnualFloor,1,1,1,0
1001,1967,Folk,EasyListening,WeightedTransition,4,4,0,0
1001,1967,Folk,Folk,Retained,90,90,0,0
1001,1967,Folk,FolkRock,AnnualFloor,2,2,2,0
1001,1967,Folk,FolkRock,WeightedTransition,10,10,0,0
1001,1967,Folk,GarageRock,WeightedTransition,2,2,0,0
1001,1967,Folk,Gospel,AnnualFloor,1,1,1,0
1001,1967,Folk,Gospel,WeightedTransition,4,4,0,0
1001,1967,Folk,HardRock,WeightedTransition,1,1,0,0
1001,1967,Folk,Jazz,WeightedTransition,1,1,0,0
1001,1967,Folk,LatinPop,WeightedTransition,4,4,0,0
1001,1967,Folk,RnB,WeightedTransition,1,1,0,0
1001,1967,Folk,RockAndRoll,WeightedTransition,1,1,0,0
1001,1967,Folk,SingerSongwriter,AnnualFloor,1,1,1,0
1001,1967,Folk,SingerSongwriter,WeightedTransition,5,5,0,0
1001,1967,Folk,Soul,WeightedTransition,4,4,0,0
1001,1967,Folk,TexMex,WeightedTransition,1,1,0,0
1001,1967,Folk,TraditionalPop,WeightedTransition,1,1,0,0
1001,1967,FolkRock,BritishBlues,WeightedTransition,1,0,0,0
1001,1967,FolkRock,FolkRock,Retained,20,0,0,0
1001,1967,FolkRock,FolkRock,WeightedTransition,5,0,0,0
1001,1967,FolkRock,Soul,WeightedTransition,1,0,0,0
1001,1967,Funk,Funk,Retained,9,0,0,0
1001,1967,Funk,Soul,WeightedTransition,1,0,0,0
1001,1967,GarageRock,BluesRock,WeightedTransition,1,0,0,0
1001,1967,GarageRock,BritishBlues,WeightedTransition,2,0,0,0
1001,1967,GarageRock,BritishPop,WeightedTransition,1,0,0,0
1001,1967,GarageRock,ContemporaryFolk,WeightedTransition,1,0,0,0
1001,1967,GarageRock,FolkRock,WeightedTransition,1,0,0,0
1001,1967,GarageRock,GarageRock,Retained,44,0,0,0
1001,1967,GarageRock,GarageRock,WeightedTransition,4,0,0,0
1001,1967,GarageRock,Jazz,WeightedTransition,1,0,0,0
1001,1967,GarageRock,LatinPop,WeightedTransition,1,0,0,0
1001,1967,GarageRock,ProtoPunk,AnnualFloor,1,0,1,0
1001,1967,GarageRock,RnB,WeightedTransition,1,0,0,0
1001,1967,GarageRock,Soul,WeightedTransition,1,0,0,0
1001,1967,Gospel,BluesRock,AnnualFloor,1,0,1,0
1001,1967,Gospel,BritishPop,WeightedTransition,1,0,0,0
1001,1967,Gospel,Bubblegum,AnnualFloor,1,0,1,0
1001,1967,Gospel,Classical,WeightedTransition,2,0,0,0
1001,1967,Gospel,Comedy,WeightedTransition,2,0,0,0
1001,1967,Gospel,Country,WeightedTransition,2,0,0,0
1001,1967,Gospel,Funk,AnnualFloor,1,0,1,0
1001,1967,Gospel,Funk,WeightedTransition,1,0,0,0
1001,1967,Gospel,GarageRock,WeightedTransition,1,0,0,0
1001,1967,Gospel,Gospel,AnnualFloor,1,0,1,0
1001,1967,Gospel,Gospel,Retained,50,0,0,0
1001,1967,Gospel,Gospel,WeightedTransition,8,0,0,0
1001,1967,Gospel,HardRock,AnnualFloor,1,0,1,0
1001,1967,Gospel,RnB,WeightedTransition,1,0,0,0
1001,1967,Gospel,Rocksteady,AnnualFloor,1,0,1,0
1001,1967,Gospel,Soul,WeightedTransition,3,0,0,0
1001,1967,Gospel,SunshinePop,WeightedTransition,1,0,0,0
1001,1967,Gospel,TexMex,AnnualFloor,1,0,1,0
1001,1967,HardRock,HardRock,Retained,1,0,0,0
1001,1967,Jazz,BaroquePop,AnnualFloor,1,0,1,0
1001,1967,Jazz,BaroquePop,WeightedTransition,1,0,0,0
1001,1967,Jazz,Boogaloo,WeightedTransition,1,0,0,0
1001,1967,Jazz,BritishBeat,WeightedTransition,1,0,0,0
1001,1967,Jazz,BritishBlues,WeightedTransition,3,0,0,0
1001,1967,Jazz,BritishPop,WeightedTransition,8,0,0,0
1001,1967,Jazz,Bubblegum,WeightedTransition,1,0,0,0
1001,1967,Jazz,Childrens,AnnualFloor,1,0,1,0
1001,1967,Jazz,Classical,WeightedTransition,1,0,0,0
1001,1967,Jazz,ContemporaryFolk,WeightedTransition,2,0,0,0
1001,1967,Jazz,Country,WeightedTransition,2,0,0,0
1001,1967,Jazz,EasyListening,WeightedTransition,3,0,0,0
1001,1967,Jazz,FolkRock,WeightedTransition,3,0,0,0
1001,1967,Jazz,Funk,WeightedTransition,1,0,0,0
1001,1967,Jazz,Gospel,WeightedTransition,4,0,0,0
1001,1967,Jazz,Jazz,AnnualFloor,2,0,2,0
1001,1967,Jazz,Jazz,Retained,114,0,0,0
1001,1967,Jazz,Jazz,WeightedTransition,5,0,0,0
1001,1967,Jazz,RnB,WeightedTransition,8,0,0,0
1001,1967,Jazz,SingerSongwriter,WeightedTransition,2,0,0,0
1001,1967,Jazz,Soul,WeightedTransition,6,0,0,0
1001,1967,Jazz,SunshinePop,WeightedTransition,3,0,0,0
1001,1967,Jazz,TexMex,WeightedTransition,1,0,0,0
1001,1967,Jazz,TraditionalPop,AnnualFloor,1,0,1,0
1001,1967,Jazz,TraditionalPop,WeightedTransition,4,0,0,0
1001,1967,LatinPop,BluesRock,WeightedTransition,1,0,0,0
1001,1967,LatinPop,Boogaloo,WeightedTransition,1,0,0,0
1001,1967,LatinPop,Classical,WeightedTransition,1,0,0,0
1001,1967,LatinPop,Funk,WeightedTransition,1,0,0,0
1001,1967,LatinPop,Gospel,WeightedTransition,1,0,0,0
1001,1967,LatinPop,LatinPop,Retained,50,0,0,0
1001,1967,LatinPop,Soul,WeightedTransition,1,0,0,0
1001,1967,LatinPop,TexMex,AnnualFloor,1,0,1,0
1001,1967,LatinPop,TexMex,WeightedTransition,1,0,0,0
1001,1967,ProtoPunk,ProtoPunk,Retained,5,0,0,0
1001,1967,PsychedelicRock,BritishBeat,WeightedTransition,1,0,0,0
1001,1967,PsychedelicRock,BritishBlues,WeightedTransition,2,0,0,0
1001,1967,PsychedelicRock,Gospel,WeightedTransition,1,0,0,0
1001,1967,PsychedelicRock,Jazz,WeightedTransition,1,0,0,0
1001,1967,PsychedelicRock,PsychedelicRock,Retained,29,0,0,0
1001,1967,PsychedelicRock,PsychedelicRock,WeightedTransition,4,0,0,0
1001,1967,PsychedelicRock,RnB,WeightedTransition,1,0,0,0
1001,1967,PsychedelicRock,RockAndRoll,WeightedTransition,1,0,0,0
1001,1967,PsychedelicRock,TraditionalPop,WeightedTransition,1,0,0,0
1001,1967,RnB,Blues,AnnualFloor,1,0,1,0
1001,1967,RnB,Blues,WeightedTransition,1,0,0,0
1001,1967,RnB,Boogaloo,WeightedTransition,1,0,0,0
1001,1967,RnB,BritishBeat,AnnualFloor,1,0,1,0
1001,1967,RnB,BritishBlues,WeightedTransition,1,0,0,0
1001,1967,RnB,BritishPop,WeightedTransition,1,0,0,0
1001,1967,RnB,Classical,AnnualFloor,1,0,1,0
1001,1967,RnB,Comedy,WeightedTransition,3,0,0,0
1001,1967,RnB,ContemporaryFolk,WeightedTransition,1,0,0,0
1001,1967,RnB,Country,WeightedTransition,2,0,0,0
1001,1967,RnB,EasyListening,WeightedTransition,1,0,0,0
1001,1967,RnB,FolkRock,WeightedTransition,1,0,0,0
1001,1967,RnB,Funk,AnnualFloor,1,0,1,0
1001,1967,RnB,Funk,WeightedTransition,4,0,0,0
1001,1967,RnB,GarageRock,AnnualFloor,1,0,1,0
1001,1967,RnB,GarageRock,WeightedTransition,1,0,0,0
1001,1967,RnB,Gospel,WeightedTransition,4,0,0,0
1001,1967,RnB,Jazz,WeightedTransition,1,0,0,0
1001,1967,RnB,LatinPop,WeightedTransition,1,0,0,0
1001,1967,RnB,RnB,Retained,184,0,0,0
1001,1967,RnB,RnB,WeightedTransition,17,0,0,0
1001,1967,RnB,Rocksteady,AnnualFloor,1,0,1,0
1001,1967,RnB,Ska,AnnualFloor,1,0,1,0
1001,1967,RnB,Soul,WeightedTransition,9,0,0,0
1001,1967,RockAndRoll,AcidRock,AnnualFloor,1,0,1,0
1001,1967,RockAndRoll,AcidRock,WeightedTransition,6,0,0,0
1001,1967,RockAndRoll,BaroquePop,AnnualFloor,1,0,1,0
1001,1967,RockAndRoll,BaroquePop,WeightedTransition,1,0,0,0
1001,1967,RockAndRoll,Blues,AnnualFloor,1,0,1,0
1001,1967,RockAndRoll,Blues,WeightedTransition,1,0,0,0
1001,1967,RockAndRoll,BluesRock,WeightedTransition,8,0,0,0
1001,1967,RockAndRoll,Boogaloo,WeightedTransition,3,0,0,0
1001,1967,RockAndRoll,BossaNova,AnnualFloor,1,0,1,0
1001,1967,RockAndRoll,BossaNova,WeightedTransition,1,0,0,0
1001,1967,RockAndRoll,BritishBeat,AnnualFloor,1,0,1,0
1001,1967,RockAndRoll,BritishBeat,WeightedTransition,5,0,0,0
1001,1967,RockAndRoll,BritishBlues,WeightedTransition,16,0,0,0
1001,1967,RockAndRoll,BritishPop,WeightedTransition,7,0,0,0
1001,1967,RockAndRoll,Childrens,AnnualFloor,1,0,1,0
1001,1967,RockAndRoll,Childrens,WeightedTransition,2,0,0,0
1001,1967,RockAndRoll,Classical,WeightedTransition,1,0,0,0
1001,1967,RockAndRoll,Comedy,WeightedTransition,1,0,0,0
1001,1967,RockAndRoll,ContemporaryFolk,WeightedTransition,1,0,0,0
1001,1967,RockAndRoll,Country,WeightedTransition,4,0,0,0
1001,1967,RockAndRoll,EasyListening,WeightedTransition,3,0,0,0
1001,1967,RockAndRoll,FolkRock,WeightedTransition,6,0,0,0
1001,1967,RockAndRoll,Funk,WeightedTransition,5,0,0,0
1001,1967,RockAndRoll,GarageRock,WeightedTransition,19,0,0,0
1001,1967,RockAndRoll,Gospel,WeightedTransition,8,0,0,0
1001,1967,RockAndRoll,HardRock,WeightedTransition,4,0,0,0
1001,1967,RockAndRoll,ProtoPunk,AnnualFloor,1,0,1,0
1001,1967,RockAndRoll,ProtoPunk,WeightedTransition,1,0,0,0
1001,1967,RockAndRoll,PsychedelicRock,AnnualFloor,2,0,2,0
1001,1967,RockAndRoll,PsychedelicRock,WeightedTransition,18,0,0,0
1001,1967,RockAndRoll,RnB,WeightedTransition,7,0,0,0
1001,1967,RockAndRoll,RockAndRoll,Retained,34,0,0,0
1001,1967,RockAndRoll,RockAndRoll,WeightedTransition,21,0,0,0
1001,1967,RockAndRoll,Rocksteady,WeightedTransition,1,0,0,0
1001,1967,RockAndRoll,Soul,WeightedTransition,11,0,0,0
1001,1967,RockAndRoll,SunshinePop,WeightedTransition,2,0,0,0
1001,1967,RockAndRoll,TraditionalPop,WeightedTransition,2,0,0,0
1001,1967,Rocksteady,Rocksteady,Retained,2,0,0,0
1001,1967,SingerSongwriter,HardRock,WeightedTransition,1,0,0,0
1001,1967,SingerSongwriter,Jazz,WeightedTransition,1,0,0,0
1001,1967,SingerSongwriter,SingerSongwriter,Retained,3,0,0,0
1001,1967,Ska,Boogaloo,WeightedTransition,1,0,0,0
1001,1967,Ska,Bubblegum,WeightedTransition,1,0,0,0
1001,1967,Ska,Ska,Retained,9,0,0,0
1001,1967,Soul,BaroquePop,WeightedTransition,1,0,0,0
1001,1967,Soul,BossaNova,WeightedTransition,1,0,0,0
1001,1967,Soul,BritishBeat,AnnualFloor,1,0,1,0
1001,1967,Soul,BritishBeat,WeightedTransition,1,0,0,0
1001,1967,Soul,BritishBlues,WeightedTransition,1,0,0,0
1001,1967,Soul,BritishPop,WeightedTransition,1,0,0,0
1001,1967,Soul,Childrens,WeightedTransition,1,0,0,0
1001,1967,Soul,Classical,WeightedTransition,1,0,0,0
1001,1967,Soul,Comedy,AnnualFloor,1,0,1,0
1001,1967,Soul,Country,WeightedTransition,1,0,0,0
1001,1967,Soul,EasyListening,WeightedTransition,1,0,0,0
1001,1967,Soul,Funk,WeightedTransition,2,0,0,0
1001,1967,Soul,GarageRock,WeightedTransition,2,0,0,0
1001,1967,Soul,HardRock,AnnualFloor,1,0,1,0
1001,1967,Soul,Jazz,WeightedTransition,1,0,0,0
1001,1967,Soul,LatinPop,AnnualFloor,1,0,1,0
1001,1967,Soul,LatinPop,WeightedTransition,1,0,0,0
1001,1967,Soul,RnB,AnnualFloor,1,0,1,0
1001,1967,Soul,RnB,WeightedTransition,6,0,0,0
1001,1967,Soul,Rocksteady,AnnualFloor,1,0,1,0
1001,1967,Soul,Soul,AnnualFloor,1,0,1,0
1001,1967,Soul,Soul,Retained,213,0,0,0
1001,1967,Soul,Soul,WeightedTransition,12,0,0,0
1001,1967,Soul,SunshinePop,AnnualFloor,1,0,1,0
1001,1967,Soul,TraditionalPop,WeightedTransition,1,0,0,0
1001,1967,SunshinePop,BaroquePop,WeightedTransition,2,0,0,0
1001,1967,SunshinePop,EasyListening,WeightedTransition,1,0,0,0
1001,1967,SunshinePop,SunshinePop,Retained,10,0,0,0
1001,1967,SurfRock,AcidRock,WeightedTransition,1,1,0,0
1001,1967,SurfRock,BluesRock,AnnualFloor,1,1,1,0
1001,1967,SurfRock,BluesRock,WeightedTransition,1,1,0,0
1001,1967,SurfRock,BossaNova,WeightedTransition,1,1,0,0
1001,1967,SurfRock,BritishBlues,AnnualFloor,1,1,1,0
1001,1967,SurfRock,BritishBlues,WeightedTransition,2,2,0,0
1001,1967,SurfRock,BritishPop,WeightedTransition,1,1,0,0
1001,1967,SurfRock,Classical,WeightedTransition,1,1,0,0
1001,1967,SurfRock,Country,WeightedTransition,1,1,0,0
1001,1967,SurfRock,FolkRock,AnnualFloor,1,1,1,0
1001,1967,SurfRock,FolkRock,WeightedTransition,1,1,0,0
1001,1967,SurfRock,GarageRock,WeightedTransition,1,1,0,0
1001,1967,SurfRock,Gospel,WeightedTransition,1,1,0,0
1001,1967,SurfRock,HardRock,WeightedTransition,1,1,0,0
1001,1967,SurfRock,ProtoPunk,WeightedTransition,1,1,0,0
1001,1967,SurfRock,PsychedelicRock,AnnualFloor,1,1,1,0
1001,1967,SurfRock,RnB,WeightedTransition,1,1,0,0
1001,1967,SurfRock,RockAndRoll,WeightedTransition,1,1,0,0
1001,1967,SurfRock,SingerSongwriter,WeightedTransition,1,1,0,0
1001,1967,SurfRock,Soul,WeightedTransition,2,2,0,0
1001,1967,SurfRock,SunshinePop,WeightedTransition,1,1,0,0
1001,1967,SurfRock,SurfRock,Retained,12,12,0,0
1001,1967,SurfRock,TexMex,WeightedTransition,1,1,0,0
1001,1967,TeenPop,Blues,WeightedTransition,1,1,0,0
1001,1967,TeenPop,BritishBeat,WeightedTransition,1,1,0,0
1001,1967,TeenPop,BritishBlues,WeightedTransition,8,8,0,0
1001,1967,TeenPop,BritishPop,WeightedTransition,6,6,0,0
1001,1967,TeenPop,Bubblegum,AnnualFloor,2,2,2,0
1001,1967,TeenPop,Bubblegum,WeightedTransition,3,3,0,0
1001,1967,TeenPop,Childrens,WeightedTransition,1,1,0,0
1001,1967,TeenPop,ContemporaryFolk,WeightedTransition,1,1,0,0
1001,1967,TeenPop,Country,WeightedTransition,4,4,0,0
1001,1967,TeenPop,EasyListening,AnnualFloor,1,1,1,0
1001,1967,TeenPop,EasyListening,WeightedTransition,1,1,0,0
1001,1967,TeenPop,FolkRock,WeightedTransition,4,4,0,0
1001,1967,TeenPop,Funk,WeightedTransition,1,1,0,0
1001,1967,TeenPop,GarageRock,WeightedTransition,4,4,0,0
1001,1967,TeenPop,HardRock,AnnualFloor,1,1,1,0
1001,1967,TeenPop,Jazz,WeightedTransition,1,1,0,0
1001,1967,TeenPop,LatinPop,AnnualFloor,1,1,1,0
1001,1967,TeenPop,RnB,AnnualFloor,1,1,1,0
1001,1967,TeenPop,RnB,WeightedTransition,5,5,0,0
1001,1967,TeenPop,RockAndRoll,WeightedTransition,1,1,0,0
1001,1967,TeenPop,Rocksteady,WeightedTransition,1,1,0,0
1001,1967,TeenPop,SingerSongwriter,WeightedTransition,1,1,0,0
1001,1967,TeenPop,Soul,WeightedTransition,1,1,0,0
1001,1967,TeenPop,SunshinePop,WeightedTransition,4,4,0,0
1001,1967,TeenPop,TeenPop,Retained,30,30,0,0
1001,1967,TeenPop,TexMex,WeightedTransition,1,1,0,0
1001,1967,TeenPop,TraditionalPop,WeightedTransition,5,5,0,0
1001,1967,TexMex,Blues,WeightedTransition,1,0,0,0
1001,1967,TexMex,BluesRock,WeightedTransition,1,0,0,0
1001,1967,TexMex,Soul,WeightedTransition,1,0,0,0
1001,1967,TexMex,TexMex,Retained,23,0,0,0
1001,1967,TexMex,TexMex,WeightedTransition,2,0,0,0
1001,1967,TraditionalPop,AcidRock,WeightedTransition,1,0,0,0
1001,1967,TraditionalPop,BaroquePop,WeightedTransition,4,0,0,0
1001,1967,TraditionalPop,Blues,WeightedTransition,2,0,0,0
1001,1967,TraditionalPop,BluesRock,WeightedTransition,3,0,0,0
1001,1967,TraditionalPop,Boogaloo,WeightedTransition,5,0,0,0
1001,1967,TraditionalPop,BossaNova,AnnualFloor,2,0,2,0
1001,1967,TraditionalPop,BritishBeat,WeightedTransition,1,0,0,0
1001,1967,TraditionalPop,BritishBlues,WeightedTransition,2,0,0,0
1001,1967,TraditionalPop,BritishPop,AnnualFloor,1,0,1,0
1001,1967,TraditionalPop,BritishPop,WeightedTransition,15,0,0,0
1001,1967,TraditionalPop,Bubblegum,WeightedTransition,1,0,0,0
1001,1967,TraditionalPop,Childrens,WeightedTransition,2,0,0,0
1001,1967,TraditionalPop,Classical,WeightedTransition,6,0,0,0
1001,1967,TraditionalPop,Comedy,WeightedTransition,2,0,0,0
1001,1967,TraditionalPop,ContemporaryFolk,WeightedTransition,4,0,0,0
1001,1967,TraditionalPop,Country,WeightedTransition,5,0,0,0
1001,1967,TraditionalPop,EasyListening,AnnualFloor,1,0,1,0
1001,1967,TraditionalPop,EasyListening,WeightedTransition,9,0,0,0
1001,1967,TraditionalPop,FolkRock,WeightedTransition,7,0,0,0
1001,1967,TraditionalPop,GarageRock,WeightedTransition,2,0,0,0
1001,1967,TraditionalPop,Gospel,WeightedTransition,4,0,0,0
1001,1967,TraditionalPop,HardRock,WeightedTransition,1,0,0,0
1001,1967,TraditionalPop,Jazz,WeightedTransition,4,0,0,0
1001,1967,TraditionalPop,LatinPop,WeightedTransition,2,0,0,0
1001,1967,TraditionalPop,ProtoPunk,WeightedTransition,2,0,0,0
1001,1967,TraditionalPop,RnB,WeightedTransition,4,0,0,0
1001,1967,TraditionalPop,RockAndRoll,WeightedTransition,4,0,0,0
1001,1967,TraditionalPop,Rocksteady,WeightedTransition,2,0,0,0
1001,1967,TraditionalPop,SingerSongwriter,WeightedTransition,1,0,0,0
1001,1967,TraditionalPop,Soul,WeightedTransition,7,0,0,0
1001,1967,TraditionalPop,SunshinePop,AnnualFloor,1,0,1,0
1001,1967,TraditionalPop,SunshinePop,WeightedTransition,5,0,0,0
1001,1967,TraditionalPop,TraditionalPop,AnnualFloor,2,0,2,0
1001,1967,TraditionalPop,TraditionalPop,Retained,72,0,0,0
1001,1967,TraditionalPop,TraditionalPop,WeightedTransition,6,0,0,0
1001,1968,AcidRock,AcidRock,Retained,15,0,0,0
1001,1968,AcidRock,RnB,WeightedTransition,1,0,0,0
1001,1968,BaroquePop,BaroquePop,Retained,7,0,0,0
1001,1968,BaroquePop,BaroquePop,WeightedTransition,1,0,0,0
1001,1968,BaroquePop,Boogaloo,WeightedTransition,1,0,0,0
1001,1968,BaroquePop,BritishPop,WeightedTransition,1,0,0,0
1001,1968,BaroquePop,FolkRock,WeightedTransition,1,0,0,0
1001,1968,BaroquePop,Reggae,WeightedTransition,1,0,0,0
1001,1968,BaroquePop,RockAndRoll,WeightedTransition,1,0,0,0
1001,1968,BaroquePop,Soul,WeightedTransition,1,0,0,0
1001,1968,BaroquePop,TraditionalPop,WeightedTransition,1,0,0,0
1001,1968,Blues,Blues,Retained,56,0,0,0
1001,1968,Blues,Blues,WeightedTransition,3,0,0,0
1001,1968,Blues,BluesRock,WeightedTransition,1,0,0,0
1001,1968,Blues,BritishBeat,WeightedTransition,1,0,0,0
1001,1968,Blues,Comedy,WeightedTransition,1,0,0,0
1001,1968,Blues,FolkRock,WeightedTransition,1,0,0,0
1001,1968,Blues,Gospel,WeightedTransition,1,0,0,0
1001,1968,Blues,ProtoMetal,WeightedTransition,1,0,0,0
1001,1968,Blues,TexMex,AnnualFloor,1,0,1,0
1001,1968,BluesRock,BluesRock,Retained,17,0,0,0
1001,1968,BluesRock,BluesRock,WeightedTransition,1,0,0,0
1001,1968,BluesRock,BritishBeat,WeightedTransition,1,0,0,0
1001,1968,BluesRock,BritishBlues,WeightedTransition,1,0,0,0
1001,1968,BluesRock,GarageRock,WeightedTransition,1,0,0,0
1001,1968,BluesRock,Soul,WeightedTransition,1,0,0,0
1001,1968,Boogaloo,Blues,WeightedTransition,1,0,0,0
1001,1968,Boogaloo,Boogaloo,Retained,21,0,0,0
1001,1968,Boogaloo,Boogaloo,WeightedTransition,2,0,0,0
1001,1968,Boogaloo,BritishBlues,AnnualFloor,1,0,1,0
1001,1968,Boogaloo,BritishPop,WeightedTransition,1,0,0,0
1001,1968,Boogaloo,Comedy,WeightedTransition,1,0,0,0
1001,1968,Boogaloo,Funk,WeightedTransition,1,0,0,0
1001,1968,Boogaloo,Gospel,WeightedTransition,1,0,0,0
1001,1968,BossaNova,AcidRock,AnnualFloor,1,1,1,0
1001,1968,BossaNova,BossaNova,Retained,17,17,0,0
1001,1968,BossaNova,BritishBeat,AnnualFloor,1,1,1,0
1001,1968,BossaNova,BritishBlues,WeightedTransition,2,2,0,0
1001,1968,BossaNova,Childrens,WeightedTransition,1,1,0,0
1001,1968,BossaNova,Comedy,WeightedTransition,1,1,0,0
1001,1968,BossaNova,EasyListening,WeightedTransition,2,2,0,0
1001,1968,BossaNova,Jazz,WeightedTransition,2,2,0,0
1001,1968,BossaNova,LatinPop,WeightedTransition,1,1,0,0
1001,1968,BossaNova,RnB,WeightedTransition,4,4,0,0
1001,1968,BossaNova,SingerSongwriter,WeightedTransition,1,1,0,0
1001,1968,BossaNova,Soul,WeightedTransition,2,2,0,0
1001,1968,BritishBeat,Blues,WeightedTransition,2,0,0,0
1001,1968,BritishBeat,BluesRock,WeightedTransition,1,0,0,0
1001,1968,BritishBeat,BritishBeat,AnnualFloor,1,0,1,0
1001,1968,BritishBeat,BritishBeat,Retained,41,0,0,0
1001,1968,BritishBeat,BritishBeat,WeightedTransition,12,0,0,0
1001,1968,BritishBeat,BritishBlues,AnnualFloor,1,0,1,0
1001,1968,BritishBeat,BritishBlues,WeightedTransition,2,0,0,0
1001,1968,BritishBeat,Classical,AnnualFloor,1,0,1,0
1001,1968,BritishBeat,Comedy,WeightedTransition,2,0,0,0
1001,1968,BritishBeat,Country,WeightedTransition,2,0,0,0
1001,1968,BritishBeat,CountryRock,WeightedTransition,1,0,0,0
1001,1968,BritishBeat,EasyListening,WeightedTransition,2,0,0,0
1001,1968,BritishBeat,FolkRock,WeightedTransition,1,0,0,0
1001,1968,BritishBeat,Funk,WeightedTransition,1,0,0,0
1001,1968,BritishBeat,GarageRock,WeightedTransition,1,0,0,0
1001,1968,BritishBeat,Gospel,WeightedTransition,1,0,0,0
1001,1968,BritishBeat,HardRock,WeightedTransition,2,0,0,0
1001,1968,BritishBeat,LatinPop,AnnualFloor,1,0,1,0
1001,1968,BritishBeat,ProgressiveRock,WeightedTransition,2,0,0,0
1001,1968,BritishBeat,ProtoMetal,WeightedTransition,1,0,0,0
1001,1968,BritishBeat,ProtoPunk,WeightedTransition,2,0,0,0
1001,1968,BritishBeat,PsychedelicRock,WeightedTransition,3,0,0,0
1001,1968,BritishBeat,RnB,WeightedTransition,2,0,0,0
1001,1968,BritishBeat,RockAndRoll,WeightedTransition,1,0,0,0
1001,1968,BritishBeat,SingerSongwriter,WeightedTransition,1,0,0,0
1001,1968,BritishBeat,SunshinePop,AnnualFloor,1,0,1,0
1001,1968,BritishBeat,SunshinePop,WeightedTransition,1,0,0,0
1001,1968,BritishBeat,TraditionalPop,WeightedTransition,1,0,0,0
1001,1968,BritishBlues,BluesRock,WeightedTransition,2,0,0,0
1001,1968,BritishBlues,BritishBeat,WeightedTransition,1,0,0,0
1001,1968,BritishBlues,BritishBlues,Retained,75,0,0,0
1001,1968,BritishBlues,BritishBlues,WeightedTransition,2,0,0,0
1001,1968,BritishBlues,Bubblegum,AnnualFloor,1,0,1,0
1001,1968,BritishBlues,ContemporaryFolk,WeightedTransition,1,0,0,0
1001,1968,BritishBlues,Country,WeightedTransition,2,0,0,0
1001,1968,BritishBlues,Funk,WeightedTransition,1,0,0,0
1001,1968,BritishBlues,HardRock,AnnualFloor,1,0,1,0
1001,1968,BritishBlues,ProgressiveRock,WeightedTransition,1,0,0,0
1001,1968,BritishBlues,ProtoMetal,WeightedTransition,1,0,0,0
1001,1968,BritishBlues,PsychedelicRock,WeightedTransition,2,0,0,0
1001,1968,BritishBlues,SingerSongwriter,WeightedTransition,1,0,0,0
1001,1968,BritishPop,BaroquePop,WeightedTransition,1,0,0,0
1001,1968,BritishPop,BluesRock,WeightedTransition,2,0,0,0
1001,1968,BritishPop,BritishBlues,WeightedTransition,5,0,0,0
1001,1968,BritishPop,BritishPop,AnnualFloor,1,0,1,0
1001,1968,BritishPop,BritishPop,Retained,40,0,0,0
1001,1968,BritishPop,BritishPop,WeightedTransition,3,0,0,0
1001,1968,BritishPop,Childrens,WeightedTransition,1,0,0,0
1001,1968,BritishPop,Classical,WeightedTransition,3,0,0,0
1001,1968,BritishPop,Comedy,WeightedTransition,4,0,0,0
1001,1968,BritishPop,ContemporaryFolk,WeightedTransition,1,0,0,0
1001,1968,BritishPop,Country,WeightedTransition,4,0,0,0
1001,1968,BritishPop,CountryRock,WeightedTransition,3,0,0,0
1001,1968,BritishPop,EasyListening,WeightedTransition,5,0,0,0
1001,1968,BritishPop,FolkRock,WeightedTransition,1,0,0,0
1001,1968,BritishPop,Funk,AnnualFloor,1,0,1,0
1001,1968,BritishPop,Funk,WeightedTransition,3,0,0,0
1001,1968,BritishPop,Gospel,WeightedTransition,2,0,0,0
1001,1968,BritishPop,LatinPop,WeightedTransition,1,0,0,0
1001,1968,BritishPop,ProgressiveRock,WeightedTransition,1,0,0,0
1001,1968,BritishPop,RnB,WeightedTransition,3,0,0,0
1001,1968,BritishPop,RockAndRoll,WeightedTransition,1,0,0,0
1001,1968,BritishPop,Soul,WeightedTransition,3,0,0,0
1001,1968,BritishPop,SunshinePop,WeightedTransition,2,0,0,0
1001,1968,BritishPop,TexMex,WeightedTransition,1,0,0,0
1001,1968,BritishPop,TraditionalPop,WeightedTransition,3,0,0,0
1001,1968,Bubblegum,BritishBeat,WeightedTransition,1,0,0,0
1001,1968,Bubblegum,Bubblegum,Retained,6,0,0,0
1001,1968,Bubblegum,Bubblegum,WeightedTransition,1,0,0,0
1001,1968,Childrens,AcidRock,AnnualFloor,1,0,1,0
1001,1968,Childrens,Blues,WeightedTransition,1,0,0,0
1001,1968,Childrens,Boogaloo,WeightedTransition,1,0,0,0
1001,1968,Childrens,Childrens,Retained,39,0,0,0
1001,1968,Childrens,Childrens,WeightedTransition,1,0,0,0
1001,1968,Childrens,ContemporaryFolk,WeightedTransition,1,0,0,0
1001,1968,Childrens,FolkRock,WeightedTransition,1,0,0,0
1001,1968,Childrens,HardRock,WeightedTransition,1,0,0,0
1001,1968,Childrens,Soul,WeightedTransition,2,0,0,0
1001,1968,Childrens,SunshinePop,WeightedTransition,1,0,0,0
1001,1968,Childrens,TexMex,WeightedTransition,1,0,0,0
1001,1968,Classical,Blues,WeightedTransition,1,0,0,0
1001,1968,Classical,BluesRock,WeightedTransition,1,0,0,0
1001,1968,Classical,Boogaloo,WeightedTransition,1,0,0,0
1001,1968,Classical,BritishPop,AnnualFloor,1,0,1,0
1001,1968,Classical,Classical,AnnualFloor,1,0,1,0
1001,1968,Classical,Classical,Retained,126,0,0,0
1001,1968,Classical,Classical,WeightedTransition,1,0,0,0
1001,1968,Classical,CountryRock,AnnualFloor,1,0,1,0
1001,1968,Classical,Funk,WeightedTransition,3,0,0,0
1001,1968,Classical,GarageRock,AnnualFloor,1,0,1,0
1001,1968,Classical,Gospel,WeightedTransition,1,0,0,0
1001,1968,Classical,Reggae,WeightedTransition,1,0,0,0
1001,1968,Classical,RnB,WeightedTransition,2,0,0,0
1001,1968,Classical,RockAndRoll,AnnualFloor,1,0,1,0
1001,1968,Classical,Soul,WeightedTransition,3,0,0,0
1001,1968,Comedy,AcidRock,WeightedTransition,1,0,0,0
1001,1968,Comedy,Blues,AnnualFloor,1,0,1,0
1001,1968,Comedy,Childrens,AnnualFloor,1,0,1,0
1001,1968,Comedy,Childrens,WeightedTransition,2,0,0,0
1001,1968,Comedy,Classical,WeightedTransition,2,0,0,0
1001,1968,Comedy,Comedy,Retained,57,0,0,0
1001,1968,Comedy,Comedy,WeightedTransition,4,0,0,0
1001,1968,Comedy,Country,AnnualFloor,1,0,1,0
1001,1968,Comedy,Country,WeightedTransition,2,0,0,0
1001,1968,Comedy,EasyListening,WeightedTransition,1,0,0,0
1001,1968,Comedy,FolkRock,WeightedTransition,1,0,0,0
1001,1968,Comedy,Funk,WeightedTransition,2,0,0,0
1001,1968,Comedy,Gospel,WeightedTransition,2,0,0,0
1001,1968,Comedy,HardRock,WeightedTransition,1,0,0,0
1001,1968,Comedy,ProgressiveRock,AnnualFloor,1,0,1,0
1001,1968,Comedy,ProtoPunk,WeightedTransition,1,0,0,0
1001,1968,Comedy,SingerSongwriter,WeightedTransition,2,0,0,0
1001,1968,Comedy,Soul,WeightedTransition,4,0,0,0
1001,1968,Comedy,SunshinePop,WeightedTransition,1,0,0,0
1001,1968,ContemporaryFolk,BaroquePop,AnnualFloor,1,0,1,0
1001,1968,ContemporaryFolk,BluesRock,AnnualFloor,1,0,1,0
1001,1968,ContemporaryFolk,Boogaloo,WeightedTransition,2,0,0,0
1001,1968,ContemporaryFolk,BritishBeat,WeightedTransition,2,0,0,0
1001,1968,ContemporaryFolk,Bubblegum,WeightedTransition,1,0,0,0
1001,1968,ContemporaryFolk,Childrens,AnnualFloor,1,0,1,0
1001,1968,ContemporaryFolk,Childrens,WeightedTransition,1,0,0,0
1001,1968,ContemporaryFolk,Comedy,AnnualFloor,1,0,1,0
1001,1968,ContemporaryFolk,Comedy,WeightedTransition,1,0,0,0
1001,1968,ContemporaryFolk,ContemporaryFolk,Retained,71,0,0,0
1001,1968,ContemporaryFolk,ContemporaryFolk,WeightedTransition,2,0,0,0
1001,1968,ContemporaryFolk,Country,WeightedTransition,2,0,0,0
1001,1968,ContemporaryFolk,CountryRock,WeightedTransition,1,0,0,0
1001,1968,ContemporaryFolk,EasyListening,WeightedTransition,1,0,0,0
1001,1968,ContemporaryFolk,FolkRock,WeightedTransition,1,0,0,0
1001,1968,ContemporaryFolk,HardRock,WeightedTransition,1,0,0,0
1001,1968,ContemporaryFolk,Jazz,WeightedTransition,1,0,0,0
1001,1968,ContemporaryFolk,RnB,WeightedTransition,1,0,0,0
1001,1968,ContemporaryFolk,Rocksteady,AnnualFloor,1,0,1,0
1001,1968,ContemporaryFolk,SingerSongwriter,WeightedTransition,3,0,0,0
1001,1968,Country,BaroquePop,WeightedTransition,1,0,0,0
1001,1968,Country,Bubblegum,WeightedTransition,1,0,0,0
1001,1968,Country,Childrens,WeightedTransition,1,0,0,0
1001,1968,Country,Country,AnnualFloor,2,0,2,0
1001,1968,Country,Country,Retained,149,0,0,0
1001,1968,Country,Country,WeightedTransition,8,0,0,0
1001,1968,Country,CountryRock,AnnualFloor,1,0,1,0
1001,1968,Country,CountryRock,WeightedTransition,1,0,0,0
1001,1968,Country,Funk,WeightedTransition,1,0,0,0
1001,1968,Country,GarageRock,AnnualFloor,1,0,1,0
1001,1968,Country,GarageRock,WeightedTransition,1,0,0,0
1001,1968,Country,Gospel,AnnualFloor,1,0,1,0
1001,1968,Country,Jazz,WeightedTransition,1,0,0,0
1001,1968,Country,ProgressiveRock,AnnualFloor,1,0,1,0
1001,1968,Country,Reggae,AnnualFloor,1,0,1,0
1001,1968,Country,RnB,WeightedTransition,1,0,0,0
1001,1968,Country,RockAndRoll,AnnualFloor,1,0,1,0
1001,1968,Country,SingerSongwriter,WeightedTransition,1,0,0,0
1001,1968,Country,Soul,WeightedTransition,2,0,0,0
1001,1968,Country,TraditionalPop,AnnualFloor,1,0,1,0
1001,1968,CountryRock,Country,WeightedTransition,1,0,0,0
1001,1968,CountryRock,CountryRock,Retained,5,0,0,0
1001,1968,CountryRock,FolkRock,WeightedTransition,1,0,0,0
1001,1968,DooWop,BluesRock,WeightedTransition,1,1,0,0
1001,1968,DooWop,Boogaloo,AnnualFloor,1,1,1,0
1001,1968,DooWop,BritishPop,WeightedTransition,1,1,0,0
1001,1968,DooWop,Bubblegum,WeightedTransition,1,1,0,0
1001,1968,DooWop,Country,WeightedTransition,1,1,0,0
1001,1968,DooWop,DooWop,Retained,2,2,0,0
1001,1968,DooWop,EasyListening,WeightedTransition,1,1,0,0
1001,1968,DooWop,Funk,WeightedTransition,1,1,0,0
1001,1968,DooWop,Gospel,WeightedTransition,1,1,0,0
1001,1968,DooWop,RnB,WeightedTransition,1,1,0,0
1001,1968,DooWop,RockAndRoll,WeightedTransition,1,1,0,0
1001,1968,DooWop,SingerSongwriter,WeightedTransition,1,1,0,0
1001,1968,DooWop,Soul,WeightedTransition,2,2,0,0
1001,1968,DooWop,SunshinePop,AnnualFloor,1,1,1,0
1001,1968,DooWop,TraditionalPop,WeightedTransition,1,1,0,0
1001,1968,EasyListening,BaroquePop,WeightedTransition,1,0,0,0
1001,1968,EasyListening,BluesRock,WeightedTransition,4,0,0,0
1001,1968,EasyListening,Boogaloo,WeightedTransition,2,0,0,0
1001,1968,EasyListening,BritishBlues,WeightedTransition,4,0,0,0
1001,1968,EasyListening,BritishPop,WeightedTransition,1,0,0,0
1001,1968,EasyListening,Bubblegum,AnnualFloor,1,0,1,0
1001,1968,EasyListening,Bubblegum,WeightedTransition,3,0,0,0
1001,1968,EasyListening,Childrens,AnnualFloor,1,0,1,0
1001,1968,EasyListening,Childrens,WeightedTransition,2,0,0,0
1001,1968,EasyListening,Comedy,AnnualFloor,1,0,1,0
1001,1968,EasyListening,Comedy,WeightedTransition,3,0,0,0
1001,1968,EasyListening,Country,WeightedTransition,1,0,0,0
1001,1968,EasyListening,CountryRock,WeightedTransition,1,0,0,0
1001,1968,EasyListening,EasyListening,Retained,47,0,0,0
1001,1968,EasyListening,EasyListening,WeightedTransition,9,0,0,0
1001,1968,EasyListening,FolkRock,WeightedTransition,3,0,0,0
1001,1968,EasyListening,Funk,WeightedTransition,3,0,0,0
1001,1968,EasyListening,Gospel,WeightedTransition,6,0,0,0
1001,1968,EasyListening,HardRock,WeightedTransition,6,0,0,0
1001,1968,EasyListening,Jazz,WeightedTransition,2,0,0,0
1001,1968,EasyListening,LatinPop,WeightedTransition,2,0,0,0
1001,1968,EasyListening,ProtoPunk,WeightedTransition,2,0,0,0
1001,1968,EasyListening,RnB,WeightedTransition,3,0,0,0
1001,1968,EasyListening,RockAndRoll,WeightedTransition,2,0,0,0
1001,1968,EasyListening,Rocksteady,WeightedTransition,2,0,0,0
1001,1968,EasyListening,SingerSongwriter,WeightedTransition,2,0,0,0
1001,1968,EasyListening,Soul,WeightedTransition,2,0,0,0
1001,1968,EasyListening,SunshinePop,WeightedTransition,11,0,0,0
1001,1968,EasyListening,TraditionalPop,WeightedTransition,2,0,0,0
1001,1968,Folk,Blues,WeightedTransition,1,1,0,0
1001,1968,Folk,BluesRock,AnnualFloor,1,1,1,0
1001,1968,Folk,BluesRock,WeightedTransition,1,1,0,0
1001,1968,Folk,Boogaloo,WeightedTransition,3,3,0,0
1001,1968,Folk,BritishBeat,WeightedTransition,1,1,0,0
1001,1968,Folk,BritishPop,WeightedTransition,2,2,0,0
1001,1968,Folk,Bubblegum,WeightedTransition,1,1,0,0
1001,1968,Folk,Classical,AnnualFloor,1,1,1,0
1001,1968,Folk,Classical,WeightedTransition,1,1,0,0
1001,1968,Folk,Comedy,WeightedTransition,3,3,0,0
1001,1968,Folk,ContemporaryFolk,AnnualFloor,1,1,1,0
1001,1968,Folk,ContemporaryFolk,WeightedTransition,3,3,0,0
1001,1968,Folk,Country,WeightedTransition,8,8,0,0
1001,1968,Folk,EasyListening,WeightedTransition,3,3,0,0
1001,1968,Folk,Folk,Retained,59,59,0,0
1001,1968,Folk,FolkRock,WeightedTransition,9,9,0,0
1001,1968,Folk,Funk,WeightedTransition,1,1,0,0
1001,1968,Folk,GarageRock,WeightedTransition,1,1,0,0
1001,1968,Folk,Gospel,WeightedTransition,2,2,0,0
1001,1968,Folk,HardRock,AnnualFloor,1,1,1,0
1001,1968,Folk,HardRock,WeightedTransition,6,6,0,0
1001,1968,Folk,Jazz,WeightedTransition,1,1,0,0
1001,1968,Folk,LatinPop,WeightedTransition,2,2,0,0
1001,1968,Folk,ProtoPunk,WeightedTransition,2,2,0,0
1001,1968,Folk,RockAndRoll,AnnualFloor,1,1,1,0
1001,1968,Folk,Rocksteady,AnnualFloor,1,1,1,0
1001,1968,Folk,SingerSongwriter,WeightedTransition,4,4,0,0
1001,1968,Folk,Soul,WeightedTransition,3,3,0,0
1001,1968,Folk,TraditionalPop,WeightedTransition,4,4,0,0
1001,1968,FolkRock,Blues,WeightedTransition,1,0,0,0
1001,1968,FolkRock,BluesRock,WeightedTransition,1,0,0,0
1001,1968,FolkRock,BritishBlues,WeightedTransition,1,0,0,0
1001,1968,FolkRock,Classical,WeightedTransition,1,0,0,0
1001,1968,FolkRock,FolkRock,Retained,21,0,0,0
1001,1968,FolkRock,FolkRock,WeightedTransition,5,0,0,0
1001,1968,FolkRock,Gospel,WeightedTransition,2,0,0,0
1001,1968,FolkRock,Jazz,WeightedTransition,1,0,0,0
1001,1968,FolkRock,LatinPop,AnnualFloor,1,0,1,0
1001,1968,FolkRock,Reggae,WeightedTransition,1,0,0,0
1001,1968,FolkRock,TraditionalPop,WeightedTransition,2,0,0,0
1001,1968,Funk,Boogaloo,WeightedTransition,1,0,0,0
1001,1968,Funk,Classical,WeightedTransition,1,0,0,0
1001,1968,Funk,FolkRock,WeightedTransition,1,0,0,0
1001,1968,Funk,Funk,Retained,15,0,0,0
1001,1968,Funk,GarageRock,WeightedTransition,1,0,0,0
1001,1968,Funk,SingerSongwriter,WeightedTransition,1,0,0,0
1001,1968,Funk,Soul,WeightedTransition,3,0,0,0
1001,1968,GarageRock,BaroquePop,WeightedTransition,1,0,0,0
1001,1968,GarageRock,BluesRock,WeightedTransition,1,0,0,0
1001,1968,GarageRock,Boogaloo,WeightedTransition,1,0,0,0
1001,1968,GarageRock,BritishBeat,AnnualFloor,1,0,1,0
1001,1968,GarageRock,BritishBeat,WeightedTransition,1,0,0,0
1001,1968,GarageRock,BritishBlues,WeightedTransition,5,0,0,0
1001,1968,GarageRock,Comedy,WeightedTransition,1,0,0,0
1001,1968,GarageRock,ContemporaryFolk,WeightedTransition,1,0,0,0
1001,1968,GarageRock,FolkRock,WeightedTransition,1,0,0,0
1001,1968,GarageRock,Funk,WeightedTransition,1,0,0,0
1001,1968,GarageRock,GarageRock,AnnualFloor,1,0,1,0
1001,1968,GarageRock,GarageRock,Retained,24,0,0,0
1001,1968,GarageRock,GarageRock,WeightedTransition,1,0,0,0
1001,1968,GarageRock,Gospel,WeightedTransition,1,0,0,0
1001,1968,GarageRock,HardRock,WeightedTransition,1,0,0,0
1001,1968,GarageRock,ProgressiveRock,AnnualFloor,1,0,1,0
1001,1968,GarageRock,PsychedelicRock,AnnualFloor,2,0,2,0
1001,1968,GarageRock,PsychedelicRock,WeightedTransition,2,0,0,0
1001,1968,GarageRock,RockAndRoll,WeightedTransition,1,0,0,0
1001,1968,GarageRock,Soul,WeightedTransition,1,0,0,0
1001,1968,GarageRock,SunshinePop,WeightedTransition,1,0,0,0
1001,1968,Gospel,BluesRock,WeightedTransition,1,0,0,0
1001,1968,Gospel,BritishBlues,WeightedTransition,1,0,0,0
1001,1968,Gospel,Country,WeightedTransition,1,0,0,0
1001,1968,Gospel,Funk,WeightedTransition,1,0,0,0
1001,1968,Gospel,GarageRock,WeightedTransition,1,0,0,0
1001,1968,Gospel,Gospel,Retained,76,0,0,0
1001,1968,Gospel,Gospel,WeightedTransition,7,0,0,0
1001,1968,Gospel,Jazz,WeightedTransition,1,0,0,0
1001,1968,Gospel,ProgressiveRock,WeightedTransition,1,0,0,0
1001,1968,Gospel,SingerSongwriter,AnnualFloor,1,0,1,0
1001,1968,Gospel,SingerSongwriter,WeightedTransition,1,0,0,0
1001,1968,Gospel,Soul,WeightedTransition,4,0,0,0
1001,1968,HardRock,BluesRock,WeightedTransition,1,0,0,0
1001,1968,HardRock,Classical,WeightedTransition,1,0,0,0
1001,1968,HardRock,ContemporaryFolk,WeightedTransition,1,0,0,0
1001,1968,HardRock,CountryRock,WeightedTransition,1,0,0,0
1001,1968,HardRock,EasyListening,AnnualFloor,1,0,1,0
1001,1968,HardRock,FolkRock,WeightedTransition,1,0,0,0
1001,1968,HardRock,HardRock,Retained,5,0,0,0
1001,1968,HardRock,HardRock,WeightedTransition,1,0,0,0
1001,1968,HardRock,ProtoPunk,WeightedTransition,2,0,0,0
1001,1968,Jazz,AcidRock,WeightedTransition,1,0,0,0
1001,1968,Jazz,BluesRock,WeightedTransition,4,0,0,0
1001,1968,Jazz,BritishBlues,WeightedTransition,1,0,0,0
1001,1968,Jazz,BritishPop,WeightedTransition,2,0,0,0
1001,1968,Jazz,Bubblegum,WeightedTransition,2,0,0,0
1001,1968,Jazz,Childrens,WeightedTransition,3,0,0,0
1001,1968,Jazz,Comedy,WeightedTransition,3,0,0,0
1001,1968,Jazz,ContemporaryFolk,WeightedTransition,3,0,0,0
1001,1968,Jazz,Country,WeightedTransition,5,0,0,0
1001,1968,Jazz,EasyListening,WeightedTransition,3,0,0,0
1001,1968,Jazz,FolkRock,AnnualFloor,1,0,1,0
1001,1968,Jazz,FolkRock,WeightedTransition,4,0,0,0
1001,1968,Jazz,Funk,WeightedTransition,3,0,0,0
1001,1968,Jazz,GarageRock,WeightedTransition,1,0,0,0
1001,1968,Jazz,Gospel,WeightedTransition,3,0,0,0
1001,1968,Jazz,HardRock,WeightedTransition,3,0,0,0
1001,1968,Jazz,Jazz,AnnualFloor,1,0,1,0
1001,1968,Jazz,Jazz,Retained,67,0,0,0
1001,1968,Jazz,Jazz,WeightedTransition,22,0,0,0
1001,1968,Jazz,LatinPop,WeightedTransition,1,0,0,0
1001,1968,Jazz,ProgressiveRock,WeightedTransition,1,0,0,0
1001,1968,Jazz,ProtoPunk,WeightedTransition,2,0,0,0
1001,1968,Jazz,Reggae,AnnualFloor,2,0,2,0
1001,1968,Jazz,RnB,AnnualFloor,1,0,1,0
1001,1968,Jazz,RnB,WeightedTransition,7,0,0,0
1001,1968,Jazz,SingerSongwriter,WeightedTransition,3,0,0,0
1001,1968,Jazz,Soul,WeightedTransition,10,0,0,0
1001,1968,Jazz,TexMex,WeightedTransition,1,0,0,0
1001,1968,Jazz,TraditionalPop,WeightedTransition,1,0,0,0
1001,1968,LatinPop,Blues,WeightedTransition,1,0,0,0
1001,1968,LatinPop,BluesRock,WeightedTransition,1,0,0,0
1001,1968,LatinPop,BritishPop,WeightedTransition,2,0,0,0
1001,1968,LatinPop,FolkRock,WeightedTransition,1,0,0,0
1001,1968,LatinPop,Gospel,WeightedTransition,1,0,0,0
1001,1968,LatinPop,HardRock,WeightedTransition,1,0,0,0
1001,1968,LatinPop,LatinPop,Retained,60,0,0,0
1001,1968,LatinPop,RnB,WeightedTransition,1,0,0,0
1001,1968,LatinPop,SingerSongwriter,AnnualFloor,1,0,1,0
1001,1968,LatinPop,SingerSongwriter,WeightedTransition,2,0,0,0
1001,1968,ProgressiveRock,ProgressiveRock,Retained,1,0,0,0
1001,1968,ProtoMetal,ProtoMetal,Retained,2,0,0,0
1001,1968,ProtoPunk,GarageRock,WeightedTransition,1,0,0,0
1001,1968,ProtoPunk,ProgressiveRock,WeightedTransition,1,0,0,0
1001,1968,ProtoPunk,ProtoPunk,Retained,14,0,0,0
1001,1968,PsychedelicRock,BritishBeat,WeightedTransition,1,0,0,0
1001,1968,PsychedelicRock,BritishBlues,WeightedTransition,2,0,0,0
1001,1968,PsychedelicRock,Gospel,WeightedTransition,1,0,0,0
1001,1968,PsychedelicRock,HardRock,WeightedTransition,1,0,0,0
1001,1968,PsychedelicRock,ProtoMetal,AnnualFloor,1,0,1,0
1001,1968,PsychedelicRock,PsychedelicRock,AnnualFloor,1,0,1,0
1001,1968,PsychedelicRock,PsychedelicRock,Retained,55,0,0,0
1001,1968,PsychedelicRock,PsychedelicRock,WeightedTransition,1,0,0,0
1001,1968,PsychedelicRock,RnB,WeightedTransition,2,0,0,0
1001,1968,PsychedelicRock,Soul,WeightedTransition,1,0,0,0
1001,1968,PsychedelicRock,TexMex,WeightedTransition,1,0,0,0
1001,1968,Reggae,Reggae,Retained,1,0,0,0
1001,1968,RnB,Blues,AnnualFloor,1,0,1,0
1001,1968,RnB,Boogaloo,WeightedTransition,1,0,0,0
1001,1968,RnB,BritishBlues,WeightedTransition,3,0,0,0
1001,1968,RnB,Childrens,WeightedTransition,1,0,0,0
1001,1968,RnB,Classical,WeightedTransition,6,0,0,0
1001,1968,RnB,Comedy,WeightedTransition,2,0,0,0
1001,1968,RnB,ContemporaryFolk,WeightedTransition,1,0,0,0
1001,1968,RnB,Country,WeightedTransition,3,0,0,0
1001,1968,RnB,CountryRock,AnnualFloor,1,0,1,0
1001,1968,RnB,CountryRock,WeightedTransition,2,0,0,0
1001,1968,RnB,FolkRock,AnnualFloor,1,0,1,0
1001,1968,RnB,FolkRock,WeightedTransition,2,0,0,0
1001,1968,RnB,Funk,AnnualFloor,1,0,1,0
1001,1968,RnB,Funk,WeightedTransition,10,0,0,0
1001,1968,RnB,Gospel,WeightedTransition,7,0,0,0
1001,1968,RnB,HardRock,WeightedTransition,3,0,0,0
1001,1968,RnB,Jazz,WeightedTransition,1,0,0,0
1001,1968,RnB,ProtoPunk,AnnualFloor,1,0,1,0
1001,1968,RnB,ProtoPunk,WeightedTransition,1,0,0,0
1001,1968,RnB,RnB,AnnualFloor,2,0,2,0
1001,1968,RnB,RnB,Retained,141,0,0,0
1001,1968,RnB,RnB,WeightedTransition,13,0,0,0
1001,1968,RnB,Soul,WeightedTransition,12,0,0,0
1001,1968,RnB,TexMex,AnnualFloor,1,0,1,0
1001,1968,RockAndRoll,AcidRock,WeightedTransition,4,0,0,0
1001,1968,RockAndRoll,BaroquePop,WeightedTransition,2,0,0,0
1001,1968,RockAndRoll,Blues,WeightedTransition,2,0,0,0
1001,1968,RockAndRoll,BluesRock,AnnualFloor,1,0,1,0
1001,1968,RockAndRoll,BluesRock,WeightedTransition,7,0,0,0
1001,1968,RockAndRoll,Boogaloo,WeightedTransition,3,0,0,0
1001,1968,RockAndRoll,BritishBeat,WeightedTransition,4,0,0,0
1001,1968,RockAndRoll,BritishBlues,WeightedTransition,11,0,0,0
1001,1968,RockAndRoll,BritishPop,WeightedTransition,2,0,0,0
1001,1968,RockAndRoll,Bubblegum,WeightedTransition,2,0,0,0
1001,1968,RockAndRoll,Classical,WeightedTransition,2,0,0,0
1001,1968,RockAndRoll,Comedy,WeightedTransition,3,0,0,0
1001,1968,RockAndRoll,ContemporaryFolk,AnnualFloor,1,0,1,0
1001,1968,RockAndRoll,Country,WeightedTransition,3,0,0,0
1001,1968,RockAndRoll,CountryRock,WeightedTransition,5,0,0,0
1001,1968,RockAndRoll,EasyListening,AnnualFloor,1,0,1,0
1001,1968,RockAndRoll,EasyListening,WeightedTransition,5,0,0,0
1001,1968,RockAndRoll,FolkRock,WeightedTransition,4,0,0,0
1001,1968,RockAndRoll,Funk,WeightedTransition,3,0,0,0
1001,1968,RockAndRoll,GarageRock,WeightedTransition,7,0,0,0
1001,1968,RockAndRoll,Gospel,AnnualFloor,1,0,1,0
1001,1968,RockAndRoll,Gospel,WeightedTransition,6,0,0,0
1001,1968,RockAndRoll,HardRock,AnnualFloor,1,0,1,0
1001,1968,RockAndRoll,HardRock,WeightedTransition,8,0,0,0
1001,1968,RockAndRoll,Jazz,WeightedTransition,3,0,0,0
1001,1968,RockAndRoll,LatinPop,AnnualFloor,1,0,1,0
1001,1968,RockAndRoll,ProgressiveRock,WeightedTransition,7,0,0,0
1001,1968,RockAndRoll,ProtoMetal,AnnualFloor,1,0,1,0
1001,1968,RockAndRoll,ProtoMetal,WeightedTransition,1,0,0,0
1001,1968,RockAndRoll,ProtoPunk,WeightedTransition,6,0,0,0
1001,1968,RockAndRoll,PsychedelicRock,WeightedTransition,14,0,0,0
1001,1968,RockAndRoll,RnB,WeightedTransition,8,0,0,0
1001,1968,RockAndRoll,RockAndRoll,Retained,35,0,0,0
1001,1968,RockAndRoll,RockAndRoll,WeightedTransition,10,0,0,0
1001,1968,RockAndRoll,SingerSongwriter,WeightedTransition,3,0,0,0
1001,1968,RockAndRoll,Soul,WeightedTransition,8,0,0,0
1001,1968,RockAndRoll,SunshinePop,WeightedTransition,1,0,0,0
1001,1968,RockAndRoll,TexMex,WeightedTransition,2,0,0,0
1001,1968,RockAndRoll,TraditionalPop,WeightedTransition,3,0,0,0
1001,1968,Rocksteady,Rocksteady,Retained,5,0,0,0
1001,1968,SingerSongwriter,Bubblegum,AnnualFloor,1,0,1,0
1001,1968,SingerSongwriter,ContemporaryFolk,WeightedTransition,1,0,0,0
1001,1968,SingerSongwriter,FolkRock,WeightedTransition,1,0,0,0
1001,1968,SingerSongwriter,ProgressiveRock,WeightedTransition,1,0,0,0
1001,1968,SingerSongwriter,SingerSongwriter,Retained,11,0,0,0
1001,1968,SingerSongwriter,Soul,WeightedTransition,1,0,0,0
1001,1968,SingerSongwriter,TraditionalPop,WeightedTransition,1,0,0,0
1001,1968,Ska,BritishBlues,WeightedTransition,1,1,0,0
1001,1968,Ska,Ska,Retained,7,7,0,0
1001,1968,Soul,AcidRock,WeightedTransition,1,0,0,0
1001,1968,Soul,BaroquePop,AnnualFloor,1,0,1,0
1001,1968,Soul,Blues,WeightedTransition,2,0,0,0
1001,1968,Soul,Boogaloo,AnnualFloor,2,0,2,0
1001,1968,Soul,Boogaloo,WeightedTransition,1,0,0,0
1001,1968,Soul,BritishBeat,WeightedTransition,1,0,0,0
1001,1968,Soul,BritishBlues,AnnualFloor,1,0,1,0
1001,1968,Soul,BritishBlues,WeightedTransition,1,0,0,0
1001,1968,Soul,Childrens,WeightedTransition,1,0,0,0
1001,1968,Soul,Comedy,WeightedTransition,1,0,0,0
1001,1968,Soul,CountryRock,WeightedTransition,3,0,0,0
1001,1968,Soul,EasyListening,WeightedTransition,2,0,0,0
1001,1968,Soul,FolkRock,WeightedTransition,1,0,0,0
1001,1968,Soul,Funk,WeightedTransition,2,0,0,0
1001,1968,Soul,Gospel,AnnualFloor,1,0,1,0
1001,1968,Soul,Gospel,WeightedTransition,1,0,0,0
1001,1968,Soul,Jazz,AnnualFloor,1,0,1,0
1001,1968,Soul,ProtoPunk,AnnualFloor,1,0,1,0
1001,1968,Soul,RnB,WeightedTransition,5,0,0,0
1001,1968,Soul,SingerSongwriter,AnnualFloor,1,0,1,0
1001,1968,Soul,Soul,AnnualFloor,2,0,2,0
1001,1968,Soul,Soul,Retained,255,0,0,0
1001,1968,Soul,Soul,WeightedTransition,10,0,0,0
1001,1968,Soul,SunshinePop,WeightedTransition,1,0,0,0
1001,1968,Soul,TraditionalPop,AnnualFloor,1,0,1,0
1001,1968,Soul,TraditionalPop,WeightedTransition,1,0,0,0
1001,1968,SunshinePop,ProtoPunk,AnnualFloor,1,0,1,0
1001,1968,SunshinePop,RnB,WeightedTransition,1,0,0,0
1001,1968,SunshinePop,SunshinePop,Retained,11,0,0,0
1001,1968,SunshinePop,SunshinePop,WeightedTransition,2,0,0,0
1001,1968,SurfRock,BritishBeat,WeightedTransition,1,1,0,0
1001,1968,SurfRock,BritishBlues,WeightedTransition,1,1,0,0
1001,1968,SurfRock,FolkRock,WeightedTransition,1,1,0,0
1001,1968,SurfRock,HardRock,WeightedTransition,1,1,0,0
1001,1968,SurfRock,ProtoMetal,AnnualFloor,1,1,1,0
1001,1968,SurfRock,ProtoPunk,WeightedTransition,1,1,0,0
1001,1968,SurfRock,PsychedelicRock,WeightedTransition,1,1,0,0
1001,1968,SurfRock,Reggae,WeightedTransition,1,1,0,0
1001,1968,SurfRock,Rocksteady,AnnualFloor,1,1,1,0
1001,1968,SurfRock,SingerSongwriter,WeightedTransition,1,1,0,0
1001,1968,SurfRock,SurfRock,Retained,6,6,0,0
1001,1968,TeenPop,Blues,AnnualFloor,1,1,1,0
1001,1968,TeenPop,Blues,WeightedTransition,1,1,0,0
1001,1968,TeenPop,BluesRock,WeightedTransition,1,1,0,0
1001,1968,TeenPop,Boogaloo,WeightedTransition,1,1,0,0
1001,1968,TeenPop,BritishBeat,WeightedTransition,1,1,0,0
1001,1968,TeenPop,BritishBlues,WeightedTransition,3,3,0,0
1001,1968,TeenPop,BritishPop,AnnualFloor,1,1,1,0
1001,1968,TeenPop,BritishPop,WeightedTransition,1,1,0,0
1001,1968,TeenPop,Bubblegum,WeightedTransition,1,1,0,0
1001,1968,TeenPop,Classical,WeightedTransition,1,1,0,0
1001,1968,TeenPop,Comedy,AnnualFloor,1,1,1,0
1001,1968,TeenPop,Country,WeightedTransition,1,1,0,0
1001,1968,TeenPop,EasyListening,WeightedTransition,1,1,0,0
1001,1968,TeenPop,FolkRock,AnnualFloor,1,1,1,0
1001,1968,TeenPop,FolkRock,WeightedTransition,1,1,0,0
1001,1968,TeenPop,Funk,WeightedTransition,1,1,0,0
1001,1968,TeenPop,GarageRock,WeightedTransition,1,1,0,0
1001,1968,TeenPop,Gospel,WeightedTransition,3,3,0,0
1001,1968,TeenPop,Jazz,WeightedTransition,3,3,0,0
1001,1968,TeenPop,LatinPop,WeightedTransition,1,1,0,0
1001,1968,TeenPop,ProtoMetal,WeightedTransition,2,2,0,0
1001,1968,TeenPop,ProtoPunk,WeightedTransition,1,1,0,0
1001,1968,TeenPop,Reggae,WeightedTransition,1,1,0,0
1001,1968,TeenPop,RnB,WeightedTransition,3,3,0,0
1001,1968,TeenPop,RockAndRoll,WeightedTransition,1,1,0,0
1001,1968,TeenPop,Soul,WeightedTransition,2,2,0,0
1001,1968,TeenPop,SunshinePop,AnnualFloor,1,1,1,0
1001,1968,TeenPop,TeenPop,Retained,24,24,0,0
1001,1968,TeenPop,TraditionalPop,WeightedTransition,2,2,0,0
1001,1968,TexMex,AcidRock,AnnualFloor,1,0,1,0
1001,1968,TexMex,Bubblegum,WeightedTransition,1,0,0,0
1001,1968,TexMex,Comedy,WeightedTransition,1,0,0,0
1001,1968,TexMex,CountryRock,WeightedTransition,1,0,0,0
1001,1968,TexMex,LatinPop,WeightedTransition,1,0,0,0
1001,1968,TexMex,RnB,WeightedTransition,1,0,0,0
1001,1968,TexMex,Soul,WeightedTransition,1,0,0,0
1001,1968,TexMex,TexMex,AnnualFloor,1,0,1,0
1001,1968,TexMex,TexMex,Retained,29,0,0,0
1001,1968,TexMex,TexMex,WeightedTransition,1,0,0,0
1001,1968,TraditionalPop,AcidRock,WeightedTransition,3,0,0,0
1001,1968,TraditionalPop,BaroquePop,AnnualFloor,1,0,1,0
1001,1968,TraditionalPop,BaroquePop,WeightedTransition,4,0,0,0
1001,1968,TraditionalPop,Blues,WeightedTransition,2,0,0,0
1001,1968,TraditionalPop,BluesRock,WeightedTransition,2,0,0,0
1001,1968,TraditionalPop,Boogaloo,WeightedTransition,1,0,0,0
1001,1968,TraditionalPop,BritishBlues,WeightedTransition,5,0,0,0
1001,1968,TraditionalPop,BritishPop,WeightedTransition,4,0,0,0
1001,1968,TraditionalPop,Bubblegum,WeightedTransition,3,0,0,0
1001,1968,TraditionalPop,Childrens,WeightedTransition,2,0,0,0
1001,1968,TraditionalPop,Classical,WeightedTransition,1,0,0,0
1001,1968,TraditionalPop,Comedy,WeightedTransition,3,0,0,0
1001,1968,TraditionalPop,ContemporaryFolk,AnnualFloor,1,0,1,0
1001,1968,TraditionalPop,ContemporaryFolk,WeightedTransition,2,0,0,0
1001,1968,TraditionalPop,Country,WeightedTransition,3,0,0,0
1001,1968,TraditionalPop,CountryRock,WeightedTransition,3,0,0,0
1001,1968,TraditionalPop,EasyListening,AnnualFloor,1,0,1,0
1001,1968,TraditionalPop,EasyListening,WeightedTransition,14,0,0,0
1001,1968,TraditionalPop,FolkRock,WeightedTransition,5,0,0,0
1001,1968,TraditionalPop,Funk,AnnualFloor,1,0,1,0
1001,1968,TraditionalPop,Funk,WeightedTransition,3,0,0,0
1001,1968,TraditionalPop,GarageRock,WeightedTransition,2,0,0,0
1001,1968,TraditionalPop,Gospel,WeightedTransition,6,0,0,0
1001,1968,TraditionalPop,HardRock,WeightedTransition,4,0,0,0
1001,1968,TraditionalPop,Jazz,AnnualFloor,1,0,1,0
1001,1968,TraditionalPop,Jazz,WeightedTransition,4,0,0,0
1001,1968,TraditionalPop,LatinPop,WeightedTransition,1,0,0,0
1001,1968,TraditionalPop,ProtoPunk,WeightedTransition,3,0,0,0
1001,1968,TraditionalPop,Reggae,WeightedTransition,2,0,0,0
1001,1968,TraditionalPop,RnB,WeightedTransition,6,0,0,0
1001,1968,TraditionalPop,RockAndRoll,WeightedTransition,2,0,0,0
1001,1968,TraditionalPop,SingerSongwriter,WeightedTransition,3,0,0,0
1001,1968,TraditionalPop,Soul,AnnualFloor,1,0,1,0
1001,1968,TraditionalPop,Soul,WeightedTransition,4,0,0,0
1001,1968,TraditionalPop,SunshinePop,WeightedTransition,6,0,0,0
1001,1968,TraditionalPop,TraditionalPop,AnnualFloor,1,0,1,0
1001,1968,TraditionalPop,TraditionalPop,Retained,75,0,0,0
1001,1968,TraditionalPop,TraditionalPop,WeightedTransition,7,0,0,0
1001,1969,AcidRock,AcidRock,Retained,11,0,0,0
1001,1969,AcidRock,AcidRock,WeightedTransition,1,0,0,0
1001,1969,AcidRock,BritishBlues,WeightedTransition,1,0,0,0
1001,1969,AcidRock,BritishPop,WeightedTransition,1,0,0,0
1001,1969,AcidRock,Gospel,WeightedTransition,1,0,0,0
1001,1969,AcidRock,PsychedelicRock,AnnualFloor,1,0,1,0
1001,1969,AcidRock,PsychedelicRock,WeightedTransition,1,0,0,0
1001,1969,AcidRock,SingerSongwriter,WeightedTransition,1,0,0,0
1001,1969,AcidRock,Soul,WeightedTransition,1,0,0,0
1001,1969,BaroquePop,BaroquePop,Retained,9,0,0,0
1001,1969,BaroquePop,BritishPop,WeightedTransition,1,0,0,0
1001,1969,BaroquePop,Childrens,WeightedTransition,1,0,0,0
1001,1969,BaroquePop,ContemporaryFolk,WeightedTransition,1,0,0,0
1001,1969,Blues,Blues,AnnualFloor,1,0,1,0
1001,1969,Blues,Blues,Retained,64,0,0,0
1001,1969,Blues,BritishBeat,WeightedTransition,1,0,0,0
1001,1969,Blues,BritishBlues,WeightedTransition,2,0,0,0
1001,1969,Blues,BritishPop,WeightedTransition,1,0,0,0
1001,1969,Blues,CountryRock,WeightedTransition,1,0,0,0
1001,1969,Blues,Funk,WeightedTransition,2,0,0,0
1001,1969,Blues,HardRock,AnnualFloor,1,0,1,0
1001,1969,Blues,HardRock,WeightedTransition,1,0,0,0
1001,1969,Blues,ProgressiveRock,WeightedTransition,1,0,0,0
1001,1969,Blues,ProtoMetal,AnnualFloor,1,0,1,0
1001,1969,Blues,ProtoPunk,AnnualFloor,1,0,1,0
1001,1969,Blues,ProtoPunk,WeightedTransition,1,0,0,0
1001,1969,Blues,Soul,WeightedTransition,1,0,0,0
1001,1969,BluesRock,BluesRock,Retained,17,0,0,0
1001,1969,BluesRock,Boogaloo,WeightedTransition,1,0,0,0
1001,1969,BluesRock,Classical,WeightedTransition,1,0,0,0
1001,1969,Boogaloo,Boogaloo,AnnualFloor,1,0,1,0
1001,1969,Boogaloo,Boogaloo,Retained,24,0,0,0
1001,1969,Boogaloo,BritishBeat,WeightedTransition,1,0,0,0
1001,1969,Boogaloo,BritishBlues,WeightedTransition,2,0,0,0
1001,1969,Boogaloo,Bubblegum,WeightedTransition,1,0,0,0
1001,1969,Boogaloo,ContemporaryFolk,WeightedTransition,2,0,0,0
1001,1969,Boogaloo,CountryRock,AnnualFloor,1,0,1,0
1001,1969,Boogaloo,CountryRock,WeightedTransition,1,0,0,0
1001,1969,Boogaloo,HardRock,WeightedTransition,1,0,0,0
1001,1969,Boogaloo,ProgressiveRock,WeightedTransition,1,0,0,0
1001,1969,Boogaloo,ProtoPunk,AnnualFloor,1,0,1,0
1001,1969,Boogaloo,SingerSongwriter,WeightedTransition,1,0,0,0
1001,1969,Boogaloo,Soul,WeightedTransition,1,0,0,0
1001,1969,BossaNova,BossaNova,Retained,4,4,0,0
1001,1969,BossaNova,BritishBeat,WeightedTransition,2,2,0,0
1001,1969,BossaNova,BritishPop,WeightedTransition,1,1,0,0
1001,1969,BossaNova,Bubblegum,WeightedTransition,1,1,0,0
1001,1969,BossaNova,Comedy,WeightedTransition,1,1,0,0
1001,1969,BossaNova,Country,WeightedTransition,1,1,0,0
1001,1969,BossaNova,CountryRock,WeightedTransition,1,1,0,0
1001,1969,BossaNova,HardRock,AnnualFloor,1,1,1,0
1001,1969,BossaNova,HardRock,WeightedTransition,1,1,0,0
1001,1969,BossaNova,Jazz,WeightedTransition,3,3,0,0
1001,1969,BossaNova,ProgressiveRock,WeightedTransition,1,1,0,0
1001,1969,BossaNova,ProtoPunk,WeightedTransition,1,1,0,0
1001,1969,BossaNova,RockAndRoll,WeightedTransition,1,1,0,0
1001,1969,BossaNova,Soul,WeightedTransition,1,1,0,0
1001,1969,BossaNova,TraditionalPop,WeightedTransition,1,1,0,0
1001,1969,BritishBeat,AcidRock,WeightedTransition,3,0,0,0
1001,1969,BritishBeat,BaroquePop,AnnualFloor,1,0,1,0
1001,1969,BritishBeat,Blues,WeightedTransition,1,0,0,0
1001,1969,BritishBeat,BluesRock,WeightedTransition,3,0,0,0
1001,1969,BritishBeat,BritishBeat,Retained,35,0,0,0
1001,1969,BritishBeat,BritishBeat,WeightedTransition,8,0,0,0
1001,1969,BritishBeat,BritishBlues,WeightedTransition,7,0,0,0
1001,1969,BritishBeat,Bubblegum,WeightedTransition,3,0,0,0
1001,1969,BritishBeat,Comedy,WeightedTransition,1,0,0,0
1001,1969,BritishBeat,FolkRock,WeightedTransition,1,0,0,0
1001,1969,BritishBeat,Funk,WeightedTransition,2,0,0,0
1001,1969,BritishBeat,Gospel,WeightedTransition,3,0,0,0
1001,1969,BritishBeat,HardRock,WeightedTransition,3,0,0,0
1001,1969,BritishBeat,ProgressiveRock,WeightedTransition,3,0,0,0
1001,1969,BritishBeat,ProtoMetal,WeightedTransition,3,0,0,0
1001,1969,BritishBeat,ProtoPunk,WeightedTransition,3,0,0,0
1001,1969,BritishBeat,PsychedelicRock,WeightedTransition,3,0,0,0
1001,1969,BritishBeat,RockAndRoll,WeightedTransition,2,0,0,0
1001,1969,BritishBeat,SingerSongwriter,WeightedTransition,1,0,0,0
1001,1969,BritishBeat,Soul,WeightedTransition,2,0,0,0
1001,1969,BritishBeat,SunshinePop,AnnualFloor,1,0,1,0
1001,1969,BritishBeat,TraditionalPop,WeightedTransition,1,0,0,0
1001,1969,BritishBlues,Boogaloo,WeightedTransition,1,0,0,0
1001,1969,BritishBlues,BritishBlues,Retained,107,0,0,0
1001,1969,BritishBlues,BritishBlues,WeightedTransition,3,0,0,0
1001,1969,BritishBlues,Bubblegum,WeightedTransition,1,0,0,0
1001,1969,BritishBlues,Comedy,WeightedTransition,2,0,0,0
1001,1969,BritishBlues,EasyListening,WeightedTransition,1,0,0,0
1001,1969,BritishBlues,HardRock,WeightedTransition,1,0,0,0
1001,1969,BritishBlues,Jazz,AnnualFloor,1,0,1,0
1001,1969,BritishBlues,Jazz,WeightedTransition,1,0,0,0
1001,1969,BritishBlues,LatinPop,WeightedTransition,1,0,0,0
1001,1969,BritishBlues,ProgressiveRock,WeightedTransition,2,0,0,0
1001,1969,BritishBlues,ProtoMetal,WeightedTransition,2,0,0,0
1001,1969,BritishBlues,PsychedelicRock,WeightedTransition,1,0,0,0
1001,1969,BritishBlues,RnB,WeightedTransition,1,0,0,0
1001,1969,BritishPop,BaroquePop,WeightedTransition,1,0,0,0
1001,1969,BritishPop,Blues,WeightedTransition,1,0,0,0
1001,1969,BritishPop,BritishBeat,WeightedTransition,1,0,0,0
1001,1969,BritishPop,BritishBlues,WeightedTransition,4,0,0,0
1001,1969,BritishPop,BritishPop,Retained,19,0,0,0
1001,1969,BritishPop,BritishPop,WeightedTransition,5,0,0,0
1001,1969,BritishPop,Bubblegum,WeightedTransition,2,0,0,0
1001,1969,BritishPop,Classical,WeightedTransition,1,0,0,0
1001,1969,BritishPop,ContemporaryFolk,WeightedTransition,1,0,0,0
1001,1969,BritishPop,Country,WeightedTransition,1,0,0,0
1001,1969,BritishPop,CountryRock,WeightedTransition,1,0,0,0
1001,1969,BritishPop,EasyListening,WeightedTransition,5,0,0,0
1001,1969,BritishPop,FolkRock,WeightedTransition,5,0,0,0
1001,1969,BritishPop,Funk,WeightedTransition,2,0,0,0
1001,1969,BritishPop,Gospel,WeightedTransition,2,0,0,0
1001,1969,BritishPop,Jazz,WeightedTransition,2,0,0,0
1001,1969,BritishPop,LatinPop,AnnualFloor,1,0,1,0
1001,1969,BritishPop,LatinPop,WeightedTransition,1,0,0,0
1001,1969,BritishPop,ProtoMetal,WeightedTransition,1,0,0,0
1001,1969,BritishPop,ProtoPunk,WeightedTransition,1,0,0,0
1001,1969,BritishPop,RockAndRoll,AnnualFloor,1,0,1,0
1001,1969,BritishPop,RockAndRoll,WeightedTransition,1,0,0,0
1001,1969,BritishPop,Soul,WeightedTransition,6,0,0,0
1001,1969,BritishPop,SunshinePop,WeightedTransition,1,0,0,0
1001,1969,BritishPop,TexMex,WeightedTransition,1,0,0,0
1001,1969,BritishPop,TraditionalPop,WeightedTransition,1,0,0,0
1001,1969,Bubblegum,Bubblegum,Retained,14,0,0,0
1001,1969,Bubblegum,Bubblegum,WeightedTransition,1,0,0,0
1001,1969,Bubblegum,FolkRock,WeightedTransition,1,0,0,0
1001,1969,Bubblegum,ProtoMetal,WeightedTransition,1,0,0,0
1001,1969,Childrens,BluesRock,WeightedTransition,1,0,0,0
1001,1969,Childrens,Childrens,Retained,41,0,0,0
1001,1969,Childrens,Childrens,WeightedTransition,1,0,0,0
1001,1969,Childrens,Country,WeightedTransition,1,0,0,0
1001,1969,Childrens,CountryRock,WeightedTransition,1,0,0,0
1001,1969,Childrens,EasyListening,AnnualFloor,1,0,1,0
1001,1969,Childrens,FolkRock,WeightedTransition,1,0,0,0
1001,1969,Childrens,Funk,WeightedTransition,1,0,0,0
1001,1969,Childrens,Gospel,WeightedTransition,1,0,0,0
1001,1969,Childrens,HardRock,WeightedTransition,1,0,0,0
1001,1969,Childrens,Reggae,AnnualFloor,1,0,1,0
1001,1969,Childrens,RnB,WeightedTransition,1,0,0,0
1001,1969,Childrens,SunshinePop,AnnualFloor,1,0,1,0
1001,1969,Childrens,TexMex,WeightedTransition,1,0,0,0
1001,1969,Childrens,TraditionalPop,AnnualFloor,1,0,1,0
1001,1969,Classical,BritishBlues,WeightedTransition,1,0,0,0
1001,1969,Classical,Childrens,AnnualFloor,1,0,1,0
1001,1969,Classical,Classical,AnnualFloor,1,0,1,0
1001,1969,Classical,Classical,Retained,73,0,0,0
1001,1969,Classical,Classical,WeightedTransition,1,0,0,0
1001,1969,Classical,Comedy,AnnualFloor,1,0,1,0
1001,1969,Classical,Comedy,WeightedTransition,1,0,0,0
1001,1969,Classical,ContemporaryFolk,AnnualFloor,1,0,1,0
1001,1969,Classical,Funk,WeightedTransition,1,0,0,0
1001,1969,Classical,Gospel,WeightedTransition,3,0,0,0
1001,1969,Classical,HardRock,WeightedTransition,1,0,0,0
1001,1969,Classical,Jazz,WeightedTransition,2,0,0,0
1001,1969,Classical,LatinPop,WeightedTransition,1,0,0,0
1001,1969,Classical,ProgressiveRock,AnnualFloor,1,0,1,0
1001,1969,Classical,ProtoPunk,WeightedTransition,2,0,0,0
1001,1969,Classical,SingerSongwriter,AnnualFloor,1,0,1,0
1001,1969,Classical,Soul,WeightedTransition,1,0,0,0
1001,1969,Comedy,BluesRock,WeightedTransition,1,0,0,0
1001,1969,Comedy,Boogaloo,WeightedTransition,1,0,0,0
1001,1969,Comedy,BritishBlues,WeightedTransition,1,0,0,0
1001,1969,Comedy,BritishPop,WeightedTransition,1,0,0,0
1001,1969,Comedy,Childrens,WeightedTransition,4,0,0,0
1001,1969,Comedy,Classical,WeightedTransition,1,0,0,0
1001,1969,Comedy,Comedy,AnnualFloor,1,0,1,0
1001,1969,Comedy,Comedy,Retained,58,0,0,0
1001,1969,Comedy,Comedy,WeightedTransition,3,0,0,0
1001,1969,Comedy,ContemporaryFolk,WeightedTransition,1,0,0,0
1001,1969,Comedy,Country,AnnualFloor,1,0,1,0
1001,1969,Comedy,Country,WeightedTransition,1,0,0,0
1001,1969,Comedy,CountryRock,WeightedTransition,1,0,0,0
1001,1969,Comedy,FolkRock,WeightedTransition,1,0,0,0
1001,1969,Comedy,Funk,WeightedTransition,1,0,0,0
1001,1969,Comedy,Gospel,WeightedTransition,2,0,0,0
1001,1969,Comedy,ProgressiveRock,WeightedTransition,1,0,0,0
1001,1969,Comedy,SingerSongwriter,WeightedTransition,1,0,0,0
1001,1969,Comedy,Soul,WeightedTransition,3,0,0,0
1001,1969,ContemporaryFolk,AcidRock,WeightedTransition,1,0,0,0
1001,1969,ContemporaryFolk,BritishBlues,WeightedTransition,1,0,0,0
1001,1969,ContemporaryFolk,Bubblegum,WeightedTransition,2,0,0,0
1001,1969,ContemporaryFolk,Classical,WeightedTransition,1,0,0,0
1001,1969,ContemporaryFolk,ContemporaryFolk,AnnualFloor,1,0,1,0
1001,1969,ContemporaryFolk,ContemporaryFolk,Retained,70,0,0,0
1001,1969,ContemporaryFolk,ContemporaryFolk,WeightedTransition,1,0,0,0
1001,1969,ContemporaryFolk,Country,WeightedTransition,1,0,0,0
1001,1969,ContemporaryFolk,CountryRock,WeightedTransition,1,0,0,0
1001,1969,ContemporaryFolk,FolkRock,WeightedTransition,5,0,0,0
1001,1969,ContemporaryFolk,Gospel,WeightedTransition,1,0,0,0
1001,1969,ContemporaryFolk,HardRock,WeightedTransition,1,0,0,0
1001,1969,ContemporaryFolk,Jazz,AnnualFloor,1,0,1,0
1001,1969,ContemporaryFolk,ProtoMetal,WeightedTransition,1,0,0,0
1001,1969,ContemporaryFolk,RockAndRoll,WeightedTransition,1,0,0,0
1001,1969,ContemporaryFolk,SingerSongwriter,AnnualFloor,1,0,1,0
1001,1969,ContemporaryFolk,Soul,WeightedTransition,2,0,0,0
1001,1969,ContemporaryFolk,SunshinePop,WeightedTransition,1,0,0,0
1001,1969,ContemporaryFolk,TexMex,WeightedTransition,1,0,0,0
1001,1969,Country,AcidRock,AnnualFloor,1,0,1,0
1001,1969,Country,BluesRock,WeightedTransition,2,0,0,0
1001,1969,Country,BritishBlues,WeightedTransition,3,0,0,0
1001,1969,Country,BritishPop,WeightedTransition,2,0,0,0
1001,1969,Country,Childrens,WeightedTransition,2,0,0,0
1001,1969,Country,Country,AnnualFloor,1,0,1,0
1001,1969,Country,Country,Retained,157,0,0,0
1001,1969,Country,Country,WeightedTransition,4,0,0,0
1001,1969,Country,CountryRock,AnnualFloor,1,0,1,0
1001,1969,Country,CountryRock,WeightedTransition,1,0,0,0
1001,1969,Country,EasyListening,WeightedTransition,2,0,0,0
1001,1969,Country,Funk,WeightedTransition,3,0,0,0
1001,1969,Country,Gospel,AnnualFloor,2,0,2,0
1001,1969,Country,Gospel,WeightedTransition,1,0,0,0
1001,1969,Country,HardRock,WeightedTransition,1,0,0,0
1001,1969,Country,ProtoMetal,WeightedTransition,1,0,0,0
1001,1969,Country,ProtoPunk,WeightedTransition,1,0,0,0
1001,1969,Country,SingerSongwriter,WeightedTransition,2,0,0,0
1001,1969,Country,TexMex,WeightedTransition,1,0,0,0
1001,1969,CountryRock,BritishBeat,WeightedTransition,1,0,0,0
1001,1969,CountryRock,CountryRock,Retained,23,0,0,0
1001,1969,CountryRock,CountryRock,WeightedTransition,1,0,0,0
1001,1969,CountryRock,FolkRock,WeightedTransition,1,0,0,0
1001,1969,DooWop,BritishPop,AnnualFloor,1,1,1,0
1001,1969,DooWop,Childrens,WeightedTransition,1,1,0,0
1001,1969,DooWop,DooWop,Retained,2,2,0,0
1001,1969,DooWop,HardRock,WeightedTransition,1,1,0,0
1001,1969,DooWop,Soul,AnnualFloor,1,1,1,0
1001,1969,EasyListening,AcidRock,WeightedTransition,1,0,0,0
1001,1969,EasyListening,Blues,WeightedTransition,1,0,0,0
1001,1969,EasyListening,BluesRock,WeightedTransition,2,0,0,0
1001,1969,EasyListening,BritishBeat,WeightedTransition,2,0,0,0
1001,1969,EasyListening,BritishBlues,WeightedTransition,3,0,0,0
1001,1969,EasyListening,BritishPop,WeightedTransition,3,0,0,0
1001,1969,EasyListening,Bubblegum,WeightedTransition,6,0,0,0
1001,1969,EasyListening,Childrens,WeightedTransition,2,0,0,0
1001,1969,EasyListening,Comedy,WeightedTransition,1,0,0,0
1001,1969,EasyListening,ContemporaryFolk,WeightedTransition,1,0,0,0
1001,1969,EasyListening,Country,WeightedTransition,2,0,0,0
1001,1969,EasyListening,CountryRock,WeightedTransition,6,0,0,0
1001,1969,EasyListening,EasyListening,AnnualFloor,1,0,1,0
1001,1969,EasyListening,EasyListening,Retained,33,0,0,0
1001,1969,EasyListening,EasyListening,WeightedTransition,14,0,0,0
1001,1969,EasyListening,FolkRock,WeightedTransition,2,0,0,0
1001,1969,EasyListening,Funk,WeightedTransition,3,0,0,0
1001,1969,EasyListening,Gospel,AnnualFloor,1,0,1,0
1001,1969,EasyListening,Gospel,WeightedTransition,5,0,0,0
1001,1969,EasyListening,HardRock,WeightedTransition,4,0,0,0
1001,1969,EasyListening,Jazz,WeightedTransition,4,0,0,0
1001,1969,EasyListening,LatinPop,WeightedTransition,3,0,0,0
1001,1969,EasyListening,ProgressiveRock,WeightedTransition,2,0,0,0
1001,1969,EasyListening,ProtoMetal,WeightedTransition,1,0,0,0
1001,1969,EasyListening,ProtoPunk,WeightedTransition,2,0,0,0
1001,1969,EasyListening,Reggae,WeightedTransition,2,0,0,0
1001,1969,EasyListening,RnB,AnnualFloor,1,0,1,0
1001,1969,EasyListening,RnB,WeightedTransition,3,0,0,0
1001,1969,EasyListening,Soul,WeightedTransition,5,0,0,0
1001,1969,EasyListening,SunshinePop,AnnualFloor,1,0,1,0
1001,1969,EasyListening,SunshinePop,WeightedTransition,2,0,0,0
1001,1969,EasyListening,TraditionalPop,AnnualFloor,1,0,1,0
1001,1969,EasyListening,TraditionalPop,WeightedTransition,6,0,0,0
1001,1969,Folk,BluesRock,WeightedTransition,1,1,0,0
1001,1969,Folk,BritishBeat,WeightedTransition,1,1,0,0
1001,1969,Folk,BritishBlues,WeightedTransition,1,1,0,0
1001,1969,Folk,BritishPop,AnnualFloor,1,1,1,0
1001,1969,Folk,Bubblegum,WeightedTransition,2,2,0,0
1001,1969,Folk,Childrens,AnnualFloor,1,1,1,0
1001,1969,Folk,Childrens,WeightedTransition,1,1,0,0
1001,1969,Folk,Classical,WeightedTransition,2,2,0,0
1001,1969,Folk,Comedy,WeightedTransition,1,1,0,0
1001,1969,Folk,ContemporaryFolk,WeightedTransition,2,2,0,0
1001,1969,Folk,Country,AnnualFloor,1,1,1,0
1001,1969,Folk,Country,WeightedTransition,8,8,0,0
1001,1969,Folk,CountryRock,WeightedTransition,3,3,0,0
1001,1969,Folk,EasyListening,AnnualFloor,1,1,1,0
1001,1969,Folk,EasyListening,WeightedTransition,1,1,0,0
1001,1969,Folk,Folk,Retained,40,40,0,0
1001,1969,Folk,FolkRock,WeightedTransition,5,5,0,0
1001,1969,Folk,Funk,WeightedTransition,2,2,0,0
1001,1969,Folk,Gospel,WeightedTransition,2,2,0,0
1001,1969,Folk,HardRock,WeightedTransition,1,1,0,0
1001,1969,Folk,Jazz,WeightedTransition,2,2,0,0
1001,1969,Folk,LatinPop,AnnualFloor,1,1,1,0
1001,1969,Folk,LatinPop,WeightedTransition,1,1,0,0
1001,1969,Folk,ProgressiveRock,WeightedTransition,2,2,0,0
1001,1969,Folk,ProtoMetal,WeightedTransition,2,2,0,0
1001,1969,Folk,ProtoPunk,AnnualFloor,1,1,1,0
1001,1969,Folk,ProtoPunk,WeightedTransition,1,1,0,0
1001,1969,Folk,SingerSongwriter,WeightedTransition,3,3,0,0
1001,1969,Folk,Soul,WeightedTransition,4,4,0,0
1001,1969,FolkRock,Blues,AnnualFloor,1,0,1,0
1001,1969,FolkRock,Blues,WeightedTransition,1,0,0,0
1001,1969,FolkRock,ContemporaryFolk,WeightedTransition,2,0,0,0
1001,1969,FolkRock,CountryRock,WeightedTransition,1,0,0,0
1001,1969,FolkRock,FolkRock,AnnualFloor,1,0,1,0
1001,1969,FolkRock,FolkRock,Retained,30,0,0,0
1001,1969,FolkRock,FolkRock,WeightedTransition,4,0,0,0
1001,1969,FolkRock,Gospel,WeightedTransition,3,0,0,0
1001,1969,FolkRock,HardRock,WeightedTransition,1,0,0,0
1001,1969,FolkRock,ProtoMetal,WeightedTransition,1,0,0,0
1001,1969,FolkRock,SingerSongwriter,WeightedTransition,1,0,0,0
1001,1969,FolkRock,Soul,WeightedTransition,1,0,0,0
1001,1969,FolkRock,TraditionalPop,WeightedTransition,1,0,0,0
1001,1969,Funk,Boogaloo,AnnualFloor,1,0,1,0
1001,1969,Funk,CountryRock,WeightedTransition,1,0,0,0
1001,1969,Funk,Funk,Retained,32,0,0,0
1001,1969,Funk,Funk,WeightedTransition,2,0,0,0
1001,1969,Funk,Gospel,WeightedTransition,1,0,0,0
1001,1969,Funk,ProtoMetal,WeightedTransition,1,0,0,0
1001,1969,Funk,RnB,WeightedTransition,1,0,0,0
1001,1969,Funk,TexMex,WeightedTransition,1,0,0,0
1001,1969,GarageRock,Blues,WeightedTransition,2,2,0,0
1001,1969,GarageRock,BritishBeat,WeightedTransition,2,2,0,0
1001,1969,GarageRock,BritishBlues,WeightedTransition,4,4,0,0
1001,1969,GarageRock,BritishPop,WeightedTransition,1,1,0,0
1001,1969,GarageRock,Classical,WeightedTransition,1,1,0,0
1001,1969,GarageRock,Funk,WeightedTransition,2,2,0,0
1001,1969,GarageRock,GarageRock,Retained,21,21,0,0
1001,1969,GarageRock,HardRock,WeightedTransition,1,1,0,0
1001,1969,GarageRock,ProgressiveRock,WeightedTransition,3,3,0,0
1001,1969,GarageRock,ProtoMetal,AnnualFloor,1,1,1,0
1001,1969,GarageRock,ProtoMetal,WeightedTransition,1,1,0,0
1001,1969,GarageRock,ProtoPunk,WeightedTransition,1,1,0,0
1001,1969,GarageRock,PsychedelicRock,AnnualFloor,1,1,1,0
1001,1969,GarageRock,RockAndRoll,WeightedTransition,1,1,0,0
1001,1969,Gospel,AcidRock,AnnualFloor,1,0,1,0
1001,1969,Gospel,Blues,WeightedTransition,1,0,0,0
1001,1969,Gospel,BritishBeat,AnnualFloor,1,0,1,0
1001,1969,Gospel,Bubblegum,AnnualFloor,1,0,1,0
1001,1969,Gospel,Country,WeightedTransition,1,0,0,0
1001,1969,Gospel,Funk,WeightedTransition,3,0,0,0
1001,1969,Gospel,Gospel,Retained,93,0,0,0
1001,1969,Gospel,Gospel,WeightedTransition,3,0,0,0
1001,1969,Gospel,Soul,WeightedTransition,7,0,0,0
1001,1969,HardRock,ContemporaryFolk,WeightedTransition,1,0,0,0
1001,1969,HardRock,HardRock,Retained,36,0,0,0
1001,1969,HardRock,PsychedelicRock,WeightedTransition,1,0,0,0
1001,1969,Jazz,AcidRock,WeightedTransition,1,0,0,0
1001,1969,Jazz,Blues,WeightedTransition,1,0,0,0
1001,1969,Jazz,Boogaloo,AnnualFloor,1,0,1,0
1001,1969,Jazz,BritishBlues,AnnualFloor,1,0,1,0
1001,1969,Jazz,BritishBlues,WeightedTransition,2,0,0,0
1001,1969,Jazz,BritishPop,WeightedTransition,5,0,0,0
1001,1969,Jazz,Bubblegum,AnnualFloor,1,0,1,0
1001,1969,Jazz,Bubblegum,WeightedTransition,3,0,0,0
1001,1969,Jazz,Childrens,WeightedTransition,2,0,0,0
1001,1969,Jazz,Classical,AnnualFloor,1,0,1,0
1001,1969,Jazz,Classical,WeightedTransition,4,0,0,0
1001,1969,Jazz,Comedy,WeightedTransition,1,0,0,0
1001,1969,Jazz,Country,WeightedTransition,4,0,0,0
1001,1969,Jazz,CountryRock,AnnualFloor,1,0,1,0
1001,1969,Jazz,CountryRock,WeightedTransition,3,0,0,0
1001,1969,Jazz,FolkRock,AnnualFloor,1,0,1,0
1001,1969,Jazz,Funk,AnnualFloor,1,0,1,0
1001,1969,Jazz,Funk,WeightedTransition,4,0,0,0
1001,1969,Jazz,Gospel,WeightedTransition,2,0,0,0
1001,1969,Jazz,HardRock,WeightedTransition,2,0,0,0
1001,1969,Jazz,Jazz,Retained,97,0,0,0
1001,1969,Jazz,Jazz,WeightedTransition,14,0,0,0
1001,1969,Jazz,LatinPop,WeightedTransition,2,0,0,0
1001,1969,Jazz,ProtoMetal,WeightedTransition,1,0,0,0
1001,1969,Jazz,ProtoPunk,WeightedTransition,1,0,0,0
1001,1969,Jazz,RnB,WeightedTransition,2,0,0,0
1001,1969,Jazz,SingerSongwriter,WeightedTransition,2,0,0,0
1001,1969,Jazz,Soul,WeightedTransition,3,0,0,0
1001,1969,Jazz,TexMex,WeightedTransition,1,0,0,0
1001,1969,Jazz,TraditionalPop,WeightedTransition,3,0,0,0
1001,1969,LatinPop,BluesRock,AnnualFloor,1,0,1,0
1001,1969,LatinPop,BritishBlues,WeightedTransition,1,0,0,0
1001,1969,LatinPop,Childrens,WeightedTransition,1,0,0,0
1001,1969,LatinPop,CountryRock,WeightedTransition,1,0,0,0
1001,1969,LatinPop,Funk,WeightedTransition,1,0,0,0
1001,1969,LatinPop,Gospel,WeightedTransition,1,0,0,0
1001,1969,LatinPop,LatinPop,Retained,60,0,0,0
1001,1969,LatinPop,Reggae,WeightedTransition,1,0,0,0
1001,1969,ProgressiveRock,Gospel,WeightedTransition,1,0,0,0
1001,1969,ProgressiveRock,HardRock,WeightedTransition,1,0,0,0
1001,1969,ProgressiveRock,ProgressiveRock,Retained,11,0,0,0
1001,1969,ProgressiveRock,ProgressiveRock,WeightedTransition,2,0,0,0
1001,1969,ProtoMetal,BritishBeat,WeightedTransition,1,0,0,0
1001,1969,ProtoMetal,ProtoMetal,Retained,15,0,0,0
1001,1969,ProtoMetal,TexMex,AnnualFloor,1,0,1,0
1001,1969,ProtoPunk,HardRock,WeightedTransition,1,0,0,0
1001,1969,ProtoPunk,ProtoPunk,Retained,17,0,0,0
1001,1969,ProtoPunk,Reggae,AnnualFloor,1,0,1,0
1001,1969,ProtoPunk,TraditionalPop,WeightedTransition,1,0,0,0
1001,1969,PsychedelicRock,Blues,WeightedTransition,1,0,0,0
1001,1969,PsychedelicRock,BluesRock,WeightedTransition,1,0,0,0
1001,1969,PsychedelicRock,BritishBeat,WeightedTransition,1,0,0,0
1001,1969,PsychedelicRock,BritishBlues,WeightedTransition,5,0,0,0
1001,1969,PsychedelicRock,BritishPop,WeightedTransition,1,0,0,0
1001,1969,PsychedelicRock,Bubblegum,WeightedTransition,1,0,0,0
1001,1969,PsychedelicRock,Classical,WeightedTransition,1,0,0,0
1001,1969,PsychedelicRock,Country,WeightedTransition,1,0,0,0
1001,1969,PsychedelicRock,CountryRock,WeightedTransition,1,0,0,0
1001,1969,PsychedelicRock,FolkRock,WeightedTransition,1,0,0,0
1001,1969,PsychedelicRock,Funk,WeightedTransition,1,0,0,0
1001,1969,PsychedelicRock,Gospel,WeightedTransition,1,0,0,0
1001,1969,PsychedelicRock,HardRock,AnnualFloor,1,0,1,0
1001,1969,PsychedelicRock,HardRock,WeightedTransition,1,0,0,0
1001,1969,PsychedelicRock,Jazz,WeightedTransition,3,0,0,0
1001,1969,PsychedelicRock,PsychedelicRock,AnnualFloor,1,0,1,0
1001,1969,PsychedelicRock,PsychedelicRock,Retained,42,0,0,0
1001,1969,PsychedelicRock,PsychedelicRock,WeightedTransition,5,0,0,0
1001,1969,PsychedelicRock,RnB,WeightedTransition,1,0,0,0
1001,1969,PsychedelicRock,RockAndRoll,WeightedTransition,3,0,0,0
1001,1969,PsychedelicRock,Soul,WeightedTransition,3,0,0,0
1001,1969,Reggae,EasyListening,WeightedTransition,1,0,0,0
1001,1969,Reggae,Reggae,Retained,10,0,0,0
1001,1969,RnB,Blues,WeightedTransition,2,0,0,0
1001,1969,RnB,BluesRock,WeightedTransition,3,0,0,0
1001,1969,RnB,BritishBlues,WeightedTransition,2,0,0,0
1001,1969,RnB,BritishPop,WeightedTransition,1,0,0,0
1001,1969,RnB,Bubblegum,WeightedTransition,4,0,0,0
1001,1969,RnB,Childrens,AnnualFloor,1,0,1,0
1001,1969,RnB,Childrens,WeightedTransition,2,0,0,0
1001,1969,RnB,Comedy,AnnualFloor,1,0,1,0
1001,1969,RnB,Comedy,WeightedTransition,2,0,0,0
1001,1969,RnB,Country,WeightedTransition,4,0,0,0
1001,1969,RnB,CountryRock,WeightedTransition,1,0,0,0
1001,1969,RnB,EasyListening,WeightedTransition,1,0,0,0
1001,1969,RnB,FolkRock,WeightedTransition,1,0,0,0
1001,1969,RnB,Funk,AnnualFloor,1,0,1,0
1001,1969,RnB,Funk,WeightedTransition,10,0,0,0
1001,1969,RnB,Gospel,WeightedTransition,4,0,0,0
1001,1969,RnB,Jazz,WeightedTransition,1,0,0,0
1001,1969,RnB,LatinPop,AnnualFloor,1,0,1,0
1001,1969,RnB,LatinPop,WeightedTransition,1,0,0,0
1001,1969,RnB,ProgressiveRock,WeightedTransition,1,0,0,0
1001,1969,RnB,ProtoMetal,WeightedTransition,5,0,0,0
1001,1969,RnB,ProtoPunk,WeightedTransition,2,0,0,0
1001,1969,RnB,RnB,AnnualFloor,1,0,1,0
1001,1969,RnB,RnB,Retained,134,0,0,0
1001,1969,RnB,RnB,WeightedTransition,19,0,0,0
1001,1969,RnB,SingerSongwriter,WeightedTransition,4,0,0,0
1001,1969,RnB,Soul,WeightedTransition,15,0,0,0
1001,1969,RnB,TraditionalPop,WeightedTransition,1,0,0,0
1001,1969,RockAndRoll,AcidRock,WeightedTransition,3,0,0,0
1001,1969,RockAndRoll,BaroquePop,AnnualFloor,1,0,1,0
1001,1969,RockAndRoll,BluesRock,AnnualFloor,1,0,1,0
1001,1969,RockAndRoll,BluesRock,WeightedTransition,2,0,0,0
1001,1969,RockAndRoll,BritishBeat,AnnualFloor,1,0,1,0
1001,1969,RockAndRoll,BritishBeat,WeightedTransition,11,0,0,0
1001,1969,RockAndRoll,BritishBlues,WeightedTransition,15,0,0,0
1001,1969,RockAndRoll,BritishPop,WeightedTransition,4,0,0,0
1001,1969,RockAndRoll,Bubblegum,WeightedTransition,3,0,0,0
1001,1969,RockAndRoll,Childrens,WeightedTransition,4,0,0,0
1001,1969,RockAndRoll,Classical,WeightedTransition,1,0,0,0
1001,1969,RockAndRoll,Country,WeightedTransition,2,0,0,0
1001,1969,RockAndRoll,CountryRock,WeightedTransition,2,0,0,0
1001,1969,RockAndRoll,EasyListening,WeightedTransition,3,0,0,0
1001,1969,RockAndRoll,FolkRock,WeightedTransition,5,0,0,0
1001,1969,RockAndRoll,Funk,WeightedTransition,5,0,0,0
1001,1969,RockAndRoll,Gospel,WeightedTransition,5,0,0,0
1001,1969,RockAndRoll,HardRock,WeightedTransition,3,0,0,0
1001,1969,RockAndRoll,Jazz,WeightedTransition,2,0,0,0
1001,1969,RockAndRoll,LatinPop,WeightedTransition,2,0,0,0
1001,1969,RockAndRoll,ProgressiveRock,AnnualFloor,1,0,1,0
1001,1969,RockAndRoll,ProgressiveRock,WeightedTransition,8,0,0,0
1001,1969,RockAndRoll,ProtoMetal,WeightedTransition,10,0,0,0
1001,1969,RockAndRoll,ProtoPunk,WeightedTransition,1,0,0,0
1001,1969,RockAndRoll,PsychedelicRock,WeightedTransition,5,0,0,0
1001,1969,RockAndRoll,Reggae,AnnualFloor,1,0,1,0
1001,1969,RockAndRoll,Reggae,WeightedTransition,2,0,0,0
1001,1969,RockAndRoll,RnB,AnnualFloor,1,0,1,0
1001,1969,RockAndRoll,RnB,WeightedTransition,3,0,0,0
1001,1969,RockAndRoll,RockAndRoll,AnnualFloor,1,0,1,0
1001,1969,RockAndRoll,RockAndRoll,Retained,23,0,0,0
1001,1969,RockAndRoll,RockAndRoll,WeightedTransition,13,0,0,0
1001,1969,RockAndRoll,SingerSongwriter,WeightedTransition,2,0,0,0
1001,1969,RockAndRoll,Soul,WeightedTransition,2,0,0,0
1001,1969,RockAndRoll,TexMex,WeightedTransition,1,0,0,0
1001,1969,Rocksteady,Gospel,WeightedTransition,1,1,0,0
1001,1969,Rocksteady,Rocksteady,Retained,2,2,0,0
1001,1969,SingerSongwriter,BluesRock,AnnualFloor,1,0,1,0
1001,1969,SingerSongwriter,Bubblegum,AnnualFloor,1,0,1,0
1001,1969,SingerSongwriter,ContemporaryFolk,WeightedTransition,1,0,0,0
1001,1969,SingerSongwriter,FolkRock,WeightedTransition,2,0,0,0
1001,1969,SingerSongwriter,LatinPop,WeightedTransition,1,0,0,0
1001,1969,SingerSongwriter,SingerSongwriter,Retained,28,0,0,0
1001,1969,SingerSongwriter,SingerSongwriter,WeightedTransition,1,0,0,0
1001,1969,Ska,Classical,AnnualFloor,1,1,1,0
1001,1969,Soul,BaroquePop,AnnualFloor,1,0,1,0
1001,1969,Soul,BaroquePop,WeightedTransition,1,0,0,0
1001,1969,Soul,BluesRock,WeightedTransition,3,0,0,0
1001,1969,Soul,BritishBeat,AnnualFloor,1,0,1,0
1001,1969,Soul,BritishBlues,WeightedTransition,2,0,0,0
1001,1969,Soul,Comedy,WeightedTransition,1,0,0,0
1001,1969,Soul,ContemporaryFolk,AnnualFloor,1,0,1,0
1001,1969,Soul,ContemporaryFolk,WeightedTransition,1,0,0,0
1001,1969,Soul,Country,WeightedTransition,1,0,0,0
1001,1969,Soul,CountryRock,WeightedTransition,1,0,0,0
1001,1969,Soul,FolkRock,AnnualFloor,1,0,1,0
1001,1969,Soul,FolkRock,WeightedTransition,1,0,0,0
1001,1969,Soul,Funk,WeightedTransition,2,0,0,0
1001,1969,Soul,Gospel,WeightedTransition,2,0,0,0
1001,1969,Soul,HardRock,WeightedTransition,2,0,0,0
1001,1969,Soul,ProtoPunk,WeightedTransition,2,0,0,0
1001,1969,Soul,Reggae,WeightedTransition,1,0,0,0
1001,1969,Soul,RnB,WeightedTransition,3,0,0,0
1001,1969,Soul,RockAndRoll,AnnualFloor,1,0,1,0
1001,1969,Soul,Soul,AnnualFloor,1,0,1,0
1001,1969,Soul,Soul,Retained,275,0,0,0
1001,1969,Soul,Soul,WeightedTransition,18,0,0,0
1001,1969,Soul,TraditionalPop,WeightedTransition,1,0,0,0
1001,1969,SunshinePop,Classical,WeightedTransition,1,0,0,0
1001,1969,SunshinePop,EasyListening,WeightedTransition,1,0,0,0
1001,1969,SunshinePop,Funk,WeightedTransition,2,0,0,0
1001,1969,SunshinePop,ProgressiveRock,WeightedTransition,1,0,0,0
1001,1969,SunshinePop,ProtoMetal,WeightedTransition,1,0,0,0
1001,1969,SunshinePop,SingerSongwriter,WeightedTransition,2,0,0,0
1001,1969,SunshinePop,Soul,WeightedTransition,1,0,0,0
1001,1969,SunshinePop,SunshinePop,Retained,7,0,0,0
1001,1969,SurfRock,BritishBlues,AnnualFloor,1,1,1,0
1001,1969,SurfRock,BritishPop,WeightedTransition,2,2,0,0
1001,1969,SurfRock,Bubblegum,WeightedTransition,2,2,0,0
1001,1969,SurfRock,EasyListening,WeightedTransition,1,1,0,0
1001,1969,SurfRock,Gospel,WeightedTransition,2,2,0,0
1001,1969,SurfRock,Jazz,WeightedTransition,1,1,0,0
1001,1969,SurfRock,ProtoPunk,WeightedTransition,1,1,0,0
1001,1969,SurfRock,PsychedelicRock,WeightedTransition,1,1,0,0
1001,1969,SurfRock,RockAndRoll,WeightedTransition,1,1,0,0
1001,1969,SurfRock,Soul,WeightedTransition,1,1,0,0
1001,1969,SurfRock,SunshinePop,WeightedTransition,1,1,0,0
1001,1969,SurfRock,SurfRock,Retained,4,4,0,0
1001,1969,TeenPop,BritishBeat,WeightedTransition,1,1,0,0
1001,1969,TeenPop,BritishBlues,AnnualFloor,1,1,1,0
1001,1969,TeenPop,BritishBlues,WeightedTransition,2,2,0,0
1001,1969,TeenPop,Classical,WeightedTransition,1,1,0,0
1001,1969,TeenPop,ProgressiveRock,AnnualFloor,1,1,1,0
1001,1969,TeenPop,ProgressiveRock,WeightedTransition,1,1,0,0
1001,1969,TeenPop,SingerSongwriter,AnnualFloor,1,1,1,0
1001,1969,TeenPop,SingerSongwriter,WeightedTransition,1,1,0,0
1001,1969,TeenPop,Soul,AnnualFloor,1,1,1,0
1001,1969,TeenPop,Soul,WeightedTransition,2,2,0,0
1001,1969,TeenPop,TeenPop,Retained,8,8,0,0
1001,1969,TeenPop,TexMex,AnnualFloor,1,1,1,0
1001,1969,TexMex,BritishBlues,WeightedTransition,1,0,0,0
1001,1969,TexMex,BritishPop,WeightedTransition,1,0,0,0
1001,1969,TexMex,Bubblegum,WeightedTransition,1,0,0,0
1001,1969,TexMex,ProgressiveRock,WeightedTransition,1,0,0,0
1001,1969,TexMex,TexMex,AnnualFloor,1,0,1,0
1001,1969,TexMex,TexMex,Retained,37,0,0,0
1001,1969,TexMex,TexMex,WeightedTransition,1,0,0,0
1001,1969,TexMex,TraditionalPop,WeightedTransition,1,0,0,0
1001,1969,TraditionalPop,AcidRock,AnnualFloor,1,0,1,0
1001,1969,TraditionalPop,AcidRock,WeightedTransition,1,0,0,0
1001,1969,TraditionalPop,BaroquePop,WeightedTransition,2,0,0,0
1001,1969,TraditionalPop,Blues,AnnualFloor,1,0,1,0
1001,1969,TraditionalPop,BluesRock,WeightedTransition,1,0,0,0
1001,1969,TraditionalPop,Boogaloo,WeightedTransition,1,0,0,0
1001,1969,TraditionalPop,BritishBeat,WeightedTransition,1,0,0,0
1001,1969,TraditionalPop,BritishBlues,WeightedTransition,4,0,0,0
1001,1969,TraditionalPop,BritishPop,AnnualFloor,1,0,1,0
1001,1969,TraditionalPop,BritishPop,WeightedTransition,7,0,0,0
1001,1969,TraditionalPop,Bubblegum,WeightedTransition,7,0,0,0
1001,1969,TraditionalPop,Childrens,WeightedTransition,4,0,0,0
1001,1969,TraditionalPop,Classical,WeightedTransition,2,0,0,0
1001,1969,TraditionalPop,Comedy,WeightedTransition,5,0,0,0
1001,1969,TraditionalPop,ContemporaryFolk,WeightedTransition,1,0,0,0
1001,1969,TraditionalPop,Country,WeightedTransition,10,0,0,0
1001,1969,TraditionalPop,CountryRock,WeightedTransition,5,0,0,0
1001,1969,TraditionalPop,EasyListening,WeightedTransition,7,0,0,0
1001,1969,TraditionalPop,FolkRock,WeightedTransition,4,0,0,0
1001,1969,TraditionalPop,Funk,AnnualFloor,1,0,1,0
1001,1969,TraditionalPop,Funk,WeightedTransition,5,0,0,0
1001,1969,TraditionalPop,Gospel,WeightedTransition,4,0,0,0
1001,1969,TraditionalPop,Jazz,AnnualFloor,1,0,1,0
1001,1969,TraditionalPop,Jazz,WeightedTransition,7,0,0,0
1001,1969,TraditionalPop,ProgressiveRock,WeightedTransition,1,0,0,0
1001,1969,TraditionalPop,ProtoMetal,AnnualFloor,1,0,1,0
1001,1969,TraditionalPop,ProtoPunk,WeightedTransition,2,0,0,0
1001,1969,TraditionalPop,RnB,WeightedTransition,2,0,0,0
1001,1969,TraditionalPop,RockAndRoll,WeightedTransition,3,0,0,0
1001,1969,TraditionalPop,SingerSongwriter,WeightedTransition,6,0,0,0
1001,1969,TraditionalPop,Soul,WeightedTransition,7,0,0,0
1001,1969,TraditionalPop,SunshinePop,WeightedTransition,3,0,0,0
1001,1969,TraditionalPop,TexMex,WeightedTransition,4,0,0,0
1001,1969,TraditionalPop,TraditionalPop,AnnualFloor,1,0,1,0
1001,1969,TraditionalPop,TraditionalPop,Retained,66,0,0,0
1001,1969,TraditionalPop,TraditionalPop,WeightedTransition,10,0,0,0
