seed,year,fromGenre,toGenre,selectionMode,opportunities,unavailableIdentity,annualFloorRequested,annualFloorReroutes
1001,1960,Blues,Blues,Retained,73,0,0,0
1001,1960,Blues,Blues,WeightedTransition,7,0,0,0
1001,1960,Blues,Comedy,WeightedTransition,2,0,0,0
1001,1960,Blues,Country,WeightedTransition,4,0,0,0
1001,1960,Blues,DooWop,WeightedTransition,5,0,0,0
1001,1960,Blues,EasyListening,WeightedTransition,2,0,0,0
1001,1960,Blues,Folk,WeightedTransition,1,0,0,0
1001,1960,Blues,Gospel,WeightedTransition,3,0,0,0
1001,1960,Blues,Jazz,WeightedTransition,4,0,0,0
1001,1960,Blues,RnB,WeightedTransition,2,0,0,0
1001,1960,Blues,RockAndRoll,WeightedTransition,12,0,0,0
1001,1960,Blues,Soul,WeightedTransition,1,0,0,0
1001,1960,Blues,TeenPop,WeightedTransition,3,0,0,0
1001,1960,Childrens,Blues,WeightedTransition,1,0,0,0
1001,1960,Childrens,Childrens,Retained,34,0,0,0
1001,1960,Childrens,DooWop,WeightedTransition,1,0,0,0
1001,1960,Childrens,Folk,WeightedTransition,1,0,0,0
1001,1960,Childrens,TeenPop,WeightedTransition,1,0,0,0
1001,1960,Childrens,TraditionalPop,WeightedTransition,2,0,0,0
1001,1960,Classical,Classical,Retained,70,0,0,0
1001,1960,Classical,DooWop,WeightedTransition,3,0,0,0
1001,1960,Classical,EasyListening,WeightedTransition,1,0,0,0
1001,1960,Classical,Folk,WeightedTransition,1,0,0,0
1001,1960,Classical,Gospel,WeightedTransition,1,0,0,0
1001,1960,Classical,Jazz,WeightedTransition,4,0,0,0
1001,1960,Classical,RnB,WeightedTransition,1,0,0,0
1001,1960,Classical,RockAndRoll,WeightedTransition,1,0,0,0
1001,1960,Classical,TeenPop,WeightedTransition,1,0,0,0
1001,1960,Classical,TraditionalPop,WeightedTransition,3,0,0,0
1001,1960,Comedy,Childrens,WeightedTransition,1,0,0,0
1001,1960,Comedy,Comedy,Retained,37,0,0,0
1001,1960,Comedy,Comedy,WeightedTransition,1,0,0,0
1001,1960,Comedy,DooWop,WeightedTransition,1,0,0,0
1001,1960,Comedy,EasyListening,WeightedTransition,1,0,0,0
1001,1960,Comedy,RnB,WeightedTransition,1,0,0,0
1001,1960,Comedy,TeenPop,WeightedTransition,3,0,0,0
1001,1960,Comedy,TexMex,WeightedTransition,1,0,0,0
1001,1960,Comedy,TraditionalPop,WeightedTransition,2,0,0,0
1001,1960,Country,Blues,WeightedTransition,2,0,0,0
1001,1960,Country,Classical,WeightedTransition,2,0,0,0
1001,1960,Country,Comedy,WeightedTransition,2,0,0,0
1001,1960,Country,Country,AnnualFloor,2,0,2,0
1001,1960,Country,Country,Retained,257,0,0,0
1001,1960,Country,Country,WeightedTransition,26,0,0,0
1001,1960,Country,DooWop,WeightedTransition,1,0,0,0
1001,1960,Country,EasyListening,WeightedTransition,2,0,0,0
1001,1960,Country,Folk,WeightedTransition,6,0,0,0
1001,1960,Country,Gospel,WeightedTransition,5,0,0,0
1001,1960,Country,Jazz,WeightedTransition,1,0,0,0
1001,1960,Country,LatinPop,WeightedTransition,2,0,0,0
1001,1960,Country,RnB,WeightedTransition,1,0,0,0
1001,1960,Country,RockAndRoll,WeightedTransition,7,0,0,0
1001,1960,Country,TeenPop,WeightedTransition,2,0,0,0
1001,1960,Country,TraditionalPop,WeightedTransition,2,0,0,0
1001,1960,DooWop,Blues,AnnualFloor,1,0,1,0
1001,1960,DooWop,Blues,WeightedTransition,3,0,0,0
1001,1960,DooWop,Childrens,WeightedTransition,1,0,0,0
1001,1960,DooWop,Classical,WeightedTransition,1,0,0,0
1001,1960,DooWop,DooWop,AnnualFloor,1,0,1,0
1001,1960,DooWop,DooWop,Retained,225,0,0,0
1001,1960,DooWop,DooWop,WeightedTransition,16,0,0,0
1001,1960,DooWop,EasyListening,WeightedTransition,3,0,0,0
1001,1960,DooWop,Folk,WeightedTransition,1,0,0,0
1001,1960,DooWop,Jazz,WeightedTransition,1,0,0,0
1001,1960,DooWop,LatinPop,AnnualFloor,1,0,1,0
1001,1960,DooWop,LatinPop,WeightedTransition,1,0,0,0
1001,1960,DooWop,RnB,WeightedTransition,9,0,0,0
1001,1960,DooWop,Soul,AnnualFloor,1,0,1,0
1001,1960,DooWop,Soul,WeightedTransition,1,0,0,0
1001,1960,DooWop,TeenPop,WeightedTransition,3,0,0,0
1001,1960,DooWop,TraditionalPop,WeightedTransition,3,0,0,0
1001,1960,EasyListening,Blues,WeightedTransition,1,0,0,0
1001,1960,EasyListening,Childrens,WeightedTransition,1,0,0,0
1001,1960,EasyListening,Comedy,WeightedTransition,1,0,0,0
1001,1960,EasyListening,Country,WeightedTransition,3,0,0,0
1001,1960,EasyListening,DooWop,WeightedTransition,2,0,0,0
1001,1960,EasyListening,EasyListening,Retained,224,0,0,0
1001,1960,EasyListening,EasyListening,WeightedTransition,12,0,0,0
1001,1960,EasyListening,Folk,WeightedTransition,2,0,0,0
1001,1960,EasyListening,Jazz,WeightedTransition,2,0,0,0
1001,1960,EasyListening,LatinPop,WeightedTransition,1,0,0,0
1001,1960,EasyListening,RockAndRoll,WeightedTransition,2,0,0,0
1001,1960,EasyListening,Soul,WeightedTransition,1,0,0,0
1001,1960,EasyListening,TeenPop,WeightedTransition,3,0,0,0
1001,1960,EasyListening,TraditionalPop,WeightedTransition,5,0,0,0
1001,1960,Folk,Blues,WeightedTransition,2,0,0,0
1001,1960,Folk,Childrens,WeightedTransition,3,0,0,0
1001,1960,Folk,Classical,WeightedTransition,1,0,0,0
1001,1960,Folk,Comedy,AnnualFloor,1,0,1,0
1001,1960,Folk,Comedy,WeightedTransition,1,0,0,0
1001,1960,Folk,Country,WeightedTransition,4,0,0,0
1001,1960,Folk,DooWop,WeightedTransition,3,0,0,0
1001,1960,Folk,EasyListening,WeightedTransition,2,0,0,0
1001,1960,Folk,Folk,AnnualFloor,2,0,2,0
1001,1960,Folk,Folk,Retained,126,0,0,0
1001,1960,Folk,Folk,WeightedTransition,17,0,0,0
1001,1960,Folk,Jazz,WeightedTransition,2,0,0,0
1001,1960,Folk,LatinPop,WeightedTransition,2,0,0,0
1001,1960,Folk,RnB,WeightedTransition,2,0,0,0
1001,1960,Folk,RockAndRoll,WeightedTransition,3,0,0,0
1001,1960,Folk,TeenPop,AnnualFloor,1,0,1,0
1001,1960,Folk,TeenPop,WeightedTransition,3,0,0,0
1001,1960,Folk,TraditionalPop,WeightedTransition,2,0,0,0
1001,1960,Gospel,Classical,AnnualFloor,1,0,1,0
1001,1960,Gospel,Country,WeightedTransition,2,0,0,0
1001,1960,Gospel,DooWop,WeightedTransition,4,0,0,0
1001,1960,Gospel,EasyListening,WeightedTransition,2,0,0,0
1001,1960,Gospel,Folk,WeightedTransition,1,0,0,0
1001,1960,Gospel,Gospel,AnnualFloor,1,0,1,0
1001,1960,Gospel,Gospel,Retained,35,0,0,0
1001,1960,Gospel,Gospel,WeightedTransition,6,0,0,0
1001,1960,Gospel,RnB,WeightedTransition,2,0,0,0
1001,1960,Gospel,RockAndRoll,WeightedTransition,1,0,0,0
1001,1960,Gospel,Soul,WeightedTransition,2,0,0,0
1001,1960,Gospel,TeenPop,WeightedTransition,1,0,0,0
1001,1960,Jazz,Blues,WeightedTransition,1,0,0,0
1001,1960,Jazz,Classical,WeightedTransition,1,0,0,0
1001,1960,Jazz,Comedy,WeightedTransition,2,0,0,0
1001,1960,Jazz,DooWop,WeightedTransition,8,0,0,0
1001,1960,Jazz,EasyListening,WeightedTransition,1,0,0,0
1001,1960,Jazz,Gospel,AnnualFloor,1,0,1,0
1001,1960,Jazz,Jazz,AnnualFloor,1,0,1,0
1001,1960,Jazz,Jazz,Retained,248,0,0,0
1001,1960,Jazz,Jazz,WeightedTransition,20,0,0,0
1001,1960,Jazz,LatinPop,AnnualFloor,1,0,1,0
1001,1960,Jazz,LatinPop,WeightedTransition,1,0,0,0
1001,1960,Jazz,RnB,AnnualFloor,1,0,1,0
1001,1960,Jazz,RnB,WeightedTransition,4,0,0,0
1001,1960,Jazz,Soul,WeightedTransition,3,0,0,0
1001,1960,Jazz,TeenPop,WeightedTransition,3,0,0,0
1001,1960,Jazz,TexMex,AnnualFloor,2,0,2,0
1001,1960,Jazz,TraditionalPop,WeightedTransition,4,0,0,0
1001,1960,LatinPop,Childrens,WeightedTransition,1,0,0,0
1001,1960,LatinPop,Comedy,WeightedTransition,2,0,0,0
1001,1960,LatinPop,Country,WeightedTransition,2,0,0,0
1001,1960,LatinPop,DooWop,WeightedTransition,3,0,0,0
1001,1960,LatinPop,EasyListening,WeightedTransition,1,0,0,0
1001,1960,LatinPop,Folk,WeightedTransition,1,0,0,0
1001,1960,LatinPop,Gospel,WeightedTransition,2,0,0,0
1001,1960,LatinPop,Jazz,WeightedTransition,2,0,0,0
1001,1960,LatinPop,LatinPop,Retained,24,0,0,0
1001,1960,LatinPop,LatinPop,WeightedTransition,2,0,0,0
1001,1960,LatinPop,RnB,WeightedTransition,3,0,0,0
1001,1960,LatinPop,TeenPop,WeightedTransition,1,0,0,0
1001,1960,LatinPop,TexMex,WeightedTransition,3,0,0,0
1001,1960,LatinPop,TraditionalPop,WeightedTransition,2,0,0,0
1001,1960,RnB,Blues,AnnualFloor,1,0,1,0
1001,1960,RnB,Childrens,AnnualFloor,2,0,2,0
1001,1960,RnB,Childrens,WeightedTransition,1,0,0,0
1001,1960,RnB,Classical,WeightedTransition,1,0,0,0
1001,1960,RnB,Comedy,AnnualFloor,2,0,2,0
1001,1960,RnB,Comedy,WeightedTransition,9,0,0,0
1001,1960,RnB,Country,WeightedTransition,3,0,0,0
1001,1960,RnB,DooWop,AnnualFloor,1,0,1,0
1001,1960,RnB,DooWop,WeightedTransition,32,0,0,0
1001,1960,RnB,EasyListening,WeightedTransition,3,0,0,0
1001,1960,RnB,Folk,WeightedTransition,4,0,0,0
1001,1960,RnB,Gospel,WeightedTransition,13,0,0,0
1001,1960,RnB,Jazz,WeightedTransition,2,0,0,0
1001,1960,RnB,LatinPop,AnnualFloor,1,0,1,0
1001,1960,RnB,LatinPop,WeightedTransition,1,0,0,0
1001,1960,RnB,RnB,AnnualFloor,1,0,1,0
1001,1960,RnB,RnB,Retained,321,0,0,0
1001,1960,RnB,RnB,WeightedTransition,38,0,0,0
1001,1960,RnB,RockAndRoll,AnnualFloor,1,0,1,0
1001,1960,RnB,RockAndRoll,WeightedTransition,1,0,0,0
1001,1960,RnB,Soul,AnnualFloor,1,0,1,0
1001,1960,RnB,Soul,WeightedTransition,10,0,0,0
1001,1960,RnB,TeenPop,WeightedTransition,6,0,0,0
1001,1960,RnB,TraditionalPop,AnnualFloor,1,0,1,0
1001,1960,RnB,TraditionalPop,WeightedTransition,8,0,0,0
1001,1960,RockAndRoll,Childrens,AnnualFloor,1,0,1,0
1001,1960,RockAndRoll,Childrens,WeightedTransition,3,0,0,0
1001,1960,RockAndRoll,Classical,AnnualFloor,1,0,1,0
1001,1960,RockAndRoll,Comedy,WeightedTransition,2,0,0,0
1001,1960,RockAndRoll,Country,WeightedTransition,4,0,0,0
1001,1960,RockAndRoll,DooWop,WeightedTransition,11,0,0,0
1001,1960,RockAndRoll,EasyListening,WeightedTransition,15,0,0,0
1001,1960,RockAndRoll,Folk,WeightedTransition,1,0,0,0
1001,1960,RockAndRoll,Gospel,WeightedTransition,4,0,0,0
1001,1960,RockAndRoll,Jazz,AnnualFloor,1,0,1,0
1001,1960,RockAndRoll,Jazz,WeightedTransition,2,0,0,0
1001,1960,RockAndRoll,RnB,WeightedTransition,6,0,0,0
1001,1960,RockAndRoll,RockAndRoll,AnnualFloor,2,0,2,0
1001,1960,RockAndRoll,RockAndRoll,Retained,465,0,0,0
1001,1960,RockAndRoll,RockAndRoll,WeightedTransition,47,0,0,0
1001,1960,RockAndRoll,Soul,WeightedTransition,3,0,0,0
1001,1960,RockAndRoll,TeenPop,WeightedTransition,7,0,0,0
1001,1960,RockAndRoll,TexMex,AnnualFloor,1,0,1,0
1001,1960,RockAndRoll,TexMex,WeightedTransition,3,0,0,0
1001,1960,RockAndRoll,TraditionalPop,AnnualFloor,1,0,1,0
1001,1960,RockAndRoll,TraditionalPop,WeightedTransition,8,0,0,0
1001,1960,Soul,Blues,WeightedTransition,1,0,0,0
1001,1960,Soul,Childrens,WeightedTransition,3,0,0,0
1001,1960,Soul,Classical,WeightedTransition,2,0,0,0
1001,1960,Soul,Country,WeightedTransition,3,0,0,0
1001,1960,Soul,DooWop,AnnualFloor,1,0,1,0
1001,1960,Soul,DooWop,WeightedTransition,8,0,0,0
1001,1960,Soul,EasyListening,AnnualFloor,1,0,1,0
1001,1960,Soul,EasyListening,WeightedTransition,2,0,0,0
1001,1960,Soul,Folk,AnnualFloor,1,0,1,0
1001,1960,Soul,Gospel,AnnualFloor,1,0,1,0
1001,1960,Soul,Gospel,WeightedTransition,4,0,0,0
1001,1960,Soul,Jazz,WeightedTransition,1,0,0,0
1001,1960,Soul,RnB,AnnualFloor,1,0,1,0
1001,1960,Soul,RnB,WeightedTransition,12,0,0,0
1001,1960,Soul,RockAndRoll,WeightedTransition,3,0,0,0
1001,1960,Soul,Soul,AnnualFloor,1,0,1,0
1001,1960,Soul,Soul,Retained,228,0,0,0
1001,1960,Soul,Soul,WeightedTransition,12,0,0,0
1001,1960,Soul,TeenPop,WeightedTransition,7,0,0,0
1001,1960,Soul,TraditionalPop,WeightedTransition,6,0,0,0
1001,1960,TeenPop,Blues,AnnualFloor,1,0,1,0
1001,1960,TeenPop,Blues,WeightedTransition,1,0,0,0
1001,1960,TeenPop,Childrens,WeightedTransition,4,0,0,0
1001,1960,TeenPop,Classical,WeightedTransition,2,0,0,0
1001,1960,TeenPop,Comedy,WeightedTransition,3,0,0,0
1001,1960,TeenPop,Country,WeightedTransition,3,0,0,0
1001,1960,TeenPop,DooWop,WeightedTransition,11,0,0,0
1001,1960,TeenPop,EasyListening,AnnualFloor,1,0,1,0
1001,1960,TeenPop,EasyListening,WeightedTransition,8,0,0,0
1001,1960,TeenPop,Folk,WeightedTransition,4,0,0,0
1001,1960,TeenPop,Gospel,WeightedTransition,3,0,0,0
1001,1960,TeenPop,Jazz,WeightedTransition,1,0,0,0
1001,1960,TeenPop,LatinPop,WeightedTransition,3,0,0,0
1001,1960,TeenPop,RnB,WeightedTransition,5,0,0,0
1001,1960,TeenPop,RockAndRoll,WeightedTransition,9,0,0,0
1001,1960,TeenPop,Soul,WeightedTransition,3,0,0,0
1001,1960,TeenPop,TeenPop,AnnualFloor,2,0,2,0
1001,1960,TeenPop,TeenPop,Retained,462,0,0,0
1001,1960,TeenPop,TeenPop,WeightedTransition,34,0,0,0
1001,1960,TeenPop,TexMex,WeightedTransition,1,0,0,0
1001,1960,TeenPop,TraditionalPop,WeightedTransition,27,0,0,0
1001,1960,TexMex,Folk,WeightedTransition,1,0,0,0
1001,1960,TexMex,Jazz,WeightedTransition,1,0,0,0
1001,1960,TexMex,RnB,WeightedTransition,1,0,0,0
1001,1960,TexMex,RockAndRoll,WeightedTransition,1,0,0,0
1001,1960,TexMex,TexMex,Retained,13,0,0,0
1001,1960,TexMex,TexMex,WeightedTransition,1,0,0,0
1001,1960,TraditionalPop,Blues,WeightedTransition,2,0,0,0
1001,1960,TraditionalPop,Childrens,WeightedTransition,3,0,0,0
1001,1960,TraditionalPop,Classical,AnnualFloor,1,0,1,0
1001,1960,TraditionalPop,Comedy,WeightedTransition,3,0,0,0
1001,1960,TraditionalPop,Country,AnnualFloor,1,0,1,0
1001,1960,TraditionalPop,Country,WeightedTransition,2,0,0,0
1001,1960,TraditionalPop,DooWop,WeightedTransition,4,0,0,0
1001,1960,TraditionalPop,EasyListening,AnnualFloor,1,0,1,0
1001,1960,TraditionalPop,EasyListening,WeightedTransition,10,0,0,0
1001,1960,TraditionalPop,Folk,WeightedTransition,2,0,0,0
1001,1960,TraditionalPop,Gospel,WeightedTransition,2,0,0,0
1001,1960,TraditionalPop,Jazz,AnnualFloor,1,0,1,0
1001,1960,TraditionalPop,Jazz,WeightedTransition,7,0,0,0
1001,1960,TraditionalPop,RnB,WeightedTransition,2,0,0,0
1001,1960,TraditionalPop,RockAndRoll,WeightedTransition,1,0,0,0
1001,1960,TraditionalPop,Soul,WeightedTransition,1,0,0,0
1001,1960,TraditionalPop,TeenPop,WeightedTransition,11,0,0,0
1001,1960,TraditionalPop,TraditionalPop,AnnualFloor,1,0,1,0
1001,1960,TraditionalPop,TraditionalPop,Retained,549,0,0,0
1001,1960,TraditionalPop,TraditionalPop,WeightedTransition,40,0,0,0
1001,1961,Blues,Blues,Retained,75,0,0,0
1001,1961,Blues,Blues,WeightedTransition,4,0,0,0
1001,1961,Blues,Classical,WeightedTransition,1,0,0,0
1001,1961,Blues,Comedy,AnnualFloor,1,0,1,0
1001,1961,Blues,Country,WeightedTransition,2,0,0,0
1001,1961,Blues,DooWop,WeightedTransition,3,0,0,0
1001,1961,Blues,EasyListening,WeightedTransition,1,0,0,0
1001,1961,Blues,Gospel,WeightedTransition,1,0,0,0
1001,1961,Blues,Jazz,WeightedTransition,6,0,0,0
1001,1961,Blues,LatinPop,WeightedTransition,1,0,0,0
1001,1961,Blues,RnB,WeightedTransition,4,0,0,0
1001,1961,Blues,RockAndRoll,WeightedTransition,1,0,0,0
1001,1961,Blues,Soul,WeightedTransition,1,0,0,0
1001,1961,Blues,SurfRock,WeightedTransition,1,0,0,0
1001,1961,Blues,TexMex,WeightedTransition,1,0,0,0
1001,1961,Blues,TraditionalPop,WeightedTransition,3,0,0,0
1001,1961,Childrens,Childrens,AnnualFloor,1,0,1,0
1001,1961,Childrens,Childrens,Retained,32,0,0,0
1001,1961,Childrens,Comedy,WeightedTransition,2,0,0,0
1001,1961,Childrens,DooWop,WeightedTransition,1,0,0,0
1001,1961,Childrens,Gospel,WeightedTransition,1,0,0,0
1001,1961,Childrens,TraditionalPop,WeightedTransition,1,0,0,0
1001,1961,Classical,Classical,Retained,64,0,0,0
1001,1961,Classical,Classical,WeightedTransition,3,0,0,0
1001,1961,Classical,ContemporaryFolk,AnnualFloor,1,0,1,0
1001,1961,Classical,ContemporaryFolk,WeightedTransition,1,0,0,0
1001,1961,Classical,DooWop,WeightedTransition,1,0,0,0
1001,1961,Classical,Folk,WeightedTransition,1,0,0,0
1001,1961,Classical,Jazz,WeightedTransition,4,0,0,0
1001,1961,Classical,RockAndRoll,WeightedTransition,2,0,0,0
1001,1961,Classical,TexMex,AnnualFloor,1,0,1,0
1001,1961,Classical,TexMex,WeightedTransition,1,0,0,0
1001,1961,Classical,TraditionalPop,WeightedTransition,3,0,0,0
1001,1961,Comedy,Blues,WeightedTransition,1,0,0,0
1001,1961,Comedy,Childrens,WeightedTransition,2,0,0,0
1001,1961,Comedy,Comedy,Retained,38,0,0,0
1001,1961,Comedy,Jazz,WeightedTransition,1,0,0,0
1001,1961,Comedy,RnB,WeightedTransition,1,0,0,0
1001,1961,ContemporaryFolk,ContemporaryFolk,Retained,3,0,0,0
1001,1961,ContemporaryFolk,Folk,WeightedTransition,1,0,0,0
1001,1961,Country,ContemporaryFolk,AnnualFloor,1,0,1,0
1001,1961,Country,ContemporaryFolk,WeightedTransition,4,0,0,0
1001,1961,Country,Country,AnnualFloor,2,0,2,0
1001,1961,Country,Country,Retained,252,0,0,0
1001,1961,Country,Country,WeightedTransition,22,0,0,0
1001,1961,Country,DooWop,WeightedTransition,3,0,0,0
1001,1961,Country,EasyListening,WeightedTransition,2,0,0,0
1001,1961,Country,Folk,WeightedTransition,15,0,0,0
1001,1961,Country,Gospel,WeightedTransition,1,0,0,0
1001,1961,Country,Jazz,AnnualFloor,1,0,1,0
1001,1961,Country,Jazz,WeightedTransition,4,0,0,0
1001,1961,Country,RnB,WeightedTransition,1,0,0,0
1001,1961,Country,RockAndRoll,WeightedTransition,5,0,0,0
1001,1961,Country,Soul,WeightedTransition,4,0,0,0
1001,1961,Country,TeenPop,WeightedTransition,1,0,0,0
1001,1961,Country,TexMex,WeightedTransition,1,0,0,0
1001,1961,Country,TraditionalPop,WeightedTransition,6,0,0,0
1001,1961,DooWop,Blues,WeightedTransition,3,0,0,0
1001,1961,DooWop,Childrens,WeightedTransition,2,0,0,0
1001,1961,DooWop,Classical,WeightedTransition,1,0,0,0
1001,1961,DooWop,Comedy,WeightedTransition,1,0,0,0
1001,1961,DooWop,ContemporaryFolk,AnnualFloor,1,0,1,0
1001,1961,DooWop,Country,WeightedTransition,4,0,0,0
1001,1961,DooWop,DooWop,Retained,172,0,0,0
1001,1961,DooWop,DooWop,WeightedTransition,24,0,0,0
1001,1961,DooWop,EasyListening,AnnualFloor,1,0,1,0
1001,1961,DooWop,EasyListening,WeightedTransition,4,0,0,0
1001,1961,DooWop,Folk,WeightedTransition,1,0,0,0
1001,1961,DooWop,Gospel,AnnualFloor,1,0,1,0
1001,1961,DooWop,Gospel,WeightedTransition,3,0,0,0
1001,1961,DooWop,Jazz,WeightedTransition,2,0,0,0
1001,1961,DooWop,LatinPop,WeightedTransition,1,0,0,0
1001,1961,DooWop,RnB,WeightedTransition,6,0,0,0
1001,1961,DooWop,RockAndRoll,WeightedTransition,4,0,0,0
1001,1961,DooWop,Soul,AnnualFloor,1,0,1,0
1001,1961,DooWop,Soul,WeightedTransition,7,0,0,0
1001,1961,DooWop,TeenPop,WeightedTransition,5,0,0,0
1001,1961,DooWop,TraditionalPop,WeightedTransition,7,0,0,0
1001,1961,EasyListening,Blues,WeightedTransition,2,0,0,0
1001,1961,EasyListening,Childrens,WeightedTransition,2,0,0,0
1001,1961,EasyListening,Classical,WeightedTransition,1,0,0,0
1001,1961,EasyListening,Comedy,WeightedTransition,3,0,0,0
1001,1961,EasyListening,Country,WeightedTransition,4,0,0,0
1001,1961,EasyListening,DooWop,AnnualFloor,1,0,1,0
1001,1961,EasyListening,DooWop,WeightedTransition,1,0,0,0
1001,1961,EasyListening,EasyListening,Retained,184,0,0,0
1001,1961,EasyListening,EasyListening,WeightedTransition,20,0,0,0
1001,1961,EasyListening,Folk,WeightedTransition,3,0,0,0
1001,1961,EasyListening,Gospel,WeightedTransition,3,0,0,0
1001,1961,EasyListening,Jazz,WeightedTransition,6,0,0,0
1001,1961,EasyListening,LatinPop,WeightedTransition,2,0,0,0
1001,1961,EasyListening,RnB,WeightedTransition,2,0,0,0
1001,1961,EasyListening,RockAndRoll,WeightedTransition,3,0,0,0
1001,1961,EasyListening,Soul,WeightedTransition,1,0,0,0
1001,1961,EasyListening,SurfRock,WeightedTransition,1,0,0,0
1001,1961,EasyListening,TeenPop,WeightedTransition,3,0,0,0
1001,1961,EasyListening,TraditionalPop,WeightedTransition,6,0,0,0
1001,1961,Folk,Blues,WeightedTransition,1,0,0,0
1001,1961,Folk,Childrens,WeightedTransition,2,0,0,0
1001,1961,Folk,Classical,AnnualFloor,1,0,1,0
1001,1961,Folk,Classical,WeightedTransition,1,0,0,0
1001,1961,Folk,Comedy,WeightedTransition,1,0,0,0
1001,1961,Folk,ContemporaryFolk,WeightedTransition,2,0,0,0
1001,1961,Folk,Country,WeightedTransition,5,0,0,0
1001,1961,Folk,DooWop,WeightedTransition,1,0,0,0
1001,1961,Folk,EasyListening,WeightedTransition,3,0,0,0
1001,1961,Folk,Folk,AnnualFloor,3,0,3,0
1001,1961,Folk,Folk,Retained,112,0,0,0
1001,1961,Folk,Folk,WeightedTransition,12,0,0,0
1001,1961,Folk,Gospel,WeightedTransition,1,0,0,0
1001,1961,Folk,Jazz,WeightedTransition,2,0,0,0
1001,1961,Folk,LatinPop,WeightedTransition,2,0,0,0
1001,1961,Folk,RnB,WeightedTransition,1,0,0,0
1001,1961,Folk,RockAndRoll,WeightedTransition,1,0,0,0
1001,1961,Folk,SurfRock,WeightedTransition,1,0,0,0
1001,1961,Folk,TeenPop,WeightedTransition,1,0,0,0
1001,1961,Folk,TraditionalPop,WeightedTransition,2,0,0,0
1001,1961,Gospel,Country,WeightedTransition,2,0,0,0
1001,1961,Gospel,DooWop,WeightedTransition,5,0,0,0
1001,1961,Gospel,EasyListening,WeightedTransition,2,0,0,0
1001,1961,Gospel,Folk,WeightedTransition,2,0,0,0
1001,1961,Gospel,Gospel,Retained,44,0,0,0
1001,1961,Gospel,Gospel,WeightedTransition,6,0,0,0
1001,1961,Gospel,Jazz,WeightedTransition,1,0,0,0
1001,1961,Gospel,Soul,WeightedTransition,2,0,0,0
1001,1961,Gospel,TeenPop,WeightedTransition,1,0,0,0
1001,1961,Gospel,TraditionalPop,WeightedTransition,1,0,0,0
1001,1961,Jazz,Blues,WeightedTransition,1,0,0,0
1001,1961,Jazz,Classical,AnnualFloor,1,0,1,0
1001,1961,Jazz,Classical,WeightedTransition,1,0,0,0
1001,1961,Jazz,Comedy,AnnualFloor,1,0,1,0
1001,1961,Jazz,Country,WeightedTransition,1,0,0,0
1001,1961,Jazz,DooWop,WeightedTransition,3,0,0,0
1001,1961,Jazz,EasyListening,WeightedTransition,2,0,0,0
1001,1961,Jazz,Folk,WeightedTransition,2,0,0,0
1001,1961,Jazz,Gospel,WeightedTransition,2,0,0,0
1001,1961,Jazz,Jazz,Retained,210,0,0,0
1001,1961,Jazz,Jazz,WeightedTransition,19,0,0,0
1001,1961,Jazz,RnB,WeightedTransition,2,0,0,0
1001,1961,Jazz,RockAndRoll,WeightedTransition,3,0,0,0
1001,1961,Jazz,Soul,WeightedTransition,2,0,0,0
1001,1961,Jazz,TeenPop,WeightedTransition,6,0,0,0
1001,1961,Jazz,TexMex,AnnualFloor,1,0,1,0
1001,1961,Jazz,TraditionalPop,AnnualFloor,1,0,1,0
1001,1961,Jazz,TraditionalPop,WeightedTransition,6,0,0,0
1001,1961,LatinPop,Childrens,WeightedTransition,2,0,0,0
1001,1961,LatinPop,ContemporaryFolk,WeightedTransition,1,0,0,0
1001,1961,LatinPop,EasyListening,WeightedTransition,1,0,0,0
1001,1961,LatinPop,Jazz,WeightedTransition,1,0,0,0
1001,1961,LatinPop,LatinPop,AnnualFloor,1,0,1,0
1001,1961,LatinPop,LatinPop,Retained,26,0,0,0
1001,1961,LatinPop,LatinPop,WeightedTransition,2,0,0,0
1001,1961,LatinPop,RnB,WeightedTransition,2,0,0,0
1001,1961,LatinPop,TexMex,WeightedTransition,1,0,0,0
1001,1961,RnB,Blues,AnnualFloor,3,0,3,0
1001,1961,RnB,Blues,WeightedTransition,4,0,0,0
1001,1961,RnB,Childrens,WeightedTransition,1,0,0,0
1001,1961,RnB,Classical,WeightedTransition,5,0,0,0
1001,1961,RnB,Country,WeightedTransition,2,0,0,0
1001,1961,RnB,DooWop,AnnualFloor,2,0,2,0
1001,1961,RnB,DooWop,WeightedTransition,17,0,0,0
1001,1961,RnB,EasyListening,WeightedTransition,2,0,0,0
1001,1961,RnB,Gospel,AnnualFloor,1,0,1,0
1001,1961,RnB,Gospel,WeightedTransition,7,0,0,0
1001,1961,RnB,Jazz,WeightedTransition,4,0,0,0
1001,1961,RnB,RnB,AnnualFloor,1,0,1,0
1001,1961,RnB,RnB,Retained,313,0,0,0
1001,1961,RnB,RnB,WeightedTransition,33,0,0,0
1001,1961,RnB,RockAndRoll,WeightedTransition,2,0,0,0
1001,1961,RnB,Soul,WeightedTransition,20,0,0,0
1001,1961,RnB,SurfRock,WeightedTransition,3,0,0,0
1001,1961,RnB,TeenPop,WeightedTransition,4,0,0,0
1001,1961,RnB,TexMex,AnnualFloor,1,0,1,0
1001,1961,RnB,TexMex,WeightedTransition,1,0,0,0
1001,1961,RnB,TraditionalPop,WeightedTransition,3,0,0,0
1001,1961,RockAndRoll,Classical,AnnualFloor,1,0,1,0
1001,1961,RockAndRoll,Comedy,AnnualFloor,1,0,1,0
1001,1961,RockAndRoll,Comedy,WeightedTransition,4,0,0,0
1001,1961,RockAndRoll,ContemporaryFolk,WeightedTransition,1,0,0,0
1001,1961,RockAndRoll,Country,AnnualFloor,1,0,1,0
1001,1961,RockAndRoll,Country,WeightedTransition,4,0,0,0
1001,1961,RockAndRoll,DooWop,WeightedTransition,3,0,0,0
1001,1961,RockAndRoll,EasyListening,WeightedTransition,6,0,0,0
1001,1961,RockAndRoll,Gospel,WeightedTransition,5,0,0,0
1001,1961,RockAndRoll,Jazz,AnnualFloor,1,0,1,0
1001,1961,RockAndRoll,Jazz,WeightedTransition,1,0,0,0
1001,1961,RockAndRoll,LatinPop,AnnualFloor,1,0,1,0
1001,1961,RockAndRoll,LatinPop,WeightedTransition,1,0,0,0
1001,1961,RockAndRoll,RnB,AnnualFloor,1,0,1,0
1001,1961,RockAndRoll,RnB,WeightedTransition,3,0,0,0
1001,1961,RockAndRoll,RockAndRoll,AnnualFloor,2,0,2,0
1001,1961,RockAndRoll,RockAndRoll,Retained,375,0,0,0
1001,1961,RockAndRoll,RockAndRoll,WeightedTransition,33,0,0,0
1001,1961,RockAndRoll,Soul,AnnualFloor,1,0,1,0
1001,1961,RockAndRoll,Soul,WeightedTransition,2,0,0,0
1001,1961,RockAndRoll,SurfRock,AnnualFloor,3,0,3,0
1001,1961,RockAndRoll,SurfRock,WeightedTransition,5,0,0,0
1001,1961,RockAndRoll,TeenPop,WeightedTransition,7,0,0,0
1001,1961,RockAndRoll,TraditionalPop,WeightedTransition,7,0,0,0
1001,1961,Soul,Blues,WeightedTransition,2,0,0,0
1001,1961,Soul,Childrens,WeightedTransition,1,0,0,0
1001,1961,Soul,Classical,WeightedTransition,1,0,0,0
1001,1961,Soul,Comedy,WeightedTransition,2,0,0,0
1001,1961,Soul,ContemporaryFolk,WeightedTransition,1,0,0,0
1001,1961,Soul,Country,WeightedTransition,8,0,0,0
1001,1961,Soul,DooWop,WeightedTransition,15,0,0,0
1001,1961,Soul,EasyListening,WeightedTransition,6,0,0,0
1001,1961,Soul,Folk,WeightedTransition,5,0,0,0
1001,1961,Soul,Gospel,WeightedTransition,3,0,0,0
1001,1961,Soul,Jazz,WeightedTransition,2,0,0,0
1001,1961,Soul,LatinPop,WeightedTransition,1,0,0,0
1001,1961,Soul,RnB,WeightedTransition,17,0,0,0
1001,1961,Soul,RockAndRoll,AnnualFloor,1,0,1,0
1001,1961,Soul,RockAndRoll,WeightedTransition,3,0,0,0
1001,1961,Soul,Soul,AnnualFloor,1,0,1,0
1001,1961,Soul,Soul,Retained,112,0,0,0
1001,1961,Soul,Soul,WeightedTransition,33,0,0,0
1001,1961,Soul,SurfRock,WeightedTransition,2,0,0,0
1001,1961,Soul,TeenPop,AnnualFloor,1,0,1,0
1001,1961,Soul,TeenPop,WeightedTransition,7,0,0,0
1001,1961,Soul,TexMex,WeightedTransition,1,0,0,0
1001,1961,Soul,TraditionalPop,WeightedTransition,8,0,0,0
1001,1961,SurfRock,EasyListening,WeightedTransition,2,0,0,0
1001,1961,SurfRock,SurfRock,Retained,8,0,0,0
1001,1961,TeenPop,Blues,WeightedTransition,1,0,0,0
1001,1961,TeenPop,Childrens,AnnualFloor,1,0,1,0
1001,1961,TeenPop,Childrens,WeightedTransition,1,0,0,0
1001,1961,TeenPop,Classical,WeightedTransition,2,0,0,0
1001,1961,TeenPop,Comedy,WeightedTransition,1,0,0,0
1001,1961,TeenPop,DooWop,WeightedTransition,1,0,0,0
1001,1961,TeenPop,EasyListening,WeightedTransition,8,0,0,0
1001,1961,TeenPop,Folk,WeightedTransition,3,0,0,0
1001,1961,TeenPop,Gospel,WeightedTransition,1,0,0,0
1001,1961,TeenPop,Jazz,WeightedTransition,1,0,0,0
1001,1961,TeenPop,LatinPop,WeightedTransition,1,0,0,0
1001,1961,TeenPop,RnB,WeightedTransition,1,0,0,0
1001,1961,TeenPop,RockAndRoll,WeightedTransition,5,0,0,0
1001,1961,TeenPop,Soul,WeightedTransition,2,0,0,0
1001,1961,TeenPop,TeenPop,AnnualFloor,2,0,2,0
1001,1961,TeenPop,TeenPop,Retained,381,0,0,0
1001,1961,TeenPop,TeenPop,WeightedTransition,28,0,0,0
1001,1961,TeenPop,TexMex,WeightedTransition,1,0,0,0
1001,1961,TeenPop,TraditionalPop,AnnualFloor,1,0,1,0
1001,1961,TeenPop,TraditionalPop,WeightedTransition,5,0,0,0
1001,1961,TexMex,Country,WeightedTransition,1,0,0,0
1001,1961,TexMex,DooWop,WeightedTransition,1,0,0,0
1001,1961,TexMex,EasyListening,WeightedTransition,1,0,0,0
1001,1961,TexMex,RockAndRoll,WeightedTransition,2,0,0,0
1001,1961,TexMex,TeenPop,WeightedTransition,1,0,0,0
1001,1961,TexMex,TexMex,Retained,11,0,0,0
1001,1961,TexMex,TraditionalPop,WeightedTransition,1,0,0,0
1001,1961,TraditionalPop,Blues,WeightedTransition,1,0,0,0
1001,1961,TraditionalPop,Childrens,AnnualFloor,1,0,1,0
1001,1961,TraditionalPop,Childrens,WeightedTransition,1,0,0,0
1001,1961,TraditionalPop,Classical,WeightedTransition,1,0,0,0
1001,1961,TraditionalPop,Comedy,WeightedTransition,1,0,0,0
1001,1961,TraditionalPop,Country,WeightedTransition,2,0,0,0
1001,1961,TraditionalPop,DooWop,WeightedTransition,5,0,0,0
1001,1961,TraditionalPop,EasyListening,AnnualFloor,2,0,2,0
1001,1961,TraditionalPop,EasyListening,WeightedTransition,14,0,0,0
1001,1961,TraditionalPop,Folk,WeightedTransition,5,0,0,0
1001,1961,TraditionalPop,Gospel,AnnualFloor,1,0,1,0
1001,1961,TraditionalPop,Gospel,WeightedTransition,2,0,0,0
1001,1961,TraditionalPop,Jazz,AnnualFloor,1,0,1,0
1001,1961,TraditionalPop,Jazz,WeightedTransition,6,0,0,0
1001,1961,TraditionalPop,LatinPop,AnnualFloor,1,0,1,0
1001,1961,TraditionalPop,LatinPop,WeightedTransition,3,0,0,0
1001,1961,TraditionalPop,RnB,AnnualFloor,1,0,1,0
1001,1961,TraditionalPop,RockAndRoll,WeightedTransition,4,0,0,0
1001,1961,TraditionalPop,Soul,WeightedTransition,1,0,0,0
1001,1961,TraditionalPop,SurfRock,WeightedTransition,1,0,0,0
1001,1961,TraditionalPop,TeenPop,WeightedTransition,10,0,0,0
1001,1961,TraditionalPop,TexMex,WeightedTransition,1,0,0,0
1001,1961,TraditionalPop,TraditionalPop,AnnualFloor,1,0,1,0
1001,1961,TraditionalPop,TraditionalPop,Retained,520,0,0,0
1001,1961,TraditionalPop,TraditionalPop,WeightedTransition,64,0,0,0
1001,1962,Blues,Blues,AnnualFloor,1,0,1,0
1001,1962,Blues,Blues,Retained,69,0,0,0
1001,1962,Blues,Blues,WeightedTransition,5,0,0,0
1001,1962,Blues,BossaNova,WeightedTransition,1,0,0,0
1001,1962,Blues,Classical,WeightedTransition,2,0,0,0
1001,1962,Blues,Country,WeightedTransition,1,0,0,0
1001,1962,Blues,DooWop,WeightedTransition,2,0,0,0
1001,1962,Blues,Folk,WeightedTransition,1,0,0,0
1001,1962,Blues,Jazz,WeightedTransition,4,0,0,0
1001,1962,Blues,RnB,AnnualFloor,1,0,1,0
1001,1962,Blues,RnB,WeightedTransition,2,0,0,0
1001,1962,Blues,RockAndRoll,WeightedTransition,2,0,0,0
1001,1962,Blues,Soul,WeightedTransition,2,0,0,0
1001,1962,Blues,SurfRock,WeightedTransition,2,0,0,0
1001,1962,Blues,TeenPop,WeightedTransition,2,0,0,0
1001,1962,BossaNova,BossaNova,Retained,9,0,0,0
1001,1962,BossaNova,TeenPop,WeightedTransition,1,0,0,0
1001,1962,Childrens,Childrens,Retained,29,0,0,0
1001,1962,Childrens,Childrens,WeightedTransition,1,0,0,0
1001,1962,Childrens,Comedy,WeightedTransition,1,0,0,0
1001,1962,Childrens,EasyListening,WeightedTransition,1,0,0,0
1001,1962,Childrens,SurfRock,WeightedTransition,1,0,0,0
1001,1962,Classical,Childrens,WeightedTransition,1,0,0,0
1001,1962,Classical,Classical,Retained,56,0,0,0
1001,1962,Classical,DooWop,WeightedTransition,1,0,0,0
1001,1962,Classical,Folk,WeightedTransition,1,0,0,0
1001,1962,Classical,TeenPop,WeightedTransition,1,0,0,0
1001,1962,Comedy,BossaNova,WeightedTransition,1,0,0,0
1001,1962,Comedy,Childrens,WeightedTransition,1,0,0,0
1001,1962,Comedy,Comedy,Retained,45,0,0,0
1001,1962,Comedy,Comedy,WeightedTransition,1,0,0,0
1001,1962,Comedy,ContemporaryFolk,WeightedTransition,1,0,0,0
1001,1962,Comedy,Folk,WeightedTransition,1,0,0,0
1001,1962,Comedy,Gospel,WeightedTransition,1,0,0,0
1001,1962,ContemporaryFolk,BossaNova,WeightedTransition,1,0,0,0
1001,1962,ContemporaryFolk,ContemporaryFolk,Retained,10,0,0,0
1001,1962,ContemporaryFolk,EasyListening,WeightedTransition,2,0,0,0
1001,1962,ContemporaryFolk,Jazz,WeightedTransition,1,0,0,0
1001,1962,ContemporaryFolk,TeenPop,WeightedTransition,1,0,0,0
1001,1962,Country,BossaNova,AnnualFloor,1,0,1,0
1001,1962,Country,Childrens,WeightedTransition,2,0,0,0
1001,1962,Country,Comedy,WeightedTransition,1,0,0,0
1001,1962,Country,ContemporaryFolk,WeightedTransition,3,0,0,0
1001,1962,Country,Country,AnnualFloor,1,0,1,0
1001,1962,Country,Country,Retained,238,0,0,0
1001,1962,Country,Country,WeightedTransition,20,0,0,0
1001,1962,Country,DooWop,AnnualFloor,1,0,1,0
1001,1962,Country,DooWop,WeightedTransition,4,0,0,0
1001,1962,Country,EasyListening,WeightedTransition,2,0,0,0
1001,1962,Country,Folk,AnnualFloor,1,0,1,0
1001,1962,Country,Folk,WeightedTransition,6,0,0,0
1001,1962,Country,Gospel,AnnualFloor,1,0,1,0
1001,1962,Country,Gospel,WeightedTransition,4,0,0,0
1001,1962,Country,Jazz,WeightedTransition,1,0,0,0
1001,1962,Country,LatinPop,WeightedTransition,1,0,0,0
1001,1962,Country,RnB,WeightedTransition,4,0,0,0
1001,1962,Country,RockAndRoll,WeightedTransition,8,0,0,0
1001,1962,Country,Soul,WeightedTransition,7,0,0,0
1001,1962,Country,SurfRock,AnnualFloor,1,0,1,0
1001,1962,Country,SurfRock,WeightedTransition,6,0,0,0
1001,1962,Country,TeenPop,AnnualFloor,1,0,1,0
1001,1962,Country,TeenPop,WeightedTransition,3,0,0,0
1001,1962,Country,TraditionalPop,WeightedTransition,7,0,0,0
1001,1962,DooWop,Childrens,WeightedTransition,2,0,0,0
1001,1962,DooWop,Classical,AnnualFloor,1,0,1,0
1001,1962,DooWop,Classical,WeightedTransition,1,0,0,0
1001,1962,DooWop,Comedy,WeightedTransition,1,0,0,0
1001,1962,DooWop,ContemporaryFolk,WeightedTransition,4,0,0,0
1001,1962,DooWop,Country,WeightedTransition,2,0,0,0
1001,1962,DooWop,DooWop,AnnualFloor,1,0,1,0
1001,1962,DooWop,DooWop,Retained,118,0,0,0
1001,1962,DooWop,DooWop,WeightedTransition,23,0,0,0
1001,1962,DooWop,EasyListening,WeightedTransition,1,0,0,0
1001,1962,DooWop,Folk,WeightedTransition,3,0,0,0
1001,1962,DooWop,Gospel,WeightedTransition,1,0,0,0
1001,1962,DooWop,RnB,WeightedTransition,12,0,0,0
1001,1962,DooWop,RockAndRoll,WeightedTransition,4,0,0,0
1001,1962,DooWop,Soul,WeightedTransition,8,0,0,0
1001,1962,DooWop,SurfRock,WeightedTransition,1,0,0,0
1001,1962,DooWop,TeenPop,WeightedTransition,9,0,0,0
1001,1962,DooWop,TexMex,WeightedTransition,1,0,0,0
1001,1962,DooWop,TraditionalPop,WeightedTransition,4,0,0,0
1001,1962,EasyListening,Blues,WeightedTransition,1,0,0,0
1001,1962,EasyListening,BossaNova,WeightedTransition,5,0,0,0
1001,1962,EasyListening,Childrens,AnnualFloor,1,0,1,0
1001,1962,EasyListening,Childrens,WeightedTransition,1,0,0,0
1001,1962,EasyListening,Classical,WeightedTransition,1,0,0,0
1001,1962,EasyListening,Comedy,WeightedTransition,1,0,0,0
1001,1962,EasyListening,Country,WeightedTransition,1,0,0,0
1001,1962,EasyListening,DooWop,WeightedTransition,4,0,0,0
1001,1962,EasyListening,EasyListening,Retained,176,0,0,0
1001,1962,EasyListening,EasyListening,WeightedTransition,15,0,0,0
1001,1962,EasyListening,Folk,WeightedTransition,4,0,0,0
1001,1962,EasyListening,Gospel,WeightedTransition,1,0,0,0
1001,1962,EasyListening,Jazz,AnnualFloor,1,0,1,0
1001,1962,EasyListening,Jazz,WeightedTransition,8,0,0,0
1001,1962,EasyListening,LatinPop,WeightedTransition,1,0,0,0
1001,1962,EasyListening,RnB,WeightedTransition,3,0,0,0
1001,1962,EasyListening,RockAndRoll,WeightedTransition,4,0,0,0
1001,1962,EasyListening,Soul,WeightedTransition,5,0,0,0
1001,1962,EasyListening,SurfRock,WeightedTransition,2,0,0,0
1001,1962,EasyListening,TeenPop,WeightedTransition,5,0,0,0
1001,1962,EasyListening,TraditionalPop,WeightedTransition,14,0,0,0
1001,1962,Folk,ContemporaryFolk,AnnualFloor,1,0,1,0
1001,1962,Folk,ContemporaryFolk,WeightedTransition,3,0,0,0
1001,1962,Folk,Country,WeightedTransition,5,0,0,0
1001,1962,Folk,EasyListening,WeightedTransition,1,0,0,0
1001,1962,Folk,Folk,Retained,123,0,0,0
1001,1962,Folk,Folk,WeightedTransition,14,0,0,0
1001,1962,Folk,Jazz,WeightedTransition,1,0,0,0
1001,1962,Folk,RockAndRoll,WeightedTransition,1,0,0,0
1001,1962,Folk,Soul,WeightedTransition,1,0,0,0
1001,1962,Folk,TraditionalPop,WeightedTransition,2,0,0,0
1001,1962,Gospel,Comedy,WeightedTransition,1,0,0,0
1001,1962,Gospel,Country,WeightedTransition,1,0,0,0
1001,1962,Gospel,DooWop,WeightedTransition,1,0,0,0
1001,1962,Gospel,EasyListening,WeightedTransition,1,0,0,0
1001,1962,Gospel,Gospel,Retained,37,0,0,0
1001,1962,Gospel,Gospel,WeightedTransition,4,0,0,0
1001,1962,Gospel,RnB,WeightedTransition,2,0,0,0
1001,1962,Gospel,RockAndRoll,WeightedTransition,1,0,0,0
1001,1962,Gospel,Soul,WeightedTransition,2,0,0,0
1001,1962,Gospel,TeenPop,WeightedTransition,1,0,0,0
1001,1962,Gospel,TraditionalPop,WeightedTransition,1,0,0,0
1001,1962,Jazz,BossaNova,AnnualFloor,1,0,1,0
1001,1962,Jazz,BossaNova,WeightedTransition,3,0,0,0
1001,1962,Jazz,Comedy,WeightedTransition,1,0,0,0
1001,1962,Jazz,ContemporaryFolk,WeightedTransition,1,0,0,0
1001,1962,Jazz,Country,WeightedTransition,4,0,0,0
1001,1962,Jazz,DooWop,AnnualFloor,1,0,1,0
1001,1962,Jazz,DooWop,WeightedTransition,4,0,0,0
1001,1962,Jazz,EasyListening,WeightedTransition,2,0,0,0
1001,1962,Jazz,Folk,WeightedTransition,5,0,0,0
1001,1962,Jazz,Gospel,AnnualFloor,1,0,1,0
1001,1962,Jazz,Jazz,AnnualFloor,1,0,1,0
1001,1962,Jazz,Jazz,Retained,210,0,0,0
1001,1962,Jazz,Jazz,WeightedTransition,17,0,0,0
1001,1962,Jazz,LatinPop,WeightedTransition,3,0,0,0
1001,1962,Jazz,RnB,AnnualFloor,1,0,1,0
1001,1962,Jazz,RnB,WeightedTransition,2,0,0,0
1001,1962,Jazz,RockAndRoll,WeightedTransition,1,0,0,0
1001,1962,Jazz,Soul,WeightedTransition,3,0,0,0
1001,1962,Jazz,SurfRock,WeightedTransition,1,0,0,0
1001,1962,Jazz,TeenPop,WeightedTransition,4,0,0,0
1001,1962,Jazz,TexMex,AnnualFloor,1,0,1,0
1001,1962,Jazz,TexMex,WeightedTransition,1,0,0,0
1001,1962,Jazz,TraditionalPop,WeightedTransition,10,0,0,0
1001,1962,LatinPop,Childrens,WeightedTransition,1,0,0,0
1001,1962,LatinPop,Comedy,WeightedTransition,1,0,0,0
1001,1962,LatinPop,Country,WeightedTransition,3,0,0,0
1001,1962,LatinPop,EasyListening,AnnualFloor,1,0,1,0
1001,1962,LatinPop,EasyListening,WeightedTransition,1,0,0,0
1001,1962,LatinPop,Jazz,WeightedTransition,1,0,0,0
1001,1962,LatinPop,LatinPop,Retained,27,0,0,0
1001,1962,LatinPop,LatinPop,WeightedTransition,3,0,0,0
1001,1962,LatinPop,RnB,WeightedTransition,3,0,0,0
1001,1962,LatinPop,Soul,WeightedTransition,2,0,0,0
1001,1962,LatinPop,SurfRock,WeightedTransition,2,0,0,0
1001,1962,LatinPop,TexMex,AnnualFloor,1,0,1,0
1001,1962,LatinPop,TexMex,WeightedTransition,1,0,0,0
1001,1962,LatinPop,TraditionalPop,WeightedTransition,1,0,0,0
1001,1962,RnB,BossaNova,WeightedTransition,1,0,0,0
1001,1962,RnB,Childrens,WeightedTransition,1,0,0,0
1001,1962,RnB,Comedy,WeightedTransition,1,0,0,0
1001,1962,RnB,ContemporaryFolk,WeightedTransition,1,0,0,0
1001,1962,RnB,Country,WeightedTransition,2,0,0,0
1001,1962,RnB,DooWop,WeightedTransition,7,0,0,0
1001,1962,RnB,EasyListening,AnnualFloor,1,0,1,0
1001,1962,RnB,EasyListening,WeightedTransition,2,0,0,0
1001,1962,RnB,Folk,WeightedTransition,2,0,0,0
1001,1962,RnB,Gospel,AnnualFloor,1,0,1,0
1001,1962,RnB,Gospel,WeightedTransition,3,0,0,0
1001,1962,RnB,LatinPop,WeightedTransition,2,0,0,0
1001,1962,RnB,RnB,AnnualFloor,1,0,1,0
1001,1962,RnB,RnB,Retained,292,0,0,0
1001,1962,RnB,RnB,WeightedTransition,18,0,0,0
1001,1962,RnB,RockAndRoll,WeightedTransition,2,0,0,0
1001,1962,RnB,Soul,AnnualFloor,1,0,1,0
1001,1962,RnB,Soul,WeightedTransition,5,0,0,0
1001,1962,RnB,SurfRock,WeightedTransition,3,0,0,0
1001,1962,RnB,TeenPop,WeightedTransition,3,0,0,0
1001,1962,RnB,TraditionalPop,WeightedTransition,6,0,0,0
1001,1962,RockAndRoll,Blues,WeightedTransition,2,0,0,0
1001,1962,RockAndRoll,BossaNova,AnnualFloor,1,0,1,0
1001,1962,RockAndRoll,BossaNova,WeightedTransition,1,0,0,0
1001,1962,RockAndRoll,Classical,AnnualFloor,1,0,1,0
1001,1962,RockAndRoll,Classical,WeightedTransition,2,0,0,0
1001,1962,RockAndRoll,Comedy,AnnualFloor,1,0,1,0
1001,1962,RockAndRoll,Comedy,WeightedTransition,2,0,0,0
1001,1962,RockAndRoll,ContemporaryFolk,AnnualFloor,2,0,2,0
1001,1962,RockAndRoll,ContemporaryFolk,WeightedTransition,2,0,0,0
1001,1962,RockAndRoll,Country,WeightedTransition,1,0,0,0
1001,1962,RockAndRoll,DooWop,WeightedTransition,4,0,0,0
1001,1962,RockAndRoll,Folk,AnnualFloor,1,0,1,0
1001,1962,RockAndRoll,Folk,WeightedTransition,1,0,0,0
1001,1962,RockAndRoll,LatinPop,AnnualFloor,2,0,2,0
1001,1962,RockAndRoll,RnB,WeightedTransition,7,0,0,0
1001,1962,RockAndRoll,RockAndRoll,AnnualFloor,1,0,1,0
1001,1962,RockAndRoll,RockAndRoll,Retained,416,0,0,0
1001,1962,RockAndRoll,RockAndRoll,WeightedTransition,17,0,0,0
1001,1962,RockAndRoll,Soul,WeightedTransition,3,0,0,0
1001,1962,RockAndRoll,SurfRock,WeightedTransition,5,0,0,0
1001,1962,RockAndRoll,TeenPop,AnnualFloor,1,0,1,0
1001,1962,RockAndRoll,TeenPop,WeightedTransition,2,0,0,0
1001,1962,RockAndRoll,TraditionalPop,WeightedTransition,5,0,0,0
1001,1962,Soul,Blues,WeightedTransition,2,0,0,0
1001,1962,Soul,BossaNova,WeightedTransition,1,0,0,0
1001,1962,Soul,Childrens,AnnualFloor,1,0,1,0
1001,1962,Soul,Classical,WeightedTransition,4,0,0,0
1001,1962,Soul,Comedy,AnnualFloor,1,0,1,0
1001,1962,Soul,Comedy,WeightedTransition,1,0,0,0
1001,1962,Soul,Country,WeightedTransition,4,0,0,0
1001,1962,Soul,DooWop,WeightedTransition,7,0,0,0
1001,1962,Soul,EasyListening,WeightedTransition,7,0,0,0
1001,1962,Soul,Gospel,WeightedTransition,4,0,0,0
1001,1962,Soul,Jazz,WeightedTransition,2,0,0,0
1001,1962,Soul,LatinPop,WeightedTransition,2,0,0,0
1001,1962,Soul,RnB,WeightedTransition,5,0,0,0
1001,1962,Soul,RockAndRoll,WeightedTransition,2,0,0,0
1001,1962,Soul,Soul,AnnualFloor,2,0,2,0
1001,1962,Soul,Soul,Retained,135,0,0,0
1001,1962,Soul,Soul,WeightedTransition,25,0,0,0
1001,1962,Soul,SurfRock,WeightedTransition,1,0,0,0
1001,1962,Soul,TeenPop,WeightedTransition,5,0,0,0
1001,1962,Soul,TexMex,AnnualFloor,1,0,1,0
1001,1962,Soul,TraditionalPop,WeightedTransition,9,0,0,0
1001,1962,SurfRock,Folk,WeightedTransition,1,0,0,0
1001,1962,SurfRock,Gospel,WeightedTransition,1,0,0,0
1001,1962,SurfRock,RnB,WeightedTransition,1,0,0,0
1001,1962,SurfRock,RockAndRoll,AnnualFloor,1,0,1,0
1001,1962,SurfRock,SurfRock,Retained,13,0,0,0
1001,1962,SurfRock,SurfRock,WeightedTransition,2,0,0,0
1001,1962,TeenPop,Blues,WeightedTransition,2,0,0,0
1001,1962,TeenPop,Childrens,AnnualFloor,1,0,1,0
1001,1962,TeenPop,Comedy,AnnualFloor,1,0,1,0
1001,1962,TeenPop,Comedy,WeightedTransition,2,0,0,0
1001,1962,TeenPop,ContemporaryFolk,WeightedTransition,2,0,0,0
1001,1962,TeenPop,Country,AnnualFloor,2,0,2,0
1001,1962,TeenPop,Country,WeightedTransition,2,0,0,0
1001,1962,TeenPop,DooWop,WeightedTransition,2,0,0,0
1001,1962,TeenPop,EasyListening,WeightedTransition,5,0,0,0
1001,1962,TeenPop,Folk,WeightedTransition,3,0,0,0
1001,1962,TeenPop,Gospel,WeightedTransition,3,0,0,0
1001,1962,TeenPop,Jazz,AnnualFloor,1,0,1,0
1001,1962,TeenPop,Jazz,WeightedTransition,1,0,0,0
1001,1962,TeenPop,LatinPop,AnnualFloor,1,0,1,0
1001,1962,TeenPop,LatinPop,WeightedTransition,2,0,0,0
1001,1962,TeenPop,RnB,WeightedTransition,2,0,0,0
1001,1962,TeenPop,RockAndRoll,WeightedTransition,5,0,0,0
1001,1962,TeenPop,Soul,WeightedTransition,4,0,0,0
1001,1962,TeenPop,SurfRock,AnnualFloor,1,0,1,0
1001,1962,TeenPop,SurfRock,WeightedTransition,2,0,0,0
1001,1962,TeenPop,TeenPop,AnnualFloor,1,0,1,0
1001,1962,TeenPop,TeenPop,Retained,385,0,0,0
1001,1962,TeenPop,TeenPop,WeightedTransition,24,0,0,0
1001,1962,TeenPop,TraditionalPop,AnnualFloor,1,0,1,0
1001,1962,TeenPop,TraditionalPop,WeightedTransition,6,0,0,0
1001,1962,TexMex,Comedy,WeightedTransition,1,0,0,0
1001,1962,TexMex,Country,WeightedTransition,1,0,0,0
1001,1962,TexMex,DooWop,WeightedTransition,1,0,0,0
1001,1962,TexMex,EasyListening,WeightedTransition,1,0,0,0
1001,1962,TexMex,Folk,WeightedTransition,1,0,0,0
1001,1962,TexMex,RockAndRoll,WeightedTransition,1,0,0,0
1001,1962,TexMex,TexMex,Retained,17,0,0,0
1001,1962,TexMex,TexMex,WeightedTransition,2,0,0,0
1001,1962,TraditionalPop,Blues,AnnualFloor,2,0,2,0
1001,1962,TraditionalPop,Blues,WeightedTransition,2,0,0,0
1001,1962,TraditionalPop,BossaNova,WeightedTransition,2,0,0,0
1001,1962,TraditionalPop,Childrens,WeightedTransition,2,0,0,0
1001,1962,TraditionalPop,Classical,AnnualFloor,1,0,1,0
1001,1962,TraditionalPop,Classical,WeightedTransition,2,0,0,0
1001,1962,TraditionalPop,Comedy,WeightedTransition,4,0,0,0
1001,1962,TraditionalPop,ContemporaryFolk,WeightedTransition,5,0,0,0
1001,1962,TraditionalPop,Country,WeightedTransition,7,0,0,0
1001,1962,TraditionalPop,EasyListening,AnnualFloor,1,0,1,0
1001,1962,TraditionalPop,EasyListening,WeightedTransition,25,0,0,0
1001,1962,TraditionalPop,Folk,AnnualFloor,1,0,1,0
1001,1962,TraditionalPop,Folk,WeightedTransition,5,0,0,0
1001,1962,TraditionalPop,Gospel,WeightedTransition,1,0,0,0
1001,1962,TraditionalPop,Jazz,WeightedTransition,13,0,0,0
1001,1962,TraditionalPop,LatinPop,WeightedTransition,1,0,0,0
1001,1962,TraditionalPop,RnB,WeightedTransition,2,0,0,0
1001,1962,TraditionalPop,RockAndRoll,AnnualFloor,1,0,1,0
1001,1962,TraditionalPop,RockAndRoll,WeightedTransition,4,0,0,0
1001,1962,TraditionalPop,Soul,WeightedTransition,2,0,0,0
1001,1962,TraditionalPop,SurfRock,AnnualFloor,1,0,1,0
1001,1962,TraditionalPop,SurfRock,WeightedTransition,5,0,0,0
1001,1962,TraditionalPop,TeenPop,WeightedTransition,19,0,0,0
1001,1962,TraditionalPop,TexMex,WeightedTransition,2,0,0,0
1001,1962,TraditionalPop,TraditionalPop,AnnualFloor,2,0,2,0
1001,1962,TraditionalPop,TraditionalPop,Retained,420,0,0,0
1001,1962,TraditionalPop,TraditionalPop,WeightedTransition,59,0,0,0
1001,1963,Blues,Blues,Retained,65,0,0,0
1001,1963,Blues,Blues,WeightedTransition,2,0,0,0
1001,1963,Blues,BossaNova,WeightedTransition,2,0,0,0
1001,1963,Blues,BritishBeat,WeightedTransition,1,0,0,0
1001,1963,Blues,Childrens,WeightedTransition,3,0,0,0
1001,1963,Blues,Comedy,WeightedTransition,1,0,0,0
1001,1963,Blues,ContemporaryFolk,WeightedTransition,1,0,0,0
1001,1963,Blues,DooWop,WeightedTransition,1,0,0,0
1001,1963,Blues,EasyListening,WeightedTransition,1,0,0,0
1001,1963,Blues,Folk,AnnualFloor,1,0,1,0
1001,1963,Blues,GarageRock,WeightedTransition,1,0,0,0
1001,1963,Blues,Gospel,WeightedTransition,2,0,0,0
1001,1963,Blues,Jazz,WeightedTransition,1,0,0,0
1001,1963,Blues,RnB,AnnualFloor,1,0,1,0
1001,1963,Blues,Soul,WeightedTransition,1,0,0,0
1001,1963,Blues,TexMex,WeightedTransition,1,0,0,0
1001,1963,Blues,TraditionalPop,WeightedTransition,1,0,0,0
1001,1963,BossaNova,BossaNova,Retained,24,0,0,0
1001,1963,BossaNova,BossaNova,WeightedTransition,1,0,0,0
1001,1963,BossaNova,ContemporaryFolk,AnnualFloor,1,0,1,0
1001,1963,BossaNova,Jazz,WeightedTransition,1,0,0,0
1001,1963,BossaNova,RnB,WeightedTransition,1,0,0,0
1001,1963,BossaNova,RockAndRoll,WeightedTransition,1,0,0,0
1001,1963,BritishBeat,BritishBeat,Retained,14,0,0,0
1001,1963,BritishBeat,BritishBeat,WeightedTransition,2,0,0,0
1001,1963,BritishBeat,Comedy,WeightedTransition,1,0,0,0
1001,1963,Childrens,Childrens,Retained,30,0,0,0
1001,1963,Childrens,Childrens,WeightedTransition,1,0,0,0
1001,1963,Childrens,Folk,WeightedTransition,1,0,0,0
1001,1963,Childrens,LatinPop,WeightedTransition,1,0,0,0
1001,1963,Childrens,SurfRock,AnnualFloor,1,0,1,0
1001,1963,Classical,BritishBeat,WeightedTransition,1,0,0,0
1001,1963,Classical,Childrens,WeightedTransition,1,0,0,0
1001,1963,Classical,Classical,Retained,69,0,0,0
1001,1963,Classical,Classical,WeightedTransition,3,0,0,0
1001,1963,Classical,ContemporaryFolk,WeightedTransition,1,0,0,0
1001,1963,Classical,Country,WeightedTransition,1,0,0,0
1001,1963,Classical,EasyListening,WeightedTransition,2,0,0,0
1001,1963,Classical,Folk,WeightedTransition,1,0,0,0
1001,1963,Classical,LatinPop,AnnualFloor,1,0,1,0
1001,1963,Classical,LatinPop,WeightedTransition,1,0,0,0
1001,1963,Classical,Soul,WeightedTransition,1,0,0,0
1001,1963,Classical,TeenPop,WeightedTransition,1,0,0,0
1001,1963,Classical,TraditionalPop,WeightedTransition,1,0,0,0
1001,1963,Comedy,Blues,WeightedTransition,1,0,0,0
1001,1963,Comedy,BritishBeat,WeightedTransition,1,0,0,0
1001,1963,Comedy,Childrens,WeightedTransition,2,0,0,0
1001,1963,Comedy,Comedy,AnnualFloor,1,0,1,0
1001,1963,Comedy,Comedy,Retained,36,0,0,0
1001,1963,Comedy,Comedy,WeightedTransition,4,0,0,0
1001,1963,Comedy,ContemporaryFolk,WeightedTransition,1,0,0,0
1001,1963,Comedy,DooWop,WeightedTransition,1,0,0,0
1001,1963,Comedy,Folk,WeightedTransition,1,0,0,0
1001,1963,Comedy,RnB,WeightedTransition,2,0,0,0
1001,1963,Comedy,TeenPop,WeightedTransition,1,0,0,0
1001,1963,Comedy,TraditionalPop,WeightedTransition,1,0,0,0
1001,1963,ContemporaryFolk,ContemporaryFolk,Retained,25,0,0,0
1001,1963,ContemporaryFolk,ContemporaryFolk,WeightedTransition,2,0,0,0
1001,1963,ContemporaryFolk,Country,AnnualFloor,1,0,1,0
1001,1963,ContemporaryFolk,DooWop,WeightedTransition,1,0,0,0
1001,1963,ContemporaryFolk,Folk,WeightedTransition,1,0,0,0
1001,1963,ContemporaryFolk,TraditionalPop,WeightedTransition,2,0,0,0
1001,1963,Country,Blues,WeightedTransition,1,0,0,0
1001,1963,Country,BossaNova,WeightedTransition,2,0,0,0
1001,1963,Country,BritishBeat,WeightedTransition,2,0,0,0
1001,1963,Country,Classical,WeightedTransition,1,0,0,0
1001,1963,Country,Comedy,WeightedTransition,2,0,0,0
1001,1963,Country,ContemporaryFolk,WeightedTransition,3,0,0,0
1001,1963,Country,Country,Retained,238,0,0,0
1001,1963,Country,Country,WeightedTransition,28,0,0,0
1001,1963,Country,EasyListening,WeightedTransition,4,0,0,0
1001,1963,Country,Folk,AnnualFloor,1,0,1,0
1001,1963,Country,Folk,WeightedTransition,7,0,0,0
1001,1963,Country,GarageRock,WeightedTransition,3,0,0,0
1001,1963,Country,Gospel,WeightedTransition,5,0,0,0
1001,1963,Country,Jazz,WeightedTransition,3,0,0,0
1001,1963,Country,LatinPop,WeightedTransition,2,0,0,0
1001,1963,Country,RnB,WeightedTransition,2,0,0,0
1001,1963,Country,RockAndRoll,WeightedTransition,7,0,0,0
1001,1963,Country,Soul,AnnualFloor,1,0,1,0
1001,1963,Country,Soul,WeightedTransition,6,0,0,0
1001,1963,Country,SurfRock,WeightedTransition,6,0,0,0
1001,1963,Country,TeenPop,AnnualFloor,1,0,1,0
1001,1963,Country,TeenPop,WeightedTransition,5,0,0,0
1001,1963,Country,TexMex,AnnualFloor,1,0,1,0
1001,1963,Country,TexMex,WeightedTransition,2,0,0,0
1001,1963,Country,TraditionalPop,WeightedTransition,2,0,0,0
1001,1963,DooWop,Blues,WeightedTransition,3,0,0,0
1001,1963,DooWop,BossaNova,WeightedTransition,1,0,0,0
1001,1963,DooWop,BritishBeat,AnnualFloor,1,0,1,0
1001,1963,DooWop,BritishBeat,WeightedTransition,6,0,0,0
1001,1963,DooWop,Childrens,WeightedTransition,2,0,0,0
1001,1963,DooWop,Classical,WeightedTransition,2,0,0,0
1001,1963,DooWop,Comedy,WeightedTransition,1,0,0,0
1001,1963,DooWop,ContemporaryFolk,WeightedTransition,2,0,0,0
1001,1963,DooWop,Country,WeightedTransition,2,0,0,0
1001,1963,DooWop,DooWop,AnnualFloor,3,0,3,0
1001,1963,DooWop,DooWop,Retained,75,0,0,0
1001,1963,DooWop,DooWop,WeightedTransition,13,0,0,0
1001,1963,DooWop,EasyListening,WeightedTransition,3,0,0,0
1001,1963,DooWop,Folk,AnnualFloor,1,0,1,0
1001,1963,DooWop,Folk,WeightedTransition,5,0,0,0
1001,1963,DooWop,Gospel,WeightedTransition,3,0,0,0
1001,1963,DooWop,Jazz,WeightedTransition,3,0,0,0
1001,1963,DooWop,RnB,WeightedTransition,12,0,0,0
1001,1963,DooWop,RockAndRoll,WeightedTransition,4,0,0,0
1001,1963,DooWop,Soul,WeightedTransition,17,0,0,0
1001,1963,DooWop,SurfRock,WeightedTransition,4,0,0,0
1001,1963,DooWop,TeenPop,WeightedTransition,2,0,0,0
1001,1963,DooWop,TexMex,WeightedTransition,1,0,0,0
1001,1963,DooWop,TraditionalPop,WeightedTransition,4,0,0,0
1001,1963,EasyListening,Blues,WeightedTransition,1,0,0,0
1001,1963,EasyListening,BossaNova,WeightedTransition,1,0,0,0
1001,1963,EasyListening,BritishBeat,AnnualFloor,1,0,1,0
1001,1963,EasyListening,BritishBeat,WeightedTransition,2,0,0,0
1001,1963,EasyListening,Childrens,AnnualFloor,1,0,1,0
1001,1963,EasyListening,Childrens,WeightedTransition,1,0,0,0
1001,1963,EasyListening,Comedy,WeightedTransition,3,0,0,0
1001,1963,EasyListening,ContemporaryFolk,WeightedTransition,3,0,0,0
1001,1963,EasyListening,Country,WeightedTransition,7,0,0,0
1001,1963,EasyListening,DooWop,WeightedTransition,3,0,0,0
1001,1963,EasyListening,EasyListening,Retained,115,0,0,0
1001,1963,EasyListening,EasyListening,WeightedTransition,9,0,0,0
1001,1963,EasyListening,Folk,WeightedTransition,2,0,0,0
1001,1963,EasyListening,GarageRock,WeightedTransition,2,0,0,0
1001,1963,EasyListening,Gospel,WeightedTransition,4,0,0,0
1001,1963,EasyListening,Jazz,WeightedTransition,5,0,0,0
1001,1963,EasyListening,RnB,WeightedTransition,7,0,0,0
1001,1963,EasyListening,RockAndRoll,WeightedTransition,3,0,0,0
1001,1963,EasyListening,Soul,WeightedTransition,4,0,0,0
1001,1963,EasyListening,SurfRock,WeightedTransition,1,0,0,0
1001,1963,EasyListening,TeenPop,WeightedTransition,11,0,0,0
1001,1963,EasyListening,TexMex,AnnualFloor,1,0,1,0
1001,1963,EasyListening,TraditionalPop,WeightedTransition,12,0,0,0
1001,1963,Folk,BritishBeat,WeightedTransition,4,0,0,0
1001,1963,Folk,ContemporaryFolk,WeightedTransition,2,0,0,0
1001,1963,Folk,Country,AnnualFloor,1,0,1,0
1001,1963,Folk,Country,WeightedTransition,1,0,0,0
1001,1963,Folk,EasyListening,WeightedTransition,1,0,0,0
1001,1963,Folk,Folk,Retained,131,0,0,0
1001,1963,Folk,Folk,WeightedTransition,10,0,0,0
1001,1963,Folk,Jazz,WeightedTransition,1,0,0,0
1001,1963,Folk,LatinPop,WeightedTransition,1,0,0,0
1001,1963,Folk,Soul,WeightedTransition,1,0,0,0
1001,1963,Folk,SurfRock,WeightedTransition,1,0,0,0
1001,1963,Folk,TeenPop,WeightedTransition,1,0,0,0
1001,1963,Folk,TraditionalPop,WeightedTransition,2,0,0,0
1001,1963,GarageRock,BritishBeat,WeightedTransition,1,0,0,0
1001,1963,GarageRock,GarageRock,Retained,8,0,0,0
1001,1963,Gospel,Childrens,WeightedTransition,1,0,0,0
1001,1963,Gospel,Classical,AnnualFloor,1,0,1,0
1001,1963,Gospel,ContemporaryFolk,AnnualFloor,1,0,1,0
1001,1963,Gospel,Country,WeightedTransition,3,0,0,0
1001,1963,Gospel,DooWop,WeightedTransition,1,0,0,0
1001,1963,Gospel,Gospel,Retained,27,0,0,0
1001,1963,Gospel,Gospel,WeightedTransition,4,0,0,0
1001,1963,Gospel,Jazz,WeightedTransition,1,0,0,0
1001,1963,Gospel,RnB,WeightedTransition,2,0,0,0
1001,1963,Gospel,Soul,WeightedTransition,1,0,0,0
1001,1963,Gospel,TraditionalPop,WeightedTransition,1,0,0,0
1001,1963,Jazz,Blues,AnnualFloor,2,0,2,0
1001,1963,Jazz,Blues,WeightedTransition,1,0,0,0
1001,1963,Jazz,BossaNova,WeightedTransition,6,0,0,0
1001,1963,Jazz,BritishBeat,WeightedTransition,4,0,0,0
1001,1963,Jazz,Comedy,WeightedTransition,1,0,0,0
1001,1963,Jazz,Country,WeightedTransition,4,0,0,0
1001,1963,Jazz,DooWop,WeightedTransition,3,0,0,0
1001,1963,Jazz,EasyListening,WeightedTransition,2,0,0,0
1001,1963,Jazz,Folk,WeightedTransition,1,0,0,0
1001,1963,Jazz,GarageRock,WeightedTransition,1,0,0,0
1001,1963,Jazz,Gospel,AnnualFloor,1,0,1,0
1001,1963,Jazz,Gospel,WeightedTransition,1,0,0,0
1001,1963,Jazz,Jazz,Retained,162,0,0,0
1001,1963,Jazz,Jazz,WeightedTransition,15,0,0,0
1001,1963,Jazz,LatinPop,WeightedTransition,1,0,0,0
1001,1963,Jazz,RnB,WeightedTransition,8,0,0,0
1001,1963,Jazz,RockAndRoll,WeightedTransition,3,0,0,0
1001,1963,Jazz,Soul,WeightedTransition,13,0,0,0
1001,1963,Jazz,SurfRock,WeightedTransition,2,0,0,0
1001,1963,Jazz,TeenPop,WeightedTransition,4,0,0,0
1001,1963,Jazz,TraditionalPop,WeightedTransition,6,0,0,0
1001,1963,LatinPop,BritishBeat,WeightedTransition,3,0,0,0
1001,1963,LatinPop,ContemporaryFolk,WeightedTransition,1,0,0,0
1001,1963,LatinPop,DooWop,WeightedTransition,1,0,0,0
1001,1963,LatinPop,Folk,WeightedTransition,1,0,0,0
1001,1963,LatinPop,Gospel,AnnualFloor,1,0,1,0
1001,1963,LatinPop,Jazz,WeightedTransition,3,0,0,0
1001,1963,LatinPop,LatinPop,Retained,34,0,0,0
1001,1963,LatinPop,LatinPop,WeightedTransition,2,0,0,0
1001,1963,LatinPop,RnB,WeightedTransition,1,0,0,0
1001,1963,LatinPop,SurfRock,WeightedTransition,2,0,0,0
1001,1963,LatinPop,TexMex,AnnualFloor,1,0,1,0
1001,1963,RnB,Blues,WeightedTransition,1,0,0,0
1001,1963,RnB,BossaNova,AnnualFloor,1,0,1,0
1001,1963,RnB,BritishBeat,WeightedTransition,2,0,0,0
1001,1963,RnB,Childrens,WeightedTransition,2,0,0,0
1001,1963,RnB,Comedy,AnnualFloor,1,0,1,0
1001,1963,RnB,ContemporaryFolk,WeightedTransition,1,0,0,0
1001,1963,RnB,Country,WeightedTransition,1,0,0,0
1001,1963,RnB,DooWop,WeightedTransition,4,0,0,0
1001,1963,RnB,EasyListening,WeightedTransition,1,0,0,0
1001,1963,RnB,Folk,WeightedTransition,1,0,0,0
1001,1963,RnB,GarageRock,AnnualFloor,1,0,1,0
1001,1963,RnB,GarageRock,WeightedTransition,1,0,0,0
1001,1963,RnB,Gospel,WeightedTransition,6,0,0,0
1001,1963,RnB,Jazz,WeightedTransition,1,0,0,0
1001,1963,RnB,LatinPop,WeightedTransition,2,0,0,0
1001,1963,RnB,RnB,Retained,247,0,0,0
1001,1963,RnB,RnB,WeightedTransition,13,0,0,0
1001,1963,RnB,RockAndRoll,WeightedTransition,1,0,0,0
1001,1963,RnB,Soul,AnnualFloor,1,0,1,0
1001,1963,RnB,Soul,WeightedTransition,6,0,0,0
1001,1963,RnB,SurfRock,WeightedTransition,1,0,0,0
1001,1963,RnB,TeenPop,WeightedTransition,3,0,0,0
1001,1963,RnB,TraditionalPop,WeightedTransition,1,0,0,0
1001,1963,RockAndRoll,Blues,AnnualFloor,1,0,1,0
1001,1963,RockAndRoll,Blues,WeightedTransition,1,0,0,0
1001,1963,RockAndRoll,BossaNova,WeightedTransition,4,0,0,0
1001,1963,RockAndRoll,BritishBeat,WeightedTransition,13,0,0,0
1001,1963,RockAndRoll,Childrens,WeightedTransition,2,0,0,0
1001,1963,RockAndRoll,Classical,WeightedTransition,2,0,0,0
1001,1963,RockAndRoll,Comedy,WeightedTransition,1,0,0,0
1001,1963,RockAndRoll,ContemporaryFolk,WeightedTransition,4,0,0,0
1001,1963,RockAndRoll,Country,AnnualFloor,1,0,1,0
1001,1963,RockAndRoll,Country,WeightedTransition,4,0,0,0
1001,1963,RockAndRoll,DooWop,WeightedTransition,4,0,0,0
1001,1963,RockAndRoll,EasyListening,WeightedTransition,9,0,0,0
1001,1963,RockAndRoll,Folk,WeightedTransition,2,0,0,0
1001,1963,RockAndRoll,GarageRock,AnnualFloor,1,0,1,0
1001,1963,RockAndRoll,GarageRock,WeightedTransition,4,0,0,0
1001,1963,RockAndRoll,Gospel,WeightedTransition,1,0,0,0
1001,1963,RockAndRoll,Jazz,AnnualFloor,2,0,2,0
1001,1963,RockAndRoll,Jazz,WeightedTransition,2,0,0,0
1001,1963,RockAndRoll,RnB,WeightedTransition,10,0,0,0
1001,1963,RockAndRoll,RockAndRoll,AnnualFloor,3,0,3,0
1001,1963,RockAndRoll,RockAndRoll,Retained,303,0,0,0
1001,1963,RockAndRoll,RockAndRoll,WeightedTransition,32,0,0,0
1001,1963,RockAndRoll,Soul,WeightedTransition,6,0,0,0
1001,1963,RockAndRoll,SurfRock,AnnualFloor,1,0,1,0
1001,1963,RockAndRoll,SurfRock,WeightedTransition,15,0,0,0
1001,1963,RockAndRoll,TeenPop,WeightedTransition,10,0,0,0
1001,1963,RockAndRoll,TexMex,WeightedTransition,1,0,0,0
1001,1963,Soul,Blues,WeightedTransition,2,0,0,0
1001,1963,Soul,BossaNova,AnnualFloor,1,0,1,0
1001,1963,Soul,BossaNova,WeightedTransition,1,0,0,0
1001,1963,Soul,BritishBeat,WeightedTransition,3,0,0,0
1001,1963,Soul,Classical,WeightedTransition,1,0,0,0
1001,1963,Soul,Comedy,WeightedTransition,1,0,0,0
1001,1963,Soul,ContemporaryFolk,AnnualFloor,1,0,1,0
1001,1963,Soul,ContemporaryFolk,WeightedTransition,1,0,0,0
1001,1963,Soul,DooWop,WeightedTransition,5,0,0,0
1001,1963,Soul,EasyListening,WeightedTransition,4,0,0,0
1001,1963,Soul,Folk,WeightedTransition,4,0,0,0
1001,1963,Soul,GarageRock,WeightedTransition,1,0,0,0
1001,1963,Soul,Gospel,WeightedTransition,4,0,0,0
1001,1963,Soul,Jazz,WeightedTransition,3,0,0,0
1001,1963,Soul,LatinPop,WeightedTransition,2,0,0,0
1001,1963,Soul,RnB,WeightedTransition,9,0,0,0
1001,1963,Soul,RockAndRoll,WeightedTransition,1,0,0,0
1001,1963,Soul,Soul,AnnualFloor,1,0,1,0
1001,1963,Soul,Soul,Retained,156,0,0,0
1001,1963,Soul,Soul,WeightedTransition,27,0,0,0
1001,1963,Soul,SurfRock,WeightedTransition,5,0,0,0
1001,1963,Soul,TeenPop,WeightedTransition,4,0,0,0
1001,1963,Soul,TraditionalPop,WeightedTransition,3,0,0,0
1001,1963,SurfRock,BritishBeat,WeightedTransition,2,0,0,0
1001,1963,SurfRock,GarageRock,WeightedTransition,1,0,0,0
1001,1963,SurfRock,Gospel,WeightedTransition,1,0,0,0
1001,1963,SurfRock,Soul,WeightedTransition,1,0,0,0
1001,1963,SurfRock,SurfRock,AnnualFloor,1,0,1,0
1001,1963,SurfRock,SurfRock,Retained,24,0,0,0
1001,1963,SurfRock,TeenPop,WeightedTransition,1,0,0,0
1001,1963,TeenPop,Blues,WeightedTransition,1,0,0,0
1001,1963,TeenPop,BossaNova,WeightedTransition,2,0,0,0
1001,1963,TeenPop,BritishBeat,WeightedTransition,8,0,0,0
1001,1963,TeenPop,Childrens,WeightedTransition,1,0,0,0
1001,1963,TeenPop,Classical,AnnualFloor,1,0,1,0
1001,1963,TeenPop,Classical,WeightedTransition,1,0,0,0
1001,1963,TeenPop,Comedy,AnnualFloor,1,0,1,0
1001,1963,TeenPop,Comedy,WeightedTransition,1,0,0,0
1001,1963,TeenPop,ContemporaryFolk,WeightedTransition,5,0,0,0
1001,1963,TeenPop,Country,WeightedTransition,4,0,0,0
1001,1963,TeenPop,DooWop,WeightedTransition,4,0,0,0
1001,1963,TeenPop,EasyListening,AnnualFloor,1,0,1,0
1001,1963,TeenPop,EasyListening,WeightedTransition,11,0,0,0
1001,1963,TeenPop,Folk,WeightedTransition,3,0,0,0
1001,1963,TeenPop,GarageRock,AnnualFloor,1,0,1,0
1001,1963,TeenPop,GarageRock,WeightedTransition,3,0,0,0
1001,1963,TeenPop,Gospel,WeightedTransition,2,0,0,0
1001,1963,TeenPop,Jazz,WeightedTransition,2,0,0,0
1001,1963,TeenPop,LatinPop,AnnualFloor,1,0,1,0
1001,1963,TeenPop,LatinPop,WeightedTransition,2,0,0,0
1001,1963,TeenPop,RnB,AnnualFloor,2,0,2,0
1001,1963,TeenPop,RnB,WeightedTransition,6,0,0,0
1001,1963,TeenPop,RockAndRoll,WeightedTransition,3,0,0,0
1001,1963,TeenPop,Soul,WeightedTransition,7,0,0,0
1001,1963,TeenPop,SurfRock,WeightedTransition,2,0,0,0
1001,1963,TeenPop,TeenPop,AnnualFloor,1,0,1,0
1001,1963,TeenPop,TeenPop,Retained,312,0,0,0
1001,1963,TeenPop,TeenPop,WeightedTransition,45,0,0,0
1001,1963,TeenPop,TexMex,WeightedTransition,1,0,0,0
1001,1963,TeenPop,TraditionalPop,WeightedTransition,12,0,0,0
1001,1963,TexMex,Childrens,WeightedTransition,1,0,0,0
1001,1963,TexMex,Country,WeightedTransition,1,0,0,0
1001,1963,TexMex,EasyListening,WeightedTransition,1,0,0,0
1001,1963,TexMex,Soul,WeightedTransition,1,0,0,0
1001,1963,TexMex,TexMex,Retained,14,0,0,0
1001,1963,TexMex,TexMex,WeightedTransition,2,0,0,0
1001,1963,TexMex,TraditionalPop,WeightedTransition,2,0,0,0
1001,1963,TraditionalPop,Blues,WeightedTransition,2,0,0,0
1001,1963,TraditionalPop,BossaNova,AnnualFloor,1,0,1,0
1001,1963,TraditionalPop,BossaNova,WeightedTransition,8,0,0,0
1001,1963,TraditionalPop,BritishBeat,AnnualFloor,1,0,1,0
1001,1963,TraditionalPop,BritishBeat,WeightedTransition,19,0,0,0
1001,1963,TraditionalPop,Childrens,AnnualFloor,2,0,2,0
1001,1963,TraditionalPop,Childrens,WeightedTransition,5,0,0,0
1001,1963,TraditionalPop,Classical,AnnualFloor,1,0,1,0
1001,1963,TraditionalPop,Classical,WeightedTransition,1,0,0,0
1001,1963,TraditionalPop,Comedy,WeightedTransition,1,0,0,0
1001,1963,TraditionalPop,ContemporaryFolk,WeightedTransition,7,0,0,0
1001,1963,TraditionalPop,Country,WeightedTransition,2,0,0,0
1001,1963,TraditionalPop,DooWop,WeightedTransition,7,0,0,0
1001,1963,TraditionalPop,EasyListening,AnnualFloor,2,0,2,0
1001,1963,TraditionalPop,EasyListening,WeightedTransition,13,0,0,0
1001,1963,TraditionalPop,Folk,WeightedTransition,5,0,0,0
1001,1963,TraditionalPop,GarageRock,WeightedTransition,4,0,0,0
1001,1963,TraditionalPop,Gospel,AnnualFloor,1,0,1,0
1001,1963,TraditionalPop,Gospel,WeightedTransition,4,0,0,0
1001,1963,TraditionalPop,Jazz,AnnualFloor,1,0,1,0
1001,1963,TraditionalPop,Jazz,WeightedTransition,10,0,0,0
1001,1963,TraditionalPop,LatinPop,AnnualFloor,1,0,1,0
1001,1963,TraditionalPop,LatinPop,WeightedTransition,3,0,0,0
1001,1963,TraditionalPop,RnB,WeightedTransition,5,0,0,0
1001,1963,TraditionalPop,RockAndRoll,WeightedTransition,6,0,0,0
1001,1963,TraditionalPop,Soul,WeightedTransition,8,0,0,0
1001,1963,TraditionalPop,SurfRock,WeightedTransition,6,0,0,0
1001,1963,TraditionalPop,TeenPop,AnnualFloor,1,0,1,0
1001,1963,TraditionalPop,TeenPop,WeightedTransition,23,0,0,0
1001,1963,TraditionalPop,TexMex,WeightedTransition,2,0,0,0
1001,1963,TraditionalPop,TraditionalPop,AnnualFloor,3,0,3,0
1001,1963,TraditionalPop,TraditionalPop,Retained,320,0,0,0
1001,1963,TraditionalPop,TraditionalPop,WeightedTransition,49,0,0,0
1001,1964,Blues,Blues,Retained,47,0,0,0
1001,1964,Blues,Blues,WeightedTransition,2,0,0,0
1001,1964,Blues,BossaNova,WeightedTransition,1,0,0,0
1001,1964,Blues,BritishBeat,WeightedTransition,4,0,0,0
1001,1964,Blues,BritishBlues,AnnualFloor,1,0,1,0
1001,1964,Blues,BritishBlues,WeightedTransition,3,0,0,0
1001,1964,Blues,BritishPop,WeightedTransition,1,0,0,0
1001,1964,Blues,Childrens,WeightedTransition,2,0,0,0
1001,1964,Blues,Classical,WeightedTransition,1,0,0,0
1001,1964,Blues,Country,WeightedTransition,1,0,0,0
1001,1964,Blues,DooWop,WeightedTransition,1,0,0,0
1001,1964,Blues,Folk,WeightedTransition,3,0,0,0
1001,1964,Blues,Gospel,WeightedTransition,1,0,0,0
1001,1964,Blues,RnB,WeightedTransition,1,0,0,0
1001,1964,Blues,RockAndRoll,WeightedTransition,2,0,0,0
1001,1964,Blues,Soul,WeightedTransition,1,0,0,0
1001,1964,Blues,SurfRock,WeightedTransition,1,0,0,0
1001,1964,Blues,TexMex,WeightedTransition,1,0,0,0
1001,1964,BossaNova,BossaNova,Retained,23,0,0,0
1001,1964,BossaNova,BossaNova,WeightedTransition,1,0,0,0
1001,1964,BossaNova,BritishBeat,WeightedTransition,1,0,0,0
1001,1964,BossaNova,BritishPop,WeightedTransition,1,0,0,0
1001,1964,BossaNova,ContemporaryFolk,WeightedTransition,1,0,0,0
1001,1964,BossaNova,Jazz,WeightedTransition,1,0,0,0
1001,1964,BritishBeat,BritishBeat,Retained,59,0,0,0
1001,1964,BritishBeat,BritishBeat,WeightedTransition,4,0,0,0
1001,1964,BritishBeat,BritishPop,WeightedTransition,2,0,0,0
1001,1964,BritishBeat,ContemporaryFolk,WeightedTransition,1,0,0,0
1001,1964,BritishBeat,Country,WeightedTransition,1,0,0,0
1001,1964,BritishBeat,DooWop,WeightedTransition,1,0,0,0
1001,1964,BritishBeat,Folk,AnnualFloor,1,0,1,0
1001,1964,BritishBeat,Folk,WeightedTransition,1,0,0,0
1001,1964,BritishBeat,RnB,WeightedTransition,1,0,0,0
1001,1964,BritishBeat,RockAndRoll,WeightedTransition,1,0,0,0
1001,1964,BritishBeat,Soul,WeightedTransition,1,0,0,0
1001,1964,BritishBeat,SurfRock,AnnualFloor,1,0,1,0
1001,1964,BritishBlues,BritishBeat,WeightedTransition,1,0,0,0
1001,1964,BritishBlues,BritishBlues,Retained,6,0,0,0
1001,1964,BritishBlues,Classical,WeightedTransition,1,0,0,0
1001,1964,BritishPop,BritishBeat,WeightedTransition,1,0,0,0
1001,1964,BritishPop,BritishPop,Retained,38,0,0,0
1001,1964,BritishPop,Childrens,WeightedTransition,1,0,0,0
1001,1964,BritishPop,DooWop,WeightedTransition,2,0,0,0
1001,1964,BritishPop,EasyListening,WeightedTransition,1,0,0,0
1001,1964,BritishPop,Soul,WeightedTransition,1,0,0,0
1001,1964,Childrens,BritishBeat,WeightedTransition,1,0,0,0
1001,1964,Childrens,Childrens,Retained,22,0,0,0
1001,1964,Childrens,Jazz,WeightedTransition,1,0,0,0
1001,1964,Childrens,TraditionalPop,WeightedTransition,1,0,0,0
1001,1964,Classical,Classical,Retained,48,0,0,0
1001,1964,Classical,Classical,WeightedTransition,1,0,0,0
1001,1964,Classical,ContemporaryFolk,WeightedTransition,1,0,0,0
1001,1964,Classical,RnB,WeightedTransition,1,0,0,0
1001,1964,Classical,Soul,WeightedTransition,1,0,0,0
1001,1964,Classical,TraditionalPop,WeightedTransition,1,0,0,0
1001,1964,Comedy,BritishBeat,WeightedTransition,2,0,0,0
1001,1964,Comedy,BritishBlues,WeightedTransition,1,0,0,0
1001,1964,Comedy,BritishPop,WeightedTransition,1,0,0,0
1001,1964,Comedy,Childrens,WeightedTransition,1,0,0,0
1001,1964,Comedy,Comedy,AnnualFloor,2,0,2,0
1001,1964,Comedy,Comedy,Retained,28,0,0,0
1001,1964,Comedy,Comedy,WeightedTransition,1,0,0,0
1001,1964,Comedy,ContemporaryFolk,WeightedTransition,2,0,0,0
1001,1964,Comedy,Country,WeightedTransition,1,0,0,0
1001,1964,Comedy,EasyListening,WeightedTransition,1,0,0,0
1001,1964,Comedy,GarageRock,WeightedTransition,2,0,0,0
1001,1964,Comedy,RnB,WeightedTransition,1,0,0,0
1001,1964,Comedy,RockAndRoll,WeightedTransition,1,0,0,0
1001,1964,Comedy,Soul,WeightedTransition,2,0,0,0
1001,1964,Comedy,SurfRock,WeightedTransition,1,0,0,0
1001,1964,Comedy,TeenPop,WeightedTransition,1,0,0,0
1001,1964,Comedy,TexMex,WeightedTransition,1,0,0,0
1001,1964,ContemporaryFolk,Childrens,WeightedTransition,1,0,0,0
1001,1964,ContemporaryFolk,ContemporaryFolk,AnnualFloor,1,0,1,0
1001,1964,ContemporaryFolk,ContemporaryFolk,Retained,17,0,0,0
1001,1964,ContemporaryFolk,ContemporaryFolk,WeightedTransition,2,0,0,0
1001,1964,Country,Blues,AnnualFloor,1,0,1,0
1001,1964,Country,Blues,WeightedTransition,2,0,0,0
1001,1964,Country,BossaNova,WeightedTransition,4,0,0,0
1001,1964,Country,BritishBeat,WeightedTransition,8,0,0,0
1001,1964,Country,BritishBlues,AnnualFloor,1,0,1,0
1001,1964,Country,BritishBlues,WeightedTransition,4,0,0,0
1001,1964,Country,BritishPop,WeightedTransition,4,0,0,0
1001,1964,Country,Childrens,AnnualFloor,1,0,1,0
1001,1964,Country,Childrens,WeightedTransition,2,0,0,0
1001,1964,Country,Classical,WeightedTransition,4,0,0,0
1001,1964,Country,Comedy,WeightedTransition,1,0,0,0
1001,1964,Country,ContemporaryFolk,WeightedTransition,6,0,0,0
1001,1964,Country,Country,AnnualFloor,1,0,1,0
1001,1964,Country,Country,Retained,183,0,0,0
1001,1964,Country,Country,WeightedTransition,22,0,0,0
1001,1964,Country,DooWop,WeightedTransition,1,0,0,0
1001,1964,Country,EasyListening,WeightedTransition,1,0,0,0
1001,1964,Country,Folk,AnnualFloor,1,0,1,0
1001,1964,Country,Folk,WeightedTransition,8,0,0,0
1001,1964,Country,GarageRock,WeightedTransition,2,0,0,0
1001,1964,Country,Gospel,AnnualFloor,1,0,1,0
1001,1964,Country,Gospel,WeightedTransition,4,0,0,0
1001,1964,Country,Jazz,AnnualFloor,1,0,1,0
1001,1964,Country,Jazz,WeightedTransition,2,0,0,0
1001,1964,Country,LatinPop,AnnualFloor,1,0,1,0
1001,1964,Country,LatinPop,WeightedTransition,1,0,0,0
1001,1964,Country,RockAndRoll,WeightedTransition,1,0,0,0
1001,1964,Country,Soul,WeightedTransition,1,0,0,0
1001,1964,Country,SurfRock,WeightedTransition,1,0,0,0
1001,1964,Country,TeenPop,WeightedTransition,1,0,0,0
1001,1964,Country,TexMex,WeightedTransition,1,0,0,0
1001,1964,Country,TraditionalPop,WeightedTransition,3,0,0,0
1001,1964,DooWop,Blues,WeightedTransition,1,0,0,0
1001,1964,DooWop,BritishBeat,WeightedTransition,5,0,0,0
1001,1964,DooWop,BritishBlues,WeightedTransition,6,0,0,0
1001,1964,DooWop,BritishPop,WeightedTransition,6,0,0,0
1001,1964,DooWop,Childrens,WeightedTransition,1,0,0,0
1001,1964,DooWop,Classical,WeightedTransition,1,0,0,0
1001,1964,DooWop,Comedy,WeightedTransition,2,0,0,0
1001,1964,DooWop,ContemporaryFolk,WeightedTransition,2,0,0,0
1001,1964,DooWop,Country,WeightedTransition,4,0,0,0
1001,1964,DooWop,DooWop,AnnualFloor,1,0,1,0
1001,1964,DooWop,DooWop,Retained,52,0,0,0
1001,1964,DooWop,DooWop,WeightedTransition,19,0,0,0
1001,1964,DooWop,EasyListening,WeightedTransition,2,0,0,0
1001,1964,DooWop,Folk,WeightedTransition,1,0,0,0
1001,1964,DooWop,GarageRock,WeightedTransition,6,0,0,0
1001,1964,DooWop,Gospel,WeightedTransition,1,0,0,0
1001,1964,DooWop,Jazz,WeightedTransition,4,0,0,0
1001,1964,DooWop,LatinPop,WeightedTransition,2,0,0,0
1001,1964,DooWop,RnB,WeightedTransition,7,0,0,0
1001,1964,DooWop,RockAndRoll,WeightedTransition,1,0,0,0
1001,1964,DooWop,Ska,AnnualFloor,1,0,1,0
1001,1964,DooWop,Ska,WeightedTransition,1,0,0,0
1001,1964,DooWop,Soul,WeightedTransition,17,0,0,0
1001,1964,DooWop,SurfRock,WeightedTransition,4,0,0,0
1001,1964,DooWop,TeenPop,WeightedTransition,1,0,0,0
1001,1964,DooWop,TraditionalPop,WeightedTransition,4,0,0,0
1001,1964,EasyListening,Blues,WeightedTransition,2,0,0,0
1001,1964,EasyListening,BossaNova,WeightedTransition,7,0,0,0
1001,1964,EasyListening,BritishBeat,WeightedTransition,8,0,0,0
1001,1964,EasyListening,BritishPop,WeightedTransition,9,0,0,0
1001,1964,EasyListening,ContemporaryFolk,AnnualFloor,1,0,1,0
1001,1964,EasyListening,Country,AnnualFloor,1,0,1,0
1001,1964,EasyListening,Country,WeightedTransition,3,0,0,0
1001,1964,EasyListening,EasyListening,Retained,92,0,0,0
1001,1964,EasyListening,EasyListening,WeightedTransition,21,0,0,0
1001,1964,EasyListening,Folk,WeightedTransition,3,0,0,0
1001,1964,EasyListening,GarageRock,WeightedTransition,4,0,0,0
1001,1964,EasyListening,Gospel,AnnualFloor,1,0,1,0
1001,1964,EasyListening,Gospel,WeightedTransition,1,0,0,0
1001,1964,EasyListening,Jazz,WeightedTransition,1,0,0,0
1001,1964,EasyListening,LatinPop,WeightedTransition,5,0,0,0
1001,1964,EasyListening,RnB,WeightedTransition,2,0,0,0
1001,1964,EasyListening,RockAndRoll,WeightedTransition,1,0,0,0
1001,1964,EasyListening,Ska,WeightedTransition,1,0,0,0
1001,1964,EasyListening,Soul,WeightedTransition,1,0,0,0
1001,1964,EasyListening,SurfRock,WeightedTransition,4,0,0,0
1001,1964,EasyListening,TeenPop,WeightedTransition,4,0,0,0
1001,1964,EasyListening,TexMex,WeightedTransition,2,0,0,0
1001,1964,EasyListening,TraditionalPop,WeightedTransition,7,0,0,0
1001,1964,Folk,BossaNova,WeightedTransition,1,0,0,0
1001,1964,Folk,BritishBeat,WeightedTransition,1,0,0,0
1001,1964,Folk,BritishBlues,WeightedTransition,1,0,0,0
1001,1964,Folk,BritishPop,WeightedTransition,2,0,0,0
1001,1964,Folk,Childrens,AnnualFloor,1,0,1,0
1001,1964,Folk,ContemporaryFolk,AnnualFloor,1,0,1,0
1001,1964,Folk,ContemporaryFolk,WeightedTransition,2,0,0,0
1001,1964,Folk,EasyListening,WeightedTransition,1,0,0,0
1001,1964,Folk,Folk,AnnualFloor,1,0,1,0
1001,1964,Folk,Folk,Retained,119,0,0,0
1001,1964,Folk,Folk,WeightedTransition,3,0,0,0
1001,1964,Folk,GarageRock,WeightedTransition,1,0,0,0
1001,1964,Folk,Jazz,AnnualFloor,1,0,1,0
1001,1964,Folk,Jazz,WeightedTransition,1,0,0,0
1001,1964,Folk,LatinPop,WeightedTransition,1,0,0,0
1001,1964,Folk,RockAndRoll,WeightedTransition,1,0,0,0
1001,1964,Folk,TraditionalPop,WeightedTransition,1,0,0,0
1001,1964,GarageRock,BritishBeat,WeightedTransition,2,0,0,0
1001,1964,GarageRock,BritishBlues,WeightedTransition,1,0,0,0
1001,1964,GarageRock,ContemporaryFolk,WeightedTransition,1,0,0,0
1001,1964,GarageRock,GarageRock,Retained,20,0,0,0
1001,1964,GarageRock,RockAndRoll,WeightedTransition,1,0,0,0
1001,1964,GarageRock,Soul,WeightedTransition,1,0,0,0
1001,1964,Gospel,Blues,AnnualFloor,1,0,1,0
1001,1964,Gospel,BossaNova,WeightedTransition,1,0,0,0
1001,1964,Gospel,BritishBlues,WeightedTransition,1,0,0,0
1001,1964,Gospel,ContemporaryFolk,WeightedTransition,1,0,0,0
1001,1964,Gospel,Gospel,Retained,20,0,0,0
1001,1964,Gospel,Gospel,WeightedTransition,5,0,0,0
1001,1964,Gospel,LatinPop,WeightedTransition,1,0,0,0
1001,1964,Gospel,RockAndRoll,WeightedTransition,1,0,0,0
1001,1964,Gospel,Soul,WeightedTransition,1,0,0,0
1001,1964,Jazz,Blues,WeightedTransition,1,0,0,0
1001,1964,Jazz,BossaNova,WeightedTransition,1,0,0,0
1001,1964,Jazz,BritishBeat,AnnualFloor,1,0,1,0
1001,1964,Jazz,BritishBeat,WeightedTransition,8,0,0,0
1001,1964,Jazz,BritishBlues,WeightedTransition,4,0,0,0
1001,1964,Jazz,BritishPop,WeightedTransition,5,0,0,0
1001,1964,Jazz,Classical,AnnualFloor,1,0,1,0
1001,1964,Jazz,ContemporaryFolk,WeightedTransition,1,0,0,0
1001,1964,Jazz,DooWop,AnnualFloor,1,0,1,0
1001,1964,Jazz,DooWop,WeightedTransition,2,0,0,0
1001,1964,Jazz,EasyListening,WeightedTransition,3,0,0,0
1001,1964,Jazz,Folk,WeightedTransition,1,0,0,0
1001,1964,Jazz,GarageRock,AnnualFloor,1,0,1,0
1001,1964,Jazz,GarageRock,WeightedTransition,3,0,0,0
1001,1964,Jazz,Gospel,WeightedTransition,2,0,0,0
1001,1964,Jazz,Jazz,Retained,141,0,0,0
1001,1964,Jazz,Jazz,WeightedTransition,11,0,0,0
1001,1964,Jazz,RnB,AnnualFloor,1,0,1,0
1001,1964,Jazz,RnB,WeightedTransition,6,0,0,0
1001,1964,Jazz,RockAndRoll,WeightedTransition,1,0,0,0
1001,1964,Jazz,Soul,WeightedTransition,3,0,0,0
1001,1964,Jazz,SurfRock,WeightedTransition,2,0,0,0
1001,1964,Jazz,TeenPop,WeightedTransition,3,0,0,0
1001,1964,Jazz,TexMex,AnnualFloor,1,0,1,0
1001,1964,Jazz,TraditionalPop,WeightedTransition,5,0,0,0
1001,1964,LatinPop,Blues,AnnualFloor,1,0,1,0
1001,1964,LatinPop,BossaNova,WeightedTransition,2,0,0,0
1001,1964,LatinPop,BritishBlues,WeightedTransition,1,0,0,0
1001,1964,LatinPop,ContemporaryFolk,WeightedTransition,1,0,0,0
1001,1964,LatinPop,EasyListening,WeightedTransition,2,0,0,0
1001,1964,LatinPop,LatinPop,Retained,32,0,0,0
1001,1964,LatinPop,LatinPop,WeightedTransition,1,0,0,0
1001,1964,LatinPop,Soul,WeightedTransition,1,0,0,0
1001,1964,RnB,BossaNova,AnnualFloor,1,0,1,0
1001,1964,RnB,BossaNova,WeightedTransition,1,0,0,0
1001,1964,RnB,BritishBeat,WeightedTransition,3,0,0,0
1001,1964,RnB,BritishBlues,WeightedTransition,1,0,0,0
1001,1964,RnB,BritishPop,WeightedTransition,6,0,0,0
1001,1964,RnB,Classical,WeightedTransition,1,0,0,0
1001,1964,RnB,Country,WeightedTransition,1,0,0,0
1001,1964,RnB,DooWop,WeightedTransition,5,0,0,0
1001,1964,RnB,Jazz,AnnualFloor,1,0,1,0
1001,1964,RnB,Jazz,WeightedTransition,2,0,0,0
1001,1964,RnB,LatinPop,AnnualFloor,1,0,1,0
1001,1964,RnB,LatinPop,WeightedTransition,1,0,0,0
1001,1964,RnB,RnB,AnnualFloor,2,0,2,0
1001,1964,RnB,RnB,Retained,260,0,0,0
1001,1964,RnB,RnB,WeightedTransition,7,0,0,0
1001,1964,RnB,Ska,WeightedTransition,1,0,0,0
1001,1964,RnB,Soul,WeightedTransition,7,0,0,0
1001,1964,RnB,TeenPop,WeightedTransition,4,0,0,0
1001,1964,RnB,TraditionalPop,AnnualFloor,1,0,1,0
1001,1964,RnB,TraditionalPop,WeightedTransition,2,0,0,0
1001,1964,RockAndRoll,Blues,WeightedTransition,2,0,0,0
1001,1964,RockAndRoll,BossaNova,WeightedTransition,1,0,0,0
1001,1964,RockAndRoll,BritishBeat,AnnualFloor,1,0,1,0
1001,1964,RockAndRoll,BritishBeat,WeightedTransition,30,0,0,0
1001,1964,RockAndRoll,BritishBlues,WeightedTransition,12,0,0,0
1001,1964,RockAndRoll,BritishPop,WeightedTransition,8,0,0,0
1001,1964,RockAndRoll,Childrens,WeightedTransition,2,0,0,0
1001,1964,RockAndRoll,Classical,WeightedTransition,1,0,0,0
1001,1964,RockAndRoll,Comedy,WeightedTransition,4,0,0,0
1001,1964,RockAndRoll,ContemporaryFolk,WeightedTransition,4,0,0,0
1001,1964,RockAndRoll,Country,WeightedTransition,2,0,0,0
1001,1964,RockAndRoll,DooWop,WeightedTransition,4,0,0,0
1001,1964,RockAndRoll,EasyListening,AnnualFloor,1,0,1,0
1001,1964,RockAndRoll,EasyListening,WeightedTransition,5,0,0,0
1001,1964,RockAndRoll,Folk,WeightedTransition,5,0,0,0
1001,1964,RockAndRoll,GarageRock,WeightedTransition,7,0,0,0
1001,1964,RockAndRoll,Gospel,WeightedTransition,3,0,0,0
1001,1964,RockAndRoll,Jazz,WeightedTransition,2,0,0,0
1001,1964,RockAndRoll,LatinPop,WeightedTransition,1,0,0,0
1001,1964,RockAndRoll,RnB,WeightedTransition,8,0,0,0
1001,1964,RockAndRoll,RockAndRoll,AnnualFloor,1,0,1,0
1001,1964,RockAndRoll,RockAndRoll,Retained,195,0,0,0
1001,1964,RockAndRoll,RockAndRoll,WeightedTransition,22,0,0,0
1001,1964,RockAndRoll,Soul,AnnualFloor,1,0,1,0
1001,1964,RockAndRoll,Soul,WeightedTransition,5,0,0,0
1001,1964,RockAndRoll,SurfRock,WeightedTransition,8,0,0,0
1001,1964,RockAndRoll,TeenPop,WeightedTransition,7,0,0,0
1001,1964,RockAndRoll,TexMex,AnnualFloor,2,0,2,0
1001,1964,RockAndRoll,TraditionalPop,WeightedTransition,3,0,0,0
1001,1964,Ska,EasyListening,WeightedTransition,1,0,0,0
1001,1964,Ska,Ska,Retained,2,0,0,0
1001,1964,Soul,Blues,WeightedTransition,1,0,0,0
1001,1964,Soul,BossaNova,WeightedTransition,1,0,0,0
1001,1964,Soul,BritishBeat,WeightedTransition,4,0,0,0
1001,1964,Soul,BritishBlues,WeightedTransition,2,0,0,0
1001,1964,Soul,BritishPop,WeightedTransition,2,0,0,0
1001,1964,Soul,Childrens,WeightedTransition,2,0,0,0
1001,1964,Soul,ContemporaryFolk,WeightedTransition,4,0,0,0
1001,1964,Soul,Country,WeightedTransition,2,0,0,0
1001,1964,Soul,DooWop,WeightedTransition,3,0,0,0
1001,1964,Soul,EasyListening,WeightedTransition,2,0,0,0
1001,1964,Soul,Folk,WeightedTransition,2,0,0,0
1001,1964,Soul,GarageRock,AnnualFloor,1,0,1,0
1001,1964,Soul,GarageRock,WeightedTransition,2,0,0,0
1001,1964,Soul,Gospel,AnnualFloor,1,0,1,0
1001,1964,Soul,Gospel,WeightedTransition,4,0,0,0
1001,1964,Soul,Jazz,WeightedTransition,2,0,0,0
1001,1964,Soul,LatinPop,WeightedTransition,1,0,0,0
1001,1964,Soul,RnB,WeightedTransition,5,0,0,0
1001,1964,Soul,RockAndRoll,WeightedTransition,2,0,0,0
1001,1964,Soul,Soul,AnnualFloor,1,0,1,0
1001,1964,Soul,Soul,Retained,163,0,0,0
1001,1964,Soul,Soul,WeightedTransition,9,0,0,0
1001,1964,Soul,SurfRock,WeightedTransition,1,0,0,0
1001,1964,Soul,TexMex,WeightedTransition,1,0,0,0
1001,1964,SurfRock,BritishBeat,WeightedTransition,1,0,0,0
1001,1964,SurfRock,Classical,AnnualFloor,1,0,1,0
1001,1964,SurfRock,Folk,WeightedTransition,1,0,0,0
1001,1964,SurfRock,SurfRock,AnnualFloor,1,0,1,0
1001,1964,SurfRock,SurfRock,Retained,31,0,0,0
1001,1964,TeenPop,Blues,WeightedTransition,4,0,0,0
1001,1964,TeenPop,BossaNova,AnnualFloor,1,0,1,0
1001,1964,TeenPop,BossaNova,WeightedTransition,1,0,0,0
1001,1964,TeenPop,BritishBeat,AnnualFloor,1,0,1,0
1001,1964,TeenPop,BritishBeat,WeightedTransition,23,0,0,0
1001,1964,TeenPop,BritishBlues,WeightedTransition,8,0,0,0
1001,1964,TeenPop,BritishPop,AnnualFloor,2,0,2,0
1001,1964,TeenPop,BritishPop,WeightedTransition,20,0,0,0
1001,1964,TeenPop,Childrens,AnnualFloor,1,0,1,0
1001,1964,TeenPop,Childrens,WeightedTransition,3,0,0,0
1001,1964,TeenPop,Classical,AnnualFloor,1,0,1,0
1001,1964,TeenPop,Classical,WeightedTransition,3,0,0,0
1001,1964,TeenPop,Comedy,WeightedTransition,3,0,0,0
1001,1964,TeenPop,ContemporaryFolk,WeightedTransition,1,0,0,0
1001,1964,TeenPop,Country,AnnualFloor,1,0,1,0
1001,1964,TeenPop,Country,WeightedTransition,1,0,0,0
1001,1964,TeenPop,DooWop,WeightedTransition,4,0,0,0
1001,1964,TeenPop,EasyListening,AnnualFloor,1,0,1,0
1001,1964,TeenPop,EasyListening,WeightedTransition,11,0,0,0
1001,1964,TeenPop,Folk,WeightedTransition,2,0,0,0
1001,1964,TeenPop,GarageRock,AnnualFloor,1,0,1,0
1001,1964,TeenPop,GarageRock,WeightedTransition,2,0,0,0
1001,1964,TeenPop,Gospel,WeightedTransition,3,0,0,0
1001,1964,TeenPop,Jazz,WeightedTransition,5,0,0,0
1001,1964,TeenPop,LatinPop,WeightedTransition,1,0,0,0
1001,1964,TeenPop,RnB,WeightedTransition,7,0,0,0
1001,1964,TeenPop,RockAndRoll,AnnualFloor,1,0,1,0
1001,1964,TeenPop,RockAndRoll,WeightedTransition,9,0,0,0
1001,1964,TeenPop,Ska,AnnualFloor,1,0,1,0
1001,1964,TeenPop,Ska,WeightedTransition,1,0,0,0
1001,1964,TeenPop,Soul,AnnualFloor,1,0,1,0
1001,1964,TeenPop,Soul,WeightedTransition,7,0,0,0
1001,1964,TeenPop,SurfRock,AnnualFloor,1,0,1,0
1001,1964,TeenPop,SurfRock,WeightedTransition,4,0,0,0
1001,1964,TeenPop,TeenPop,AnnualFloor,3,0,3,0
1001,1964,TeenPop,TeenPop,Retained,228,0,0,0
1001,1964,TeenPop,TeenPop,WeightedTransition,20,0,0,0
1001,1964,TeenPop,TexMex,WeightedTransition,2,0,0,0
1001,1964,TeenPop,TraditionalPop,WeightedTransition,11,0,0,0
1001,1964,TexMex,BossaNova,AnnualFloor,1,0,1,0
1001,1964,TexMex,BritishBlues,AnnualFloor,1,0,1,0
1001,1964,TexMex,DooWop,WeightedTransition,1,0,0,0
1001,1964,TexMex,Jazz,WeightedTransition,1,0,0,0
1001,1964,TexMex,Soul,WeightedTransition,1,0,0,0
1001,1964,TexMex,TexMex,Retained,12,0,0,0
1001,1964,TraditionalPop,BossaNova,WeightedTransition,7,0,0,0
1001,1964,TraditionalPop,BritishBeat,WeightedTransition,28,0,0,0
1001,1964,TraditionalPop,BritishBlues,WeightedTransition,7,0,0,0
1001,1964,TraditionalPop,BritishPop,AnnualFloor,1,0,1,0
1001,1964,TraditionalPop,BritishPop,WeightedTransition,31,0,0,0
1001,1964,TraditionalPop,Childrens,WeightedTransition,2,0,0,0
1001,1964,TraditionalPop,Classical,WeightedTransition,3,0,0,0
1001,1964,TraditionalPop,Comedy,AnnualFloor,1,0,1,0
1001,1964,TraditionalPop,Comedy,WeightedTransition,2,0,0,0
1001,1964,TraditionalPop,Country,WeightedTransition,4,0,0,0
1001,1964,TraditionalPop,DooWop,AnnualFloor,1,0,1,0
1001,1964,TraditionalPop,DooWop,WeightedTransition,4,0,0,0
1001,1964,TraditionalPop,EasyListening,AnnualFloor,1,0,1,0
1001,1964,TraditionalPop,EasyListening,WeightedTransition,14,0,0,0
1001,1964,TraditionalPop,Folk,WeightedTransition,1,0,0,0
1001,1964,TraditionalPop,GarageRock,WeightedTransition,6,0,0,0
1001,1964,TraditionalPop,Gospel,WeightedTransition,4,0,0,0
1001,1964,TraditionalPop,Jazz,WeightedTransition,18,0,0,0
1001,1964,TraditionalPop,LatinPop,AnnualFloor,1,0,1,0
1001,1964,TraditionalPop,LatinPop,WeightedTransition,2,0,0,0
1001,1964,TraditionalPop,RnB,WeightedTransition,6,0,0,0
1001,1964,TraditionalPop,RockAndRoll,AnnualFloor,1,0,1,0
1001,1964,TraditionalPop,RockAndRoll,WeightedTransition,5,0,0,0
1001,1964,TraditionalPop,Ska,AnnualFloor,1,0,1,0
1001,1964,TraditionalPop,Ska,WeightedTransition,1,0,0,0
1001,1964,TraditionalPop,Soul,WeightedTransition,5,0,0,0
1001,1964,TraditionalPop,SurfRock,WeightedTransition,10,0,0,0
1001,1964,TraditionalPop,TeenPop,WeightedTransition,16,0,0,0
1001,1964,TraditionalPop,TexMex,WeightedTransition,1,0,0,0
1001,1964,TraditionalPop,TraditionalPop,AnnualFloor,2,0,2,0
1001,1964,TraditionalPop,TraditionalPop,Retained,282,0,0,0
1001,1964,TraditionalPop,TraditionalPop,WeightedTransition,44,0,0,0
1001,1965,Blues,Blues,Retained,51,0,0,0
1001,1965,Blues,Blues,WeightedTransition,3,0,0,0
1001,1965,Blues,BritishBeat,WeightedTransition,1,0,0,0
1001,1965,Blues,BritishBlues,WeightedTransition,2,0,0,0
1001,1965,Blues,BritishPop,WeightedTransition,2,0,0,0
1001,1965,Blues,Childrens,WeightedTransition,1,0,0,0
1001,1965,Blues,Country,WeightedTransition,1,0,0,0
1001,1965,Blues,EasyListening,WeightedTransition,1,0,0,0
1001,1965,Blues,GarageRock,WeightedTransition,1,0,0,0
1001,1965,Blues,RockAndRoll,WeightedTransition,1,0,0,0
1001,1965,Blues,Soul,WeightedTransition,1,0,0,0
1001,1965,BossaNova,BossaNova,Retained,31,0,0,0
1001,1965,BossaNova,BossaNova,WeightedTransition,1,0,0,0
1001,1965,BossaNova,Classical,AnnualFloor,1,0,1,0
1001,1965,BossaNova,Classical,WeightedTransition,1,0,0,0
1001,1965,BossaNova,Country,WeightedTransition,1,0,0,0
1001,1965,BossaNova,Gospel,WeightedTransition,1,0,0,0
1001,1965,BossaNova,Ska,AnnualFloor,1,0,1,0
1001,1965,BossaNova,Soul,WeightedTransition,1,0,0,0
1001,1965,BossaNova,TraditionalPop,WeightedTransition,1,0,0,0
1001,1965,BritishBeat,Blues,AnnualFloor,1,0,1,0
1001,1965,BritishBeat,BritishBeat,Retained,69,0,0,0
1001,1965,BritishBeat,BritishBeat,WeightedTransition,11,0,0,0
1001,1965,BritishBeat,BritishBlues,WeightedTransition,1,0,0,0
1001,1965,BritishBeat,BritishPop,WeightedTransition,2,0,0,0
1001,1965,BritishBeat,ContemporaryFolk,WeightedTransition,2,0,0,0
1001,1965,BritishBeat,Country,WeightedTransition,1,0,0,0
1001,1965,BritishBeat,GarageRock,WeightedTransition,1,0,0,0
1001,1965,BritishBeat,Gospel,WeightedTransition,1,0,0,0
1001,1965,BritishBeat,RnB,WeightedTransition,1,0,0,0
1001,1965,BritishBeat,RockAndRoll,WeightedTransition,1,0,0,0
1001,1965,BritishBeat,Soul,WeightedTransition,1,0,0,0
1001,1965,BritishBeat,SurfRock,WeightedTransition,1,0,0,0
1001,1965,BritishBeat,TeenPop,WeightedTransition,1,0,0,0
1001,1965,BritishBeat,TraditionalPop,WeightedTransition,1,0,0,0
1001,1965,BritishBlues,BritishBeat,WeightedTransition,3,0,0,0
1001,1965,BritishBlues,BritishBlues,Retained,31,0,0,0
1001,1965,BritishBlues,BritishBlues,WeightedTransition,1,0,0,0
1001,1965,BritishBlues,ContemporaryFolk,WeightedTransition,1,0,0,0
1001,1965,BritishBlues,Country,WeightedTransition,1,0,0,0
1001,1965,BritishBlues,DooWop,WeightedTransition,1,0,0,0
1001,1965,BritishBlues,EasyListening,WeightedTransition,1,0,0,0
1001,1965,BritishBlues,GarageRock,WeightedTransition,1,0,0,0
1001,1965,BritishBlues,SurfRock,AnnualFloor,1,0,1,0
1001,1965,BritishBlues,SurfRock,WeightedTransition,2,0,0,0
1001,1965,BritishPop,Blues,AnnualFloor,1,0,1,0
1001,1965,BritishPop,BritishBeat,WeightedTransition,1,0,0,0
1001,1965,BritishPop,BritishBlues,WeightedTransition,1,0,0,0
1001,1965,BritishPop,BritishPop,Retained,54,0,0,0
1001,1965,BritishPop,BritishPop,WeightedTransition,5,0,0,0
1001,1965,BritishPop,Classical,AnnualFloor,1,0,1,0
1001,1965,BritishPop,Folk,WeightedTransition,1,0,0,0
1001,1965,BritishPop,GarageRock,WeightedTransition,1,0,0,0
1001,1965,BritishPop,Gospel,WeightedTransition,1,0,0,0
1001,1965,BritishPop,Jazz,WeightedTransition,1,0,0,0
1001,1965,BritishPop,Soul,WeightedTransition,1,0,0,0
1001,1965,BritishPop,TeenPop,AnnualFloor,1,0,1,0
1001,1965,BritishPop,TeenPop,WeightedTransition,1,0,0,0
1001,1965,Childrens,Childrens,Retained,17,0,0,0
1001,1965,Childrens,Gospel,WeightedTransition,1,0,0,0
1001,1965,Childrens,Jazz,WeightedTransition,1,0,0,0
1001,1965,Childrens,RockAndRoll,WeightedTransition,1,0,0,0
1001,1965,Classical,BritishBeat,WeightedTransition,1,0,0,0
1001,1965,Classical,BritishPop,WeightedTransition,1,0,0,0
1001,1965,Classical,Classical,Retained,26,0,0,0
1001,1965,Classical,ContemporaryFolk,WeightedTransition,1,0,0,0
1001,1965,Classical,EasyListening,WeightedTransition,1,0,0,0
1001,1965,Classical,Folk,WeightedTransition,1,0,0,0
1001,1965,Classical,FolkRock,AnnualFloor,1,0,1,0
1001,1965,Classical,Jazz,WeightedTransition,1,0,0,0
1001,1965,Classical,RockAndRoll,WeightedTransition,1,0,0,0
1001,1965,Comedy,BritishBlues,WeightedTransition,1,0,0,0
1001,1965,Comedy,BritishPop,WeightedTransition,1,0,0,0
1001,1965,Comedy,Childrens,AnnualFloor,1,0,1,0
1001,1965,Comedy,Childrens,WeightedTransition,1,0,0,0
1001,1965,Comedy,Classical,WeightedTransition,1,0,0,0
1001,1965,Comedy,Comedy,Retained,24,0,0,0
1001,1965,Comedy,Comedy,WeightedTransition,2,0,0,0
1001,1965,Comedy,Folk,WeightedTransition,1,0,0,0
1001,1965,Comedy,FolkRock,WeightedTransition,1,0,0,0
1001,1965,Comedy,Gospel,WeightedTransition,1,0,0,0
1001,1965,Comedy,RockAndRoll,WeightedTransition,1,0,0,0
1001,1965,Comedy,TraditionalPop,WeightedTransition,1,0,0,0
1001,1965,ContemporaryFolk,BritishBeat,WeightedTransition,1,0,0,0
1001,1965,ContemporaryFolk,ContemporaryFolk,Retained,24,0,0,0
1001,1965,ContemporaryFolk,ContemporaryFolk,WeightedTransition,1,0,0,0
1001,1965,ContemporaryFolk,Gospel,WeightedTransition,1,0,0,0
1001,1965,ContemporaryFolk,Jazz,WeightedTransition,1,0,0,0
1001,1965,ContemporaryFolk,RockAndRoll,WeightedTransition,1,0,0,0
1001,1965,ContemporaryFolk,SurfRock,WeightedTransition,2,0,0,0
1001,1965,ContemporaryFolk,TraditionalPop,AnnualFloor,1,0,1,0
1001,1965,Country,Blues,WeightedTransition,2,0,0,0
1001,1965,Country,BossaNova,WeightedTransition,2,0,0,0
1001,1965,Country,BritishBeat,WeightedTransition,3,0,0,0
1001,1965,Country,BritishBlues,WeightedTransition,3,0,0,0
1001,1965,Country,BritishPop,WeightedTransition,5,0,0,0
1001,1965,Country,Childrens,AnnualFloor,1,0,1,0
1001,1965,Country,Childrens,WeightedTransition,5,0,0,0
1001,1965,Country,Comedy,WeightedTransition,4,0,0,0
1001,1965,Country,ContemporaryFolk,WeightedTransition,1,0,0,0
1001,1965,Country,Country,AnnualFloor,3,0,3,0
1001,1965,Country,Country,Retained,193,0,0,0
1001,1965,Country,Country,WeightedTransition,11,0,0,0
1001,1965,Country,Folk,WeightedTransition,2,0,0,0
1001,1965,Country,FolkRock,WeightedTransition,1,0,0,0
1001,1965,Country,GarageRock,WeightedTransition,1,0,0,0
1001,1965,Country,LatinPop,AnnualFloor,1,0,1,0
1001,1965,Country,LatinPop,WeightedTransition,3,0,0,0
1001,1965,Country,RockAndRoll,WeightedTransition,2,0,0,0
1001,1965,Country,Soul,WeightedTransition,1,0,0,0
1001,1965,Country,SunshinePop,AnnualFloor,1,0,1,0
1001,1965,Country,SunshinePop,WeightedTransition,1,0,0,0
1001,1965,Country,SurfRock,AnnualFloor,1,0,1,0
1001,1965,Country,SurfRock,WeightedTransition,2,0,0,0
1001,1965,Country,TexMex,WeightedTransition,1,0,0,0
1001,1965,DooWop,Blues,WeightedTransition,2,0,0,0
1001,1965,DooWop,BossaNova,WeightedTransition,3,0,0,0
1001,1965,DooWop,BritishBeat,WeightedTransition,4,0,0,0
1001,1965,DooWop,BritishBlues,WeightedTransition,9,0,0,0
1001,1965,DooWop,BritishPop,WeightedTransition,9,0,0,0
1001,1965,DooWop,Childrens,WeightedTransition,1,0,0,0
1001,1965,DooWop,Classical,WeightedTransition,1,0,0,0
1001,1965,DooWop,Comedy,AnnualFloor,1,0,1,0
1001,1965,DooWop,Comedy,WeightedTransition,2,0,0,0
1001,1965,DooWop,ContemporaryFolk,AnnualFloor,1,0,1,0
1001,1965,DooWop,ContemporaryFolk,WeightedTransition,2,0,0,0
1001,1965,DooWop,Country,WeightedTransition,2,0,0,0
1001,1965,DooWop,DooWop,AnnualFloor,1,0,1,0
1001,1965,DooWop,DooWop,Retained,48,0,0,0
1001,1965,DooWop,DooWop,WeightedTransition,4,0,0,0
1001,1965,DooWop,EasyListening,WeightedTransition,2,0,0,0
1001,1965,DooWop,Folk,WeightedTransition,4,0,0,0
1001,1965,DooWop,FolkRock,WeightedTransition,1,0,0,0
1001,1965,DooWop,Gospel,WeightedTransition,3,0,0,0
1001,1965,DooWop,Jazz,AnnualFloor,1,0,1,0
1001,1965,DooWop,Jazz,WeightedTransition,3,0,0,0
1001,1965,DooWop,RnB,WeightedTransition,4,0,0,0
1001,1965,DooWop,RockAndRoll,WeightedTransition,2,0,0,0
1001,1965,DooWop,Soul,WeightedTransition,15,0,0,0
1001,1965,DooWop,SurfRock,WeightedTransition,3,0,0,0
1001,1965,DooWop,TexMex,WeightedTransition,1,0,0,0
1001,1965,DooWop,TraditionalPop,WeightedTransition,3,0,0,0
1001,1965,EasyListening,Blues,WeightedTransition,3,0,0,0
1001,1965,EasyListening,BossaNova,WeightedTransition,1,0,0,0
1001,1965,EasyListening,BritishBeat,WeightedTransition,5,0,0,0
1001,1965,EasyListening,BritishBlues,WeightedTransition,2,0,0,0
1001,1965,EasyListening,BritishPop,WeightedTransition,7,0,0,0
1001,1965,EasyListening,Classical,WeightedTransition,1,0,0,0
1001,1965,EasyListening,Comedy,AnnualFloor,1,0,1,0
1001,1965,EasyListening,Country,WeightedTransition,1,0,0,0
1001,1965,EasyListening,EasyListening,Retained,137,0,0,0
1001,1965,EasyListening,EasyListening,WeightedTransition,12,0,0,0
1001,1965,EasyListening,Folk,WeightedTransition,2,0,0,0
1001,1965,EasyListening,Jazz,WeightedTransition,2,0,0,0
1001,1965,EasyListening,RnB,AnnualFloor,1,0,1,0
1001,1965,EasyListening,RockAndRoll,WeightedTransition,2,0,0,0
1001,1965,EasyListening,Soul,WeightedTransition,2,0,0,0
1001,1965,EasyListening,SunshinePop,AnnualFloor,1,0,1,0
1001,1965,EasyListening,SurfRock,WeightedTransition,1,0,0,0
1001,1965,EasyListening,TeenPop,AnnualFloor,1,0,1,0
1001,1965,EasyListening,TeenPop,WeightedTransition,2,0,0,0
1001,1965,EasyListening,TexMex,WeightedTransition,1,0,0,0
1001,1965,EasyListening,TraditionalPop,WeightedTransition,3,0,0,0
1001,1965,Folk,BossaNova,WeightedTransition,1,0,0,0
1001,1965,Folk,BritishBeat,WeightedTransition,1,0,0,0
1001,1965,Folk,BritishPop,WeightedTransition,2,0,0,0
1001,1965,Folk,Childrens,AnnualFloor,1,0,1,0
1001,1965,Folk,Comedy,AnnualFloor,1,0,1,0
1001,1965,Folk,Comedy,WeightedTransition,2,0,0,0
1001,1965,Folk,ContemporaryFolk,WeightedTransition,6,0,0,0
1001,1965,Folk,Country,WeightedTransition,1,0,0,0
1001,1965,Folk,EasyListening,AnnualFloor,1,0,1,0
1001,1965,Folk,EasyListening,WeightedTransition,1,0,0,0
1001,1965,Folk,Folk,AnnualFloor,1,0,1,0
1001,1965,Folk,Folk,Retained,107,0,0,0
1001,1965,Folk,Folk,WeightedTransition,10,0,0,0
1001,1965,Folk,GarageRock,WeightedTransition,1,0,0,0
1001,1965,Folk,Jazz,WeightedTransition,1,0,0,0
1001,1965,Folk,LatinPop,WeightedTransition,1,0,0,0
1001,1965,Folk,Soul,WeightedTransition,1,0,0,0
1001,1965,Folk,SurfRock,WeightedTransition,1,0,0,0
1001,1965,Folk,TexMex,WeightedTransition,1,0,0,0
1001,1965,Folk,TraditionalPop,AnnualFloor,2,0,2,0
1001,1965,Folk,TraditionalPop,WeightedTransition,2,0,0,0
1001,1965,FolkRock,FolkRock,Retained,5,0,0,0
1001,1965,GarageRock,Blues,WeightedTransition,1,0,0,0
1001,1965,GarageRock,BritishBeat,WeightedTransition,1,0,0,0
1001,1965,GarageRock,BritishPop,WeightedTransition,2,0,0,0
1001,1965,GarageRock,FolkRock,WeightedTransition,2,0,0,0
1001,1965,GarageRock,GarageRock,Retained,24,0,0,0
1001,1965,GarageRock,GarageRock,WeightedTransition,1,0,0,0
1001,1965,GarageRock,LatinPop,AnnualFloor,1,0,1,0
1001,1965,GarageRock,RockAndRoll,WeightedTransition,1,0,0,0
1001,1965,Gospel,BossaNova,AnnualFloor,1,0,1,0
1001,1965,Gospel,BritishBeat,WeightedTransition,3,0,0,0
1001,1965,Gospel,BritishBlues,WeightedTransition,1,0,0,0
1001,1965,Gospel,Childrens,WeightedTransition,1,0,0,0
1001,1965,Gospel,Classical,WeightedTransition,1,0,0,0
1001,1965,Gospel,Comedy,WeightedTransition,1,0,0,0
1001,1965,Gospel,DooWop,WeightedTransition,1,0,0,0
1001,1965,Gospel,Gospel,Retained,26,0,0,0
1001,1965,Gospel,Gospel,WeightedTransition,2,0,0,0
1001,1965,Gospel,Jazz,AnnualFloor,1,0,1,0
1001,1965,Gospel,Jazz,WeightedTransition,1,0,0,0
1001,1965,Gospel,RockAndRoll,WeightedTransition,1,0,0,0
1001,1965,Gospel,Ska,AnnualFloor,1,0,1,0
1001,1965,Gospel,Soul,WeightedTransition,2,0,0,0
1001,1965,Jazz,BossaNova,WeightedTransition,7,0,0,0
1001,1965,Jazz,BritishBeat,WeightedTransition,4,0,0,0
1001,1965,Jazz,BritishBlues,WeightedTransition,2,0,0,0
1001,1965,Jazz,BritishPop,WeightedTransition,3,0,0,0
1001,1965,Jazz,Childrens,WeightedTransition,1,0,0,0
1001,1965,Jazz,Classical,WeightedTransition,2,0,0,0
1001,1965,Jazz,Country,WeightedTransition,2,0,0,0
1001,1965,Jazz,EasyListening,WeightedTransition,2,0,0,0
1001,1965,Jazz,GarageRock,WeightedTransition,1,0,0,0
1001,1965,Jazz,Gospel,WeightedTransition,4,0,0,0
1001,1965,Jazz,Jazz,Retained,177,0,0,0
1001,1965,Jazz,Jazz,WeightedTransition,15,0,0,0
1001,1965,Jazz,RnB,WeightedTransition,1,0,0,0
1001,1965,Jazz,Soul,AnnualFloor,1,0,1,0
1001,1965,Jazz,Soul,WeightedTransition,3,0,0,0
1001,1965,Jazz,SurfRock,WeightedTransition,1,0,0,0
1001,1965,Jazz,TraditionalPop,WeightedTransition,4,0,0,0
1001,1965,LatinPop,BritishPop,WeightedTransition,1,0,0,0
1001,1965,LatinPop,Classical,WeightedTransition,1,0,0,0
1001,1965,LatinPop,ContemporaryFolk,WeightedTransition,3,0,0,0
1001,1965,LatinPop,Folk,WeightedTransition,1,0,0,0
1001,1965,LatinPop,GarageRock,WeightedTransition,1,0,0,0
1001,1965,LatinPop,Jazz,AnnualFloor,1,0,1,0
1001,1965,LatinPop,LatinPop,Retained,25,0,0,0
1001,1965,LatinPop,SurfRock,WeightedTransition,1,0,0,0
1001,1965,LatinPop,TexMex,AnnualFloor,1,0,1,0
1001,1965,RnB,Blues,WeightedTransition,1,0,0,0
1001,1965,RnB,BritishBeat,AnnualFloor,1,0,1,0
1001,1965,RnB,BritishBeat,WeightedTransition,6,0,0,0
1001,1965,RnB,BritishBlues,WeightedTransition,1,0,0,0
1001,1965,RnB,BritishPop,WeightedTransition,1,0,0,0
1001,1965,RnB,Comedy,WeightedTransition,1,0,0,0
1001,1965,RnB,ContemporaryFolk,WeightedTransition,3,0,0,0
1001,1965,RnB,Country,WeightedTransition,1,0,0,0
1001,1965,RnB,DooWop,AnnualFloor,1,0,1,0
1001,1965,RnB,FolkRock,WeightedTransition,2,0,0,0
1001,1965,RnB,GarageRock,WeightedTransition,4,0,0,0
1001,1965,RnB,Gospel,AnnualFloor,1,0,1,0
1001,1965,RnB,Gospel,WeightedTransition,1,0,0,0
1001,1965,RnB,RnB,AnnualFloor,1,0,1,0
1001,1965,RnB,RnB,Retained,187,0,0,0
1001,1965,RnB,RnB,WeightedTransition,4,0,0,0
1001,1965,RnB,RockAndRoll,WeightedTransition,1,0,0,0
1001,1965,RnB,Soul,WeightedTransition,6,0,0,0
1001,1965,RnB,SunshinePop,WeightedTransition,1,0,0,0
1001,1965,RockAndRoll,Blues,AnnualFloor,1,0,1,0
1001,1965,RockAndRoll,BritishBeat,AnnualFloor,1,0,1,0
1001,1965,RockAndRoll,BritishBeat,WeightedTransition,21,0,0,0
1001,1965,RockAndRoll,BritishBlues,WeightedTransition,27,0,0,0
1001,1965,RockAndRoll,BritishPop,AnnualFloor,2,0,2,0
1001,1965,RockAndRoll,BritishPop,WeightedTransition,8,0,0,0
1001,1965,RockAndRoll,Childrens,WeightedTransition,2,0,0,0
1001,1965,RockAndRoll,Comedy,WeightedTransition,2,0,0,0
1001,1965,RockAndRoll,ContemporaryFolk,AnnualFloor,1,0,1,0
1001,1965,RockAndRoll,ContemporaryFolk,WeightedTransition,4,0,0,0
1001,1965,RockAndRoll,Country,WeightedTransition,2,0,0,0
1001,1965,RockAndRoll,DooWop,WeightedTransition,2,0,0,0
1001,1965,RockAndRoll,EasyListening,WeightedTransition,4,0,0,0
1001,1965,RockAndRoll,Folk,AnnualFloor,2,0,2,0
1001,1965,RockAndRoll,Folk,WeightedTransition,3,0,0,0
1001,1965,RockAndRoll,FolkRock,AnnualFloor,1,0,1,0
1001,1965,RockAndRoll,FolkRock,WeightedTransition,2,0,0,0
1001,1965,RockAndRoll,GarageRock,WeightedTransition,5,0,0,0
1001,1965,RockAndRoll,Gospel,WeightedTransition,3,0,0,0
1001,1965,RockAndRoll,Jazz,WeightedTransition,3,0,0,0
1001,1965,RockAndRoll,LatinPop,WeightedTransition,1,0,0,0
1001,1965,RockAndRoll,RnB,AnnualFloor,1,0,1,0
1001,1965,RockAndRoll,RnB,WeightedTransition,1,0,0,0
1001,1965,RockAndRoll,RockAndRoll,AnnualFloor,2,0,2,0
1001,1965,RockAndRoll,RockAndRoll,Retained,135,0,0,0
1001,1965,RockAndRoll,RockAndRoll,WeightedTransition,25,0,0,0
1001,1965,RockAndRoll,Ska,WeightedTransition,3,0,0,0
1001,1965,RockAndRoll,Soul,AnnualFloor,1,0,1,0
1001,1965,RockAndRoll,Soul,WeightedTransition,7,0,0,0
1001,1965,RockAndRoll,SunshinePop,AnnualFloor,1,0,1,0
1001,1965,RockAndRoll,SunshinePop,WeightedTransition,2,0,0,0
1001,1965,RockAndRoll,SurfRock,WeightedTransition,7,0,0,0
1001,1965,RockAndRoll,TeenPop,WeightedTransition,2,0,0,0
1001,1965,RockAndRoll,TexMex,AnnualFloor,1,0,1,0
1001,1965,RockAndRoll,TexMex,WeightedTransition,1,0,0,0
1001,1965,RockAndRoll,TraditionalPop,WeightedTransition,1,0,0,0
1001,1965,Ska,Jazz,WeightedTransition,1,0,0,0
1001,1965,Ska,Ska,Retained,5,0,0,0
1001,1965,Soul,BossaNova,AnnualFloor,1,0,1,0
1001,1965,Soul,BossaNova,WeightedTransition,1,0,0,0
1001,1965,Soul,BritishBlues,AnnualFloor,1,0,1,0
1001,1965,Soul,BritishPop,WeightedTransition,4,0,0,0
1001,1965,Soul,Childrens,WeightedTransition,1,0,0,0
1001,1965,Soul,Classical,AnnualFloor,1,0,1,0
1001,1965,Soul,ContemporaryFolk,WeightedTransition,1,0,0,0
1001,1965,Soul,Country,WeightedTransition,1,0,0,0
1001,1965,Soul,DooWop,WeightedTransition,1,0,0,0
1001,1965,Soul,EasyListening,WeightedTransition,2,0,0,0
1001,1965,Soul,Folk,WeightedTransition,1,0,0,0
1001,1965,Soul,GarageRock,WeightedTransition,1,0,0,0
1001,1965,Soul,Gospel,WeightedTransition,3,0,0,0
1001,1965,Soul,Jazz,WeightedTransition,2,0,0,0
1001,1965,Soul,LatinPop,WeightedTransition,1,0,0,0
1001,1965,Soul,RnB,WeightedTransition,1,0,0,0
1001,1965,Soul,RockAndRoll,AnnualFloor,1,0,1,0
1001,1965,Soul,RockAndRoll,WeightedTransition,2,0,0,0
1001,1965,Soul,Soul,AnnualFloor,1,0,1,0
1001,1965,Soul,Soul,Retained,146,0,0,0
1001,1965,Soul,Soul,WeightedTransition,7,0,0,0
1001,1965,Soul,SurfRock,WeightedTransition,2,0,0,0
1001,1965,Soul,TeenPop,AnnualFloor,1,0,1,0
1001,1965,SunshinePop,SunshinePop,Retained,7,0,0,0
1001,1965,SurfRock,BritishBeat,AnnualFloor,1,0,1,0
1001,1965,SurfRock,BritishBeat,WeightedTransition,1,0,0,0
1001,1965,SurfRock,BritishBlues,WeightedTransition,2,0,0,0
1001,1965,SurfRock,BritishPop,WeightedTransition,1,0,0,0
1001,1965,SurfRock,SurfRock,Retained,24,0,0,0
1001,1965,SurfRock,SurfRock,WeightedTransition,2,0,0,0
1001,1965,TeenPop,Blues,WeightedTransition,1,0,0,0
1001,1965,TeenPop,BossaNova,WeightedTransition,1,0,0,0
1001,1965,TeenPop,BritishBeat,WeightedTransition,7,0,0,0
1001,1965,TeenPop,BritishBlues,AnnualFloor,2,0,2,0
1001,1965,TeenPop,BritishBlues,WeightedTransition,6,0,0,0
1001,1965,TeenPop,BritishPop,WeightedTransition,18,0,0,0
1001,1965,TeenPop,Childrens,WeightedTransition,1,0,0,0
1001,1965,TeenPop,Classical,WeightedTransition,2,0,0,0
1001,1965,TeenPop,Comedy,WeightedTransition,2,0,0,0
1001,1965,TeenPop,ContemporaryFolk,WeightedTransition,2,0,0,0
1001,1965,TeenPop,Country,WeightedTransition,3,0,0,0
1001,1965,TeenPop,DooWop,AnnualFloor,1,0,1,0
1001,1965,TeenPop,DooWop,WeightedTransition,1,0,0,0
1001,1965,TeenPop,EasyListening,AnnualFloor,2,0,2,0
1001,1965,TeenPop,EasyListening,WeightedTransition,6,0,0,0
1001,1965,TeenPop,Folk,WeightedTransition,4,0,0,0
1001,1965,TeenPop,FolkRock,WeightedTransition,1,0,0,0
1001,1965,TeenPop,GarageRock,AnnualFloor,1,0,1,0
1001,1965,TeenPop,GarageRock,WeightedTransition,2,0,0,0
1001,1965,TeenPop,Gospel,AnnualFloor,1,0,1,0
1001,1965,TeenPop,Gospel,WeightedTransition,3,0,0,0
1001,1965,TeenPop,LatinPop,WeightedTransition,1,0,0,0
1001,1965,TeenPop,RnB,WeightedTransition,2,0,0,0
1001,1965,TeenPop,RockAndRoll,WeightedTransition,3,0,0,0
1001,1965,TeenPop,Ska,AnnualFloor,1,0,1,0
1001,1965,TeenPop,Soul,WeightedTransition,9,0,0,0
1001,1965,TeenPop,SunshinePop,WeightedTransition,6,0,0,0
1001,1965,TeenPop,SurfRock,WeightedTransition,3,0,0,0
1001,1965,TeenPop,TeenPop,Retained,172,0,0,0
1001,1965,TeenPop,TeenPop,WeightedTransition,4,0,0,0
1001,1965,TeenPop,TexMex,WeightedTransition,3,0,0,0
1001,1965,TeenPop,TraditionalPop,WeightedTransition,7,0,0,0
1001,1965,TexMex,BossaNova,WeightedTransition,1,0,0,0
1001,1965,TexMex,ContemporaryFolk,AnnualFloor,1,0,1,0
1001,1965,TexMex,LatinPop,WeightedTransition,1,0,0,0
1001,1965,TexMex,SurfRock,AnnualFloor,1,0,1,0
1001,1965,TexMex,TexMex,Retained,18,0,0,0
1001,1965,TexMex,TraditionalPop,WeightedTransition,1,0,0,0
1001,1965,TraditionalPop,Blues,WeightedTransition,2,0,0,0
1001,1965,TraditionalPop,BossaNova,AnnualFloor,1,0,1,0
1001,1965,TraditionalPop,BossaNova,WeightedTransition,4,0,0,0
1001,1965,TraditionalPop,BritishBeat,WeightedTransition,12,0,0,0
1001,1965,TraditionalPop,BritishBlues,WeightedTransition,15,0,0,0
1001,1965,TraditionalPop,BritishPop,AnnualFloor,1,0,1,0
1001,1965,TraditionalPop,BritishPop,WeightedTransition,44,0,0,0
1001,1965,TraditionalPop,Childrens,WeightedTransition,2,0,0,0
1001,1965,TraditionalPop,Classical,WeightedTransition,6,0,0,0
1001,1965,TraditionalPop,Comedy,WeightedTransition,5,0,0,0
1001,1965,TraditionalPop,ContemporaryFolk,WeightedTransition,6,0,0,0
1001,1965,TraditionalPop,Country,WeightedTransition,4,0,0,0
1001,1965,TraditionalPop,DooWop,WeightedTransition,1,0,0,0
1001,1965,TraditionalPop,EasyListening,WeightedTransition,14,0,0,0
1001,1965,TraditionalPop,Folk,WeightedTransition,3,0,0,0
1001,1965,TraditionalPop,FolkRock,AnnualFloor,1,0,1,0
1001,1965,TraditionalPop,GarageRock,AnnualFloor,2,0,2,0
1001,1965,TraditionalPop,GarageRock,WeightedTransition,7,0,0,0
1001,1965,TraditionalPop,Gospel,AnnualFloor,1,0,1,0
1001,1965,TraditionalPop,Gospel,WeightedTransition,2,0,0,0
1001,1965,TraditionalPop,Jazz,WeightedTransition,11,0,0,0
1001,1965,TraditionalPop,LatinPop,AnnualFloor,1,0,1,0
1001,1965,TraditionalPop,LatinPop,WeightedTransition,1,0,0,0
1001,1965,TraditionalPop,RnB,WeightedTransition,2,0,0,0
1001,1965,TraditionalPop,RockAndRoll,WeightedTransition,3,0,0,0
1001,1965,TraditionalPop,Ska,WeightedTransition,2,0,0,0
1001,1965,TraditionalPop,Soul,WeightedTransition,10,0,0,0
1001,1965,TraditionalPop,SunshinePop,WeightedTransition,5,0,0,0
1001,1965,TraditionalPop,SurfRock,WeightedTransition,11,0,0,0
1001,1965,TraditionalPop,TeenPop,WeightedTransition,2,0,0,0
1001,1965,TraditionalPop,TexMex,AnnualFloor,1,0,1,0
1001,1965,TraditionalPop,TexMex,WeightedTransition,3,0,0,0
1001,1965,TraditionalPop,TraditionalPop,Retained,288,0,0,0
1001,1965,TraditionalPop,TraditionalPop,WeightedTransition,49,0,0,0
1001,1966,AcidRock,AcidRock,Retained,4,0,0,0
1001,1966,AcidRock,Childrens,WeightedTransition,1,0,0,0
1001,1966,BaroquePop,BaroquePop,Retained,4,0,0,0
1001,1966,BaroquePop,TraditionalPop,WeightedTransition,2,0,0,0
1001,1966,Blues,Blues,Retained,44,0,0,0
1001,1966,Blues,Blues,WeightedTransition,1,0,0,0
1001,1966,Blues,BossaNova,WeightedTransition,1,0,0,0
1001,1966,Blues,BritishBlues,WeightedTransition,1,0,0,0
1001,1966,Blues,Childrens,AnnualFloor,1,0,1,0
1001,1966,Blues,ContemporaryFolk,WeightedTransition,2,0,1,1
1001,1966,Blues,EasyListening,AnnualFloor,1,0,1,0
1001,1966,Blues,GarageRock,WeightedTransition,2,0,0,0
1001,1966,Blues,Jazz,WeightedTransition,2,0,0,0
1001,1966,Blues,RockAndRoll,WeightedTransition,1,0,0,0
1001,1966,Blues,Soul,WeightedTransition,1,0,0,0
1001,1966,Blues,TexMex,WeightedTransition,1,0,0,0
1001,1966,BluesRock,BluesRock,Retained,5,0,0,0
1001,1966,Boogaloo,Boogaloo,Retained,6,0,0,0
1001,1966,BossaNova,Boogaloo,AnnualFloor,1,0,1,0
1001,1966,BossaNova,Boogaloo,WeightedTransition,1,0,0,0
1001,1966,BossaNova,BossaNova,AnnualFloor,1,0,1,0
1001,1966,BossaNova,BossaNova,Retained,22,0,0,0
1001,1966,BossaNova,BossaNova,WeightedTransition,2,0,0,0
1001,1966,BossaNova,BritishBeat,WeightedTransition,1,0,0,0
1001,1966,BossaNova,BritishBlues,WeightedTransition,1,0,0,0
1001,1966,BossaNova,GarageRock,AnnualFloor,1,0,1,0
1001,1966,BossaNova,GarageRock,WeightedTransition,2,0,0,0
1001,1966,BossaNova,RockAndRoll,WeightedTransition,1,0,0,0
1001,1966,BossaNova,Rocksteady,WeightedTransition,1,0,0,0
1001,1966,BritishBeat,BluesRock,WeightedTransition,1,0,0,0
1001,1966,BritishBeat,BritishBeat,AnnualFloor,1,0,1,0
1001,1966,BritishBeat,BritishBeat,Retained,46,0,0,0
1001,1966,BritishBeat,BritishBeat,WeightedTransition,4,0,0,0
1001,1966,BritishBeat,BritishBlues,WeightedTransition,1,0,0,0
1001,1966,BritishBeat,EasyListening,WeightedTransition,1,0,0,0
1001,1966,BritishBeat,PsychedelicRock,AnnualFloor,1,0,1,0
1001,1966,BritishBeat,RockAndRoll,WeightedTransition,2,0,0,0
1001,1966,BritishBeat,Soul,WeightedTransition,1,0,0,0
1001,1966,BritishBeat,SunshinePop,WeightedTransition,1,0,0,0
1001,1966,BritishBeat,SurfRock,WeightedTransition,1,0,0,0
1001,1966,BritishBlues,BritishBlues,Retained,42,0,0,0
1001,1966,BritishBlues,BritishBlues,WeightedTransition,2,0,0,0
1001,1966,BritishBlues,Comedy,AnnualFloor,1,0,1,0
1001,1966,BritishBlues,FolkRock,WeightedTransition,1,0,0,0
1001,1966,BritishBlues,GarageRock,WeightedTransition,1,0,0,0
1001,1966,BritishBlues,RockAndRoll,WeightedTransition,2,0,0,0
1001,1966,BritishBlues,SunshinePop,WeightedTransition,1,0,0,0
1001,1966,BritishBlues,TexMex,WeightedTransition,1,0,0,0
1001,1966,BritishPop,BaroquePop,WeightedTransition,1,0,0,0
1001,1966,BritishPop,BluesRock,WeightedTransition,1,0,0,0
1001,1966,BritishPop,BritishBeat,WeightedTransition,1,0,0,0
1001,1966,BritishPop,BritishPop,Retained,51,0,0,0
1001,1966,BritishPop,BritishPop,WeightedTransition,2,0,0,0
1001,1966,BritishPop,Classical,WeightedTransition,1,0,0,0
1001,1966,BritishPop,ContemporaryFolk,AnnualFloor,1,0,1,0
1001,1966,BritishPop,Country,WeightedTransition,1,0,0,0
1001,1966,BritishPop,RockAndRoll,WeightedTransition,1,0,0,0
1001,1966,BritishPop,Rocksteady,AnnualFloor,1,0,1,0
1001,1966,BritishPop,Soul,WeightedTransition,1,0,0,0
1001,1966,BritishPop,SunshinePop,WeightedTransition,2,0,0,0
1001,1966,Childrens,BaroquePop,WeightedTransition,1,0,0,0
1001,1966,Childrens,Childrens,Retained,33,0,0,0
1001,1966,Childrens,Country,WeightedTransition,1,0,0,0
1001,1966,Childrens,TexMex,AnnualFloor,1,0,1,0
1001,1966,Classical,BaroquePop,WeightedTransition,1,0,0,0
1001,1966,Classical,BritishBeat,WeightedTransition,2,0,0,0
1001,1966,Classical,BritishBlues,WeightedTransition,1,0,0,0
1001,1966,Classical,Classical,AnnualFloor,1,0,1,0
1001,1966,Classical,Classical,Retained,33,0,0,0
1001,1966,Classical,GarageRock,WeightedTransition,1,0,0,0
1001,1966,Classical,SunshinePop,WeightedTransition,1,0,0,0
1001,1966,Comedy,AcidRock,WeightedTransition,1,0,0,0
1001,1966,Comedy,BossaNova,WeightedTransition,1,0,0,0
1001,1966,Comedy,BritishBeat,WeightedTransition,1,0,0,0
1001,1966,Comedy,BritishBlues,WeightedTransition,1,0,0,0
1001,1966,Comedy,BritishPop,WeightedTransition,1,0,0,0
1001,1966,Comedy,Childrens,WeightedTransition,1,0,0,0
1001,1966,Comedy,Classical,WeightedTransition,1,0,0,0
1001,1966,Comedy,Comedy,Retained,15,0,0,0
1001,1966,Comedy,Comedy,WeightedTransition,5,0,0,0
1001,1966,Comedy,Country,WeightedTransition,2,0,0,0
1001,1966,Comedy,EasyListening,WeightedTransition,2,0,0,0
1001,1966,Comedy,Folk,WeightedTransition,1,0,0,0
1001,1966,Comedy,RockAndRoll,AnnualFloor,1,0,1,0
1001,1966,Comedy,RockAndRoll,WeightedTransition,2,0,0,0
1001,1966,Comedy,Soul,WeightedTransition,1,0,0,0
1001,1966,Comedy,SunshinePop,WeightedTransition,1,0,0,0
1001,1966,Comedy,SurfRock,WeightedTransition,2,0,0,0
1001,1966,Comedy,TraditionalPop,WeightedTransition,1,0,0,0
1001,1966,ContemporaryFolk,Blues,WeightedTransition,1,0,0,0
1001,1966,ContemporaryFolk,Boogaloo,WeightedTransition,1,0,0,0
1001,1966,ContemporaryFolk,BritishBeat,WeightedTransition,1,0,0,0
1001,1966,ContemporaryFolk,BritishBlues,WeightedTransition,2,0,0,0
1001,1966,ContemporaryFolk,Classical,WeightedTransition,1,0,0,0
1001,1966,ContemporaryFolk,Comedy,WeightedTransition,1,0,0,0
1001,1966,ContemporaryFolk,ContemporaryFolk,Retained,29,0,0,0
1001,1966,ContemporaryFolk,Country,WeightedTransition,2,0,0,0
1001,1966,ContemporaryFolk,Folk,WeightedTransition,1,0,0,0
1001,1966,ContemporaryFolk,FolkRock,WeightedTransition,1,0,1,1
1001,1966,ContemporaryFolk,GarageRock,WeightedTransition,1,0,0,0
1001,1966,ContemporaryFolk,Jazz,WeightedTransition,2,0,0,0
1001,1966,ContemporaryFolk,RockAndRoll,WeightedTransition,2,0,0,0
1001,1966,ContemporaryFolk,Rocksteady,AnnualFloor,1,0,1,0
1001,1966,ContemporaryFolk,TexMex,WeightedTransition,1,0,0,0
1001,1966,ContemporaryFolk,TraditionalPop,WeightedTransition,2,0,0,0
1001,1966,Country,AcidRock,WeightedTransition,1,0,0,0
1001,1966,Country,Blues,AnnualFloor,1,0,1,0
1001,1966,Country,Blues,WeightedTransition,1,0,0,0
1001,1966,Country,BluesRock,WeightedTransition,1,0,0,0
1001,1966,Country,BritishBeat,AnnualFloor,1,0,1,0
1001,1966,Country,BritishBeat,WeightedTransition,2,0,0,0
1001,1966,Country,BritishBlues,WeightedTransition,3,0,0,0
1001,1966,Country,Comedy,AnnualFloor,1,0,1,0
1001,1966,Country,Country,AnnualFloor,1,0,1,0
1001,1966,Country,Country,Retained,187,0,0,0
1001,1966,Country,Country,WeightedTransition,13,0,0,0
1001,1966,Country,EasyListening,WeightedTransition,2,0,0,0
1001,1966,Country,Folk,AnnualFloor,1,0,1,0
1001,1966,Country,Folk,WeightedTransition,2,0,0,0
1001,1966,Country,FolkRock,WeightedTransition,3,0,0,0
1001,1966,Country,GarageRock,WeightedTransition,1,0,0,0
1001,1966,Country,Gospel,AnnualFloor,1,0,1,0
1001,1966,Country,Gospel,WeightedTransition,1,0,0,0
1001,1966,Country,Jazz,WeightedTransition,1,0,1,1
1001,1966,Country,LatinPop,AnnualFloor,1,0,1,0
1001,1966,Country,RockAndRoll,AnnualFloor,1,0,1,0
1001,1966,Country,Ska,AnnualFloor,1,0,1,0
1001,1966,Country,Ska,WeightedTransition,1,0,0,0
1001,1966,Country,Soul,AnnualFloor,1,0,1,0
1001,1966,Country,SunshinePop,WeightedTransition,3,0,0,0
1001,1966,Country,SurfRock,WeightedTransition,1,0,0,0
1001,1966,Country,TraditionalPop,WeightedTransition,1,0,0,0
1001,1966,DooWop,AcidRock,WeightedTransition,1,1,0,0
1001,1966,DooWop,BaroquePop,WeightedTransition,2,2,0,0
1001,1966,DooWop,BluesRock,WeightedTransition,3,3,0,0
1001,1966,DooWop,Boogaloo,WeightedTransition,2,2,0,0
1001,1966,DooWop,BossaNova,WeightedTransition,4,4,0,0
1001,1966,DooWop,BritishPop,WeightedTransition,2,2,0,0
1001,1966,DooWop,Childrens,AnnualFloor,1,1,1,0
1001,1966,DooWop,Childrens,WeightedTransition,1,1,0,0
1001,1966,DooWop,Comedy,WeightedTransition,1,1,0,0
1001,1966,DooWop,Country,WeightedTransition,2,2,0,0
1001,1966,DooWop,DooWop,Retained,31,31,0,0
1001,1966,DooWop,Folk,AnnualFloor,1,1,1,0
1001,1966,DooWop,FolkRock,WeightedTransition,3,3,0,0
1001,1966,DooWop,GarageRock,WeightedTransition,1,1,0,0
1001,1966,DooWop,Gospel,WeightedTransition,1,1,0,0
1001,1966,DooWop,Jazz,WeightedTransition,2,2,0,0
1001,1966,DooWop,LatinPop,WeightedTransition,3,3,0,0
1001,1966,DooWop,RockAndRoll,WeightedTransition,1,1,0,0
1001,1966,DooWop,Soul,AnnualFloor,1,1,1,0
1001,1966,DooWop,Soul,WeightedTransition,13,13,0,0
1001,1966,DooWop,SunshinePop,WeightedTransition,6,6,0,0
1001,1966,DooWop,TraditionalPop,WeightedTransition,4,4,0,0
1001,1966,EasyListening,AcidRock,WeightedTransition,1,0,0,0
1001,1966,EasyListening,BaroquePop,WeightedTransition,2,0,0,0
1001,1966,EasyListening,BluesRock,WeightedTransition,2,0,1,1
1001,1966,EasyListening,Boogaloo,WeightedTransition,1,0,0,0
1001,1966,EasyListening,BritishBlues,WeightedTransition,4,0,0,0
1001,1966,EasyListening,BritishPop,WeightedTransition,3,0,0,0
1001,1966,EasyListening,Classical,WeightedTransition,1,0,0,0
1001,1966,EasyListening,Country,AnnualFloor,1,0,1,0
1001,1966,EasyListening,Country,WeightedTransition,3,0,0,0
1001,1966,EasyListening,EasyListening,Retained,123,0,0,0
1001,1966,EasyListening,EasyListening,WeightedTransition,7,0,0,0
1001,1966,EasyListening,Folk,WeightedTransition,1,0,0,0
1001,1966,EasyListening,FolkRock,WeightedTransition,3,0,0,0
1001,1966,EasyListening,GarageRock,WeightedTransition,1,0,0,0
1001,1966,EasyListening,Gospel,WeightedTransition,1,0,0,0
1001,1966,EasyListening,Jazz,WeightedTransition,1,0,0,0
1001,1966,EasyListening,RockAndRoll,WeightedTransition,2,0,1,1
1001,1966,EasyListening,Soul,WeightedTransition,1,0,0,0
1001,1966,EasyListening,SunshinePop,AnnualFloor,1,0,1,0
1001,1966,EasyListening,SunshinePop,WeightedTransition,2,0,0,0
1001,1966,EasyListening,TraditionalPop,WeightedTransition,3,0,0,0
1001,1966,Folk,BossaNova,WeightedTransition,1,0,0,0
1001,1966,Folk,BritishBeat,WeightedTransition,3,0,1,1
1001,1966,Folk,BritishBlues,WeightedTransition,1,0,0,0
1001,1966,Folk,BritishPop,WeightedTransition,2,0,0,0
1001,1966,Folk,Classical,WeightedTransition,1,0,0,0
1001,1966,Folk,ContemporaryFolk,AnnualFloor,1,0,1,0
1001,1966,Folk,ContemporaryFolk,WeightedTransition,5,0,0,0
1001,1966,Folk,Country,WeightedTransition,3,0,0,0
1001,1966,Folk,Folk,Retained,93,0,0,0
1001,1966,Folk,Folk,WeightedTransition,4,0,0,0
1001,1966,Folk,FolkRock,WeightedTransition,6,0,0,0
1001,1966,Folk,GarageRock,WeightedTransition,2,0,0,0
1001,1966,Folk,Gospel,WeightedTransition,1,0,0,0
1001,1966,Folk,LatinPop,WeightedTransition,1,0,0,0
1001,1966,Folk,RockAndRoll,WeightedTransition,1,0,0,0
1001,1966,Folk,Soul,WeightedTransition,1,0,0,0
1001,1966,Folk,SunshinePop,WeightedTransition,2,0,0,0
1001,1966,Folk,TexMex,WeightedTransition,1,0,0,0
1001,1966,Folk,TraditionalPop,WeightedTransition,1,0,0,0
1001,1966,FolkRock,BritishPop,WeightedTransition,1,0,0,0
1001,1966,FolkRock,FolkRock,AnnualFloor,1,0,1,0
1001,1966,FolkRock,FolkRock,Retained,24,0,0,0
1001,1966,FolkRock,FolkRock,WeightedTransition,3,0,0,0
1001,1966,GarageRock,BluesRock,WeightedTransition,1,0,0,0
1001,1966,GarageRock,FolkRock,AnnualFloor,1,0,1,0
1001,1966,GarageRock,GarageRock,Retained,35,0,0,0
1001,1966,GarageRock,GarageRock,WeightedTransition,2,0,0,0
1001,1966,GarageRock,PsychedelicRock,AnnualFloor,1,0,1,0
1001,1966,Gospel,BluesRock,AnnualFloor,1,0,1,0
1001,1966,Gospel,BluesRock,WeightedTransition,2,0,0,0
1001,1966,Gospel,BritishBlues,WeightedTransition,1,0,0,0
1001,1966,Gospel,Comedy,WeightedTransition,2,0,0,0
1001,1966,Gospel,ContemporaryFolk,AnnualFloor,1,0,1,0
1001,1966,Gospel,Country,WeightedTransition,1,0,1,1
1001,1966,Gospel,GarageRock,WeightedTransition,1,0,0,0
1001,1966,Gospel,Gospel,Retained,43,0,0,0
1001,1966,Gospel,Gospel,WeightedTransition,1,0,0,0
1001,1966,Gospel,Jazz,WeightedTransition,2,0,0,0
1001,1966,Gospel,Soul,WeightedTransition,1,0,0,0
1001,1966,Gospel,SurfRock,AnnualFloor,1,0,1,0
1001,1966,Gospel,TexMex,WeightedTransition,1,0,0,0
1001,1966,Jazz,AcidRock,AnnualFloor,1,0,1,0
1001,1966,Jazz,AcidRock,WeightedTransition,2,0,0,0
1001,1966,Jazz,Blues,AnnualFloor,1,0,1,0
1001,1966,Jazz,Blues,WeightedTransition,1,0,0,0
1001,1966,Jazz,Boogaloo,WeightedTransition,1,0,0,0
1001,1966,Jazz,BossaNova,WeightedTransition,3,0,0,0
1001,1966,Jazz,BritishBeat,WeightedTransition,2,0,0,0
1001,1966,Jazz,BritishBlues,AnnualFloor,1,0,1,0
1001,1966,Jazz,BritishBlues,WeightedTransition,5,0,0,0
1001,1966,Jazz,BritishPop,WeightedTransition,4,0,0,0
1001,1966,Jazz,Comedy,WeightedTransition,1,0,0,0
1001,1966,Jazz,Country,WeightedTransition,1,0,0,0
1001,1966,Jazz,EasyListening,AnnualFloor,1,0,1,0
1001,1966,Jazz,EasyListening,WeightedTransition,1,0,0,0
1001,1966,Jazz,Folk,AnnualFloor,1,0,1,0
1001,1966,Jazz,FolkRock,WeightedTransition,3,0,0,0
1001,1966,Jazz,Jazz,AnnualFloor,1,0,1,0
1001,1966,Jazz,Jazz,Retained,180,0,0,0
1001,1966,Jazz,Jazz,WeightedTransition,6,0,0,0
1001,1966,Jazz,LatinPop,WeightedTransition,1,0,0,0
1001,1966,Jazz,Soul,WeightedTransition,6,0,0,0
1001,1966,Jazz,SunshinePop,AnnualFloor,1,0,1,0
1001,1966,Jazz,TexMex,WeightedTransition,1,0,0,0
1001,1966,Jazz,TraditionalPop,WeightedTransition,2,0,0,0
1001,1966,LatinPop,Boogaloo,WeightedTransition,1,0,0,0
1001,1966,LatinPop,BossaNova,WeightedTransition,1,0,0,0
1001,1966,LatinPop,BritishPop,AnnualFloor,1,0,1,0
1001,1966,LatinPop,Country,WeightedTransition,1,0,1,1
1001,1966,LatinPop,LatinPop,Retained,35,0,0,0
1001,1966,LatinPop,LatinPop,WeightedTransition,1,0,0,0
1001,1966,LatinPop,TexMex,WeightedTransition,1,0,0,0
1001,1966,LatinPop,TraditionalPop,WeightedTransition,1,0,0,0
1001,1966,PsychedelicRock,PsychedelicRock,Retained,9,0,0,0
1001,1966,PsychedelicRock,PsychedelicRock,WeightedTransition,1,0,0,0
1001,1966,PsychedelicRock,RockAndRoll,WeightedTransition,1,0,0,0
1001,1966,RnB,BaroquePop,AnnualFloor,1,1,1,0
1001,1966,RnB,BaroquePop,WeightedTransition,1,1,0,0
1001,1966,RnB,Blues,WeightedTransition,1,1,1,1
1001,1966,RnB,BluesRock,AnnualFloor,1,1,1,0
1001,1966,RnB,BluesRock,WeightedTransition,1,1,1,1
1001,1966,RnB,BossaNova,AnnualFloor,1,1,1,0
1001,1966,RnB,BossaNova,WeightedTransition,1,1,0,0
1001,1966,RnB,BritishBeat,WeightedTransition,2,2,0,0
1001,1966,RnB,BritishBlues,WeightedTransition,2,2,0,0
1001,1966,RnB,BritishPop,WeightedTransition,3,3,0,0
1001,1966,RnB,Childrens,WeightedTransition,3,3,0,0
1001,1966,RnB,Comedy,WeightedTransition,2,2,0,0
1001,1966,RnB,ContemporaryFolk,WeightedTransition,4,4,0,0
1001,1966,RnB,Country,WeightedTransition,1,1,0,0
1001,1966,RnB,EasyListening,WeightedTransition,1,1,0,0
1001,1966,RnB,GarageRock,WeightedTransition,1,1,0,0
1001,1966,RnB,Gospel,WeightedTransition,4,4,0,0
1001,1966,RnB,Jazz,WeightedTransition,2,2,0,0
1001,1966,RnB,LatinPop,AnnualFloor,1,1,1,0
1001,1966,RnB,LatinPop,WeightedTransition,3,3,0,0
1001,1966,RnB,RnB,Retained,80,80,0,0
1001,1966,RnB,Rocksteady,WeightedTransition,1,1,0,0
1001,1966,RnB,Soul,AnnualFloor,1,1,1,0
1001,1966,RnB,Soul,WeightedTransition,6,6,0,0
1001,1966,RnB,SunshinePop,WeightedTransition,3,3,0,0
1001,1966,RnB,SurfRock,WeightedTransition,1,1,0,0
1001,1966,RnB,TexMex,AnnualFloor,1,1,1,0
1001,1966,RnB,TexMex,WeightedTransition,1,1,0,0
1001,1966,RnB,TraditionalPop,WeightedTransition,2,2,0,0
1001,1966,RockAndRoll,AcidRock,WeightedTransition,5,0,0,0
1001,1966,RockAndRoll,BaroquePop,WeightedTransition,1,0,0,0
1001,1966,RockAndRoll,BluesRock,WeightedTransition,6,0,0,0
1001,1966,RockAndRoll,Boogaloo,WeightedTransition,2,0,0,0
1001,1966,RockAndRoll,BossaNova,WeightedTransition,1,0,0,0
1001,1966,RockAndRoll,BritishBeat,WeightedTransition,10,0,0,0
1001,1966,RockAndRoll,BritishBlues,WeightedTransition,10,0,0,0
1001,1966,RockAndRoll,BritishPop,WeightedTransition,1,0,0,0
1001,1966,RockAndRoll,Childrens,WeightedTransition,1,0,0,0
1001,1966,RockAndRoll,Classical,AnnualFloor,1,0,1,0
1001,1966,RockAndRoll,Comedy,WeightedTransition,3,0,0,0
1001,1966,RockAndRoll,ContemporaryFolk,WeightedTransition,4,0,0,0
1001,1966,RockAndRoll,Country,WeightedTransition,1,0,0,0
1001,1966,RockAndRoll,EasyListening,WeightedTransition,3,0,0,0
1001,1966,RockAndRoll,Folk,WeightedTransition,1,0,0,0
1001,1966,RockAndRoll,FolkRock,WeightedTransition,5,0,0,0
1001,1966,RockAndRoll,GarageRock,AnnualFloor,1,0,1,0
1001,1966,RockAndRoll,GarageRock,WeightedTransition,8,0,0,0
1001,1966,RockAndRoll,Gospel,WeightedTransition,2,0,0,0
1001,1966,RockAndRoll,Jazz,AnnualFloor,1,0,1,0
1001,1966,RockAndRoll,Jazz,WeightedTransition,4,0,0,0
1001,1966,RockAndRoll,LatinPop,AnnualFloor,1,0,1,0
1001,1966,RockAndRoll,LatinPop,WeightedTransition,1,0,0,0
1001,1966,RockAndRoll,PsychedelicRock,AnnualFloor,1,0,1,0
1001,1966,RockAndRoll,PsychedelicRock,WeightedTransition,3,0,0,0
1001,1966,RockAndRoll,RockAndRoll,AnnualFloor,1,0,1,0
1001,1966,RockAndRoll,RockAndRoll,Retained,111,0,0,0
1001,1966,RockAndRoll,RockAndRoll,WeightedTransition,16,0,0,0
1001,1966,RockAndRoll,Rocksteady,WeightedTransition,1,0,0,0
1001,1966,RockAndRoll,Soul,WeightedTransition,3,0,0,0
1001,1966,RockAndRoll,SunshinePop,WeightedTransition,8,0,0,0
1001,1966,RockAndRoll,SurfRock,WeightedTransition,3,0,0,0
1001,1966,RockAndRoll,TexMex,WeightedTransition,2,0,0,0
1001,1966,RockAndRoll,TraditionalPop,WeightedTransition,3,0,0,0
1001,1966,Rocksteady,Rocksteady,Retained,4,0,0,0
1001,1966,Ska,Ska,Retained,9,0,0,0
1001,1966,Soul,BluesRock,WeightedTransition,2,0,0,0
1001,1966,Soul,BossaNova,WeightedTransition,1,0,0,0
1001,1966,Soul,BritishBlues,AnnualFloor,1,0,1,0
1001,1966,Soul,BritishBlues,WeightedTransition,2,0,0,0
1001,1966,Soul,BritishPop,WeightedTransition,1,0,1,1
1001,1966,Soul,ContemporaryFolk,WeightedTransition,1,0,0,0
1001,1966,Soul,FolkRock,WeightedTransition,2,0,0,0
1001,1966,Soul,Gospel,AnnualFloor,1,0,1,0
1001,1966,Soul,Gospel,WeightedTransition,2,0,0,0
1001,1966,Soul,LatinPop,WeightedTransition,1,0,0,0
1001,1966,Soul,Rocksteady,AnnualFloor,1,0,1,0
1001,1966,Soul,Ska,AnnualFloor,1,0,1,0
1001,1966,Soul,Ska,WeightedTransition,1,0,0,0
1001,1966,Soul,Soul,Retained,134,0,0,0
1001,1966,Soul,Soul,WeightedTransition,8,0,0,0
1001,1966,Soul,SunshinePop,WeightedTransition,1,0,0,0
1001,1966,Soul,TraditionalPop,WeightedTransition,1,0,0,0
1001,1966,SunshinePop,Blues,WeightedTransition,1,0,0,0
1001,1966,SunshinePop,BritishBeat,WeightedTransition,1,0,0,0
1001,1966,SunshinePop,Comedy,AnnualFloor,1,0,1,0
1001,1966,SunshinePop,Jazz,AnnualFloor,1,0,1,0
1001,1966,SunshinePop,Soul,WeightedTransition,1,0,0,0
1001,1966,SunshinePop,SunshinePop,Retained,14,0,0,0
1001,1966,SunshinePop,SunshinePop,WeightedTransition,1,0,0,0
1001,1966,SurfRock,BritishBlues,WeightedTransition,1,0,0,0
1001,1966,SurfRock,Country,WeightedTransition,1,0,0,0
1001,1966,SurfRock,GarageRock,WeightedTransition,1,0,0,0
1001,1966,SurfRock,RockAndRoll,WeightedTransition,2,0,0,0
1001,1966,SurfRock,SurfRock,AnnualFloor,1,0,1,0
1001,1966,SurfRock,SurfRock,Retained,10,0,0,0
1001,1966,TeenPop,AcidRock,AnnualFloor,1,1,1,0
1001,1966,TeenPop,AcidRock,WeightedTransition,4,4,0,0
1001,1966,TeenPop,BaroquePop,WeightedTransition,2,2,0,0
1001,1966,TeenPop,BluesRock,WeightedTransition,3,3,0,0
1001,1966,TeenPop,BossaNova,WeightedTransition,4,4,0,0
1001,1966,TeenPop,BritishBeat,WeightedTransition,6,6,0,0
1001,1966,TeenPop,BritishBlues,AnnualFloor,1,1,1,0
1001,1966,TeenPop,BritishBlues,WeightedTransition,2,2,0,0
1001,1966,TeenPop,BritishPop,AnnualFloor,1,1,1,0
1001,1966,TeenPop,BritishPop,WeightedTransition,5,5,0,0
1001,1966,TeenPop,Childrens,AnnualFloor,1,1,1,0
1001,1966,TeenPop,Comedy,WeightedTransition,1,1,0,0
1001,1966,TeenPop,ContemporaryFolk,WeightedTransition,5,5,0,0
1001,1966,TeenPop,Country,AnnualFloor,1,1,1,0
1001,1966,TeenPop,Country,WeightedTransition,2,2,0,0
1001,1966,TeenPop,EasyListening,WeightedTransition,7,7,0,0
1001,1966,TeenPop,Folk,WeightedTransition,1,1,0,0
1001,1966,TeenPop,FolkRock,WeightedTransition,1,1,0,0
1001,1966,TeenPop,GarageRock,WeightedTransition,10,10,0,0
1001,1966,TeenPop,Gospel,WeightedTransition,4,4,0,0
1001,1966,TeenPop,LatinPop,WeightedTransition,1,1,0,0
1001,1966,TeenPop,RockAndRoll,WeightedTransition,2,2,0,0
1001,1966,TeenPop,Soul,WeightedTransition,5,5,0,0
1001,1966,TeenPop,SunshinePop,WeightedTransition,5,5,0,0
1001,1966,TeenPop,SurfRock,AnnualFloor,1,1,1,0
1001,1966,TeenPop,TeenPop,Retained,69,69,0,0
1001,1966,TeenPop,TexMex,WeightedTransition,2,2,0,0
1001,1966,TeenPop,TraditionalPop,WeightedTransition,4,4,0,0
1001,1966,TexMex,BritishPop,WeightedTransition,1,0,0,0
1001,1966,TexMex,Folk,WeightedTransition,1,0,0,0
1001,1966,TexMex,SunshinePop,WeightedTransition,1,0,1,1
1001,1966,TexMex,TexMex,AnnualFloor,1,0,1,0
1001,1966,TexMex,TexMex,Retained,14,0,0,0
1001,1966,TraditionalPop,AcidRock,AnnualFloor,1,0,1,0
1001,1966,TraditionalPop,AcidRock,WeightedTransition,2,0,0,0
1001,1966,TraditionalPop,BaroquePop,AnnualFloor,2,0,2,0
1001,1966,TraditionalPop,BaroquePop,WeightedTransition,7,0,0,0
1001,1966,TraditionalPop,Blues,AnnualFloor,1,0,1,0
1001,1966,TraditionalPop,Blues,WeightedTransition,2,0,0,0
1001,1966,TraditionalPop,BluesRock,AnnualFloor,1,0,1,0
1001,1966,TraditionalPop,BluesRock,WeightedTransition,3,0,0,0
1001,1966,TraditionalPop,Boogaloo,AnnualFloor,2,0,2,0
1001,1966,TraditionalPop,Boogaloo,WeightedTransition,2,0,0,0
1001,1966,TraditionalPop,BossaNova,AnnualFloor,1,0,1,0
1001,1966,TraditionalPop,BossaNova,WeightedTransition,7,0,0,0
1001,1966,TraditionalPop,BritishBeat,AnnualFloor,1,0,1,0
1001,1966,TraditionalPop,BritishBeat,WeightedTransition,6,0,0,0
1001,1966,TraditionalPop,BritishBlues,WeightedTransition,4,0,0,0
1001,1966,TraditionalPop,BritishPop,AnnualFloor,1,0,1,0
1001,1966,TraditionalPop,BritishPop,WeightedTransition,18,0,0,0
1001,1966,TraditionalPop,Childrens,WeightedTransition,2,0,0,0
1001,1966,TraditionalPop,Classical,AnnualFloor,1,0,1,0
1001,1966,TraditionalPop,Classical,WeightedTransition,3,0,0,0
1001,1966,TraditionalPop,Comedy,WeightedTransition,2,0,0,0
1001,1966,TraditionalPop,ContemporaryFolk,WeightedTransition,1,0,0,0
1001,1966,TraditionalPop,Country,WeightedTransition,10,0,0,0
1001,1966,TraditionalPop,EasyListening,AnnualFloor,1,0,1,0
1001,1966,TraditionalPop,EasyListening,WeightedTransition,11,0,0,0
1001,1966,TraditionalPop,Folk,WeightedTransition,2,0,0,0
1001,1966,TraditionalPop,FolkRock,AnnualFloor,1,0,1,0
1001,1966,TraditionalPop,FolkRock,WeightedTransition,8,0,0,0
1001,1966,TraditionalPop,GarageRock,AnnualFloor,1,0,1,0
1001,1966,TraditionalPop,GarageRock,WeightedTransition,9,0,0,0
1001,1966,TraditionalPop,Gospel,AnnualFloor,1,0,1,0
1001,1966,TraditionalPop,Gospel,WeightedTransition,4,0,1,1
1001,1966,TraditionalPop,Jazz,WeightedTransition,11,0,0,0
1001,1966,TraditionalPop,LatinPop,WeightedTransition,3,0,0,0
1001,1966,TraditionalPop,RockAndRoll,WeightedTransition,6,0,0,0
1001,1966,TraditionalPop,Rocksteady,WeightedTransition,1,0,1,1
1001,1966,TraditionalPop,Ska,AnnualFloor,1,0,1,0
1001,1966,TraditionalPop,Ska,WeightedTransition,3,0,0,0
1001,1966,TraditionalPop,Soul,WeightedTransition,8,0,0,0
1001,1966,TraditionalPop,SunshinePop,AnnualFloor,1,0,1,0
1001,1966,TraditionalPop,SunshinePop,WeightedTransition,14,0,0,0
1001,1966,TraditionalPop,SurfRock,WeightedTransition,1,0,0,0
1001,1966,TraditionalPop,TexMex,WeightedTransition,6,0,0,0
1001,1966,TraditionalPop,TraditionalPop,AnnualFloor,3,0,3,0
1001,1966,TraditionalPop,TraditionalPop,Retained,250,0,0,0
1001,1966,TraditionalPop,TraditionalPop,WeightedTransition,49,0,1,1
1001,1967,AcidRock,AcidRock,Retained,33,0,0,0
1001,1967,AcidRock,BluesRock,WeightedTransition,1,0,0,0
1001,1967,AcidRock,ContemporaryFolk,AnnualFloor,1,0,1,0
1001,1967,AcidRock,GarageRock,AnnualFloor,1,0,1,0
1001,1967,AcidRock,HardRock,WeightedTransition,1,0,0,0
1001,1967,AcidRock,Soul,WeightedTransition,1,0,0,0
1001,1967,BaroquePop,BaroquePop,Retained,16,0,0,0
1001,1967,BaroquePop,BaroquePop,WeightedTransition,1,0,0,0
1001,1967,BaroquePop,SunshinePop,WeightedTransition,2,0,0,0
1001,1967,BaroquePop,TraditionalPop,WeightedTransition,1,0,0,0
1001,1967,Blues,Blues,AnnualFloor,1,0,1,0
1001,1967,Blues,Blues,Retained,62,0,0,0
1001,1967,Blues,Blues,WeightedTransition,2,0,0,0
1001,1967,Blues,BluesRock,AnnualFloor,1,0,1,0
1001,1967,Blues,Boogaloo,WeightedTransition,1,0,0,0
1001,1967,Blues,Classical,WeightedTransition,1,0,0,0
1001,1967,Blues,Comedy,WeightedTransition,1,0,0,0
1001,1967,Blues,Funk,AnnualFloor,1,0,1,0
1001,1967,Blues,Gospel,WeightedTransition,1,0,0,0
1001,1967,Blues,HardRock,WeightedTransition,1,0,0,0
1001,1967,Blues,Jazz,WeightedTransition,1,0,0,0
1001,1967,Blues,RockAndRoll,WeightedTransition,1,0,0,0
1001,1967,BluesRock,Blues,WeightedTransition,1,0,0,0
1001,1967,BluesRock,BluesRock,Retained,11,0,0,0
1001,1967,BluesRock,ProtoPunk,WeightedTransition,1,0,0,0
1001,1967,Boogaloo,Boogaloo,Retained,13,0,0,0
1001,1967,Boogaloo,HardRock,WeightedTransition,1,0,0,0
1001,1967,Boogaloo,LatinPop,WeightedTransition,1,0,0,0
1001,1967,Boogaloo,SingerSongwriter,WeightedTransition,1,0,0,0
1001,1967,BossaNova,AcidRock,AnnualFloor,1,0,1,0
1001,1967,BossaNova,BaroquePop,WeightedTransition,1,0,0,0
1001,1967,BossaNova,BossaNova,Retained,14,0,0,0
1001,1967,BossaNova,BritishBlues,AnnualFloor,1,0,1,0
1001,1967,BossaNova,ContemporaryFolk,WeightedTransition,1,0,0,0
1001,1967,BossaNova,GarageRock,WeightedTransition,2,0,0,0
1001,1967,BossaNova,Gospel,WeightedTransition,2,0,0,0
1001,1967,BossaNova,SunshinePop,WeightedTransition,1,0,0,0
1001,1967,BritishBeat,AcidRock,AnnualFloor,1,0,1,0
1001,1967,BritishBeat,AcidRock,WeightedTransition,1,0,0,0
1001,1967,BritishBeat,BluesRock,WeightedTransition,4,0,0,0
1001,1967,BritishBeat,Boogaloo,WeightedTransition,1,0,0,0
1001,1967,BritishBeat,BritishBeat,AnnualFloor,1,0,1,0
1001,1967,BritishBeat,BritishBeat,Retained,23,0,0,0
1001,1967,BritishBeat,BritishBeat,WeightedTransition,2,0,0,0
1001,1967,BritishBeat,BritishBlues,WeightedTransition,5,0,0,0
1001,1967,BritishBeat,Childrens,WeightedTransition,3,0,0,0
1001,1967,BritishBeat,ContemporaryFolk,WeightedTransition,1,0,0,0
1001,1967,BritishBeat,EasyListening,WeightedTransition,1,0,0,0
1001,1967,BritishBeat,FolkRock,WeightedTransition,2,0,0,0
1001,1967,BritishBeat,Funk,WeightedTransition,1,0,0,0
1001,1967,BritishBeat,Gospel,WeightedTransition,1,0,0,0
1001,1967,BritishBeat,Jazz,WeightedTransition,1,0,0,0
1001,1967,BritishBeat,LatinPop,WeightedTransition,1,0,0,0
1001,1967,BritishBeat,ProtoPunk,AnnualFloor,1,0,1,0
1001,1967,BritishBeat,PsychedelicRock,WeightedTransition,5,0,0,0
1001,1967,BritishBeat,RockAndRoll,WeightedTransition,3,0,0,0
1001,1967,BritishBeat,Rocksteady,WeightedTransition,1,0,0,0
1001,1967,BritishBeat,Soul,WeightedTransition,3,0,0,0
1001,1967,BritishBeat,SunshinePop,WeightedTransition,3,0,0,0
1001,1967,BritishBlues,AcidRock,WeightedTransition,1,0,0,0
1001,1967,BritishBlues,BluesRock,WeightedTransition,1,0,0,0
1001,1967,BritishBlues,BritishBlues,Retained,58,0,0,0
1001,1967,BritishBlues,BritishBlues,WeightedTransition,3,0,0,0
1001,1967,BritishBlues,GarageRock,WeightedTransition,1,0,0,0
1001,1967,BritishBlues,Jazz,WeightedTransition,1,0,0,0
1001,1967,BritishBlues,ProtoPunk,WeightedTransition,2,0,0,0
1001,1967,BritishBlues,PsychedelicRock,WeightedTransition,1,0,0,0
1001,1967,BritishPop,AcidRock,WeightedTransition,2,0,0,0
1001,1967,BritishPop,BaroquePop,WeightedTransition,3,0,0,0
1001,1967,BritishPop,Blues,WeightedTransition,1,0,0,0
1001,1967,BritishPop,BritishPop,Retained,37,0,0,0
1001,1967,BritishPop,BritishPop,WeightedTransition,7,0,0,0
1001,1967,BritishPop,Bubblegum,WeightedTransition,1,0,0,0
1001,1967,BritishPop,ContemporaryFolk,WeightedTransition,2,0,0,0
1001,1967,BritishPop,Country,WeightedTransition,1,0,0,0
1001,1967,BritishPop,EasyListening,WeightedTransition,2,0,0,0
1001,1967,BritishPop,GarageRock,WeightedTransition,1,0,0,0
1001,1967,BritishPop,Gospel,WeightedTransition,1,0,0,0
1001,1967,BritishPop,RockAndRoll,WeightedTransition,1,0,0,0
1001,1967,BritishPop,Rocksteady,AnnualFloor,1,0,1,0
1001,1967,BritishPop,SunshinePop,AnnualFloor,2,0,2,0
1001,1967,BritishPop,SunshinePop,WeightedTransition,1,0,0,0
1001,1967,BritishPop,TexMex,WeightedTransition,1,0,0,0
1001,1967,Bubblegum,Bubblegum,Retained,5,0,0,0
1001,1967,Bubblegum,GarageRock,WeightedTransition,1,0,0,0
1001,1967,Childrens,Blues,WeightedTransition,1,0,0,0
1001,1967,Childrens,BossaNova,AnnualFloor,1,0,1,0
1001,1967,Childrens,BritishBlues,WeightedTransition,1,0,0,0
1001,1967,Childrens,Childrens,Retained,28,0,0,0
1001,1967,Childrens,Comedy,WeightedTransition,1,0,0,0
1001,1967,Childrens,Country,WeightedTransition,1,0,0,0
1001,1967,Childrens,EasyListening,WeightedTransition,1,0,0,0
1001,1967,Childrens,Jazz,WeightedTransition,1,0,0,0
1001,1967,Childrens,SingerSongwriter,AnnualFloor,1,0,1,0
1001,1967,Childrens,Soul,WeightedTransition,1,0,0,0
1001,1967,Childrens,TexMex,WeightedTransition,1,0,0,0
1001,1967,Classical,AcidRock,WeightedTransition,1,0,0,0
1001,1967,Classical,BluesRock,WeightedTransition,1,0,0,0
1001,1967,Classical,BossaNova,WeightedTransition,1,0,0,0
1001,1967,Classical,Childrens,AnnualFloor,1,0,1,0
1001,1967,Classical,Classical,AnnualFloor,2,0,2,0
1001,1967,Classical,Classical,Retained,42,0,0,0
1001,1967,Classical,Comedy,WeightedTransition,1,0,0,0
1001,1967,Classical,HardRock,WeightedTransition,1,0,0,0
1001,1967,Classical,Jazz,AnnualFloor,1,0,1,0
1001,1967,Comedy,Blues,AnnualFloor,2,0,2,0
1001,1967,Comedy,BritishBlues,WeightedTransition,1,0,0,0
1001,1967,Comedy,Childrens,WeightedTransition,4,0,0,0
1001,1967,Comedy,Classical,WeightedTransition,1,0,0,0
1001,1967,Comedy,Comedy,AnnualFloor,1,0,1,0
1001,1967,Comedy,Comedy,Retained,34,0,0,0
1001,1967,Comedy,Comedy,WeightedTransition,4,0,0,0
1001,1967,Comedy,ContemporaryFolk,WeightedTransition,4,0,0,0
1001,1967,Comedy,Country,WeightedTransition,1,0,0,0
1001,1967,Comedy,EasyListening,WeightedTransition,2,0,0,0
1001,1967,Comedy,Gospel,WeightedTransition,2,0,0,0
1001,1967,Comedy,Jazz,WeightedTransition,1,0,0,0
1001,1967,Comedy,LatinPop,WeightedTransition,1,0,0,0
1001,1967,Comedy,SunshinePop,WeightedTransition,1,0,0,0
1001,1967,ContemporaryFolk,BaroquePop,WeightedTransition,1,0,0,0
1001,1967,ContemporaryFolk,BossaNova,WeightedTransition,1,0,0,0
1001,1967,ContemporaryFolk,BritishBlues,WeightedTransition,2,0,0,0
1001,1967,ContemporaryFolk,Bubblegum,WeightedTransition,1,0,0,0
1001,1967,ContemporaryFolk,Classical,WeightedTransition,1,0,0,0
1001,1967,ContemporaryFolk,ContemporaryFolk,Retained,34,0,0,0
1001,1967,ContemporaryFolk,ContemporaryFolk,WeightedTransition,8,0,0,0
1001,1967,ContemporaryFolk,Country,WeightedTransition,1,0,0,0
1001,1967,ContemporaryFolk,EasyListening,WeightedTransition,1,0,0,0
1001,1967,ContemporaryFolk,FolkRock,AnnualFloor,1,0,1,0
1001,1967,ContemporaryFolk,FolkRock,WeightedTransition,1,0,0,0
1001,1967,ContemporaryFolk,Gospel,WeightedTransition,1,0,0,0
1001,1967,ContemporaryFolk,Jazz,WeightedTransition,1,0,0,0
1001,1967,ContemporaryFolk,ProtoPunk,WeightedTransition,1,0,0,0
1001,1967,ContemporaryFolk,RockAndRoll,WeightedTransition,1,0,0,0
1001,1967,ContemporaryFolk,Rocksteady,WeightedTransition,1,0,0,0
1001,1967,ContemporaryFolk,SunshinePop,WeightedTransition,2,0,0,0
1001,1967,Country,AcidRock,WeightedTransition,1,0,0,0
1001,1967,Country,BaroquePop,WeightedTransition,1,0,0,0
1001,1967,Country,BluesRock,WeightedTransition,3,0,0,0
1001,1967,Country,Boogaloo,AnnualFloor,1,0,1,0
1001,1967,Country,BossaNova,WeightedTransition,1,0,0,0
1001,1967,Country,BritishBlues,WeightedTransition,1,0,0,0
1001,1967,Country,Bubblegum,WeightedTransition,2,0,0,0
1001,1967,Country,Classical,WeightedTransition,2,0,0,0
1001,1967,Country,ContemporaryFolk,AnnualFloor,1,0,1,0
1001,1967,Country,ContemporaryFolk,WeightedTransition,1,0,0,0
1001,1967,Country,Country,AnnualFloor,2,0,2,0
1001,1967,Country,Country,Retained,189,0,0,0
1001,1967,Country,Country,WeightedTransition,9,0,0,0
1001,1967,Country,EasyListening,WeightedTransition,1,0,0,0
1001,1967,Country,FolkRock,WeightedTransition,3,0,0,0
1001,1967,Country,Funk,WeightedTransition,2,0,0,0
1001,1967,Country,Gospel,AnnualFloor,2,0,2,0
1001,1967,Country,Gospel,WeightedTransition,3,0,0,0
1001,1967,Country,HardRock,AnnualFloor,1,0,1,0
1001,1967,Country,Jazz,WeightedTransition,2,0,0,0
1001,1967,Country,ProtoPunk,AnnualFloor,1,0,1,0
1001,1967,Country,RockAndRoll,AnnualFloor,1,0,1,0
1001,1967,Country,SingerSongwriter,WeightedTransition,1,0,0,0
1001,1967,Country,Ska,AnnualFloor,1,0,1,0
1001,1967,Country,Soul,WeightedTransition,1,0,0,0
1001,1967,Country,SunshinePop,WeightedTransition,1,0,0,0
1001,1967,Country,TexMex,WeightedTransition,1,0,0,0
1001,1967,Country,TraditionalPop,WeightedTransition,3,0,0,0
1001,1967,DooWop,AcidRock,WeightedTransition,2,2,0,0
1001,1967,DooWop,BaroquePop,WeightedTransition,2,2,0,0
1001,1967,DooWop,Blues,WeightedTransition,2,2,0,0
1001,1967,DooWop,BritishBeat,WeightedTransition,2,2,0,0
1001,1967,DooWop,BritishBlues,WeightedTransition,2,2,0,0
1001,1967,DooWop,BritishPop,WeightedTransition,1,1,0,0
1001,1967,DooWop,Bubblegum,WeightedTransition,1,1,0,0
1001,1967,DooWop,Country,WeightedTransition,2,2,0,0
1001,1967,DooWop,DooWop,Retained,10,10,0,0
1001,1967,DooWop,Funk,WeightedTransition,3,3,0,0
1001,1967,DooWop,GarageRock,WeightedTransition,4,4,0,0
1001,1967,DooWop,LatinPop,WeightedTransition,1,1,0,0
1001,1967,DooWop,RockAndRoll,WeightedTransition,2,2,0,0
1001,1967,DooWop,Soul,WeightedTransition,4,4,0,0
1001,1967,DooWop,SunshinePop,WeightedTransition,3,3,0,0
1001,1967,DooWop,TexMex,AnnualFloor,1,1,1,0
1001,1967,DooWop,TexMex,WeightedTransition,1,1,0,0
1001,1967,DooWop,TraditionalPop,WeightedTransition,1,1,0,0
1001,1967,EasyListening,AcidRock,WeightedTransition,1,0,0,0
1001,1967,EasyListening,BaroquePop,WeightedTransition,4,0,0,0
1001,1967,EasyListening,BluesRock,AnnualFloor,1,0,1,0
1001,1967,EasyListening,BluesRock,WeightedTransition,1,0,0,0
1001,1967,EasyListening,Boogaloo,AnnualFloor,1,0,1,0
1001,1967,EasyListening,BossaNova,WeightedTransition,2,0,0,0
1001,1967,EasyListening,BritishBlues,WeightedTransition,2,0,0,0
1001,1967,EasyListening,BritishPop,WeightedTransition,3,0,0,0
1001,1967,EasyListening,Bubblegum,AnnualFloor,1,0,1,0
1001,1967,EasyListening,Bubblegum,WeightedTransition,1,0,0,0
1001,1967,EasyListening,Childrens,WeightedTransition,1,0,0,0
1001,1967,EasyListening,Classical,WeightedTransition,2,0,0,0
1001,1967,EasyListening,Comedy,AnnualFloor,1,0,1,0
1001,1967,EasyListening,EasyListening,Retained,118,0,0,0
1001,1967,EasyListening,EasyListening,WeightedTransition,7,0,0,0
1001,1967,EasyListening,FolkRock,WeightedTransition,2,0,0,0
1001,1967,EasyListening,Funk,WeightedTransition,1,0,0,0
1001,1967,EasyListening,Gospel,WeightedTransition,1,0,0,0
1001,1967,EasyListening,HardRock,AnnualFloor,1,0,1,0
1001,1967,EasyListening,HardRock,WeightedTransition,1,0,0,0
1001,1967,EasyListening,Jazz,WeightedTransition,1,0,0,0
1001,1967,EasyListening,ProtoPunk,WeightedTransition,1,0,0,0
1001,1967,EasyListening,RockAndRoll,WeightedTransition,2,0,0,0
1001,1967,EasyListening,Rocksteady,WeightedTransition,1,0,0,0
1001,1967,EasyListening,SingerSongwriter,WeightedTransition,1,0,0,0
1001,1967,EasyListening,Ska,AnnualFloor,1,0,1,0
1001,1967,EasyListening,Soul,AnnualFloor,1,0,1,0
1001,1967,EasyListening,Soul,WeightedTransition,3,0,0,0
1001,1967,EasyListening,SunshinePop,WeightedTransition,3,0,0,0
1001,1967,EasyListening,TexMex,AnnualFloor,1,0,1,0
1001,1967,EasyListening,TexMex,WeightedTransition,2,0,0,0
1001,1967,EasyListening,TraditionalPop,WeightedTransition,3,0,0,0
1001,1967,Folk,BaroquePop,WeightedTransition,2,2,0,0
1001,1967,Folk,Blues,WeightedTransition,1,1,0,0
1001,1967,Folk,BluesRock,WeightedTransition,1,1,0,0
1001,1967,Folk,Boogaloo,WeightedTransition,1,1,0,0
1001,1967,Folk,BritishBeat,WeightedTransition,1,1,0,0
1001,1967,Folk,BritishBlues,WeightedTransition,2,2,0,0
1001,1967,Folk,BritishPop,WeightedTransition,4,4,0,0
1001,1967,Folk,Bubblegum,WeightedTransition,1,1,0,0
1001,1967,Folk,Childrens,AnnualFloor,2,2,2,0
1001,1967,Folk,Classical,WeightedTransition,1,1,0,0
1001,1967,Folk,ContemporaryFolk,AnnualFloor,1,1,1,0
1001,1967,Folk,ContemporaryFolk,WeightedTransition,3,3,0,0
1001,1967,Folk,Country,WeightedTransition,5,5,0,0
1001,1967,Folk,EasyListening,WeightedTransition,3,3,0,0
1001,1967,Folk,Folk,Retained,50,50,0,0
1001,1967,Folk,FolkRock,WeightedTransition,3,3,0,0
1001,1967,Folk,Funk,WeightedTransition,1,1,0,0
1001,1967,Folk,GarageRock,WeightedTransition,1,1,0,0
1001,1967,Folk,Jazz,AnnualFloor,1,1,1,0
1001,1967,Folk,Jazz,WeightedTransition,5,5,0,0
1001,1967,Folk,LatinPop,WeightedTransition,1,1,0,0
1001,1967,Folk,RockAndRoll,WeightedTransition,3,3,0,0
1001,1967,Folk,Rocksteady,WeightedTransition,1,1,0,0
1001,1967,Folk,Soul,WeightedTransition,3,3,0,0
1001,1967,Folk,SunshinePop,WeightedTransition,4,4,0,0
1001,1967,FolkRock,BaroquePop,WeightedTransition,1,0,0,0
1001,1967,FolkRock,BritishPop,WeightedTransition,1,0,0,0
1001,1967,FolkRock,ContemporaryFolk,WeightedTransition,1,0,0,0
1001,1967,FolkRock,Country,AnnualFloor,1,0,1,0
1001,1967,FolkRock,FolkRock,Retained,39,0,0,0
1001,1967,FolkRock,FolkRock,WeightedTransition,5,0,0,0
1001,1967,FolkRock,Gospel,WeightedTransition,1,0,0,0
1001,1967,FolkRock,TexMex,WeightedTransition,2,0,0,0
1001,1967,Funk,Funk,Retained,2,0,0,0
1001,1967,GarageRock,AcidRock,WeightedTransition,2,0,0,0
1001,1967,GarageRock,BluesRock,WeightedTransition,1,0,0,0
1001,1967,GarageRock,BritishBlues,WeightedTransition,2,0,0,0
1001,1967,GarageRock,EasyListening,WeightedTransition,2,0,0,0
1001,1967,GarageRock,GarageRock,Retained,49,0,0,0
1001,1967,GarageRock,GarageRock,WeightedTransition,2,0,0,0
1001,1967,GarageRock,ProtoPunk,WeightedTransition,2,0,0,0
1001,1967,GarageRock,PsychedelicRock,WeightedTransition,1,0,0,0
1001,1967,GarageRock,SunshinePop,WeightedTransition,1,0,0,0
1001,1967,Gospel,AcidRock,WeightedTransition,1,0,0,0
1001,1967,Gospel,Comedy,WeightedTransition,1,0,0,0
1001,1967,Gospel,Funk,WeightedTransition,1,0,0,0
1001,1967,Gospel,Gospel,Retained,37,0,0,0
1001,1967,Gospel,Gospel,WeightedTransition,5,0,0,0
1001,1967,Gospel,LatinPop,AnnualFloor,1,0,1,0
1001,1967,Gospel,Soul,AnnualFloor,1,0,1,0
1001,1967,HardRock,FolkRock,WeightedTransition,1,0,0,0
1001,1967,HardRock,HardRock,Retained,5,0,0,0
1001,1967,HardRock,HardRock,WeightedTransition,1,0,0,0
1001,1967,HardRock,RockAndRoll,WeightedTransition,1,0,0,0
1001,1967,Jazz,AcidRock,WeightedTransition,1,0,0,0
1001,1967,Jazz,BaroquePop,WeightedTransition,4,0,0,0
1001,1967,Jazz,Blues,WeightedTransition,1,0,0,0
1001,1967,Jazz,BluesRock,WeightedTransition,1,0,0,0
1001,1967,Jazz,BossaNova,AnnualFloor,1,0,1,0
1001,1967,Jazz,BossaNova,WeightedTransition,1,0,0,0
1001,1967,Jazz,BritishBlues,AnnualFloor,1,0,1,0
1001,1967,Jazz,BritishPop,AnnualFloor,1,0,1,0
1001,1967,Jazz,BritishPop,WeightedTransition,1,0,0,0
1001,1967,Jazz,Childrens,WeightedTransition,1,0,0,0
1001,1967,Jazz,Classical,AnnualFloor,1,0,1,0
1001,1967,Jazz,Comedy,WeightedTransition,1,0,0,0
1001,1967,Jazz,ContemporaryFolk,WeightedTransition,1,0,0,0
1001,1967,Jazz,Country,WeightedTransition,1,0,0,0
1001,1967,Jazz,EasyListening,WeightedTransition,2,0,0,0
1001,1967,Jazz,Funk,WeightedTransition,3,0,0,0
1001,1967,Jazz,GarageRock,AnnualFloor,1,0,1,0
1001,1967,Jazz,Gospel,WeightedTransition,1,0,0,0
1001,1967,Jazz,Jazz,Retained,147,0,0,0
1001,1967,Jazz,Jazz,WeightedTransition,15,0,0,0
1001,1967,Jazz,LatinPop,AnnualFloor,1,0,1,0
1001,1967,Jazz,RockAndRoll,WeightedTransition,1,0,0,0
1001,1967,Jazz,Rocksteady,WeightedTransition,1,0,0,0
1001,1967,Jazz,Soul,WeightedTransition,5,0,0,0
1001,1967,Jazz,SunshinePop,WeightedTransition,2,0,0,0
1001,1967,Jazz,TraditionalPop,AnnualFloor,1,0,1,0
1001,1967,Jazz,TraditionalPop,WeightedTransition,1,0,0,0
1001,1967,LatinPop,BaroquePop,WeightedTransition,1,0,0,0
1001,1967,LatinPop,Boogaloo,WeightedTransition,1,0,0,0
1001,1967,LatinPop,ContemporaryFolk,WeightedTransition,1,0,0,0
1001,1967,LatinPop,FolkRock,WeightedTransition,1,0,0,0
1001,1967,LatinPop,Gospel,WeightedTransition,1,0,0,0
1001,1967,LatinPop,LatinPop,AnnualFloor,1,0,1,0
1001,1967,LatinPop,LatinPop,Retained,37,0,0,0
1001,1967,LatinPop,Soul,WeightedTransition,1,0,0,0
1001,1967,LatinPop,TraditionalPop,WeightedTransition,1,0,0,0
1001,1967,ProtoPunk,ProtoPunk,Retained,2,0,0,0
1001,1967,PsychedelicRock,BluesRock,WeightedTransition,1,0,0,0
1001,1967,PsychedelicRock,GarageRock,WeightedTransition,1,0,0,0
1001,1967,PsychedelicRock,PsychedelicRock,Retained,39,0,0,0
1001,1967,RnB,AcidRock,WeightedTransition,2,2,0,0
1001,1967,RnB,BaroquePop,WeightedTransition,2,2,0,0
1001,1967,RnB,BluesRock,AnnualFloor,1,1,1,0
1001,1967,RnB,BluesRock,WeightedTransition,1,1,0,0
1001,1967,RnB,BossaNova,WeightedTransition,1,1,0,0
1001,1967,RnB,BritishBlues,WeightedTransition,2,2,0,0
1001,1967,RnB,BritishPop,WeightedTransition,1,1,0,0
1001,1967,RnB,Comedy,WeightedTransition,1,1,0,0
1001,1967,RnB,ContemporaryFolk,WeightedTransition,4,4,0,0
1001,1967,RnB,Country,WeightedTransition,1,1,0,0
1001,1967,RnB,FolkRock,WeightedTransition,2,2,0,0
1001,1967,RnB,Funk,WeightedTransition,3,3,0,0
1001,1967,RnB,Gospel,AnnualFloor,1,1,1,0
1001,1967,RnB,Gospel,WeightedTransition,1,1,0,0
1001,1967,RnB,HardRock,WeightedTransition,2,2,0,0
1001,1967,RnB,LatinPop,WeightedTransition,2,2,0,0
1001,1967,RnB,ProtoPunk,WeightedTransition,2,2,0,0
1001,1967,RnB,RnB,Retained,37,37,0,0
1001,1967,RnB,RockAndRoll,WeightedTransition,2,2,0,0
1001,1967,RnB,Rocksteady,WeightedTransition,1,1,0,0
1001,1967,RnB,SingerSongwriter,WeightedTransition,1,1,0,0
1001,1967,RnB,Ska,WeightedTransition,1,1,0,0
1001,1967,RnB,Soul,WeightedTransition,6,6,0,0
1001,1967,RnB,SunshinePop,WeightedTransition,2,2,0,0
1001,1967,RnB,TraditionalPop,WeightedTransition,2,2,0,0
1001,1967,RockAndRoll,AcidRock,WeightedTransition,6,0,0,0
1001,1967,RockAndRoll,BaroquePop,WeightedTransition,2,0,0,0
1001,1967,RockAndRoll,Blues,WeightedTransition,1,0,0,0
1001,1967,RockAndRoll,BluesRock,WeightedTransition,14,0,0,0
1001,1967,RockAndRoll,Boogaloo,WeightedTransition,2,0,0,0
1001,1967,RockAndRoll,BritishBeat,WeightedTransition,2,0,0,0
1001,1967,RockAndRoll,BritishBlues,AnnualFloor,1,0,1,0
1001,1967,RockAndRoll,BritishBlues,WeightedTransition,10,0,0,0
1001,1967,RockAndRoll,BritishPop,WeightedTransition,5,0,0,0
1001,1967,RockAndRoll,Bubblegum,WeightedTransition,3,0,0,0
1001,1967,RockAndRoll,Childrens,WeightedTransition,2,0,0,0
1001,1967,RockAndRoll,Classical,WeightedTransition,1,0,0,0
1001,1967,RockAndRoll,Comedy,WeightedTransition,3,0,0,0
1001,1967,RockAndRoll,ContemporaryFolk,WeightedTransition,1,0,0,0
1001,1967,RockAndRoll,Country,WeightedTransition,4,0,0,0
1001,1967,RockAndRoll,EasyListening,AnnualFloor,1,0,1,0
1001,1967,RockAndRoll,EasyListening,WeightedTransition,2,0,0,0
1001,1967,RockAndRoll,FolkRock,AnnualFloor,1,0,1,0
1001,1967,RockAndRoll,FolkRock,WeightedTransition,2,0,0,0
1001,1967,RockAndRoll,Funk,WeightedTransition,3,0,0,0
1001,1967,RockAndRoll,GarageRock,WeightedTransition,7,0,0,0
1001,1967,RockAndRoll,Gospel,WeightedTransition,3,0,0,0
1001,1967,RockAndRoll,ProtoPunk,WeightedTransition,1,0,0,0
1001,1967,RockAndRoll,PsychedelicRock,AnnualFloor,2,0,2,0
1001,1967,RockAndRoll,PsychedelicRock,WeightedTransition,8,0,0,0
1001,1967,RockAndRoll,RockAndRoll,AnnualFloor,1,0,1,0
1001,1967,RockAndRoll,RockAndRoll,Retained,66,0,0,0
1001,1967,RockAndRoll,RockAndRoll,WeightedTransition,17,0,0,0
1001,1967,RockAndRoll,SingerSongwriter,AnnualFloor,2,0,2,0
1001,1967,RockAndRoll,SingerSongwriter,WeightedTransition,4,0,0,0
1001,1967,RockAndRoll,Soul,WeightedTransition,9,0,0,0
1001,1967,RockAndRoll,SunshinePop,AnnualFloor,1,0,1,0
1001,1967,RockAndRoll,SunshinePop,WeightedTransition,8,0,0,0
1001,1967,RockAndRoll,TexMex,WeightedTransition,3,0,0,0
1001,1967,RockAndRoll,TraditionalPop,WeightedTransition,3,0,0,0
1001,1967,Rocksteady,AcidRock,AnnualFloor,1,0,1,0
1001,1967,Rocksteady,BritishBeat,AnnualFloor,1,0,1,0
1001,1967,Rocksteady,Funk,WeightedTransition,1,0,0,0
1001,1967,Rocksteady,Rocksteady,AnnualFloor,1,0,1,0
1001,1967,Rocksteady,Rocksteady,Retained,10,0,0,0
1001,1967,SingerSongwriter,SingerSongwriter,Retained,4,0,0,0
1001,1967,Ska,Ska,Retained,10,0,0,0
1001,1967,Soul,AcidRock,WeightedTransition,1,0,0,0
1001,1967,Soul,BaroquePop,AnnualFloor,1,0,1,0
1001,1967,Soul,BaroquePop,WeightedTransition,1,0,0,0
1001,1967,Soul,Boogaloo,AnnualFloor,1,0,1,0
1001,1967,Soul,Bubblegum,AnnualFloor,1,0,1,0
1001,1967,Soul,EasyListening,AnnualFloor,1,0,1,0
1001,1967,Soul,Funk,AnnualFloor,1,0,1,0
1001,1967,Soul,Gospel,WeightedTransition,2,0,0,0
1001,1967,Soul,HardRock,AnnualFloor,1,0,1,0
1001,1967,Soul,Jazz,WeightedTransition,1,0,0,0
1001,1967,Soul,Ska,AnnualFloor,1,0,1,0
1001,1967,Soul,Soul,AnnualFloor,1,0,1,0
1001,1967,Soul,Soul,Retained,138,0,0,0
1001,1967,Soul,Soul,WeightedTransition,9,0,0,0
1001,1967,Soul,TraditionalPop,WeightedTransition,1,0,0,0
1001,1967,SunshinePop,Country,WeightedTransition,1,0,0,0
1001,1967,SunshinePop,Funk,AnnualFloor,1,0,1,0
1001,1967,SunshinePop,Soul,WeightedTransition,1,0,0,0
1001,1967,SunshinePop,SunshinePop,Retained,31,0,0,0
1001,1967,SunshinePop,SunshinePop,WeightedTransition,1,0,0,0
1001,1967,SunshinePop,TraditionalPop,AnnualFloor,1,0,1,0
1001,1967,SunshinePop,TraditionalPop,WeightedTransition,2,0,0,0
1001,1967,SurfRock,AcidRock,WeightedTransition,1,1,0,0
1001,1967,SurfRock,BaroquePop,WeightedTransition,2,2,0,0
1001,1967,SurfRock,BluesRock,WeightedTransition,2,2,0,0
1001,1967,SurfRock,BritishBeat,WeightedTransition,1,1,0,0
1001,1967,SurfRock,BritishBlues,WeightedTransition,1,1,0,0
1001,1967,SurfRock,EasyListening,WeightedTransition,1,1,0,0
1001,1967,SurfRock,GarageRock,WeightedTransition,2,2,0,0
1001,1967,SurfRock,PsychedelicRock,AnnualFloor,1,1,1,0
1001,1967,SurfRock,SurfRock,Retained,4,4,0,0
1001,1967,TeenPop,AcidRock,WeightedTransition,1,1,0,0
1001,1967,TeenPop,BaroquePop,WeightedTransition,4,4,0,0
1001,1967,TeenPop,BluesRock,WeightedTransition,1,1,0,0
1001,1967,TeenPop,BritishBeat,WeightedTransition,1,1,0,0
1001,1967,TeenPop,BritishBlues,WeightedTransition,1,1,0,0
1001,1967,TeenPop,BritishPop,WeightedTransition,4,4,0,0
1001,1967,TeenPop,ContemporaryFolk,WeightedTransition,2,2,0,0
1001,1967,TeenPop,EasyListening,AnnualFloor,1,1,1,0
1001,1967,TeenPop,EasyListening,WeightedTransition,3,3,0,0
1001,1967,TeenPop,FolkRock,AnnualFloor,1,1,1,0
1001,1967,TeenPop,GarageRock,WeightedTransition,1,1,0,0
1001,1967,TeenPop,Gospel,WeightedTransition,2,2,0,0
1001,1967,TeenPop,HardRock,WeightedTransition,1,1,0,0
1001,1967,TeenPop,Jazz,AnnualFloor,1,1,1,0
1001,1967,TeenPop,Jazz,WeightedTransition,2,2,0,0
1001,1967,TeenPop,ProtoPunk,WeightedTransition,3,3,0,0
1001,1967,TeenPop,SingerSongwriter,WeightedTransition,1,1,0,0
1001,1967,TeenPop,Soul,WeightedTransition,1,1,0,0
1001,1967,TeenPop,SunshinePop,WeightedTransition,4,4,0,0
1001,1967,TeenPop,TeenPop,Retained,27,27,0,0
1001,1967,TeenPop,TraditionalPop,WeightedTransition,5,5,0,0
1001,1967,TexMex,Boogaloo,WeightedTransition,1,0,0,0
1001,1967,TexMex,BritishBeat,AnnualFloor,1,0,1,0
1001,1967,TexMex,BritishPop,WeightedTransition,1,0,0,0
1001,1967,TexMex,SunshinePop,WeightedTransition,1,0,0,0
1001,1967,TexMex,TexMex,Retained,30,0,0,0
1001,1967,TexMex,TraditionalPop,WeightedTransition,1,0,0,0
1001,1967,TraditionalPop,AcidRock,WeightedTransition,5,0,0,0
1001,1967,TraditionalPop,BaroquePop,AnnualFloor,2,0,2,0
1001,1967,TraditionalPop,BaroquePop,WeightedTransition,16,0,0,0
1001,1967,TraditionalPop,Blues,WeightedTransition,3,0,0,0
1001,1967,TraditionalPop,BluesRock,WeightedTransition,4,0,0,0
1001,1967,TraditionalPop,Boogaloo,WeightedTransition,1,0,0,0
1001,1967,TraditionalPop,BossaNova,AnnualFloor,1,0,1,0
1001,1967,TraditionalPop,BritishBeat,WeightedTransition,1,0,0,0
1001,1967,TraditionalPop,BritishBlues,WeightedTransition,10,0,0,0
1001,1967,TraditionalPop,BritishPop,AnnualFloor,2,0,2,0
1001,1967,TraditionalPop,BritishPop,WeightedTransition,15,0,0,0
1001,1967,TraditionalPop,Bubblegum,AnnualFloor,1,0,1,0
1001,1967,TraditionalPop,Bubblegum,WeightedTransition,9,0,0,0
1001,1967,TraditionalPop,Childrens,WeightedTransition,4,0,0,0
1001,1967,TraditionalPop,Comedy,AnnualFloor,1,0,1,0
1001,1967,TraditionalPop,ContemporaryFolk,WeightedTransition,2,0,0,0
1001,1967,TraditionalPop,Country,WeightedTransition,5,0,0,0
1001,1967,TraditionalPop,EasyListening,WeightedTransition,14,0,0,0
1001,1967,TraditionalPop,FolkRock,WeightedTransition,5,0,0,0
1001,1967,TraditionalPop,Funk,WeightedTransition,2,0,0,0
1001,1967,TraditionalPop,GarageRock,AnnualFloor,1,0,1,0
1001,1967,TraditionalPop,GarageRock,WeightedTransition,2,0,0,0
1001,1967,TraditionalPop,Gospel,WeightedTransition,5,0,0,0
1001,1967,TraditionalPop,HardRock,WeightedTransition,2,0,0,0
1001,1967,TraditionalPop,Jazz,WeightedTransition,7,0,0,0
1001,1967,TraditionalPop,LatinPop,WeightedTransition,3,0,0,0
1001,1967,TraditionalPop,ProtoPunk,AnnualFloor,1,0,1,0
1001,1967,TraditionalPop,RockAndRoll,AnnualFloor,1,0,1,0
1001,1967,TraditionalPop,RockAndRoll,WeightedTransition,9,0,0,0
1001,1967,TraditionalPop,Rocksteady,AnnualFloor,1,0,1,0
1001,1967,TraditionalPop,SingerSongwriter,WeightedTransition,1,0,0,0
1001,1967,TraditionalPop,Ska,WeightedTransition,1,0,0,0
1001,1967,TraditionalPop,Soul,WeightedTransition,6,0,0,0
1001,1967,TraditionalPop,SunshinePop,WeightedTransition,15,0,0,0
1001,1967,TraditionalPop,TexMex,AnnualFloor,1,0,1,0
1001,1967,TraditionalPop,TexMex,WeightedTransition,1,0,0,0
1001,1967,TraditionalPop,TraditionalPop,AnnualFloor,1,0,1,0
1001,1967,TraditionalPop,TraditionalPop,Retained,205,0,0,0
1001,1967,TraditionalPop,TraditionalPop,WeightedTransition,37,0,0,0
1001,1968,AcidRock,AcidRock,Retained,31,0,0,0
1001,1968,AcidRock,AcidRock,WeightedTransition,2,0,0,0
1001,1968,AcidRock,BluesRock,WeightedTransition,1,0,0,0
1001,1968,AcidRock,Comedy,WeightedTransition,1,0,0,0
1001,1968,AcidRock,Country,AnnualFloor,1,0,1,0
1001,1968,AcidRock,FolkRock,WeightedTransition,1,0,0,0
1001,1968,AcidRock,Jazz,WeightedTransition,2,0,0,0
1001,1968,AcidRock,ProgressiveRock,AnnualFloor,1,0,1,0
1001,1968,AcidRock,ProgressiveRock,WeightedTransition,2,0,0,0
1001,1968,BaroquePop,BaroquePop,Retained,28,0,0,0
1001,1968,BaroquePop,Blues,WeightedTransition,1,0,0,0
1001,1968,BaroquePop,Bubblegum,WeightedTransition,1,0,0,0
1001,1968,BaroquePop,Funk,WeightedTransition,1,0,0,0
1001,1968,BaroquePop,SunshinePop,WeightedTransition,1,0,0,0
1001,1968,BaroquePop,TexMex,WeightedTransition,1,0,0,0
1001,1968,Blues,Blues,Retained,59,0,0,0
1001,1968,Blues,Blues,WeightedTransition,1,0,0,0
1001,1968,Blues,BritishBeat,WeightedTransition,2,0,0,0
1001,1968,Blues,Classical,WeightedTransition,1,0,0,0
1001,1968,Blues,Jazz,WeightedTransition,1,0,0,0
1001,1968,BluesRock,BluesRock,Retained,30,0,0,0
1001,1968,BluesRock,BluesRock,WeightedTransition,1,0,0,0
1001,1968,BluesRock,BritishBeat,AnnualFloor,1,0,1,0
1001,1968,BluesRock,BritishBeat,WeightedTransition,1,0,0,0
1001,1968,BluesRock,Funk,WeightedTransition,1,0,0,0
1001,1968,BluesRock,GarageRock,WeightedTransition,2,0,0,0
1001,1968,BluesRock,ProgressiveRock,WeightedTransition,1,0,0,0
1001,1968,BluesRock,PsychedelicRock,AnnualFloor,1,0,1,0
1001,1968,Boogaloo,Boogaloo,Retained,13,0,0,0
1001,1968,Boogaloo,Boogaloo,WeightedTransition,1,0,0,0
1001,1968,Boogaloo,CountryRock,WeightedTransition,1,0,0,0
1001,1968,Boogaloo,Funk,WeightedTransition,1,0,0,0
1001,1968,Boogaloo,Reggae,WeightedTransition,1,0,0,0
1001,1968,BossaNova,BaroquePop,WeightedTransition,1,1,0,0
1001,1968,BossaNova,BluesRock,WeightedTransition,1,1,0,0
1001,1968,BossaNova,BossaNova,Retained,10,10,0,0
1001,1968,BossaNova,Bubblegum,WeightedTransition,1,1,0,0
1001,1968,BossaNova,CountryRock,WeightedTransition,1,1,0,0
1001,1968,BossaNova,Jazz,WeightedTransition,1,1,0,0
1001,1968,BossaNova,SunshinePop,WeightedTransition,1,1,0,0
1001,1968,BritishBeat,AcidRock,WeightedTransition,3,0,0,0
1001,1968,BritishBeat,BaroquePop,WeightedTransition,1,0,0,0
1001,1968,BritishBeat,Boogaloo,WeightedTransition,1,0,0,0
1001,1968,BritishBeat,BritishBeat,Retained,38,0,0,0
1001,1968,BritishBeat,BritishBeat,WeightedTransition,4,0,0,0
1001,1968,BritishBeat,BritishBlues,WeightedTransition,4,0,0,0
1001,1968,BritishBeat,BritishPop,WeightedTransition,1,0,0,0
1001,1968,BritishBeat,Classical,WeightedTransition,2,0,0,0
1001,1968,BritishBeat,ContemporaryFolk,WeightedTransition,1,0,0,0
1001,1968,BritishBeat,Country,WeightedTransition,2,0,0,0
1001,1968,BritishBeat,EasyListening,WeightedTransition,2,0,0,0
1001,1968,BritishBeat,FolkRock,WeightedTransition,2,0,0,0
1001,1968,BritishBeat,Funk,WeightedTransition,2,0,0,0
1001,1968,BritishBeat,Gospel,WeightedTransition,2,0,0,0
1001,1968,BritishBeat,LatinPop,WeightedTransition,2,0,0,0
1001,1968,BritishBeat,ProgressiveRock,WeightedTransition,2,0,0,0
1001,1968,BritishBeat,ProtoMetal,WeightedTransition,2,0,0,0
1001,1968,BritishBeat,ProtoPunk,WeightedTransition,1,0,0,0
1001,1968,BritishBeat,PsychedelicRock,WeightedTransition,2,0,0,0
1001,1968,BritishBeat,RockAndRoll,WeightedTransition,2,0,0,0
1001,1968,BritishBeat,SingerSongwriter,WeightedTransition,1,0,0,0
1001,1968,BritishBeat,Soul,AnnualFloor,1,0,1,0
1001,1968,BritishBeat,Soul,WeightedTransition,2,0,0,0
1001,1968,BritishBeat,SunshinePop,WeightedTransition,1,0,0,0
1001,1968,BritishBlues,Blues,WeightedTransition,1,0,0,0
1001,1968,BritishBlues,BritishBeat,WeightedTransition,1,0,0,0
1001,1968,BritishBlues,BritishBlues,Retained,54,0,0,0
1001,1968,BritishBlues,BritishBlues,WeightedTransition,6,0,0,0
1001,1968,BritishBlues,Country,WeightedTransition,1,0,0,0
1001,1968,BritishBlues,EasyListening,WeightedTransition,1,0,0,0
1001,1968,BritishBlues,FolkRock,WeightedTransition,1,0,0,0
1001,1968,BritishBlues,GarageRock,WeightedTransition,1,0,0,0
1001,1968,BritishBlues,HardRock,WeightedTransition,3,0,0,0
1001,1968,BritishBlues,LatinPop,WeightedTransition,1,0,0,0
1001,1968,BritishBlues,ProgressiveRock,WeightedTransition,1,0,0,0
1001,1968,BritishBlues,ProtoMetal,WeightedTransition,2,0,0,0
1001,1968,BritishBlues,PsychedelicRock,WeightedTransition,1,0,0,0
1001,1968,BritishBlues,RockAndRoll,WeightedTransition,2,0,0,0
1001,1968,BritishBlues,SingerSongwriter,WeightedTransition,1,0,0,0
1001,1968,BritishBlues,SunshinePop,AnnualFloor,1,0,1,0
1001,1968,BritishBlues,SunshinePop,WeightedTransition,1,0,0,0
1001,1968,BritishBlues,TraditionalPop,WeightedTransition,2,0,0,0
1001,1968,BritishPop,AcidRock,AnnualFloor,1,0,1,0
1001,1968,BritishPop,AcidRock,WeightedTransition,1,0,0,0
1001,1968,BritishPop,BaroquePop,WeightedTransition,2,0,0,0
1001,1968,BritishPop,BritishBlues,WeightedTransition,2,0,0,0
1001,1968,BritishPop,BritishPop,Retained,42,0,0,0
1001,1968,BritishPop,BritishPop,WeightedTransition,1,0,0,0
1001,1968,BritishPop,Childrens,WeightedTransition,1,0,0,0
1001,1968,BritishPop,Classical,WeightedTransition,2,0,0,0
1001,1968,BritishPop,Comedy,WeightedTransition,3,0,0,0
1001,1968,BritishPop,ContemporaryFolk,WeightedTransition,1,0,0,0
1001,1968,BritishPop,Country,AnnualFloor,1,0,1,0
1001,1968,BritishPop,EasyListening,WeightedTransition,2,0,0,0
1001,1968,BritishPop,GarageRock,AnnualFloor,1,0,1,0
1001,1968,BritishPop,HardRock,WeightedTransition,1,0,0,0
1001,1968,BritishPop,ProtoPunk,WeightedTransition,2,0,0,0
1001,1968,BritishPop,SingerSongwriter,WeightedTransition,1,0,0,0
1001,1968,BritishPop,Soul,WeightedTransition,2,0,0,0
1001,1968,BritishPop,SunshinePop,WeightedTransition,7,0,0,0
1001,1968,Bubblegum,BaroquePop,WeightedTransition,1,0,0,0
1001,1968,Bubblegum,Bubblegum,Retained,14,0,0,0
1001,1968,Bubblegum,SunshinePop,WeightedTransition,1,0,0,0
1001,1968,Bubblegum,TraditionalPop,WeightedTransition,1,0,0,0
1001,1968,Childrens,Childrens,Retained,32,0,0,0
1001,1968,Childrens,Childrens,WeightedTransition,3,0,0,0
1001,1968,Childrens,Classical,WeightedTransition,1,0,0,0
1001,1968,Childrens,ContemporaryFolk,WeightedTransition,1,0,0,0
1001,1968,Childrens,Soul,WeightedTransition,1,0,0,0
1001,1968,Classical,AcidRock,WeightedTransition,1,0,0,0
1001,1968,Classical,BaroquePop,WeightedTransition,1,0,0,0
1001,1968,Classical,BritishBlues,WeightedTransition,2,0,0,0
1001,1968,Classical,Classical,Retained,49,0,0,0
1001,1968,Classical,Classical,WeightedTransition,1,0,0,0
1001,1968,Classical,ProtoMetal,AnnualFloor,1,0,1,0
1001,1968,Classical,SingerSongwriter,WeightedTransition,1,0,0,0
1001,1968,Classical,TraditionalPop,AnnualFloor,1,0,1,0
1001,1968,Classical,TraditionalPop,WeightedTransition,2,0,0,0
1001,1968,Comedy,AcidRock,AnnualFloor,1,0,1,0
1001,1968,Comedy,BluesRock,WeightedTransition,1,0,0,0
1001,1968,Comedy,BritishPop,WeightedTransition,1,0,0,0
1001,1968,Comedy,Bubblegum,WeightedTransition,2,0,0,0
1001,1968,Comedy,Childrens,AnnualFloor,1,0,1,0
1001,1968,Comedy,Childrens,WeightedTransition,2,0,0,0
1001,1968,Comedy,Classical,WeightedTransition,1,0,0,0
1001,1968,Comedy,Comedy,Retained,46,0,0,0
1001,1968,Comedy,Comedy,WeightedTransition,1,0,0,0
1001,1968,Comedy,FolkRock,WeightedTransition,1,0,0,0
1001,1968,Comedy,Gospel,AnnualFloor,1,0,1,0
1001,1968,Comedy,Gospel,WeightedTransition,1,0,0,0
1001,1968,Comedy,HardRock,AnnualFloor,1,0,1,0
1001,1968,Comedy,HardRock,WeightedTransition,3,0,0,0
1001,1968,Comedy,Jazz,WeightedTransition,2,0,0,0
1001,1968,Comedy,Rocksteady,AnnualFloor,1,0,1,0
1001,1968,Comedy,Soul,WeightedTransition,1,0,0,0
1001,1968,Comedy,SunshinePop,WeightedTransition,1,0,0,0
1001,1968,ContemporaryFolk,BaroquePop,WeightedTransition,2,0,0,0
1001,1968,ContemporaryFolk,Blues,WeightedTransition,1,0,0,0
1001,1968,ContemporaryFolk,BluesRock,WeightedTransition,2,0,0,0
1001,1968,ContemporaryFolk,BritishBlues,WeightedTransition,2,0,0,0
1001,1968,ContemporaryFolk,Classical,WeightedTransition,1,0,0,0
1001,1968,ContemporaryFolk,ContemporaryFolk,Retained,42,0,0,0
1001,1968,ContemporaryFolk,ContemporaryFolk,WeightedTransition,2,0,0,0
1001,1968,ContemporaryFolk,FolkRock,WeightedTransition,1,0,0,0
1001,1968,ContemporaryFolk,Funk,WeightedTransition,1,0,0,0
1001,1968,ContemporaryFolk,Jazz,WeightedTransition,1,0,0,0
1001,1968,ContemporaryFolk,ProtoPunk,WeightedTransition,2,0,0,0
1001,1968,ContemporaryFolk,SingerSongwriter,WeightedTransition,1,0,0,0
1001,1968,ContemporaryFolk,Soul,WeightedTransition,1,0,0,0
1001,1968,ContemporaryFolk,SunshinePop,AnnualFloor,1,0,1,0
1001,1968,ContemporaryFolk,SunshinePop,WeightedTransition,1,0,0,0
1001,1968,Country,AcidRock,WeightedTransition,1,0,0,0
1001,1968,Country,Blues,AnnualFloor,1,0,1,0
1001,1968,Country,BluesRock,WeightedTransition,1,0,0,0
1001,1968,Country,Boogaloo,AnnualFloor,1,0,1,0
1001,1968,Country,BritishBeat,WeightedTransition,3,0,0,0
1001,1968,Country,BritishPop,AnnualFloor,1,0,1,0
1001,1968,Country,BritishPop,WeightedTransition,1,0,0,0
1001,1968,Country,Childrens,WeightedTransition,2,0,0,0
1001,1968,Country,Comedy,WeightedTransition,1,0,0,0
1001,1968,Country,Country,Retained,193,0,0,0
1001,1968,Country,Country,WeightedTransition,14,0,0,0
1001,1968,Country,CountryRock,AnnualFloor,1,0,1,0
1001,1968,Country,CountryRock,WeightedTransition,1,0,0,0
1001,1968,Country,EasyListening,WeightedTransition,1,0,0,0
1001,1968,Country,FolkRock,WeightedTransition,5,0,0,0
1001,1968,Country,Funk,AnnualFloor,1,0,1,0
1001,1968,Country,Funk,WeightedTransition,3,0,0,0
1001,1968,Country,GarageRock,AnnualFloor,1,0,1,0
1001,1968,Country,Gospel,WeightedTransition,3,0,0,0
1001,1968,Country,Jazz,WeightedTransition,1,0,0,0
1001,1968,Country,ProgressiveRock,AnnualFloor,1,0,1,0
1001,1968,Country,ProgressiveRock,WeightedTransition,1,0,0,0
1001,1968,Country,RockAndRoll,AnnualFloor,1,0,1,0
1001,1968,Country,RockAndRoll,WeightedTransition,3,0,0,0
1001,1968,Country,SingerSongwriter,AnnualFloor,1,0,1,0
1001,1968,Country,Soul,WeightedTransition,2,0,0,0
1001,1968,Country,TraditionalPop,WeightedTransition,3,0,0,0
1001,1968,CountryRock,CountryRock,Retained,4,0,0,0
1001,1968,CountryRock,CountryRock,WeightedTransition,2,0,0,0
1001,1968,CountryRock,HardRock,WeightedTransition,1,0,0,0
1001,1968,DooWop,BluesRock,WeightedTransition,1,1,0,0
1001,1968,DooWop,Country,WeightedTransition,1,1,0,0
1001,1968,DooWop,DooWop,Retained,4,4,0,0
1001,1968,DooWop,EasyListening,WeightedTransition,3,3,0,0
1001,1968,DooWop,Soul,WeightedTransition,1,1,0,0
1001,1968,DooWop,SunshinePop,WeightedTransition,1,1,0,0
1001,1968,EasyListening,AcidRock,WeightedTransition,2,0,0,0
1001,1968,EasyListening,BaroquePop,AnnualFloor,1,0,1,0
1001,1968,EasyListening,BaroquePop,WeightedTransition,9,0,0,0
1001,1968,EasyListening,Blues,AnnualFloor,1,0,1,0
1001,1968,EasyListening,BluesRock,WeightedTransition,1,0,0,0
1001,1968,EasyListening,Boogaloo,WeightedTransition,1,0,0,0
1001,1968,EasyListening,BritishBlues,WeightedTransition,1,0,0,0
1001,1968,EasyListening,BritishPop,WeightedTransition,2,0,0,0
1001,1968,EasyListening,Bubblegum,AnnualFloor,1,0,1,0
1001,1968,EasyListening,Bubblegum,WeightedTransition,6,0,0,0
1001,1968,EasyListening,Childrens,WeightedTransition,1,0,0,0
1001,1968,EasyListening,ContemporaryFolk,AnnualFloor,1,0,1,0
1001,1968,EasyListening,Country,WeightedTransition,4,0,0,0
1001,1968,EasyListening,EasyListening,AnnualFloor,1,0,1,0
1001,1968,EasyListening,EasyListening,Retained,83,0,0,0
1001,1968,EasyListening,EasyListening,WeightedTransition,14,0,0,0
1001,1968,EasyListening,FolkRock,AnnualFloor,1,0,1,0
1001,1968,EasyListening,Funk,WeightedTransition,4,0,0,0
1001,1968,EasyListening,GarageRock,WeightedTransition,2,0,0,0
1001,1968,EasyListening,HardRock,AnnualFloor,1,0,1,0
1001,1968,EasyListening,HardRock,WeightedTransition,2,0,0,0
1001,1968,EasyListening,Jazz,AnnualFloor,1,0,1,0
1001,1968,EasyListening,Jazz,WeightedTransition,9,0,0,0
1001,1968,EasyListening,LatinPop,AnnualFloor,1,0,1,0
1001,1968,EasyListening,LatinPop,WeightedTransition,1,0,0,0
1001,1968,EasyListening,ProgressiveRock,WeightedTransition,1,0,0,0
1001,1968,EasyListening,ProtoMetal,WeightedTransition,1,0,0,0
1001,1968,EasyListening,RockAndRoll,WeightedTransition,2,0,0,0
1001,1968,EasyListening,SingerSongwriter,WeightedTransition,3,0,0,0
1001,1968,EasyListening,Soul,WeightedTransition,3,0,0,0
1001,1968,EasyListening,SunshinePop,WeightedTransition,5,0,0,0
1001,1968,EasyListening,TexMex,WeightedTransition,1,0,0,0
1001,1968,EasyListening,TraditionalPop,WeightedTransition,6,0,0,0
1001,1968,Folk,AcidRock,WeightedTransition,1,1,0,0
1001,1968,Folk,BaroquePop,WeightedTransition,3,3,0,0
1001,1968,Folk,BluesRock,WeightedTransition,1,1,0,0
1001,1968,Folk,BritishBeat,WeightedTransition,2,2,0,0
1001,1968,Folk,BritishBlues,AnnualFloor,1,1,1,0
1001,1968,Folk,Bubblegum,WeightedTransition,3,3,0,0
1001,1968,Folk,Classical,WeightedTransition,1,1,0,0
1001,1968,Folk,ContemporaryFolk,WeightedTransition,3,3,0,0
1001,1968,Folk,CountryRock,AnnualFloor,1,1,1,0
1001,1968,Folk,CountryRock,WeightedTransition,6,6,0,0
1001,1968,Folk,EasyListening,WeightedTransition,1,1,0,0
1001,1968,Folk,Folk,Retained,27,27,0,0
1001,1968,Folk,FolkRock,WeightedTransition,4,4,0,0
1001,1968,Folk,HardRock,WeightedTransition,2,2,0,0
1001,1968,Folk,Jazz,AnnualFloor,1,1,1,0
1001,1968,Folk,Jazz,WeightedTransition,1,1,0,0
1001,1968,Folk,ProgressiveRock,WeightedTransition,1,1,0,0
1001,1968,Folk,ProtoMetal,AnnualFloor,1,1,1,0
1001,1968,Folk,RockAndRoll,AnnualFloor,1,1,1,0
1001,1968,Folk,RockAndRoll,WeightedTransition,2,2,0,0
1001,1968,Folk,Soul,WeightedTransition,2,2,0,0
1001,1968,Folk,SunshinePop,WeightedTransition,1,1,0,0
1001,1968,Folk,TraditionalPop,WeightedTransition,5,5,0,0
1001,1968,FolkRock,AcidRock,WeightedTransition,1,0,0,0
1001,1968,FolkRock,BluesRock,WeightedTransition,2,0,0,0
1001,1968,FolkRock,FolkRock,Retained,20,0,0,0
1001,1968,FolkRock,FolkRock,WeightedTransition,4,0,0,0
1001,1968,FolkRock,Gospel,WeightedTransition,1,0,0,0
1001,1968,FolkRock,ProtoPunk,AnnualFloor,1,0,1,0
1001,1968,FolkRock,RockAndRoll,AnnualFloor,1,0,1,0
1001,1968,FolkRock,Rocksteady,WeightedTransition,1,0,0,0
1001,1968,FolkRock,SingerSongwriter,WeightedTransition,3,0,0,0
1001,1968,FolkRock,TexMex,AnnualFloor,1,0,1,0
1001,1968,FolkRock,TraditionalPop,WeightedTransition,1,0,0,0
1001,1968,Funk,BaroquePop,WeightedTransition,1,0,0,0
1001,1968,Funk,Bubblegum,WeightedTransition,1,0,0,0
1001,1968,Funk,FolkRock,WeightedTransition,1,0,0,0
1001,1968,Funk,Funk,AnnualFloor,1,0,1,0
1001,1968,Funk,Funk,Retained,14,0,0,0
1001,1968,GarageRock,AcidRock,WeightedTransition,1,0,0,0
1001,1968,GarageRock,BluesRock,WeightedTransition,1,0,0,0
1001,1968,GarageRock,BritishBeat,WeightedTransition,1,0,0,0
1001,1968,GarageRock,BritishBlues,WeightedTransition,3,0,0,0
1001,1968,GarageRock,Bubblegum,WeightedTransition,1,0,0,0
1001,1968,GarageRock,Childrens,WeightedTransition,1,0,0,0
1001,1968,GarageRock,EasyListening,AnnualFloor,1,0,1,0
1001,1968,GarageRock,GarageRock,Retained,20,0,0,0
1001,1968,GarageRock,GarageRock,WeightedTransition,1,0,0,0
1001,1968,GarageRock,Gospel,WeightedTransition,1,0,0,0
1001,1968,GarageRock,HardRock,WeightedTransition,1,0,0,0
1001,1968,GarageRock,ProgressiveRock,WeightedTransition,1,0,0,0
1001,1968,GarageRock,ProtoMetal,WeightedTransition,1,0,0,0
1001,1968,GarageRock,ProtoPunk,WeightedTransition,1,0,0,0
1001,1968,GarageRock,PsychedelicRock,WeightedTransition,1,0,0,0
1001,1968,GarageRock,Soul,WeightedTransition,2,0,0,0
1001,1968,GarageRock,SunshinePop,WeightedTransition,2,0,0,0
1001,1968,Gospel,BluesRock,WeightedTransition,1,0,0,0
1001,1968,Gospel,BritishBeat,AnnualFloor,1,0,1,0
1001,1968,Gospel,Funk,WeightedTransition,1,0,0,0
1001,1968,Gospel,Gospel,AnnualFloor,1,0,1,0
1001,1968,Gospel,Gospel,Retained,45,0,0,0
1001,1968,Gospel,Gospel,WeightedTransition,2,0,0,0
1001,1968,Gospel,ProtoPunk,AnnualFloor,1,0,1,0
1001,1968,Gospel,Soul,WeightedTransition,1,0,0,0
1001,1968,Gospel,TraditionalPop,WeightedTransition,1,0,0,0
1001,1968,HardRock,BaroquePop,AnnualFloor,1,0,1,0
1001,1968,HardRock,BritishBlues,WeightedTransition,1,0,0,0
1001,1968,HardRock,HardRock,Retained,11,0,0,0
1001,1968,HardRock,HardRock,WeightedTransition,1,0,0,0
1001,1968,HardRock,ProtoPunk,WeightedTransition,2,0,0,0
1001,1968,HardRock,PsychedelicRock,AnnualFloor,1,0,1,0
1001,1968,HardRock,RockAndRoll,WeightedTransition,1,0,0,0
1001,1968,Jazz,AcidRock,WeightedTransition,3,0,0,0
1001,1968,Jazz,BaroquePop,WeightedTransition,1,0,0,0
1001,1968,Jazz,BluesRock,AnnualFloor,1,0,1,0
1001,1968,Jazz,BritishBlues,WeightedTransition,1,0,0,0
1001,1968,Jazz,BritishPop,WeightedTransition,1,0,0,0
1001,1968,Jazz,Bubblegum,WeightedTransition,2,0,0,0
1001,1968,Jazz,Classical,AnnualFloor,1,0,1,0
1001,1968,Jazz,ContemporaryFolk,AnnualFloor,1,0,1,0
1001,1968,Jazz,Country,WeightedTransition,2,0,0,0
1001,1968,Jazz,FolkRock,AnnualFloor,1,0,1,0
1001,1968,Jazz,HardRock,WeightedTransition,1,0,0,0
1001,1968,Jazz,Jazz,AnnualFloor,1,0,1,0
1001,1968,Jazz,Jazz,Retained,139,0,0,0
1001,1968,Jazz,Jazz,WeightedTransition,16,0,0,0
1001,1968,Jazz,LatinPop,AnnualFloor,1,0,1,0
1001,1968,Jazz,Reggae,AnnualFloor,2,0,2,0
1001,1968,Jazz,Reggae,WeightedTransition,1,0,0,0
1001,1968,Jazz,RockAndRoll,WeightedTransition,2,0,0,0
1001,1968,Jazz,Soul,WeightedTransition,8,0,0,0
1001,1968,Jazz,SunshinePop,WeightedTransition,1,0,0,0
1001,1968,Jazz,TraditionalPop,WeightedTransition,1,0,0,0
1001,1968,LatinPop,BluesRock,AnnualFloor,1,0,1,0
1001,1968,LatinPop,Childrens,WeightedTransition,2,0,0,0
1001,1968,LatinPop,Comedy,WeightedTransition,1,0,0,0
1001,1968,LatinPop,EasyListening,WeightedTransition,1,0,0,0
1001,1968,LatinPop,LatinPop,Retained,51,0,0,0
1001,1968,LatinPop,SunshinePop,WeightedTransition,1,0,0,0
1001,1968,ProgressiveRock,ProgressiveRock,Retained,2,0,0,0
1001,1968,ProgressiveRock,SunshinePop,WeightedTransition,1,0,0,0
1001,1968,ProtoMetal,ProtoMetal,Retained,7,0,0,0
1001,1968,ProtoPunk,Blues,WeightedTransition,1,0,0,0
1001,1968,ProtoPunk,EasyListening,WeightedTransition,1,0,0,0
1001,1968,ProtoPunk,LatinPop,WeightedTransition,1,0,0,0
1001,1968,ProtoPunk,ProtoPunk,Retained,2,0,0,0
1001,1968,PsychedelicRock,AcidRock,WeightedTransition,2,0,0,0
1001,1968,PsychedelicRock,BluesRock,WeightedTransition,3,0,0,0
1001,1968,PsychedelicRock,BritishBeat,WeightedTransition,1,0,0,0
1001,1968,PsychedelicRock,Bubblegum,AnnualFloor,1,0,1,0
1001,1968,PsychedelicRock,Comedy,WeightedTransition,1,0,0,0
1001,1968,PsychedelicRock,ContemporaryFolk,WeightedTransition,1,0,0,0
1001,1968,PsychedelicRock,Country,WeightedTransition,1,0,0,0
1001,1968,PsychedelicRock,EasyListening,WeightedTransition,1,0,0,0
1001,1968,PsychedelicRock,GarageRock,AnnualFloor,1,0,1,0
1001,1968,PsychedelicRock,Gospel,WeightedTransition,1,0,0,0
1001,1968,PsychedelicRock,HardRock,WeightedTransition,2,0,0,0
1001,1968,PsychedelicRock,ProgressiveRock,WeightedTransition,1,0,0,0
1001,1968,PsychedelicRock,PsychedelicRock,Retained,33,0,0,0
1001,1968,PsychedelicRock,PsychedelicRock,WeightedTransition,1,0,0,0
1001,1968,PsychedelicRock,Soul,WeightedTransition,1,0,0,0
1001,1968,PsychedelicRock,TraditionalPop,WeightedTransition,1,0,0,0
1001,1968,Reggae,Reggae,Retained,3,0,0,0
1001,1968,RnB,BaroquePop,WeightedTransition,1,1,0,0
1001,1968,RnB,Childrens,WeightedTransition,2,2,0,0
1001,1968,RnB,Comedy,AnnualFloor,2,2,2,0
1001,1968,RnB,ContemporaryFolk,WeightedTransition,1,1,0,0
1001,1968,RnB,Country,WeightedTransition,1,1,0,0
1001,1968,RnB,CountryRock,WeightedTransition,2,2,0,0
1001,1968,RnB,EasyListening,WeightedTransition,1,1,0,0
1001,1968,RnB,Funk,WeightedTransition,1,1,0,0
1001,1968,RnB,Gospel,WeightedTransition,2,2,0,0
1001,1968,RnB,Jazz,WeightedTransition,1,1,0,0
1001,1968,RnB,RnB,Retained,20,20,0,0
1001,1968,RnB,RockAndRoll,WeightedTransition,3,3,0,0
1001,1968,RnB,SingerSongwriter,WeightedTransition,1,1,0,0
1001,1968,RnB,Soul,WeightedTransition,3,3,0,0
1001,1968,RnB,SunshinePop,WeightedTransition,2,2,0,0
1001,1968,RockAndRoll,AcidRock,WeightedTransition,2,0,0,0
1001,1968,RockAndRoll,Blues,WeightedTransition,1,0,0,0
1001,1968,RockAndRoll,BluesRock,WeightedTransition,4,0,0,0
1001,1968,RockAndRoll,BritishBeat,WeightedTransition,1,0,0,0
1001,1968,RockAndRoll,BritishBlues,AnnualFloor,2,0,2,0
1001,1968,RockAndRoll,BritishBlues,WeightedTransition,3,0,0,0
1001,1968,RockAndRoll,Bubblegum,WeightedTransition,3,0,0,0
1001,1968,RockAndRoll,Childrens,WeightedTransition,1,0,0,0
1001,1968,RockAndRoll,Comedy,AnnualFloor,1,0,1,0
1001,1968,RockAndRoll,ContemporaryFolk,AnnualFloor,1,0,1,0
1001,1968,RockAndRoll,ContemporaryFolk,WeightedTransition,1,0,0,0
1001,1968,RockAndRoll,Country,WeightedTransition,1,0,0,0
1001,1968,RockAndRoll,CountryRock,WeightedTransition,1,0,0,0
1001,1968,RockAndRoll,EasyListening,WeightedTransition,1,0,0,0
1001,1968,RockAndRoll,FolkRock,WeightedTransition,2,0,0,0
1001,1968,RockAndRoll,Funk,WeightedTransition,3,0,0,0
1001,1968,RockAndRoll,GarageRock,WeightedTransition,1,0,0,0
1001,1968,RockAndRoll,HardRock,AnnualFloor,1,0,1,0
1001,1968,RockAndRoll,HardRock,WeightedTransition,1,0,0,0
1001,1968,RockAndRoll,LatinPop,WeightedTransition,2,0,0,0
1001,1968,RockAndRoll,ProgressiveRock,WeightedTransition,2,0,0,0
1001,1968,RockAndRoll,ProtoMetal,WeightedTransition,1,0,0,0
1001,1968,RockAndRoll,ProtoPunk,WeightedTransition,3,0,0,0
1001,1968,RockAndRoll,PsychedelicRock,AnnualFloor,1,0,1,0
1001,1968,RockAndRoll,PsychedelicRock,WeightedTransition,4,0,0,0
1001,1968,RockAndRoll,Reggae,WeightedTransition,1,0,0,0
1001,1968,RockAndRoll,RockAndRoll,Retained,118,0,0,0
1001,1968,RockAndRoll,RockAndRoll,WeightedTransition,9,0,0,0
1001,1968,RockAndRoll,Rocksteady,AnnualFloor,1,0,1,0
1001,1968,RockAndRoll,Soul,WeightedTransition,4,0,0,0
1001,1968,RockAndRoll,SunshinePop,WeightedTransition,3,0,0,0
1001,1968,Rocksteady,BaroquePop,WeightedTransition,1,0,0,0
1001,1968,Rocksteady,BritishBeat,WeightedTransition,1,0,0,0
1001,1968,Rocksteady,Gospel,WeightedTransition,1,0,0,0
1001,1968,Rocksteady,Rocksteady,Retained,12,0,0,0
1001,1968,SingerSongwriter,BaroquePop,WeightedTransition,1,0,0,0
1001,1968,SingerSongwriter,Blues,WeightedTransition,1,0,0,0
1001,1968,SingerSongwriter,Country,WeightedTransition,1,0,0,0
1001,1968,SingerSongwriter,EasyListening,WeightedTransition,1,0,0,0
1001,1968,SingerSongwriter,SingerSongwriter,AnnualFloor,1,0,1,0
1001,1968,SingerSongwriter,SingerSongwriter,Retained,10,0,0,0
1001,1968,SingerSongwriter,SingerSongwriter,WeightedTransition,2,0,0,0
1001,1968,SingerSongwriter,TraditionalPop,WeightedTransition,1,0,0,0
1001,1968,Ska,Childrens,AnnualFloor,1,1,1,0
1001,1968,Ska,Ska,Retained,2,2,0,0
1001,1968,Soul,AcidRock,WeightedTransition,3,0,0,0
1001,1968,Soul,BaroquePop,WeightedTransition,1,0,0,0
1001,1968,Soul,Blues,WeightedTransition,1,0,0,0
1001,1968,Soul,Classical,AnnualFloor,1,0,1,0
1001,1968,Soul,Classical,WeightedTransition,1,0,0,0
1001,1968,Soul,EasyListening,AnnualFloor,1,0,1,0
1001,1968,Soul,FolkRock,WeightedTransition,1,0,0,0
1001,1968,Soul,Funk,WeightedTransition,2,0,0,0
1001,1968,Soul,Gospel,AnnualFloor,1,0,1,0
1001,1968,Soul,Gospel,WeightedTransition,2,0,0,0
1001,1968,Soul,ProgressiveRock,AnnualFloor,1,0,1,0
1001,1968,Soul,Rocksteady,AnnualFloor,1,0,1,0
1001,1968,Soul,SingerSongwriter,WeightedTransition,2,0,0,0
1001,1968,Soul,Soul,AnnualFloor,1,0,1,0
1001,1968,Soul,Soul,Retained,143,0,0,0
1001,1968,Soul,Soul,WeightedTransition,8,0,0,0
1001,1968,Soul,TexMex,AnnualFloor,2,0,2,0
1001,1968,SunshinePop,BaroquePop,WeightedTransition,1,0,0,0
1001,1968,SunshinePop,Bubblegum,WeightedTransition,1,0,0,0
1001,1968,SunshinePop,Funk,AnnualFloor,1,0,1,0
1001,1968,SunshinePop,SingerSongwriter,AnnualFloor,1,0,1,0
1001,1968,SunshinePop,Soul,WeightedTransition,2,0,0,0
1001,1968,SunshinePop,SunshinePop,Retained,30,0,0,0
1001,1968,SurfRock,ProtoPunk,WeightedTransition,1,1,0,0
1001,1968,SurfRock,SingerSongwriter,WeightedTransition,1,1,0,0
1001,1968,SurfRock,SurfRock,Retained,2,2,0,0
1001,1968,TeenPop,AcidRock,WeightedTransition,1,1,0,0
1001,1968,TeenPop,BaroquePop,WeightedTransition,2,2,0,0
1001,1968,TeenPop,Blues,WeightedTransition,1,1,0,0
1001,1968,TeenPop,Boogaloo,AnnualFloor,1,1,1,0
1001,1968,TeenPop,Boogaloo,WeightedTransition,1,1,0,0
1001,1968,TeenPop,BritishPop,AnnualFloor,1,1,1,0
1001,1968,TeenPop,BritishPop,WeightedTransition,1,1,0,0
1001,1968,TeenPop,Bubblegum,WeightedTransition,4,4,0,0
1001,1968,TeenPop,Classical,AnnualFloor,1,1,1,0
1001,1968,TeenPop,Classical,WeightedTransition,1,1,0,0
1001,1968,TeenPop,Country,WeightedTransition,1,1,0,0
1001,1968,TeenPop,EasyListening,WeightedTransition,2,2,0,0
1001,1968,TeenPop,Funk,WeightedTransition,1,1,0,0
1001,1968,TeenPop,Gospel,WeightedTransition,1,1,0,0
1001,1968,TeenPop,HardRock,WeightedTransition,1,1,0,0
1001,1968,TeenPop,ProtoMetal,WeightedTransition,1,1,0,0
1001,1968,TeenPop,RockAndRoll,WeightedTransition,1,1,0,0
1001,1968,TeenPop,SingerSongwriter,WeightedTransition,2,2,0,0
1001,1968,TeenPop,Soul,WeightedTransition,2,2,0,0
1001,1968,TeenPop,SunshinePop,WeightedTransition,3,3,0,0
1001,1968,TeenPop,TeenPop,Retained,10,10,0,0
1001,1968,TeenPop,TraditionalPop,WeightedTransition,4,4,0,0
1001,1968,TexMex,BaroquePop,AnnualFloor,1,0,1,0
1001,1968,TexMex,Boogaloo,WeightedTransition,2,0,0,0
1001,1968,TexMex,Bubblegum,WeightedTransition,1,0,0,0
1001,1968,TexMex,Country,WeightedTransition,1,0,0,0
1001,1968,TexMex,RockAndRoll,WeightedTransition,1,0,0,0
1001,1968,TexMex,TexMex,Retained,24,0,0,0
1001,1968,TraditionalPop,AcidRock,AnnualFloor,1,0,1,0
1001,1968,TraditionalPop,AcidRock,WeightedTransition,6,0,0,0
1001,1968,TraditionalPop,BaroquePop,WeightedTransition,14,0,0,0
1001,1968,TraditionalPop,Blues,AnnualFloor,1,0,1,0
1001,1968,TraditionalPop,Blues,WeightedTransition,5,0,0,0
1001,1968,TraditionalPop,BluesRock,AnnualFloor,1,0,1,0
1001,1968,TraditionalPop,BluesRock,WeightedTransition,5,0,0,0
1001,1968,TraditionalPop,Boogaloo,AnnualFloor,1,0,1,0
1001,1968,TraditionalPop,Boogaloo,WeightedTransition,1,0,0,0
1001,1968,TraditionalPop,BritishBeat,AnnualFloor,1,0,1,0
1001,1968,TraditionalPop,BritishBeat,WeightedTransition,5,0,0,0
1001,1968,TraditionalPop,BritishBlues,WeightedTransition,2,0,0,0
1001,1968,TraditionalPop,BritishPop,AnnualFloor,1,0,1,0
1001,1968,TraditionalPop,BritishPop,WeightedTransition,6,0,0,0
1001,1968,TraditionalPop,Bubblegum,AnnualFloor,1,0,1,0
1001,1968,TraditionalPop,Bubblegum,WeightedTransition,14,0,0,0
1001,1968,TraditionalPop,Childrens,AnnualFloor,1,0,1,0
1001,1968,TraditionalPop,Childrens,WeightedTransition,1,0,0,0
1001,1968,TraditionalPop,Classical,WeightedTransition,3,0,0,0
1001,1968,TraditionalPop,Comedy,WeightedTransition,4,0,0,0
1001,1968,TraditionalPop,ContemporaryFolk,WeightedTransition,4,0,0,0
1001,1968,TraditionalPop,Country,AnnualFloor,1,0,1,0
1001,1968,TraditionalPop,Country,WeightedTransition,8,0,0,0
1001,1968,TraditionalPop,CountryRock,AnnualFloor,1,0,1,0
1001,1968,TraditionalPop,CountryRock,WeightedTransition,1,0,0,0
1001,1968,TraditionalPop,EasyListening,WeightedTransition,16,0,0,0
1001,1968,TraditionalPop,FolkRock,AnnualFloor,1,0,1,0
1001,1968,TraditionalPop,FolkRock,WeightedTransition,5,0,0,0
1001,1968,TraditionalPop,Funk,WeightedTransition,3,0,0,0
1001,1968,TraditionalPop,GarageRock,WeightedTransition,2,0,0,0
1001,1968,TraditionalPop,Gospel,WeightedTransition,2,0,0,0
1001,1968,TraditionalPop,HardRock,WeightedTransition,1,0,0,0
1001,1968,TraditionalPop,Jazz,WeightedTransition,6,0,0,0
1001,1968,TraditionalPop,LatinPop,AnnualFloor,1,0,1,0
1001,1968,TraditionalPop,LatinPop,WeightedTransition,4,0,0,0
1001,1968,TraditionalPop,ProgressiveRock,WeightedTransition,2,0,0,0
1001,1968,TraditionalPop,ProtoMetal,AnnualFloor,1,0,1,0
1001,1968,TraditionalPop,ProtoMetal,WeightedTransition,1,0,0,0
1001,1968,TraditionalPop,ProtoPunk,AnnualFloor,1,0,1,0
1001,1968,TraditionalPop,ProtoPunk,WeightedTransition,5,0,0,0
1001,1968,TraditionalPop,Reggae,AnnualFloor,1,0,1,0
1001,1968,TraditionalPop,RockAndRoll,WeightedTransition,3,0,0,0
1001,1968,TraditionalPop,SingerSongwriter,WeightedTransition,4,0,0,0
1001,1968,TraditionalPop,Soul,AnnualFloor,1,0,1,0
1001,1968,TraditionalPop,Soul,WeightedTransition,4,0,0,0
1001,1968,TraditionalPop,SunshinePop,AnnualFloor,1,0,1,0
1001,1968,TraditionalPop,SunshinePop,WeightedTransition,13,0,0,0
1001,1968,TraditionalPop,TexMex,WeightedTransition,1,0,0,0
1001,1968,TraditionalPop,TraditionalPop,AnnualFloor,2,0,2,0
1001,1968,TraditionalPop,TraditionalPop,Retained,146,0,0,0
1001,1968,TraditionalPop,TraditionalPop,WeightedTransition,32,0,0,0
1001,1969,AcidRock,AcidRock,Retained,51,0,0,0
1001,1969,AcidRock,AcidRock,WeightedTransition,2,0,0,0
1001,1969,AcidRock,BluesRock,WeightedTransition,1,0,0,0
1001,1969,AcidRock,Boogaloo,AnnualFloor,1,0,1,0
1001,1969,AcidRock,HardRock,WeightedTransition,2,0,0,0
1001,1969,AcidRock,LatinPop,AnnualFloor,1,0,1,0
1001,1969,AcidRock,ProgressiveRock,WeightedTransition,1,0,0,0
1001,1969,AcidRock,SunshinePop,WeightedTransition,1,0,0,0
1001,1969,BaroquePop,BaroquePop,Retained,18,0,0,0
1001,1969,BaroquePop,BaroquePop,WeightedTransition,1,0,0,0
1001,1969,BaroquePop,Country,WeightedTransition,2,0,0,0
1001,1969,BaroquePop,CountryRock,WeightedTransition,1,0,0,0
1001,1969,BaroquePop,EasyListening,WeightedTransition,1,0,0,0
1001,1969,BaroquePop,Funk,WeightedTransition,1,0,0,0
1001,1969,BaroquePop,Jazz,WeightedTransition,1,0,0,0
1001,1969,BaroquePop,ProtoMetal,WeightedTransition,1,0,0,0
1001,1969,BaroquePop,Soul,WeightedTransition,2,0,0,0
1001,1969,BaroquePop,SunshinePop,WeightedTransition,2,0,0,0
1001,1969,BaroquePop,TraditionalPop,WeightedTransition,2,0,0,0
1001,1969,Blues,AcidRock,WeightedTransition,1,0,0,0
1001,1969,Blues,Blues,Retained,59,0,0,0
1001,1969,Blues,BritishBeat,AnnualFloor,1,0,1,0
1001,1969,Blues,BritishBlues,WeightedTransition,1,0,0,0
1001,1969,Blues,Bubblegum,WeightedTransition,1,0,0,0
1001,1969,Blues,Gospel,WeightedTransition,1,0,0,0
1001,1969,Blues,ProtoMetal,AnnualFloor,1,0,1,0
1001,1969,BluesRock,BluesRock,Retained,37,0,0,0
1001,1969,BluesRock,Country,WeightedTransition,1,0,0,0
1001,1969,BluesRock,Funk,WeightedTransition,1,0,0,0
1001,1969,BluesRock,Gospel,WeightedTransition,1,0,0,0
1001,1969,BluesRock,LatinPop,AnnualFloor,1,0,1,0
1001,1969,Boogaloo,Boogaloo,Retained,14,0,0,0
1001,1969,Boogaloo,Bubblegum,WeightedTransition,1,0,0,0
1001,1969,Boogaloo,Childrens,AnnualFloor,1,0,1,0
1001,1969,Boogaloo,CountryRock,WeightedTransition,1,0,0,0
1001,1969,Boogaloo,Funk,WeightedTransition,4,0,0,0
1001,1969,Boogaloo,LatinPop,WeightedTransition,2,0,0,0
1001,1969,Boogaloo,ProgressiveRock,WeightedTransition,1,0,0,0
1001,1969,Boogaloo,ProtoPunk,WeightedTransition,1,0,0,0
1001,1969,Boogaloo,TexMex,WeightedTransition,1,0,0,0
1001,1969,BossaNova,BossaNova,Retained,3,3,0,0
1001,1969,BossaNova,Childrens,WeightedTransition,1,1,0,0
1001,1969,BossaNova,CountryRock,WeightedTransition,1,1,0,0
1001,1969,BossaNova,Jazz,WeightedTransition,2,2,0,0
1001,1969,BritishBeat,AcidRock,WeightedTransition,3,0,0,0
1001,1969,BritishBeat,Blues,WeightedTransition,1,0,0,0
1001,1969,BritishBeat,BluesRock,AnnualFloor,1,0,1,0
1001,1969,BritishBeat,BluesRock,WeightedTransition,3,0,0,0
1001,1969,BritishBeat,BritishBeat,Retained,25,0,0,0
1001,1969,BritishBeat,BritishBeat,WeightedTransition,6,0,0,0
1001,1969,BritishBeat,BritishBlues,WeightedTransition,3,0,0,0
1001,1969,BritishBeat,BritishPop,WeightedTransition,1,0,0,0
1001,1969,BritishBeat,Classical,WeightedTransition,1,0,0,0
1001,1969,BritishBeat,Comedy,WeightedTransition,1,0,0,0
1001,1969,BritishBeat,Country,WeightedTransition,1,0,0,0
1001,1969,BritishBeat,CountryRock,WeightedTransition,1,0,0,0
1001,1969,BritishBeat,EasyListening,WeightedTransition,1,0,0,0
1001,1969,BritishBeat,FolkRock,WeightedTransition,2,0,0,0
1001,1969,BritishBeat,Gospel,WeightedTransition,2,0,0,0
1001,1969,BritishBeat,HardRock,WeightedTransition,2,0,0,0
1001,1969,BritishBeat,Jazz,WeightedTransition,1,0,0,0
1001,1969,BritishBeat,ProgressiveRock,WeightedTransition,2,0,0,0
1001,1969,BritishBeat,ProtoMetal,WeightedTransition,1,0,0,0
1001,1969,BritishBeat,ProtoPunk,WeightedTransition,3,0,0,0
1001,1969,BritishBeat,PsychedelicRock,WeightedTransition,3,0,0,0
1001,1969,BritishBeat,Reggae,AnnualFloor,1,0,1,0
1001,1969,BritishBeat,RockAndRoll,AnnualFloor,1,0,1,0
1001,1969,BritishBeat,RockAndRoll,WeightedTransition,6,0,0,0
1001,1969,BritishBeat,Soul,WeightedTransition,1,0,0,0
1001,1969,BritishBeat,SunshinePop,WeightedTransition,2,0,0,0
1001,1969,BritishBeat,TraditionalPop,WeightedTransition,1,0,0,0
1001,1969,BritishBlues,AcidRock,WeightedTransition,1,0,0,0
1001,1969,BritishBlues,BluesRock,WeightedTransition,1,0,0,0
1001,1969,BritishBlues,BritishBeat,WeightedTransition,2,0,0,0
1001,1969,BritishBlues,BritishBlues,Retained,40,0,0,0
1001,1969,BritishBlues,BritishBlues,WeightedTransition,5,0,0,0
1001,1969,BritishBlues,BritishPop,WeightedTransition,2,0,0,0
1001,1969,BritishBlues,Childrens,WeightedTransition,1,0,0,0
1001,1969,BritishBlues,Classical,WeightedTransition,3,0,0,0
1001,1969,BritishBlues,Comedy,WeightedTransition,1,0,0,0
1001,1969,BritishBlues,ContemporaryFolk,AnnualFloor,1,0,1,0
1001,1969,BritishBlues,CountryRock,WeightedTransition,4,0,0,0
1001,1969,BritishBlues,EasyListening,WeightedTransition,1,0,0,0
1001,1969,BritishBlues,FolkRock,WeightedTransition,1,0,0,0
1001,1969,BritishBlues,Funk,WeightedTransition,1,0,0,0
1001,1969,BritishBlues,HardRock,WeightedTransition,3,0,0,0
1001,1969,BritishBlues,LatinPop,WeightedTransition,2,0,0,0
1001,1969,BritishBlues,ProgressiveRock,WeightedTransition,1,0,0,0
1001,1969,BritishBlues,ProtoPunk,WeightedTransition,1,0,0,0
1001,1969,BritishBlues,PsychedelicRock,AnnualFloor,1,0,1,0
1001,1969,BritishBlues,PsychedelicRock,WeightedTransition,3,0,0,0
1001,1969,BritishBlues,Reggae,WeightedTransition,1,0,0,0
1001,1969,BritishBlues,RockAndRoll,WeightedTransition,1,0,0,0
1001,1969,BritishBlues,TraditionalPop,AnnualFloor,1,0,1,0
1001,1969,BritishPop,AcidRock,WeightedTransition,1,0,0,0
1001,1969,BritishPop,BaroquePop,WeightedTransition,4,0,0,0
1001,1969,BritishPop,BluesRock,WeightedTransition,1,0,0,0
1001,1969,BritishPop,BritishBeat,WeightedTransition,1,0,0,0
1001,1969,BritishPop,BritishPop,Retained,19,0,0,0
1001,1969,BritishPop,BritishPop,WeightedTransition,1,0,0,0
1001,1969,BritishPop,Bubblegum,WeightedTransition,1,0,0,0
1001,1969,BritishPop,Country,WeightedTransition,1,0,0,0
1001,1969,BritishPop,CountryRock,WeightedTransition,2,0,0,0
1001,1969,BritishPop,EasyListening,WeightedTransition,2,0,0,0
1001,1969,BritishPop,Funk,WeightedTransition,4,0,0,0
1001,1969,BritishPop,Jazz,WeightedTransition,1,0,0,0
1001,1969,BritishPop,ProgressiveRock,AnnualFloor,1,0,1,0
1001,1969,BritishPop,ProtoPunk,AnnualFloor,1,0,1,0
1001,1969,BritishPop,Reggae,WeightedTransition,1,0,0,0
1001,1969,BritishPop,Soul,WeightedTransition,1,0,0,0
1001,1969,BritishPop,SunshinePop,AnnualFloor,1,0,1,0
1001,1969,BritishPop,TraditionalPop,WeightedTransition,4,0,0,0
1001,1969,Bubblegum,BritishBlues,WeightedTransition,1,0,0,0
1001,1969,Bubblegum,BritishPop,WeightedTransition,2,0,0,0
1001,1969,Bubblegum,Bubblegum,Retained,18,0,0,0
1001,1969,Bubblegum,Bubblegum,WeightedTransition,1,0,0,0
1001,1969,Bubblegum,Childrens,WeightedTransition,1,0,0,0
1001,1969,Bubblegum,EasyListening,WeightedTransition,1,0,0,0
1001,1969,Bubblegum,Jazz,WeightedTransition,1,0,0,0
1001,1969,Bubblegum,Soul,WeightedTransition,1,0,0,0
1001,1969,Bubblegum,SunshinePop,WeightedTransition,1,0,0,0
1001,1969,Childrens,BluesRock,WeightedTransition,1,0,0,0
1001,1969,Childrens,BritishBlues,WeightedTransition,1,0,0,0
1001,1969,Childrens,Bubblegum,AnnualFloor,1,0,1,0
1001,1969,Childrens,Bubblegum,WeightedTransition,1,0,0,0
1001,1969,Childrens,Childrens,Retained,39,0,0,0
1001,1969,Childrens,Comedy,AnnualFloor,1,0,1,0
1001,1969,Childrens,CountryRock,WeightedTransition,2,0,0,0
1001,1969,Childrens,Gospel,WeightedTransition,1,0,0,0
1001,1969,Childrens,Jazz,WeightedTransition,1,0,0,0
1001,1969,Childrens,SingerSongwriter,WeightedTransition,1,0,0,0
1001,1969,Childrens,Soul,WeightedTransition,1,0,0,0
1001,1969,Classical,AcidRock,AnnualFloor,1,0,1,0
1001,1969,Classical,BaroquePop,WeightedTransition,1,0,0,0
1001,1969,Classical,Bubblegum,WeightedTransition,1,0,0,0
1001,1969,Classical,Classical,Retained,51,0,0,0
1001,1969,Classical,Jazz,WeightedTransition,1,0,0,0
1001,1969,Classical,ProgressiveRock,AnnualFloor,1,0,1,0
1001,1969,Comedy,BluesRock,WeightedTransition,3,0,0,0
1001,1969,Comedy,Bubblegum,WeightedTransition,1,0,0,0
1001,1969,Comedy,Childrens,WeightedTransition,3,0,0,0
1001,1969,Comedy,Classical,WeightedTransition,1,0,0,0
1001,1969,Comedy,Comedy,Retained,66,0,0,0
1001,1969,Comedy,Comedy,WeightedTransition,5,0,0,0
1001,1969,Comedy,ContemporaryFolk,WeightedTransition,1,0,0,0
1001,1969,Comedy,Country,WeightedTransition,2,0,0,0
1001,1969,Comedy,Funk,WeightedTransition,1,0,0,0
1001,1969,Comedy,ProtoMetal,WeightedTransition,1,0,0,0
1001,1969,Comedy,TraditionalPop,WeightedTransition,1,0,0,0
1001,1969,ContemporaryFolk,AcidRock,WeightedTransition,1,0,0,0
1001,1969,ContemporaryFolk,Blues,WeightedTransition,1,0,0,0
1001,1969,ContemporaryFolk,BritishBlues,WeightedTransition,1,0,0,0
1001,1969,ContemporaryFolk,Bubblegum,WeightedTransition,3,0,0,0
1001,1969,ContemporaryFolk,Comedy,WeightedTransition,1,0,0,0
1001,1969,ContemporaryFolk,ContemporaryFolk,Retained,47,0,0,0
1001,1969,ContemporaryFolk,FolkRock,WeightedTransition,2,0,0,0
1001,1969,ContemporaryFolk,Funk,WeightedTransition,1,0,0,0
1001,1969,ContemporaryFolk,HardRock,WeightedTransition,1,0,0,0
1001,1969,ContemporaryFolk,ProtoMetal,WeightedTransition,1,0,0,0
1001,1969,ContemporaryFolk,RockAndRoll,WeightedTransition,1,0,0,0
1001,1969,ContemporaryFolk,SingerSongwriter,AnnualFloor,1,0,1,0
1001,1969,ContemporaryFolk,SingerSongwriter,WeightedTransition,2,0,0,0
1001,1969,Country,AcidRock,AnnualFloor,1,0,1,0
1001,1969,Country,BaroquePop,AnnualFloor,2,0,2,0
1001,1969,Country,Blues,AnnualFloor,1,0,1,0
1001,1969,Country,Blues,WeightedTransition,1,0,0,0
1001,1969,Country,BluesRock,WeightedTransition,1,0,0,0
1001,1969,Country,Boogaloo,AnnualFloor,1,0,1,0
1001,1969,Country,ContemporaryFolk,WeightedTransition,1,0,0,0
1001,1969,Country,Country,AnnualFloor,2,0,2,0
1001,1969,Country,Country,Retained,201,0,0,0
1001,1969,Country,Country,WeightedTransition,15,0,0,0
1001,1969,Country,CountryRock,AnnualFloor,1,0,1,0
1001,1969,Country,CountryRock,WeightedTransition,2,0,0,0
1001,1969,Country,FolkRock,AnnualFloor,1,0,1,0
1001,1969,Country,FolkRock,WeightedTransition,1,0,0,0
1001,1969,Country,Funk,WeightedTransition,1,0,0,0
1001,1969,Country,Gospel,AnnualFloor,1,0,1,0
1001,1969,Country,Gospel,WeightedTransition,1,0,0,0
1001,1969,Country,Jazz,WeightedTransition,1,0,0,0
1001,1969,Country,LatinPop,AnnualFloor,1,0,1,0
1001,1969,Country,ProgressiveRock,AnnualFloor,1,0,1,0
1001,1969,Country,ProgressiveRock,WeightedTransition,3,0,0,0
1001,1969,Country,ProtoPunk,WeightedTransition,1,0,0,0
1001,1969,Country,RockAndRoll,WeightedTransition,1,0,0,0
1001,1969,Country,SingerSongwriter,AnnualFloor,1,0,1,0
1001,1969,Country,Soul,WeightedTransition,2,0,0,0
1001,1969,CountryRock,CountryRock,AnnualFloor,1,0,1,0
1001,1969,CountryRock,CountryRock,Retained,9,0,0,0
1001,1969,DooWop,CountryRock,WeightedTransition,1,1,0,0
1001,1969,DooWop,DooWop,Retained,2,2,0,0
1001,1969,EasyListening,AcidRock,WeightedTransition,3,0,0,0
1001,1969,EasyListening,BaroquePop,WeightedTransition,2,0,0,0
1001,1969,EasyListening,BluesRock,AnnualFloor,1,0,1,0
1001,1969,EasyListening,BluesRock,WeightedTransition,1,0,0,0
1001,1969,EasyListening,Boogaloo,AnnualFloor,1,0,1,0
1001,1969,EasyListening,BritishBeat,WeightedTransition,1,0,0,0
1001,1969,EasyListening,BritishPop,WeightedTransition,4,0,0,0
1001,1969,EasyListening,Bubblegum,WeightedTransition,1,0,0,0
1001,1969,EasyListening,Comedy,AnnualFloor,1,0,1,0
1001,1969,EasyListening,Comedy,WeightedTransition,2,0,0,0
1001,1969,EasyListening,ContemporaryFolk,WeightedTransition,1,0,0,0
1001,1969,EasyListening,Country,WeightedTransition,1,0,0,0
1001,1969,EasyListening,EasyListening,AnnualFloor,1,0,1,0
1001,1969,EasyListening,EasyListening,Retained,106,0,0,0
1001,1969,EasyListening,EasyListening,WeightedTransition,7,0,0,0
1001,1969,EasyListening,Funk,WeightedTransition,1,0,0,0
1001,1969,EasyListening,Gospel,WeightedTransition,1,0,0,0
1001,1969,EasyListening,HardRock,WeightedTransition,2,0,0,0
1001,1969,EasyListening,Jazz,WeightedTransition,3,0,0,0
1001,1969,EasyListening,LatinPop,WeightedTransition,1,0,0,0
1001,1969,EasyListening,ProgressiveRock,WeightedTransition,2,0,0,0
1001,1969,EasyListening,Reggae,AnnualFloor,1,0,1,0
1001,1969,EasyListening,RockAndRoll,WeightedTransition,1,0,0,0
1001,1969,EasyListening,SingerSongwriter,WeightedTransition,3,0,0,0
1001,1969,EasyListening,Soul,WeightedTransition,1,0,0,0
1001,1969,EasyListening,SunshinePop,WeightedTransition,7,0,0,0
1001,1969,EasyListening,TexMex,WeightedTransition,1,0,0,0
1001,1969,EasyListening,TraditionalPop,AnnualFloor,1,0,1,0
1001,1969,EasyListening,TraditionalPop,WeightedTransition,2,0,0,0
1001,1969,Folk,AcidRock,WeightedTransition,3,3,0,0
1001,1969,Folk,BluesRock,WeightedTransition,2,2,0,0
1001,1969,Folk,BritishBlues,AnnualFloor,1,1,1,0
1001,1969,Folk,BritishBlues,WeightedTransition,2,2,0,0
1001,1969,Folk,BritishPop,WeightedTransition,1,1,0,0
1001,1969,Folk,Childrens,WeightedTransition,1,1,0,0
1001,1969,Folk,Comedy,WeightedTransition,1,1,0,0
1001,1969,Folk,Country,WeightedTransition,4,4,0,0
1001,1969,Folk,CountryRock,WeightedTransition,2,2,0,0
1001,1969,Folk,Folk,Retained,23,23,0,0
1001,1969,Folk,FolkRock,AnnualFloor,1,1,1,0
1001,1969,Folk,FolkRock,WeightedTransition,2,2,0,0
1001,1969,Folk,HardRock,WeightedTransition,1,1,0,0
1001,1969,Folk,Reggae,WeightedTransition,1,1,0,0
1001,1969,Folk,RockAndRoll,WeightedTransition,2,2,0,0
1001,1969,Folk,SingerSongwriter,WeightedTransition,5,5,0,0
1001,1969,Folk,Soul,WeightedTransition,2,2,0,0
1001,1969,Folk,SunshinePop,WeightedTransition,1,1,0,0
1001,1969,FolkRock,Blues,WeightedTransition,2,0,0,0
1001,1969,FolkRock,BluesRock,WeightedTransition,1,0,0,0
1001,1969,FolkRock,BritishBlues,WeightedTransition,2,0,0,0
1001,1969,FolkRock,ContemporaryFolk,AnnualFloor,1,0,1,0
1001,1969,FolkRock,FolkRock,Retained,30,0,0,0
1001,1969,FolkRock,FolkRock,WeightedTransition,5,0,0,0
1001,1969,FolkRock,HardRock,WeightedTransition,2,0,0,0
1001,1969,FolkRock,ProgressiveRock,WeightedTransition,1,0,0,0
1001,1969,FolkRock,ProtoPunk,WeightedTransition,1,0,0,0
1001,1969,FolkRock,RockAndRoll,WeightedTransition,1,0,0,0
1001,1969,FolkRock,SingerSongwriter,WeightedTransition,1,0,0,0
1001,1969,FolkRock,SunshinePop,WeightedTransition,1,0,0,0
1001,1969,FolkRock,TraditionalPop,WeightedTransition,1,0,0,0
1001,1969,Funk,Funk,Retained,19,0,0,0
1001,1969,Funk,Funk,WeightedTransition,1,0,0,0
1001,1969,Funk,Jazz,WeightedTransition,1,0,0,0
1001,1969,Funk,Soul,WeightedTransition,1,0,0,0
1001,1969,GarageRock,AcidRock,WeightedTransition,2,2,0,0
1001,1969,GarageRock,BritishBeat,WeightedTransition,2,2,0,0
1001,1969,GarageRock,BritishBlues,WeightedTransition,1,1,0,0
1001,1969,GarageRock,BritishPop,WeightedTransition,1,1,0,0
1001,1969,GarageRock,FolkRock,WeightedTransition,1,1,0,0
1001,1969,GarageRock,GarageRock,Retained,9,9,0,0
1001,1969,GarageRock,HardRock,WeightedTransition,2,2,0,0
1001,1969,GarageRock,ProgressiveRock,WeightedTransition,2,2,0,0
1001,1969,GarageRock,ProtoPunk,WeightedTransition,1,1,0,0
1001,1969,GarageRock,PsychedelicRock,WeightedTransition,1,1,0,0
1001,1969,GarageRock,RockAndRoll,WeightedTransition,1,1,0,0
1001,1969,GarageRock,TraditionalPop,WeightedTransition,1,1,0,0
1001,1969,Gospel,FolkRock,WeightedTransition,2,0,0,0
1001,1969,Gospel,Funk,WeightedTransition,2,0,0,0
1001,1969,Gospel,Gospel,Retained,41,0,0,0
1001,1969,Gospel,Gospel,WeightedTransition,2,0,0,0
1001,1969,Gospel,Soul,WeightedTransition,1,0,0,0
1001,1969,HardRock,AcidRock,AnnualFloor,1,0,1,0
1001,1969,HardRock,Blues,AnnualFloor,1,0,1,0
1001,1969,HardRock,Classical,AnnualFloor,1,0,1,0
1001,1969,HardRock,EasyListening,WeightedTransition,1,0,0,0
1001,1969,HardRock,HardRock,AnnualFloor,1,0,1,0
1001,1969,HardRock,HardRock,Retained,36,0,0,0
1001,1969,HardRock,HardRock,WeightedTransition,1,0,0,0
1001,1969,HardRock,RockAndRoll,WeightedTransition,1,0,0,0
1001,1969,Jazz,AcidRock,WeightedTransition,1,0,0,0
1001,1969,Jazz,BaroquePop,AnnualFloor,1,0,1,0
1001,1969,Jazz,BaroquePop,WeightedTransition,2,0,0,0
1001,1969,Jazz,Blues,WeightedTransition,1,0,0,0
1001,1969,Jazz,BluesRock,WeightedTransition,1,0,0,0
1001,1969,Jazz,BritishBeat,AnnualFloor,1,0,1,0
1001,1969,Jazz,BritishBlues,AnnualFloor,1,0,1,0
1001,1969,Jazz,BritishPop,AnnualFloor,1,0,1,0
1001,1969,Jazz,BritishPop,WeightedTransition,1,0,0,0
1001,1969,Jazz,Classical,AnnualFloor,1,0,1,0
1001,1969,Jazz,Classical,WeightedTransition,1,0,0,0
1001,1969,Jazz,Country,WeightedTransition,3,0,0,0
1001,1969,Jazz,CountryRock,AnnualFloor,1,0,1,0
1001,1969,Jazz,CountryRock,WeightedTransition,3,0,0,0
1001,1969,Jazz,EasyListening,WeightedTransition,1,0,0,0
1001,1969,Jazz,FolkRock,WeightedTransition,1,0,0,0
1001,1969,Jazz,Funk,AnnualFloor,2,0,2,0
1001,1969,Jazz,Funk,WeightedTransition,1,0,0,0
1001,1969,Jazz,Gospel,AnnualFloor,1,0,1,0
1001,1969,Jazz,HardRock,AnnualFloor,1,0,1,0
1001,1969,Jazz,HardRock,WeightedTransition,1,0,0,0
1001,1969,Jazz,Jazz,AnnualFloor,3,0,3,0
1001,1969,Jazz,Jazz,Retained,115,0,0,0
1001,1969,Jazz,Jazz,WeightedTransition,6,0,0,0
1001,1969,Jazz,ProtoMetal,AnnualFloor,2,0,2,0
1001,1969,Jazz,ProtoPunk,WeightedTransition,1,0,0,0
1001,1969,Jazz,Reggae,WeightedTransition,1,0,0,0
1001,1969,Jazz,RockAndRoll,WeightedTransition,1,0,0,0
1001,1969,Jazz,Soul,AnnualFloor,1,0,1,0
1001,1969,Jazz,Soul,WeightedTransition,2,0,0,0
1001,1969,LatinPop,BluesRock,WeightedTransition,1,0,0,0
1001,1969,LatinPop,BritishBlues,WeightedTransition,1,0,0,0
1001,1969,LatinPop,ContemporaryFolk,WeightedTransition,1,0,0,0
1001,1969,LatinPop,Country,WeightedTransition,1,0,0,0
1001,1969,LatinPop,EasyListening,WeightedTransition,1,0,0,0
1001,1969,LatinPop,Funk,AnnualFloor,1,0,1,0
1001,1969,LatinPop,HardRock,WeightedTransition,1,0,0,0
1001,1969,LatinPop,Jazz,WeightedTransition,1,0,0,0
1001,1969,LatinPop,LatinPop,Retained,52,0,0,0
1001,1969,LatinPop,LatinPop,WeightedTransition,1,0,0,0
1001,1969,LatinPop,RockAndRoll,WeightedTransition,1,0,0,0
1001,1969,LatinPop,SingerSongwriter,WeightedTransition,1,0,0,0
1001,1969,LatinPop,Soul,WeightedTransition,1,0,0,0
1001,1969,LatinPop,SunshinePop,WeightedTransition,2,0,0,0
1001,1969,LatinPop,TexMex,WeightedTransition,1,0,0,0
1001,1969,ProgressiveRock,BluesRock,WeightedTransition,2,0,0,0
1001,1969,ProgressiveRock,ProgressiveRock,Retained,10,0,0,0
1001,1969,ProgressiveRock,ProgressiveRock,WeightedTransition,1,0,0,0
1001,1969,ProtoMetal,ProtoMetal,Retained,11,0,0,0
1001,1969,ProtoMetal,ProtoMetal,WeightedTransition,1,0,0,0
1001,1969,ProtoPunk,ProtoPunk,Retained,6,0,0,0
1001,1969,PsychedelicRock,AcidRock,WeightedTransition,2,0,0,0
1001,1969,PsychedelicRock,BaroquePop,WeightedTransition,1,0,0,0
1001,1969,PsychedelicRock,Blues,WeightedTransition,1,0,0,0
1001,1969,PsychedelicRock,BluesRock,WeightedTransition,1,0,0,0
1001,1969,PsychedelicRock,BritishBeat,AnnualFloor,1,0,1,0
1001,1969,PsychedelicRock,BritishBeat,WeightedTransition,1,0,0,0
1001,1969,PsychedelicRock,BritishBlues,AnnualFloor,1,0,1,0
1001,1969,PsychedelicRock,BritishBlues,WeightedTransition,2,0,0,0
1001,1969,PsychedelicRock,Funk,WeightedTransition,1,0,0,0
1001,1969,PsychedelicRock,Gospel,WeightedTransition,1,0,0,0
1001,1969,PsychedelicRock,HardRock,WeightedTransition,3,0,0,0
1001,1969,PsychedelicRock,ProtoMetal,WeightedTransition,1,0,0,0
1001,1969,PsychedelicRock,ProtoPunk,WeightedTransition,4,0,0,0
1001,1969,PsychedelicRock,PsychedelicRock,AnnualFloor,1,0,1,0
1001,1969,PsychedelicRock,PsychedelicRock,Retained,54,0,0,0
1001,1969,PsychedelicRock,PsychedelicRock,WeightedTransition,4,0,0,0
1001,1969,PsychedelicRock,RockAndRoll,WeightedTransition,1,0,0,0
1001,1969,PsychedelicRock,Soul,AnnualFloor,1,0,1,0
1001,1969,PsychedelicRock,Soul,WeightedTransition,1,0,0,0
1001,1969,PsychedelicRock,SunshinePop,WeightedTransition,2,0,0,0
1001,1969,Reggae,BritishBeat,WeightedTransition,1,0,0,0
1001,1969,Reggae,Reggae,Retained,9,0,0,0
1001,1969,RnB,AcidRock,WeightedTransition,1,1,0,0
1001,1969,RnB,BluesRock,WeightedTransition,2,2,0,0
1001,1969,RnB,Comedy,AnnualFloor,1,1,1,0
1001,1969,RnB,CountryRock,WeightedTransition,2,2,0,0
1001,1969,RnB,FolkRock,WeightedTransition,2,2,0,0
1001,1969,RnB,Funk,WeightedTransition,2,2,0,0
1001,1969,RnB,Gospel,WeightedTransition,1,1,0,0
1001,1969,RnB,ProtoPunk,WeightedTransition,2,2,0,0
1001,1969,RnB,RnB,Retained,9,9,0,0
1001,1969,RnB,Soul,WeightedTransition,4,4,0,0
1001,1969,RnB,SunshinePop,WeightedTransition,1,1,0,0
1001,1969,RockAndRoll,AcidRock,WeightedTransition,5,0,0,0
1001,1969,RockAndRoll,BaroquePop,WeightedTransition,1,0,0,0
1001,1969,RockAndRoll,Blues,WeightedTransition,1,0,0,0
1001,1969,RockAndRoll,BluesRock,WeightedTransition,4,0,0,0
1001,1969,RockAndRoll,BritishBeat,WeightedTransition,5,0,0,0
1001,1969,RockAndRoll,BritishBlues,WeightedTransition,1,0,0,0
1001,1969,RockAndRoll,BritishPop,WeightedTransition,2,0,0,0
1001,1969,RockAndRoll,Bubblegum,WeightedTransition,1,0,0,0
1001,1969,RockAndRoll,Comedy,WeightedTransition,2,0,0,0
1001,1969,RockAndRoll,Country,WeightedTransition,1,0,0,0
1001,1969,RockAndRoll,CountryRock,WeightedTransition,1,0,0,0
1001,1969,RockAndRoll,EasyListening,AnnualFloor,1,0,1,0
1001,1969,RockAndRoll,EasyListening,WeightedTransition,4,0,0,0
1001,1969,RockAndRoll,FolkRock,WeightedTransition,1,0,0,0
1001,1969,RockAndRoll,Gospel,WeightedTransition,1,0,0,0
1001,1969,RockAndRoll,ProgressiveRock,WeightedTransition,1,0,0,0
1001,1969,RockAndRoll,ProtoMetal,WeightedTransition,2,0,0,0
1001,1969,RockAndRoll,ProtoPunk,AnnualFloor,1,0,1,0
1001,1969,RockAndRoll,ProtoPunk,WeightedTransition,4,0,0,0
1001,1969,RockAndRoll,PsychedelicRock,AnnualFloor,1,0,1,0
1001,1969,RockAndRoll,PsychedelicRock,WeightedTransition,6,0,0,0
1001,1969,RockAndRoll,RockAndRoll,AnnualFloor,2,0,2,0
1001,1969,RockAndRoll,RockAndRoll,Retained,92,0,0,0
1001,1969,RockAndRoll,RockAndRoll,WeightedTransition,8,0,0,0
1001,1969,RockAndRoll,Soul,WeightedTransition,1,0,0,0
1001,1969,RockAndRoll,SunshinePop,WeightedTransition,1,0,0,0
1001,1969,RockAndRoll,TexMex,WeightedTransition,1,0,0,0
1001,1969,Rocksteady,BaroquePop,WeightedTransition,1,1,0,0
1001,1969,Rocksteady,Blues,WeightedTransition,1,1,0,0
1001,1969,Rocksteady,Bubblegum,WeightedTransition,1,1,0,0
1001,1969,Rocksteady,CountryRock,WeightedTransition,1,1,0,0
1001,1969,Rocksteady,EasyListening,WeightedTransition,1,1,0,0
1001,1969,Rocksteady,FolkRock,WeightedTransition,1,1,0,0
1001,1969,Rocksteady,HardRock,AnnualFloor,1,1,1,0
1001,1969,Rocksteady,Jazz,WeightedTransition,1,1,0,0
1001,1969,Rocksteady,Rocksteady,Retained,15,15,0,0
1001,1969,Rocksteady,SunshinePop,AnnualFloor,1,1,1,0
1001,1969,Rocksteady,SunshinePop,WeightedTransition,1,1,0,0
1001,1969,SingerSongwriter,BritishBlues,WeightedTransition,1,0,0,0
1001,1969,SingerSongwriter,Classical,WeightedTransition,1,0,0,0
1001,1969,SingerSongwriter,CountryRock,WeightedTransition,1,0,0,0
1001,1969,SingerSongwriter,Jazz,WeightedTransition,1,0,0,0
1001,1969,SingerSongwriter,SingerSongwriter,Retained,19,0,0,0
1001,1969,Ska,Country,AnnualFloor,1,1,1,0
1001,1969,Ska,Funk,WeightedTransition,1,1,0,0
1001,1969,Ska,Ska,Retained,1,1,0,0
1001,1969,Soul,Blues,AnnualFloor,1,0,1,0
1001,1969,Soul,BritishPop,WeightedTransition,1,0,0,0
1001,1969,Soul,Classical,AnnualFloor,1,0,1,0
1001,1969,Soul,ContemporaryFolk,AnnualFloor,1,0,1,0
1001,1969,Soul,Country,WeightedTransition,1,0,0,0
1001,1969,Soul,FolkRock,WeightedTransition,1,0,0,0
1001,1969,Soul,Funk,WeightedTransition,3,0,0,0
1001,1969,Soul,Gospel,WeightedTransition,3,0,0,0
1001,1969,Soul,HardRock,WeightedTransition,3,0,0,0
1001,1969,Soul,Jazz,WeightedTransition,4,0,0,0
1001,1969,Soul,RockAndRoll,WeightedTransition,1,0,0,0
1001,1969,Soul,Soul,Retained,141,0,0,0
1001,1969,Soul,Soul,WeightedTransition,5,0,0,0
1001,1969,Soul,SunshinePop,AnnualFloor,1,0,1,0
1001,1969,Soul,SunshinePop,WeightedTransition,1,0,0,0
1001,1969,Soul,TexMex,AnnualFloor,3,0,3,0
1001,1969,SunshinePop,AcidRock,WeightedTransition,1,0,0,0
1001,1969,SunshinePop,BritishPop,AnnualFloor,1,0,1,0
1001,1969,SunshinePop,Childrens,WeightedTransition,2,0,0,0
1001,1969,SunshinePop,Comedy,WeightedTransition,1,0,0,0
1001,1969,SunshinePop,FolkRock,AnnualFloor,1,0,1,0
1001,1969,SunshinePop,HardRock,WeightedTransition,1,0,0,0
1001,1969,SunshinePop,Jazz,WeightedTransition,1,0,0,0
1001,1969,SunshinePop,ProgressiveRock,WeightedTransition,1,0,0,0
1001,1969,SunshinePop,RockAndRoll,WeightedTransition,1,0,0,0
1001,1969,SunshinePop,SunshinePop,Retained,23,0,0,0
1001,1969,SunshinePop,SunshinePop,WeightedTransition,1,0,0,0
1001,1969,SunshinePop,TraditionalPop,WeightedTransition,1,0,0,0
1001,1969,SurfRock,ProtoPunk,WeightedTransition,1,1,0,0
1001,1969,SurfRock,RockAndRoll,WeightedTransition,1,1,0,0
1001,1969,SurfRock,SurfRock,Retained,1,1,0,0
1001,1969,TeenPop,BaroquePop,WeightedTransition,2,2,0,0
1001,1969,TeenPop,BluesRock,WeightedTransition,1,1,0,0
1001,1969,TeenPop,BritishPop,WeightedTransition,2,2,0,0
1001,1969,TeenPop,Bubblegum,WeightedTransition,2,2,0,0
1001,1969,TeenPop,EasyListening,WeightedTransition,1,1,0,0
1001,1969,TeenPop,Funk,WeightedTransition,2,2,0,0
1001,1969,TeenPop,ProtoMetal,WeightedTransition,1,1,0,0
1001,1969,TeenPop,SunshinePop,WeightedTransition,1,1,0,0
1001,1969,TeenPop,TeenPop,Retained,12,12,0,0
1001,1969,TeenPop,TraditionalPop,WeightedTransition,2,2,0,0
1001,1969,TexMex,CountryRock,WeightedTransition,1,0,0,0
1001,1969,TexMex,Gospel,WeightedTransition,1,0,0,0
1001,1969,TexMex,ProtoPunk,WeightedTransition,1,0,0,0
1001,1969,TexMex,Soul,WeightedTransition,1,0,0,0
1001,1969,TexMex,TexMex,Retained,32,0,0,0
1001,1969,TraditionalPop,AcidRock,WeightedTransition,3,0,0,0
1001,1969,TraditionalPop,BaroquePop,WeightedTransition,6,0,0,0
1001,1969,TraditionalPop,BluesRock,AnnualFloor,1,0,1,0
1001,1969,TraditionalPop,BluesRock,WeightedTransition,6,0,0,0
1001,1969,TraditionalPop,Boogaloo,WeightedTransition,2,0,0,0
1001,1969,TraditionalPop,BritishBeat,WeightedTransition,4,0,0,0
1001,1969,TraditionalPop,BritishBlues,WeightedTransition,7,0,0,0
1001,1969,TraditionalPop,BritishPop,AnnualFloor,1,0,1,0
1001,1969,TraditionalPop,BritishPop,WeightedTransition,5,0,0,0
1001,1969,TraditionalPop,Bubblegum,AnnualFloor,2,0,2,0
1001,1969,TraditionalPop,Bubblegum,WeightedTransition,15,0,0,0
1001,1969,TraditionalPop,Childrens,AnnualFloor,2,0,2,0
1001,1969,TraditionalPop,Classical,WeightedTransition,1,0,0,0
1001,1969,TraditionalPop,Comedy,WeightedTransition,3,0,0,0
1001,1969,TraditionalPop,ContemporaryFolk,WeightedTransition,2,0,0,0
1001,1969,TraditionalPop,Country,WeightedTransition,1,0,0,0
1001,1969,TraditionalPop,CountryRock,WeightedTransition,2,0,0,0
1001,1969,TraditionalPop,EasyListening,AnnualFloor,1,0,1,0
1001,1969,TraditionalPop,EasyListening,WeightedTransition,10,0,0,0
1001,1969,TraditionalPop,FolkRock,WeightedTransition,4,0,0,0
1001,1969,TraditionalPop,Funk,WeightedTransition,1,0,0,0
1001,1969,TraditionalPop,Gospel,AnnualFloor,1,0,1,0
1001,1969,TraditionalPop,Gospel,WeightedTransition,3,0,0,0
1001,1969,TraditionalPop,HardRock,WeightedTransition,2,0,0,0
1001,1969,TraditionalPop,Jazz,WeightedTransition,13,0,0,0
1001,1969,TraditionalPop,ProgressiveRock,WeightedTransition,1,0,0,0
1001,1969,TraditionalPop,ProtoMetal,WeightedTransition,1,0,0,0
1001,1969,TraditionalPop,ProtoPunk,AnnualFloor,1,0,1,0
1001,1969,TraditionalPop,ProtoPunk,WeightedTransition,1,0,0,0
1001,1969,TraditionalPop,Reggae,AnnualFloor,1,0,1,0
1001,1969,TraditionalPop,RockAndRoll,WeightedTransition,1,0,0,0
1001,1969,TraditionalPop,SingerSongwriter,AnnualFloor,1,0,1,0
1001,1969,TraditionalPop,SingerSongwriter,WeightedTransition,5,0,0,0
1001,1969,TraditionalPop,Soul,AnnualFloor,1,0,1,0
1001,1969,TraditionalPop,Soul,WeightedTransition,8,0,0,0
1001,1969,TraditionalPop,SunshinePop,WeightedTransition,14,0,0,0
1001,1969,TraditionalPop,TexMex,WeightedTransition,2,0,0,0
1001,1969,TraditionalPop,TraditionalPop,AnnualFloor,1,0,1,0
1001,1969,TraditionalPop,TraditionalPop,Retained,158,0,0,0
1001,1969,TraditionalPop,TraditionalPop,WeightedTransition,22,0,0,0
1002,1960,Blues,Blues,Retained,13,0,0,0
1002,1960,Blues,Comedy,WeightedTransition,1,0,0,0
1002,1960,BluesRock,BluesRock,Retained,22,0,0,0
1002,1960,BluesRock,Jazz,WeightedTransition,1,0,0,0
1002,1960,Childrens,Childrens,Retained,13,0,0,0
1002,1960,Classical,Classical,Retained,8,0,0,0
1002,1960,Classical,Classical,WeightedTransition,1,0,0,0
1002,1960,Comedy,Comedy,Retained,13,0,0,0
1002,1960,Country,Classical,WeightedTransition,1,0,0,0
1002,1960,Country,Country,AnnualFloor,2,0,0,0
1002,1960,Country,Country,Retained,203,0,0,0
1002,1960,Country,Country,WeightedTransition,6,0,0,0
1002,1960,Country,DooWop,AnnualFloor,1,0,0,0
1002,1960,Country,EasyListening,AnnualFloor,1,0,0,0
1002,1960,Country,Folk,AnnualFloor,1,0,0,0
1002,1960,Country,Folk,WeightedTransition,2,0,0,0
1002,1960,Country,Jazz,WeightedTransition,1,0,0,0
1002,1960,Country,RockAndRoll,WeightedTransition,2,0,0,0
1002,1960,Country,TraditionalPop,WeightedTransition,1,0,0,0
1002,1960,DooWop,Blues,WeightedTransition,1,0,0,0
1002,1960,DooWop,Childrens,AnnualFloor,1,0,0,0
1002,1960,DooWop,Classical,AnnualFloor,1,0,0,0
1002,1960,DooWop,Comedy,AnnualFloor,1,0,0,0
1002,1960,DooWop,Country,WeightedTransition,2,0,0,0
1002,1960,DooWop,DooWop,Retained,649,0,0,0
1002,1960,DooWop,DooWop,WeightedTransition,19,0,0,0
1002,1960,DooWop,EasyListening,WeightedTransition,2,0,0,0
1002,1960,DooWop,Folk,WeightedTransition,1,0,0,0
1002,1960,DooWop,Jazz,WeightedTransition,1,0,0,0
1002,1960,DooWop,LatinPop,WeightedTransition,1,0,0,0
1002,1960,DooWop,RnB,WeightedTransition,5,0,0,0
1002,1960,DooWop,RockAndRoll,WeightedTransition,1,0,0,0
1002,1960,DooWop,TeenPop,WeightedTransition,5,0,0,0
1002,1960,DooWop,TexMex,AnnualFloor,1,0,0,0
1002,1960,DooWop,TraditionalPop,WeightedTransition,3,0,0,0
1002,1960,EasyListening,Blues,WeightedTransition,1,0,0,0
1002,1960,EasyListening,EasyListening,Retained,21,0,0,0
1002,1960,EasyListening,EasyListening,WeightedTransition,1,0,0,0
1002,1960,Folk,Blues,AnnualFloor,2,0,0,0
1002,1960,Folk,Childrens,AnnualFloor,1,0,0,0
1002,1960,Folk,Classical,AnnualFloor,1,0,0,0
1002,1960,Folk,Country,WeightedTransition,1,0,0,0
1002,1960,Folk,DooWop,WeightedTransition,1,0,0,0
1002,1960,Folk,Folk,AnnualFloor,1,0,0,0
1002,1960,Folk,Folk,Retained,211,0,0,0
1002,1960,Folk,Folk,WeightedTransition,5,0,0,0
1002,1960,Folk,Gospel,AnnualFloor,1,0,0,0
1002,1960,Folk,Jazz,WeightedTransition,1,0,0,0
1002,1960,Folk,RnB,WeightedTransition,1,0,0,0
1002,1960,Folk,RockAndRoll,WeightedTransition,1,0,0,0
1002,1960,Folk,TexMex,AnnualFloor,1,0,0,0
1002,1960,Folk,TraditionalPop,WeightedTransition,1,0,0,0
1002,1960,Gospel,Blues,WeightedTransition,1,0,0,0
1002,1960,Gospel,Comedy,WeightedTransition,1,0,0,0
1002,1960,Gospel,Country,WeightedTransition,2,0,0,0
1002,1960,Gospel,DooWop,WeightedTransition,1,0,0,0
1002,1960,Gospel,Gospel,Retained,242,0,0,0
1002,1960,Gospel,Gospel,WeightedTransition,8,0,0,0
1002,1960,Gospel,RnB,AnnualFloor,1,0,0,0
1002,1960,Gospel,RockAndRoll,AnnualFloor,1,0,0,0
1002,1960,Gospel,RockAndRoll,WeightedTransition,1,0,0,0
1002,1960,Gospel,TeenPop,WeightedTransition,1,0,0,0
1002,1960,Jazz,Country,WeightedTransition,1,0,0,0
1002,1960,Jazz,DooWop,AnnualFloor,1,0,0,0
1002,1960,Jazz,Jazz,AnnualFloor,2,0,0,0
1002,1960,Jazz,Jazz,Retained,163,0,0,0
1002,1960,Jazz,Jazz,WeightedTransition,2,0,0,0
1002,1960,Jazz,TraditionalPop,AnnualFloor,1,0,0,0
1002,1960,LatinPop,Gospel,WeightedTransition,1,0,0,0
1002,1960,LatinPop,LatinPop,Retained,12,0,0,0
1002,1960,RnB,Childrens,AnnualFloor,1,0,0,0
1002,1960,RnB,Childrens,WeightedTransition,1,0,0,0
1002,1960,RnB,Classical,WeightedTransition,1,0,0,0
1002,1960,RnB,DooWop,AnnualFloor,1,0,0,0
1002,1960,RnB,DooWop,WeightedTransition,7,0,0,0
1002,1960,RnB,Gospel,AnnualFloor,2,0,0,0
1002,1960,RnB,Gospel,WeightedTransition,3,0,0,0
1002,1960,RnB,LatinPop,AnnualFloor,1,0,0,0
1002,1960,RnB,RnB,AnnualFloor,1,0,0,0
1002,1960,RnB,RnB,Retained,512,0,0,0
1002,1960,RnB,RnB,WeightedTransition,11,0,0,0
1002,1960,RnB,RockAndRoll,WeightedTransition,3,0,0,0
1002,1960,RnB,TexMex,WeightedTransition,1,0,0,0
1002,1960,RnB,TraditionalPop,WeightedTransition,2,0,0,0
1002,1960,RockAndRoll,Blues,AnnualFloor,1,0,0,0
1002,1960,RockAndRoll,Blues,WeightedTransition,1,0,0,0
1002,1960,RockAndRoll,Childrens,WeightedTransition,1,0,0,0
1002,1960,RockAndRoll,Comedy,AnnualFloor,1,0,0,0
1002,1960,RockAndRoll,DooWop,WeightedTransition,1,0,0,0
1002,1960,RockAndRoll,EasyListening,AnnualFloor,1,0,0,0
1002,1960,RockAndRoll,EasyListening,WeightedTransition,5,0,0,0
1002,1960,RockAndRoll,Folk,WeightedTransition,1,0,0,0
1002,1960,RockAndRoll,Gospel,WeightedTransition,1,0,0,0
1002,1960,RockAndRoll,Jazz,WeightedTransition,1,0,0,0
1002,1960,RockAndRoll,LatinPop,WeightedTransition,1,0,0,0
1002,1960,RockAndRoll,RnB,WeightedTransition,1,0,0,0
1002,1960,RockAndRoll,RockAndRoll,AnnualFloor,2,0,0,0
1002,1960,RockAndRoll,RockAndRoll,Retained,630,0,0,0
1002,1960,RockAndRoll,RockAndRoll,WeightedTransition,15,0,0,0
1002,1960,RockAndRoll,TeenPop,WeightedTransition,8,0,0,0
1002,1960,RockAndRoll,TraditionalPop,WeightedTransition,3,0,0,0
1002,1960,Soul,Blues,WeightedTransition,1,0,0,0
1002,1960,Soul,Childrens,WeightedTransition,2,0,0,0
1002,1960,Soul,Country,WeightedTransition,1,0,0,0
1002,1960,Soul,DooWop,WeightedTransition,7,0,0,0
1002,1960,Soul,EasyListening,AnnualFloor,1,0,0,0
1002,1960,Soul,Folk,AnnualFloor,1,0,0,0
1002,1960,Soul,Folk,WeightedTransition,1,0,0,0
1002,1960,Soul,Gospel,WeightedTransition,2,0,0,0
1002,1960,Soul,Jazz,AnnualFloor,1,0,0,0
1002,1960,Soul,LatinPop,AnnualFloor,2,0,0,0
1002,1960,Soul,RnB,AnnualFloor,1,0,0,0
1002,1960,Soul,RnB,WeightedTransition,7,0,0,0
1002,1960,Soul,RockAndRoll,WeightedTransition,1,0,0,0
1002,1960,Soul,Soul,Retained,540,0,0,0
1002,1960,Soul,TeenPop,AnnualFloor,2,0,0,0
1002,1960,Soul,TeenPop,WeightedTransition,2,0,0,0
1002,1960,Soul,TexMex,WeightedTransition,1,0,0,0
1002,1960,Soul,TraditionalPop,WeightedTransition,2,0,0,0
1002,1960,SurfRock,Classical,AnnualFloor,1,0,0,0
1002,1960,SurfRock,DooWop,WeightedTransition,3,0,0,0
1002,1960,SurfRock,EasyListening,WeightedTransition,1,0,0,0
1002,1960,SurfRock,Jazz,WeightedTransition,1,0,0,0
1002,1960,SurfRock,RockAndRoll,WeightedTransition,2,0,0,0
1002,1960,SurfRock,SurfRock,Retained,57,0,0,0
1002,1960,SurfRock,TeenPop,WeightedTransition,1,0,0,0
1002,1960,TeenPop,Country,WeightedTransition,1,0,0,0
1002,1960,TeenPop,DooWop,WeightedTransition,1,0,0,0
1002,1960,TeenPop,EasyListening,WeightedTransition,2,0,0,0
1002,1960,TeenPop,RnB,WeightedTransition,2,0,0,0
1002,1960,TeenPop,RockAndRoll,WeightedTransition,1,0,0,0
1002,1960,TeenPop,TeenPop,AnnualFloor,1,0,0,0
1002,1960,TeenPop,TeenPop,Retained,364,0,0,0
1002,1960,TeenPop,TeenPop,WeightedTransition,7,0,0,0
1002,1960,TeenPop,TexMex,AnnualFloor,1,0,0,0
1002,1960,TeenPop,TraditionalPop,WeightedTransition,3,0,0,0
1002,1960,TexMex,TexMex,Retained,1,0,0,0
1002,1960,TraditionalPop,Childrens,WeightedTransition,1,0,0,0
1002,1960,TraditionalPop,Comedy,AnnualFloor,1,0,0,0
1002,1960,TraditionalPop,Comedy,WeightedTransition,1,0,0,0
1002,1960,TraditionalPop,Country,AnnualFloor,1,0,0,0
1002,1960,TraditionalPop,Country,WeightedTransition,2,0,0,0
1002,1960,TraditionalPop,DooWop,WeightedTransition,1,0,0,0
1002,1960,TraditionalPop,EasyListening,WeightedTransition,3,0,0,0
1002,1960,TraditionalPop,Gospel,WeightedTransition,2,0,0,0
1002,1960,TraditionalPop,Jazz,WeightedTransition,1,0,0,0
1002,1960,TraditionalPop,TexMex,WeightedTransition,1,0,0,0
1002,1960,TraditionalPop,TraditionalPop,AnnualFloor,2,0,0,0
1002,1960,TraditionalPop,TraditionalPop,Retained,368,0,0,0
1002,1960,TraditionalPop,TraditionalPop,WeightedTransition,10,0,0,0
1002,1961,Blues,Blues,Retained,20,0,0,0
1002,1961,Blues,Blues,WeightedTransition,2,0,0,0
1002,1961,Blues,Soul,WeightedTransition,1,0,0,0
1002,1961,Blues,TexMex,WeightedTransition,2,0,0,0
1002,1961,BluesRock,BluesRock,Retained,11,0,0,0
1002,1961,BluesRock,EasyListening,WeightedTransition,1,0,0,0
1002,1961,BluesRock,Folk,WeightedTransition,1,0,0,0
1002,1961,BluesRock,TraditionalPop,WeightedTransition,1,0,0,0
1002,1961,Childrens,Childrens,Retained,22,0,0,0
1002,1961,Childrens,Childrens,WeightedTransition,4,0,0,0
1002,1961,Childrens,Comedy,WeightedTransition,2,0,0,0
1002,1961,Childrens,EasyListening,WeightedTransition,1,0,0,0
1002,1961,Childrens,Jazz,WeightedTransition,1,0,0,0
1002,1961,Childrens,LatinPop,AnnualFloor,1,0,0,0
1002,1961,Childrens,RnB,WeightedTransition,1,0,0,0
1002,1961,Childrens,TeenPop,WeightedTransition,1,0,0,0
1002,1961,Childrens,TraditionalPop,WeightedTransition,1,0,0,0
1002,1961,Classical,Classical,Retained,14,0,0,0
1002,1961,Classical,Classical,WeightedTransition,1,0,0,0
1002,1961,Classical,Country,WeightedTransition,1,0,0,0
1002,1961,Classical,EasyListening,WeightedTransition,1,0,0,0
1002,1961,Classical,Soul,WeightedTransition,1,0,0,0
1002,1961,Classical,TeenPop,WeightedTransition,2,0,0,0
1002,1961,Classical,TexMex,WeightedTransition,1,0,0,0
1002,1961,Classical,TraditionalPop,WeightedTransition,2,0,0,0
1002,1961,Comedy,Comedy,Retained,38,0,0,0
1002,1961,Comedy,Comedy,WeightedTransition,3,0,0,0
1002,1961,Comedy,EasyListening,WeightedTransition,1,0,0,0
1002,1961,Comedy,RockAndRoll,WeightedTransition,1,0,0,0
1002,1961,Comedy,TraditionalPop,WeightedTransition,1,0,0,0
1002,1961,ContemporaryFolk,ContemporaryFolk,Retained,8,0,0,0
1002,1961,Country,Blues,WeightedTransition,1,0,0,0
1002,1961,Country,Childrens,AnnualFloor,1,0,0,0
1002,1961,Country,Comedy,WeightedTransition,1,0,0,0
1002,1961,Country,Country,AnnualFloor,1,0,0,0
1002,1961,Country,Country,Retained,168,0,0,0
1002,1961,Country,Country,WeightedTransition,19,0,0,0
1002,1961,Country,DooWop,WeightedTransition,4,0,0,0
1002,1961,Country,EasyListening,WeightedTransition,2,0,0,0
1002,1961,Country,Folk,WeightedTransition,3,0,0,0
1002,1961,Country,Gospel,WeightedTransition,2,0,0,0
1002,1961,Country,Jazz,WeightedTransition,3,0,0,0
1002,1961,Country,LatinPop,WeightedTransition,2,0,0,0
1002,1961,Country,RnB,WeightedTransition,3,0,0,0
1002,1961,Country,TeenPop,WeightedTransition,5,0,0,0
1002,1961,Country,TraditionalPop,WeightedTransition,1,0,0,0
1002,1961,DooWop,Blues,WeightedTransition,2,0,0,0
1002,1961,DooWop,Childrens,AnnualFloor,1,0,0,0
1002,1961,DooWop,Childrens,WeightedTransition,4,0,0,0
1002,1961,DooWop,Classical,WeightedTransition,3,0,0,0
1002,1961,DooWop,Comedy,WeightedTransition,3,0,0,0
1002,1961,DooWop,Country,WeightedTransition,2,0,0,0
1002,1961,DooWop,DooWop,AnnualFloor,1,0,0,0
1002,1961,DooWop,DooWop,Retained,371,0,0,0
1002,1961,DooWop,DooWop,WeightedTransition,39,0,0,0
1002,1961,DooWop,EasyListening,AnnualFloor,1,0,0,0
1002,1961,DooWop,EasyListening,WeightedTransition,5,0,0,0
1002,1961,DooWop,Folk,WeightedTransition,3,0,0,0
1002,1961,DooWop,Gospel,WeightedTransition,4,0,0,0
1002,1961,DooWop,Jazz,WeightedTransition,3,0,0,0
1002,1961,DooWop,LatinPop,WeightedTransition,1,0,0,0
1002,1961,DooWop,RnB,WeightedTransition,19,0,0,0
1002,1961,DooWop,Soul,WeightedTransition,6,0,0,0
1002,1961,DooWop,SurfRock,AnnualFloor,1,0,0,0
1002,1961,DooWop,TeenPop,WeightedTransition,8,0,0,0
1002,1961,DooWop,TexMex,WeightedTransition,2,0,0,0
1002,1961,DooWop,TraditionalPop,WeightedTransition,10,0,0,0
1002,1961,EasyListening,Country,WeightedTransition,2,0,0,0
1002,1961,EasyListening,EasyListening,Retained,44,0,0,0
1002,1961,EasyListening,EasyListening,WeightedTransition,7,0,0,0
1002,1961,EasyListening,Jazz,WeightedTransition,1,0,0,0
1002,1961,EasyListening,RnB,WeightedTransition,2,0,0,0
1002,1961,EasyListening,RockAndRoll,WeightedTransition,1,0,0,0
1002,1961,EasyListening,TeenPop,WeightedTransition,4,0,0,0
1002,1961,EasyListening,TraditionalPop,WeightedTransition,2,0,0,0
1002,1961,Folk,Childrens,WeightedTransition,1,0,0,0
1002,1961,Folk,Classical,WeightedTransition,3,0,0,0
1002,1961,Folk,Comedy,AnnualFloor,1,0,0,0
1002,1961,Folk,ContemporaryFolk,WeightedTransition,3,0,0,0
1002,1961,Folk,Country,WeightedTransition,5,0,0,0
1002,1961,Folk,DooWop,WeightedTransition,6,0,0,0
1002,1961,Folk,EasyListening,WeightedTransition,2,0,0,0
1002,1961,Folk,Folk,AnnualFloor,2,0,0,0
1002,1961,Folk,Folk,Retained,146,0,0,0
1002,1961,Folk,Folk,WeightedTransition,19,0,0,0
1002,1961,Folk,Gospel,WeightedTransition,2,0,0,0
1002,1961,Folk,Jazz,WeightedTransition,2,0,0,0
1002,1961,Folk,LatinPop,WeightedTransition,1,0,0,0
1002,1961,Folk,RnB,WeightedTransition,1,0,0,0
1002,1961,Folk,Soul,AnnualFloor,1,0,0,0
1002,1961,Folk,SurfRock,WeightedTransition,1,0,0,0
1002,1961,Folk,TeenPop,WeightedTransition,2,0,0,0
1002,1961,Folk,TraditionalPop,WeightedTransition,2,0,0,0
1002,1961,Gospel,Blues,WeightedTransition,2,0,0,0
1002,1961,Gospel,Childrens,WeightedTransition,1,0,0,0
1002,1961,Gospel,Comedy,WeightedTransition,2,0,0,0
1002,1961,Gospel,ContemporaryFolk,WeightedTransition,2,0,0,0
1002,1961,Gospel,Country,WeightedTransition,3,0,0,0
1002,1961,Gospel,DooWop,WeightedTransition,2,0,0,0
1002,1961,Gospel,EasyListening,WeightedTransition,1,0,0,0
1002,1961,Gospel,Gospel,AnnualFloor,1,0,0,0
1002,1961,Gospel,Gospel,Retained,154,0,0,0
1002,1961,Gospel,Gospel,WeightedTransition,13,0,0,0
1002,1961,Gospel,Jazz,WeightedTransition,1,0,0,0
1002,1961,Gospel,LatinPop,AnnualFloor,1,0,0,0
1002,1961,Gospel,LatinPop,WeightedTransition,1,0,0,0
1002,1961,Gospel,RnB,WeightedTransition,5,0,0,0
1002,1961,Gospel,Soul,AnnualFloor,1,0,0,0
1002,1961,Gospel,Soul,WeightedTransition,1,0,0,0
1002,1961,Gospel,TeenPop,WeightedTransition,1,0,0,0
1002,1961,Gospel,TexMex,WeightedTransition,1,0,0,0
1002,1961,Jazz,Childrens,WeightedTransition,1,0,0,0
1002,1961,Jazz,Comedy,WeightedTransition,1,0,0,0
1002,1961,Jazz,ContemporaryFolk,WeightedTransition,1,0,0,0
1002,1961,Jazz,Country,WeightedTransition,2,0,0,0
1002,1961,Jazz,DooWop,WeightedTransition,1,0,0,0
1002,1961,Jazz,EasyListening,WeightedTransition,4,0,0,0
1002,1961,Jazz,Folk,WeightedTransition,1,0,0,0
1002,1961,Jazz,Gospel,WeightedTransition,1,0,0,0
1002,1961,Jazz,Jazz,AnnualFloor,1,0,0,0
1002,1961,Jazz,Jazz,Retained,118,0,0,0
1002,1961,Jazz,Jazz,WeightedTransition,15,0,0,0
1002,1961,Jazz,RnB,WeightedTransition,4,0,0,0
1002,1961,Jazz,RockAndRoll,WeightedTransition,2,0,0,0
1002,1961,Jazz,Soul,WeightedTransition,2,0,0,0
1002,1961,Jazz,SurfRock,WeightedTransition,1,0,0,0
1002,1961,Jazz,TeenPop,WeightedTransition,5,0,0,0
1002,1961,Jazz,TraditionalPop,AnnualFloor,1,0,0,0
1002,1961,Jazz,TraditionalPop,WeightedTransition,6,0,0,0
1002,1961,LatinPop,Blues,WeightedTransition,1,0,0,0
1002,1961,LatinPop,Country,WeightedTransition,1,0,0,0
1002,1961,LatinPop,DooWop,WeightedTransition,1,0,0,0
1002,1961,LatinPop,LatinPop,Retained,16,0,0,0
1002,1961,LatinPop,LatinPop,WeightedTransition,1,0,0,0
1002,1961,LatinPop,RnB,WeightedTransition,1,0,0,0
1002,1961,LatinPop,TraditionalPop,WeightedTransition,1,0,0,0
1002,1961,RnB,Blues,WeightedTransition,1,0,0,0
1002,1961,RnB,Childrens,WeightedTransition,3,0,0,0
1002,1961,RnB,Classical,AnnualFloor,1,0,0,0
1002,1961,RnB,Comedy,AnnualFloor,1,0,0,0
1002,1961,RnB,Comedy,WeightedTransition,2,0,0,0
1002,1961,RnB,ContemporaryFolk,WeightedTransition,1,0,0,0
1002,1961,RnB,Country,AnnualFloor,1,0,0,0
1002,1961,RnB,Country,WeightedTransition,5,0,0,0
1002,1961,RnB,DooWop,AnnualFloor,1,0,0,0
1002,1961,RnB,DooWop,WeightedTransition,14,0,0,0
1002,1961,RnB,EasyListening,WeightedTransition,5,0,0,0
1002,1961,RnB,Folk,AnnualFloor,1,0,0,0
1002,1961,RnB,Folk,WeightedTransition,3,0,0,0
1002,1961,RnB,Gospel,AnnualFloor,2,0,0,0
1002,1961,RnB,Gospel,WeightedTransition,9,0,0,0
1002,1961,RnB,Jazz,WeightedTransition,5,0,0,0
1002,1961,RnB,LatinPop,WeightedTransition,2,0,0,0
1002,1961,RnB,RnB,AnnualFloor,2,0,0,0
1002,1961,RnB,RnB,Retained,379,0,0,0
1002,1961,RnB,RnB,WeightedTransition,39,0,0,0
1002,1961,RnB,RockAndRoll,WeightedTransition,4,0,0,0
1002,1961,RnB,Soul,AnnualFloor,1,0,0,0
1002,1961,RnB,Soul,WeightedTransition,8,0,0,0
1002,1961,RnB,TeenPop,WeightedTransition,2,0,0,0
1002,1961,RnB,TexMex,WeightedTransition,2,0,0,0
1002,1961,RnB,TraditionalPop,WeightedTransition,6,0,0,0
1002,1961,RockAndRoll,Blues,AnnualFloor,1,0,0,0
1002,1961,RockAndRoll,Blues,WeightedTransition,1,0,0,0
1002,1961,RockAndRoll,Childrens,AnnualFloor,1,0,0,0
1002,1961,RockAndRoll,Classical,AnnualFloor,1,0,0,0
1002,1961,RockAndRoll,Classical,WeightedTransition,2,0,0,0
1002,1961,RockAndRoll,Comedy,WeightedTransition,3,0,0,0
1002,1961,RockAndRoll,ContemporaryFolk,AnnualFloor,1,0,0,0
1002,1961,RockAndRoll,Country,AnnualFloor,1,0,0,0
1002,1961,RockAndRoll,Country,WeightedTransition,4,0,0,0
1002,1961,RockAndRoll,DooWop,WeightedTransition,3,0,0,0
1002,1961,RockAndRoll,EasyListening,AnnualFloor,1,0,0,0
1002,1961,RockAndRoll,EasyListening,WeightedTransition,5,0,0,0
1002,1961,RockAndRoll,Folk,WeightedTransition,4,0,0,0
1002,1961,RockAndRoll,Gospel,WeightedTransition,2,0,0,0
1002,1961,RockAndRoll,Jazz,AnnualFloor,1,0,0,0
1002,1961,RockAndRoll,Jazz,WeightedTransition,2,0,0,0
1002,1961,RockAndRoll,LatinPop,WeightedTransition,1,0,0,0
1002,1961,RockAndRoll,RnB,AnnualFloor,1,0,0,0
1002,1961,RockAndRoll,RnB,WeightedTransition,5,0,0,0
1002,1961,RockAndRoll,RockAndRoll,AnnualFloor,3,0,0,0
1002,1961,RockAndRoll,RockAndRoll,Retained,391,0,0,0
1002,1961,RockAndRoll,RockAndRoll,WeightedTransition,44,0,0,0
1002,1961,RockAndRoll,Soul,WeightedTransition,4,0,0,0
1002,1961,RockAndRoll,SurfRock,AnnualFloor,1,0,0,0
1002,1961,RockAndRoll,SurfRock,WeightedTransition,2,0,0,0
1002,1961,RockAndRoll,TeenPop,AnnualFloor,1,0,0,0
1002,1961,RockAndRoll,TeenPop,WeightedTransition,12,0,0,0
1002,1961,RockAndRoll,TexMex,AnnualFloor,3,0,0,0
1002,1961,RockAndRoll,TexMex,WeightedTransition,2,0,0,0
1002,1961,RockAndRoll,TraditionalPop,WeightedTransition,5,0,0,0
1002,1961,Soul,Blues,AnnualFloor,1,0,0,0
1002,1961,Soul,Blues,WeightedTransition,2,0,0,0
1002,1961,Soul,Childrens,WeightedTransition,3,0,0,0
1002,1961,Soul,Classical,WeightedTransition,1,0,0,0
1002,1961,Soul,Comedy,AnnualFloor,1,0,0,0
1002,1961,Soul,Comedy,WeightedTransition,1,0,0,0
1002,1961,Soul,ContemporaryFolk,WeightedTransition,1,0,0,0
1002,1961,Soul,Country,WeightedTransition,2,0,0,0
1002,1961,Soul,DooWop,WeightedTransition,21,0,0,0
1002,1961,Soul,EasyListening,WeightedTransition,7,0,0,0
1002,1961,Soul,Folk,WeightedTransition,3,0,0,0
1002,1961,Soul,Gospel,WeightedTransition,5,0,0,0
1002,1961,Soul,Jazz,WeightedTransition,4,0,0,0
1002,1961,Soul,LatinPop,WeightedTransition,3,0,0,0
1002,1961,Soul,RnB,WeightedTransition,15,0,0,0
1002,1961,Soul,RockAndRoll,WeightedTransition,3,0,0,0
1002,1961,Soul,Soul,Retained,437,0,0,0
1002,1961,Soul,Soul,WeightedTransition,18,0,0,0
1002,1961,Soul,SurfRock,WeightedTransition,1,0,0,0
1002,1961,Soul,TeenPop,WeightedTransition,7,0,0,0
1002,1961,Soul,TexMex,WeightedTransition,2,0,0,0
1002,1961,Soul,TraditionalPop,WeightedTransition,7,0,0,0
1002,1961,SurfRock,Comedy,WeightedTransition,1,0,0,0
1002,1961,SurfRock,Country,WeightedTransition,1,0,0,0
1002,1961,SurfRock,EasyListening,WeightedTransition,1,0,0,0
1002,1961,SurfRock,Folk,WeightedTransition,1,0,0,0
1002,1961,SurfRock,RockAndRoll,WeightedTransition,2,0,0,0
1002,1961,SurfRock,SurfRock,Retained,60,0,0,0
1002,1961,SurfRock,SurfRock,WeightedTransition,2,0,0,0
1002,1961,SurfRock,TeenPop,WeightedTransition,4,0,0,0
1002,1961,SurfRock,TraditionalPop,WeightedTransition,3,0,0,0
1002,1961,TeenPop,Blues,WeightedTransition,3,0,0,0
1002,1961,TeenPop,Classical,WeightedTransition,3,0,0,0
1002,1961,TeenPop,Comedy,WeightedTransition,1,0,0,0
1002,1961,TeenPop,ContemporaryFolk,AnnualFloor,1,0,0,0
1002,1961,TeenPop,Country,WeightedTransition,1,0,0,0
1002,1961,TeenPop,DooWop,AnnualFloor,1,0,0,0
1002,1961,TeenPop,DooWop,WeightedTransition,6,0,0,0
1002,1961,TeenPop,EasyListening,WeightedTransition,4,0,0,0
1002,1961,TeenPop,Folk,WeightedTransition,4,0,0,0
1002,1961,TeenPop,Gospel,WeightedTransition,2,0,0,0
1002,1961,TeenPop,Jazz,WeightedTransition,5,0,0,0
1002,1961,TeenPop,LatinPop,AnnualFloor,1,0,0,0
1002,1961,TeenPop,RnB,WeightedTransition,1,0,0,0
1002,1961,TeenPop,RockAndRoll,WeightedTransition,4,0,0,0
1002,1961,TeenPop,Soul,WeightedTransition,3,0,0,0
1002,1961,TeenPop,TeenPop,AnnualFloor,2,0,0,0
1002,1961,TeenPop,TeenPop,Retained,252,0,0,0
1002,1961,TeenPop,TeenPop,WeightedTransition,21,0,0,0
1002,1961,TeenPop,TexMex,WeightedTransition,1,0,0,0
1002,1961,TeenPop,TraditionalPop,WeightedTransition,10,0,0,0
1002,1961,TexMex,Comedy,WeightedTransition,1,0,0,0
1002,1961,TexMex,Gospel,WeightedTransition,1,0,0,0
1002,1961,TexMex,Jazz,WeightedTransition,1,0,0,0
1002,1961,TexMex,TexMex,Retained,20,0,0,0
1002,1961,TexMex,TexMex,WeightedTransition,1,0,0,0
1002,1961,TraditionalPop,Blues,AnnualFloor,1,0,0,0
1002,1961,TraditionalPop,Classical,AnnualFloor,1,0,0,0
1002,1961,TraditionalPop,Comedy,WeightedTransition,2,0,0,0
1002,1961,TraditionalPop,ContemporaryFolk,AnnualFloor,1,0,0,0
1002,1961,TraditionalPop,ContemporaryFolk,WeightedTransition,1,0,0,0
1002,1961,TraditionalPop,Country,WeightedTransition,3,0,0,0
1002,1961,TraditionalPop,DooWop,WeightedTransition,2,0,0,0
1002,1961,TraditionalPop,EasyListening,AnnualFloor,1,0,0,0
1002,1961,TraditionalPop,EasyListening,WeightedTransition,8,0,0,0
1002,1961,TraditionalPop,Folk,WeightedTransition,4,0,0,0
1002,1961,TraditionalPop,Gospel,WeightedTransition,2,0,0,0
1002,1961,TraditionalPop,Jazz,AnnualFloor,1,0,0,0
1002,1961,TraditionalPop,Jazz,WeightedTransition,3,0,0,0
1002,1961,TraditionalPop,LatinPop,WeightedTransition,2,0,0,0
1002,1961,TraditionalPop,RnB,WeightedTransition,1,0,0,0
1002,1961,TraditionalPop,RockAndRoll,WeightedTransition,3,0,0,0
1002,1961,TraditionalPop,Soul,WeightedTransition,2,0,0,0
1002,1961,TraditionalPop,SurfRock,AnnualFloor,1,0,0,0
1002,1961,TraditionalPop,SurfRock,WeightedTransition,2,0,0,0
1002,1961,TraditionalPop,TeenPop,WeightedTransition,9,0,0,0
1002,1961,TraditionalPop,TraditionalPop,AnnualFloor,2,0,0,0
1002,1961,TraditionalPop,TraditionalPop,Retained,298,0,0,0
1002,1961,TraditionalPop,TraditionalPop,WeightedTransition,27,0,0,0
1002,1962,Blues,Blues,AnnualFloor,1,0,0,0
1002,1962,Blues,Blues,Retained,29,0,0,0
1002,1962,Blues,Blues,WeightedTransition,2,0,0,0
1002,1962,Blues,DooWop,WeightedTransition,1,0,0,0
1002,1962,Blues,EasyListening,WeightedTransition,2,0,0,0
1002,1962,Blues,Gospel,WeightedTransition,1,0,0,0
1002,1962,Blues,RnB,WeightedTransition,1,0,0,0
1002,1962,BluesRock,BluesRock,Retained,2,0,0,0
1002,1962,BossaNova,BossaNova,Retained,18,0,0,0
1002,1962,BossaNova,BossaNova,WeightedTransition,1,0,0,0
1002,1962,BossaNova,Comedy,WeightedTransition,2,0,0,0
1002,1962,BossaNova,Gospel,WeightedTransition,1,0,0,0
1002,1962,Childrens,BossaNova,WeightedTransition,1,0,0,0
1002,1962,Childrens,Childrens,AnnualFloor,1,0,0,0
1002,1962,Childrens,Childrens,Retained,23,0,0,0
1002,1962,Childrens,Childrens,WeightedTransition,2,0,0,0
1002,1962,Childrens,Classical,AnnualFloor,1,0,0,0
1002,1962,Childrens,Comedy,AnnualFloor,1,0,0,0
1002,1962,Childrens,Comedy,WeightedTransition,2,0,0,0
1002,1962,Childrens,DooWop,WeightedTransition,1,0,0,0
1002,1962,Childrens,Folk,WeightedTransition,1,0,0,0
1002,1962,Childrens,Gospel,WeightedTransition,1,0,0,0
1002,1962,Childrens,TeenPop,WeightedTransition,1,0,0,0
1002,1962,Childrens,TraditionalPop,WeightedTransition,1,0,0,0
1002,1962,Classical,Classical,Retained,17,0,0,0
1002,1962,Classical,DooWop,WeightedTransition,1,0,0,0
1002,1962,Classical,RnB,WeightedTransition,1,0,0,0
1002,1962,Classical,RockAndRoll,WeightedTransition,1,0,0,0
1002,1962,Classical,TeenPop,WeightedTransition,2,0,0,0
1002,1962,Classical,TraditionalPop,WeightedTransition,1,0,0,0
1002,1962,Comedy,Comedy,Retained,24,0,0,0
1002,1962,Comedy,Comedy,WeightedTransition,2,0,0,0
1002,1962,Comedy,ContemporaryFolk,WeightedTransition,1,0,0,0
1002,1962,Comedy,EasyListening,WeightedTransition,1,0,0,0
1002,1962,Comedy,Jazz,WeightedTransition,1,0,0,0
1002,1962,Comedy,SurfRock,WeightedTransition,1,0,0,0
1002,1962,ContemporaryFolk,ContemporaryFolk,Retained,19,0,0,0
1002,1962,ContemporaryFolk,ContemporaryFolk,WeightedTransition,1,0,0,0
1002,1962,ContemporaryFolk,Jazz,WeightedTransition,2,0,0,0
1002,1962,ContemporaryFolk,Soul,WeightedTransition,1,0,0,0
1002,1962,Country,BossaNova,WeightedTransition,1,0,0,0
1002,1962,Country,Classical,WeightedTransition,1,0,0,0
1002,1962,Country,Comedy,WeightedTransition,3,0,0,0
1002,1962,Country,ContemporaryFolk,AnnualFloor,1,0,0,0
1002,1962,Country,ContemporaryFolk,WeightedTransition,1,0,0,0
1002,1962,Country,Country,Retained,159,0,0,0
1002,1962,Country,Country,WeightedTransition,16,0,0,0
1002,1962,Country,DooWop,WeightedTransition,1,0,0,0
1002,1962,Country,EasyListening,WeightedTransition,1,0,0,0
1002,1962,Country,Folk,AnnualFloor,1,0,0,0
1002,1962,Country,Folk,WeightedTransition,5,0,0,0
1002,1962,Country,Gospel,WeightedTransition,2,0,0,0
1002,1962,Country,Jazz,WeightedTransition,1,0,0,0
1002,1962,Country,LatinPop,WeightedTransition,1,0,0,0
1002,1962,Country,RnB,WeightedTransition,1,0,0,0
1002,1962,Country,RockAndRoll,AnnualFloor,1,0,0,0
1002,1962,Country,RockAndRoll,WeightedTransition,3,0,0,0
1002,1962,Country,Soul,WeightedTransition,2,0,0,0
1002,1962,Country,SurfRock,WeightedTransition,2,0,0,0
1002,1962,Country,TeenPop,AnnualFloor,1,0,0,0
1002,1962,Country,TexMex,WeightedTransition,1,0,0,0
1002,1962,Country,TraditionalPop,WeightedTransition,3,0,0,0
1002,1962,DooWop,Blues,WeightedTransition,1,0,0,0
1002,1962,DooWop,BossaNova,WeightedTransition,1,0,0,0
1002,1962,DooWop,Childrens,AnnualFloor,1,0,0,0
1002,1962,DooWop,Classical,AnnualFloor,1,0,0,0
1002,1962,DooWop,Classical,WeightedTransition,1,0,0,0
1002,1962,DooWop,ContemporaryFolk,WeightedTransition,2,0,0,0
1002,1962,DooWop,Country,WeightedTransition,1,0,0,0
1002,1962,DooWop,DooWop,AnnualFloor,1,0,0,0
1002,1962,DooWop,DooWop,Retained,275,0,0,0
1002,1962,DooWop,DooWop,WeightedTransition,25,0,0,0
1002,1962,DooWop,EasyListening,WeightedTransition,3,0,0,0
1002,1962,DooWop,Folk,WeightedTransition,2,0,0,0
1002,1962,DooWop,Gospel,AnnualFloor,2,0,0,0
1002,1962,DooWop,Gospel,WeightedTransition,2,0,0,0
1002,1962,DooWop,Jazz,WeightedTransition,2,0,0,0
1002,1962,DooWop,LatinPop,WeightedTransition,1,0,0,0
1002,1962,DooWop,RnB,AnnualFloor,1,0,0,0
1002,1962,DooWop,RnB,WeightedTransition,13,0,0,0
1002,1962,DooWop,RockAndRoll,WeightedTransition,3,0,0,0
1002,1962,DooWop,Soul,WeightedTransition,7,0,0,0
1002,1962,DooWop,SurfRock,AnnualFloor,1,0,0,0
1002,1962,DooWop,SurfRock,WeightedTransition,3,0,0,0
1002,1962,DooWop,TeenPop,WeightedTransition,11,0,0,0
1002,1962,DooWop,TraditionalPop,WeightedTransition,8,0,0,0
1002,1962,EasyListening,EasyListening,Retained,58,0,0,0
1002,1962,EasyListening,EasyListening,WeightedTransition,6,0,0,0
1002,1962,EasyListening,RockAndRoll,WeightedTransition,1,0,0,0
1002,1962,EasyListening,TeenPop,WeightedTransition,4,0,0,0
1002,1962,EasyListening,TraditionalPop,WeightedTransition,4,0,0,0
1002,1962,Folk,Blues,WeightedTransition,1,0,0,0
1002,1962,Folk,BossaNova,WeightedTransition,2,0,0,0
1002,1962,Folk,Childrens,WeightedTransition,1,0,0,0
1002,1962,Folk,Classical,AnnualFloor,1,0,0,0
1002,1962,Folk,Classical,WeightedTransition,1,0,0,0
1002,1962,Folk,Comedy,WeightedTransition,3,0,0,0
1002,1962,Folk,ContemporaryFolk,AnnualFloor,1,0,0,0
1002,1962,Folk,ContemporaryFolk,WeightedTransition,4,0,0,0
1002,1962,Folk,Country,WeightedTransition,7,0,0,0
1002,1962,Folk,DooWop,WeightedTransition,1,0,0,0
1002,1962,Folk,EasyListening,AnnualFloor,1,0,0,0
1002,1962,Folk,EasyListening,WeightedTransition,3,0,0,0
1002,1962,Folk,Folk,AnnualFloor,2,0,0,0
1002,1962,Folk,Folk,Retained,159,0,0,0
1002,1962,Folk,Folk,WeightedTransition,16,0,0,0
1002,1962,Folk,Gospel,WeightedTransition,3,0,0,0
1002,1962,Folk,RnB,WeightedTransition,3,0,0,0
1002,1962,Folk,RockAndRoll,WeightedTransition,1,0,0,0
1002,1962,Folk,Soul,WeightedTransition,2,0,0,0
1002,1962,Folk,SurfRock,WeightedTransition,3,0,0,0
1002,1962,Folk,TeenPop,WeightedTransition,3,0,0,0
1002,1962,Folk,TraditionalPop,WeightedTransition,5,0,0,0
1002,1962,Gospel,Blues,WeightedTransition,1,0,0,0
1002,1962,Gospel,BossaNova,WeightedTransition,1,0,0,0
1002,1962,Gospel,Childrens,WeightedTransition,2,0,0,0
1002,1962,Gospel,Classical,WeightedTransition,1,0,0,0
1002,1962,Gospel,Comedy,WeightedTransition,1,0,0,0
1002,1962,Gospel,ContemporaryFolk,WeightedTransition,3,0,0,0
1002,1962,Gospel,Country,WeightedTransition,4,0,0,0
1002,1962,Gospel,DooWop,WeightedTransition,1,0,0,0
1002,1962,Gospel,Gospel,Retained,120,0,0,0
1002,1962,Gospel,Gospel,WeightedTransition,12,0,0,0
1002,1962,Gospel,LatinPop,WeightedTransition,1,0,0,0
1002,1962,Gospel,RnB,WeightedTransition,3,0,0,0
1002,1962,Gospel,RockAndRoll,WeightedTransition,2,0,0,0
1002,1962,Gospel,Soul,WeightedTransition,4,0,0,0
1002,1962,Gospel,SurfRock,WeightedTransition,1,0,0,0
1002,1962,Gospel,TeenPop,WeightedTransition,2,0,0,0
1002,1962,Jazz,Blues,WeightedTransition,1,0,0,0
1002,1962,Jazz,BossaNova,AnnualFloor,1,0,0,0
1002,1962,Jazz,BossaNova,WeightedTransition,1,0,0,0
1002,1962,Jazz,Classical,WeightedTransition,1,0,0,0
1002,1962,Jazz,Comedy,WeightedTransition,1,0,0,0
1002,1962,Jazz,ContemporaryFolk,WeightedTransition,2,0,0,0
1002,1962,Jazz,Country,WeightedTransition,2,0,0,0
1002,1962,Jazz,DooWop,WeightedTransition,1,0,0,0
1002,1962,Jazz,EasyListening,WeightedTransition,2,0,0,0
1002,1962,Jazz,Folk,WeightedTransition,2,0,0,0
1002,1962,Jazz,Gospel,WeightedTransition,1,0,0,0
1002,1962,Jazz,Jazz,AnnualFloor,1,0,0,0
1002,1962,Jazz,Jazz,Retained,121,0,0,0
1002,1962,Jazz,Jazz,WeightedTransition,10,0,0,0
1002,1962,Jazz,RockAndRoll,WeightedTransition,1,0,0,0
1002,1962,Jazz,Soul,WeightedTransition,1,0,0,0
1002,1962,Jazz,SurfRock,WeightedTransition,1,0,0,0
1002,1962,Jazz,TeenPop,WeightedTransition,3,0,0,0
1002,1962,Jazz,TexMex,WeightedTransition,1,0,0,0
1002,1962,Jazz,TraditionalPop,WeightedTransition,2,0,0,0
1002,1962,LatinPop,ContemporaryFolk,WeightedTransition,2,0,0,0
1002,1962,LatinPop,Gospel,WeightedTransition,1,0,0,0
1002,1962,LatinPop,LatinPop,Retained,12,0,0,0
1002,1962,LatinPop,LatinPop,WeightedTransition,2,0,0,0
1002,1962,LatinPop,Soul,WeightedTransition,1,0,0,0
1002,1962,LatinPop,TexMex,WeightedTransition,1,0,0,0
1002,1962,RnB,Blues,AnnualFloor,1,0,0,0
1002,1962,RnB,Childrens,WeightedTransition,1,0,0,0
1002,1962,RnB,Classical,WeightedTransition,2,0,0,0
1002,1962,RnB,Comedy,AnnualFloor,1,0,0,0
1002,1962,RnB,Comedy,WeightedTransition,3,0,0,0
1002,1962,RnB,ContemporaryFolk,WeightedTransition,1,0,0,0
1002,1962,RnB,Country,AnnualFloor,1,0,0,0
1002,1962,RnB,Country,WeightedTransition,7,0,0,0
1002,1962,RnB,DooWop,AnnualFloor,1,0,0,0
1002,1962,RnB,DooWop,WeightedTransition,15,0,0,0
1002,1962,RnB,EasyListening,WeightedTransition,3,0,0,0
1002,1962,RnB,Folk,WeightedTransition,1,0,0,0
1002,1962,RnB,Gospel,WeightedTransition,9,0,0,0
1002,1962,RnB,Jazz,WeightedTransition,3,0,0,0
1002,1962,RnB,LatinPop,WeightedTransition,1,0,0,0
1002,1962,RnB,RnB,AnnualFloor,1,0,0,0
1002,1962,RnB,RnB,Retained,342,0,0,0
1002,1962,RnB,RnB,WeightedTransition,43,0,0,0
1002,1962,RnB,RockAndRoll,WeightedTransition,4,0,0,0
1002,1962,RnB,Soul,AnnualFloor,1,0,0,0
1002,1962,RnB,Soul,WeightedTransition,13,0,0,0
1002,1962,RnB,SurfRock,WeightedTransition,1,0,0,0
1002,1962,RnB,TeenPop,WeightedTransition,3,0,0,0
1002,1962,RnB,TexMex,AnnualFloor,2,0,0,0
1002,1962,RnB,TexMex,WeightedTransition,2,0,0,0
1002,1962,RnB,TraditionalPop,WeightedTransition,4,0,0,0
1002,1962,RockAndRoll,Blues,WeightedTransition,1,0,0,0
1002,1962,RockAndRoll,Childrens,WeightedTransition,1,0,0,0
1002,1962,RockAndRoll,Classical,WeightedTransition,2,0,0,0
1002,1962,RockAndRoll,Comedy,AnnualFloor,1,0,0,0
1002,1962,RockAndRoll,Comedy,WeightedTransition,2,0,0,0
1002,1962,RockAndRoll,ContemporaryFolk,AnnualFloor,1,0,0,0
1002,1962,RockAndRoll,Country,AnnualFloor,1,0,0,0
1002,1962,RockAndRoll,Country,WeightedTransition,7,0,0,0
1002,1962,RockAndRoll,DooWop,WeightedTransition,4,0,0,0
1002,1962,RockAndRoll,EasyListening,AnnualFloor,1,0,0,0
1002,1962,RockAndRoll,EasyListening,WeightedTransition,6,0,0,0
1002,1962,RockAndRoll,Gospel,WeightedTransition,1,0,0,0
1002,1962,RockAndRoll,Jazz,AnnualFloor,1,0,0,0
1002,1962,RockAndRoll,Jazz,WeightedTransition,3,0,0,0
1002,1962,RockAndRoll,LatinPop,AnnualFloor,1,0,0,0
1002,1962,RockAndRoll,RnB,WeightedTransition,3,0,0,0
1002,1962,RockAndRoll,RockAndRoll,AnnualFloor,1,0,0,0
1002,1962,RockAndRoll,RockAndRoll,Retained,388,0,0,0
1002,1962,RockAndRoll,RockAndRoll,WeightedTransition,26,0,0,0
1002,1962,RockAndRoll,Soul,WeightedTransition,2,0,0,0
1002,1962,RockAndRoll,SurfRock,WeightedTransition,13,0,0,0
1002,1962,RockAndRoll,TeenPop,WeightedTransition,6,0,0,0
1002,1962,RockAndRoll,TraditionalPop,WeightedTransition,6,0,0,0
1002,1962,Soul,BossaNova,WeightedTransition,1,0,0,0
1002,1962,Soul,Childrens,WeightedTransition,1,0,0,0
1002,1962,Soul,Classical,WeightedTransition,6,0,0,0
1002,1962,Soul,Comedy,WeightedTransition,6,0,0,0
1002,1962,Soul,Country,WeightedTransition,4,0,0,0
1002,1962,Soul,DooWop,AnnualFloor,1,0,0,0
1002,1962,Soul,DooWop,WeightedTransition,13,0,0,0
1002,1962,Soul,EasyListening,WeightedTransition,1,0,0,0
1002,1962,Soul,Folk,WeightedTransition,2,0,0,0
1002,1962,Soul,Gospel,AnnualFloor,1,0,0,0
1002,1962,Soul,Gospel,WeightedTransition,4,0,0,0
1002,1962,Soul,Jazz,WeightedTransition,3,0,0,0
1002,1962,Soul,LatinPop,AnnualFloor,1,0,0,0
1002,1962,Soul,RnB,AnnualFloor,1,0,0,0
1002,1962,Soul,RnB,WeightedTransition,13,0,0,0
1002,1962,Soul,RockAndRoll,WeightedTransition,4,0,0,0
1002,1962,Soul,Soul,AnnualFloor,2,0,0,0
1002,1962,Soul,Soul,Retained,354,0,0,0
1002,1962,Soul,Soul,WeightedTransition,30,0,0,0
1002,1962,Soul,TeenPop,WeightedTransition,12,0,0,0
1002,1962,Soul,TexMex,WeightedTransition,1,0,0,0
1002,1962,Soul,TraditionalPop,WeightedTransition,5,0,0,0
1002,1962,SurfRock,BossaNova,WeightedTransition,1,0,0,0
1002,1962,SurfRock,Childrens,AnnualFloor,1,0,0,0
1002,1962,SurfRock,Comedy,WeightedTransition,1,0,0,0
1002,1962,SurfRock,DooWop,WeightedTransition,1,0,0,0
1002,1962,SurfRock,EasyListening,AnnualFloor,1,0,0,0
1002,1962,SurfRock,Folk,WeightedTransition,1,0,0,0
1002,1962,SurfRock,Gospel,WeightedTransition,1,0,0,0
1002,1962,SurfRock,Jazz,WeightedTransition,1,0,0,0
1002,1962,SurfRock,RockAndRoll,WeightedTransition,9,0,0,0
1002,1962,SurfRock,SurfRock,AnnualFloor,1,0,0,0
1002,1962,SurfRock,SurfRock,Retained,62,0,0,0
1002,1962,SurfRock,SurfRock,WeightedTransition,6,0,0,0
1002,1962,SurfRock,TeenPop,WeightedTransition,2,0,0,0
1002,1962,SurfRock,TraditionalPop,WeightedTransition,2,0,0,0
1002,1962,TeenPop,Blues,WeightedTransition,1,0,0,0
1002,1962,TeenPop,Classical,WeightedTransition,1,0,0,0
1002,1962,TeenPop,Comedy,WeightedTransition,2,0,0,0
1002,1962,TeenPop,Country,AnnualFloor,1,0,0,0
1002,1962,TeenPop,Country,WeightedTransition,3,0,0,0
1002,1962,TeenPop,DooWop,WeightedTransition,1,0,0,0
1002,1962,TeenPop,EasyListening,WeightedTransition,9,0,0,0
1002,1962,TeenPop,Jazz,AnnualFloor,1,0,0,0
1002,1962,TeenPop,Jazz,WeightedTransition,3,0,0,0
1002,1962,TeenPop,LatinPop,AnnualFloor,1,0,0,0
1002,1962,TeenPop,RnB,WeightedTransition,4,0,0,0
1002,1962,TeenPop,RockAndRoll,AnnualFloor,1,0,0,0
1002,1962,TeenPop,RockAndRoll,WeightedTransition,1,0,0,0
1002,1962,TeenPop,Soul,WeightedTransition,3,0,0,0
1002,1962,TeenPop,SurfRock,AnnualFloor,1,0,0,0
1002,1962,TeenPop,SurfRock,WeightedTransition,2,0,0,0
1002,1962,TeenPop,TeenPop,AnnualFloor,1,0,0,0
1002,1962,TeenPop,TeenPop,Retained,227,0,0,0
1002,1962,TeenPop,TeenPop,WeightedTransition,24,0,0,0
1002,1962,TeenPop,TraditionalPop,WeightedTransition,9,0,0,0
1002,1962,TexMex,Blues,AnnualFloor,1,0,0,0
1002,1962,TexMex,Childrens,WeightedTransition,1,0,0,0
1002,1962,TexMex,DooWop,WeightedTransition,1,0,0,0
1002,1962,TexMex,Gospel,WeightedTransition,1,0,0,0
1002,1962,TexMex,Jazz,WeightedTransition,1,0,0,0
1002,1962,TexMex,Soul,WeightedTransition,1,0,0,0
1002,1962,TexMex,TexMex,Retained,24,0,0,0
1002,1962,TexMex,TexMex,WeightedTransition,1,0,0,0
1002,1962,TraditionalPop,BossaNova,AnnualFloor,2,0,0,0
1002,1962,TraditionalPop,BossaNova,WeightedTransition,2,0,0,0
1002,1962,TraditionalPop,Childrens,WeightedTransition,1,0,0,0
1002,1962,TraditionalPop,Comedy,WeightedTransition,4,0,0,0
1002,1962,TraditionalPop,Country,WeightedTransition,4,0,0,0
1002,1962,TraditionalPop,DooWop,WeightedTransition,2,0,0,0
1002,1962,TraditionalPop,EasyListening,WeightedTransition,6,0,0,0
1002,1962,TraditionalPop,Folk,WeightedTransition,3,0,0,0
1002,1962,TraditionalPop,Gospel,WeightedTransition,3,0,0,0
1002,1962,TraditionalPop,Jazz,WeightedTransition,1,0,0,0
1002,1962,TraditionalPop,RnB,WeightedTransition,2,0,0,0
1002,1962,TraditionalPop,RockAndRoll,WeightedTransition,5,0,0,0
1002,1962,TraditionalPop,Soul,WeightedTransition,1,0,0,0
1002,1962,TraditionalPop,SurfRock,WeightedTransition,2,0,0,0
1002,1962,TraditionalPop,TeenPop,AnnualFloor,1,0,0,0
1002,1962,TraditionalPop,TeenPop,WeightedTransition,9,0,0,0
1002,1962,TraditionalPop,TexMex,AnnualFloor,1,0,0,0
1002,1962,TraditionalPop,TraditionalPop,AnnualFloor,3,0,0,0
1002,1962,TraditionalPop,TraditionalPop,Retained,305,0,0,0
1002,1962,TraditionalPop,TraditionalPop,WeightedTransition,29,0,0,0
1002,1963,Blues,Blues,Retained,29,0,0,0
1002,1963,Blues,Blues,WeightedTransition,1,0,0,0
1002,1963,Blues,Gospel,WeightedTransition,1,0,0,0
1002,1963,Blues,Soul,WeightedTransition,1,0,0,0
1002,1963,Blues,TraditionalPop,WeightedTransition,1,0,0,0
1002,1963,BluesRock,BluesRock,Retained,2,0,0,0
1002,1963,BossaNova,BossaNova,Retained,30,0,0,0
1002,1963,BossaNova,Childrens,AnnualFloor,1,0,0,0
1002,1963,BossaNova,Folk,WeightedTransition,2,0,0,0
1002,1963,BossaNova,SurfRock,WeightedTransition,1,0,0,0
1002,1963,Childrens,Blues,WeightedTransition,1,0,0,0
1002,1963,Childrens,Childrens,Retained,24,0,0,0
1002,1963,Childrens,Comedy,WeightedTransition,1,0,0,0
1002,1963,Childrens,Gospel,WeightedTransition,1,0,0,0
1002,1963,Childrens,Jazz,WeightedTransition,1,0,0,0
1002,1963,Childrens,RnB,WeightedTransition,1,0,0,0
1002,1963,Childrens,RockAndRoll,WeightedTransition,1,0,0,0
1002,1963,Childrens,SurfRock,WeightedTransition,1,0,0,0
1002,1963,Childrens,TeenPop,WeightedTransition,1,0,0,0
1002,1963,Childrens,TexMex,WeightedTransition,1,0,0,0
1002,1963,Childrens,TraditionalPop,WeightedTransition,1,0,0,0
1002,1963,Classical,Classical,Retained,17,0,0,0
1002,1963,Classical,Comedy,AnnualFloor,1,0,0,0
1002,1963,Classical,DooWop,WeightedTransition,1,0,0,0
1002,1963,Classical,Gospel,WeightedTransition,1,0,0,0
1002,1963,Classical,Soul,WeightedTransition,1,0,0,0
1002,1963,Classical,SurfRock,WeightedTransition,1,0,0,0
1002,1963,Classical,TeenPop,WeightedTransition,1,0,0,0
1002,1963,Classical,TexMex,WeightedTransition,1,0,0,0
1002,1963,Classical,TraditionalPop,WeightedTransition,1,0,0,0
1002,1963,Comedy,Blues,AnnualFloor,1,0,0,0
1002,1963,Comedy,Childrens,WeightedTransition,2,0,0,0
1002,1963,Comedy,Comedy,Retained,48,0,0,0
1002,1963,Comedy,Comedy,WeightedTransition,2,0,0,0
1002,1963,Comedy,DooWop,WeightedTransition,1,0,0,0
1002,1963,Comedy,Gospel,WeightedTransition,1,0,0,0
1002,1963,Comedy,LatinPop,WeightedTransition,1,0,0,0
1002,1963,Comedy,Soul,WeightedTransition,1,0,0,0
1002,1963,Comedy,TexMex,WeightedTransition,1,0,0,0
1002,1963,ContemporaryFolk,ContemporaryFolk,Retained,23,0,0,0
1002,1963,ContemporaryFolk,ContemporaryFolk,WeightedTransition,4,0,0,0
1002,1963,ContemporaryFolk,Gospel,WeightedTransition,1,0,0,0
1002,1963,ContemporaryFolk,TraditionalPop,WeightedTransition,1,0,0,0
1002,1963,Country,Childrens,WeightedTransition,1,0,0,0
1002,1963,Country,Classical,AnnualFloor,1,0,0,0
1002,1963,Country,Classical,WeightedTransition,1,0,0,0
1002,1963,Country,Comedy,WeightedTransition,3,0,0,0
1002,1963,Country,ContemporaryFolk,WeightedTransition,5,0,0,0
1002,1963,Country,Country,AnnualFloor,1,0,0,0
1002,1963,Country,Country,Retained,125,0,0,0
1002,1963,Country,Country,WeightedTransition,10,0,0,0
1002,1963,Country,DooWop,WeightedTransition,1,0,0,0
1002,1963,Country,EasyListening,WeightedTransition,1,0,0,0
1002,1963,Country,Folk,WeightedTransition,4,0,0,0
1002,1963,Country,GarageRock,WeightedTransition,1,0,0,0
1002,1963,Country,Jazz,WeightedTransition,2,0,0,0
1002,1963,Country,LatinPop,AnnualFloor,1,0,0,0
1002,1963,Country,LatinPop,WeightedTransition,1,0,0,0
1002,1963,Country,RnB,WeightedTransition,1,0,0,0
1002,1963,Country,RockAndRoll,WeightedTransition,2,0,0,0
1002,1963,Country,Soul,WeightedTransition,1,0,0,0
1002,1963,Country,SurfRock,WeightedTransition,2,0,0,0
1002,1963,Country,TeenPop,WeightedTransition,2,0,0,0
1002,1963,Country,TraditionalPop,WeightedTransition,2,0,0,0
1002,1963,DooWop,Blues,WeightedTransition,1,0,0,0
1002,1963,DooWop,BossaNova,WeightedTransition,2,0,0,0
1002,1963,DooWop,Comedy,WeightedTransition,2,0,0,0
1002,1963,DooWop,ContemporaryFolk,WeightedTransition,1,0,0,0
1002,1963,DooWop,Country,WeightedTransition,3,0,0,0
1002,1963,DooWop,DooWop,AnnualFloor,1,0,0,0
1002,1963,DooWop,DooWop,Retained,207,0,0,0
1002,1963,DooWop,DooWop,WeightedTransition,19,0,0,0
1002,1963,DooWop,EasyListening,WeightedTransition,2,0,0,0
1002,1963,DooWop,Folk,WeightedTransition,1,0,0,0
1002,1963,DooWop,GarageRock,AnnualFloor,1,0,0,0
1002,1963,DooWop,GarageRock,WeightedTransition,2,0,0,0
1002,1963,DooWop,Gospel,WeightedTransition,1,0,0,0
1002,1963,DooWop,Jazz,WeightedTransition,2,0,0,0
1002,1963,DooWop,LatinPop,WeightedTransition,2,0,0,0
1002,1963,DooWop,RnB,AnnualFloor,1,0,0,0
1002,1963,DooWop,RnB,WeightedTransition,7,0,0,0
1002,1963,DooWop,RockAndRoll,AnnualFloor,1,0,0,0
1002,1963,DooWop,RockAndRoll,WeightedTransition,3,0,0,0
1002,1963,DooWop,Soul,AnnualFloor,1,0,0,0
1002,1963,DooWop,Soul,WeightedTransition,11,0,0,0
1002,1963,DooWop,SurfRock,WeightedTransition,1,0,0,0
1002,1963,DooWop,TeenPop,AnnualFloor,1,0,0,0
1002,1963,DooWop,TeenPop,WeightedTransition,4,0,0,0
1002,1963,DooWop,TraditionalPop,WeightedTransition,8,0,0,0
1002,1963,EasyListening,Country,AnnualFloor,1,0,0,0
1002,1963,EasyListening,EasyListening,Retained,41,0,0,0
1002,1963,EasyListening,EasyListening,WeightedTransition,2,0,0,0
1002,1963,EasyListening,RnB,WeightedTransition,1,0,0,0
1002,1963,EasyListening,RockAndRoll,WeightedTransition,1,0,0,0
1002,1963,EasyListening,Soul,WeightedTransition,1,0,0,0
1002,1963,EasyListening,SurfRock,WeightedTransition,2,0,0,0
1002,1963,EasyListening,TexMex,WeightedTransition,1,0,0,0
1002,1963,EasyListening,TraditionalPop,WeightedTransition,6,0,0,0
1002,1963,Folk,Blues,WeightedTransition,1,0,0,0
1002,1963,Folk,Childrens,AnnualFloor,1,0,0,0
1002,1963,Folk,Comedy,WeightedTransition,1,0,0,0
1002,1963,Folk,ContemporaryFolk,WeightedTransition,5,0,0,0
1002,1963,Folk,Country,AnnualFloor,1,0,0,0
1002,1963,Folk,Country,WeightedTransition,3,0,0,0
1002,1963,Folk,DooWop,WeightedTransition,1,0,0,0
1002,1963,Folk,EasyListening,WeightedTransition,1,0,0,0
1002,1963,Folk,Folk,AnnualFloor,3,0,0,0
1002,1963,Folk,Folk,Retained,164,0,0,0
1002,1963,Folk,Folk,WeightedTransition,19,0,0,0
1002,1963,Folk,Gospel,WeightedTransition,1,0,0,0
1002,1963,Folk,Jazz,WeightedTransition,2,0,0,0
1002,1963,Folk,RnB,WeightedTransition,3,0,0,0
1002,1963,Folk,RockAndRoll,WeightedTransition,4,0,0,0
1002,1963,Folk,SurfRock,AnnualFloor,1,0,0,0
1002,1963,Folk,SurfRock,WeightedTransition,3,0,0,0
1002,1963,Folk,TeenPop,WeightedTransition,3,0,0,0
1002,1963,Folk,TexMex,WeightedTransition,1,0,0,0
1002,1963,Folk,TraditionalPop,WeightedTransition,4,0,0,0
1002,1963,GarageRock,GarageRock,Retained,3,0,0,0
1002,1963,GarageRock,GarageRock,WeightedTransition,1,0,0,0
1002,1963,Gospel,Classical,AnnualFloor,1,0,0,0
1002,1963,Gospel,ContemporaryFolk,WeightedTransition,3,0,0,0
1002,1963,Gospel,Country,WeightedTransition,3,0,0,0
1002,1963,Gospel,DooWop,WeightedTransition,2,0,0,0
1002,1963,Gospel,GarageRock,WeightedTransition,1,0,0,0
1002,1963,Gospel,Gospel,Retained,136,0,0,0
1002,1963,Gospel,Gospel,WeightedTransition,5,0,0,0
1002,1963,Gospel,RnB,AnnualFloor,1,0,0,0
1002,1963,Gospel,RnB,WeightedTransition,2,0,0,0
1002,1963,Gospel,Soul,WeightedTransition,2,0,0,0
1002,1963,Gospel,SurfRock,WeightedTransition,2,0,0,0
1002,1963,Gospel,TeenPop,AnnualFloor,1,0,0,0
1002,1963,Gospel,TeenPop,WeightedTransition,1,0,0,0
1002,1963,Gospel,TexMex,WeightedTransition,2,0,0,0
1002,1963,Jazz,BossaNova,WeightedTransition,1,0,0,0
1002,1963,Jazz,Childrens,WeightedTransition,1,0,0,0
1002,1963,Jazz,ContemporaryFolk,WeightedTransition,1,0,0,0
1002,1963,Jazz,EasyListening,WeightedTransition,1,0,0,0
1002,1963,Jazz,Gospel,WeightedTransition,1,0,0,0
1002,1963,Jazz,Jazz,AnnualFloor,1,0,0,0
1002,1963,Jazz,Jazz,Retained,115,0,0,0
1002,1963,Jazz,Jazz,WeightedTransition,6,0,0,0
1002,1963,Jazz,RnB,WeightedTransition,2,0,0,0
1002,1963,Jazz,Soul,WeightedTransition,3,0,0,0
1002,1963,Jazz,SurfRock,WeightedTransition,4,0,0,0
1002,1963,Jazz,TeenPop,WeightedTransition,3,0,0,0
1002,1963,Jazz,TraditionalPop,WeightedTransition,2,0,0,0
1002,1963,LatinPop,LatinPop,Retained,15,0,0,0
1002,1963,LatinPop,TexMex,WeightedTransition,1,0,0,0
1002,1963,RnB,Blues,WeightedTransition,2,0,0,0
1002,1963,RnB,BossaNova,WeightedTransition,4,0,0,0
1002,1963,RnB,Classical,WeightedTransition,4,0,0,0
1002,1963,RnB,Comedy,WeightedTransition,5,0,0,0
1002,1963,RnB,ContemporaryFolk,WeightedTransition,7,0,0,0
1002,1963,RnB,Country,WeightedTransition,3,0,0,0
1002,1963,RnB,DooWop,AnnualFloor,1,0,0,0
1002,1963,RnB,DooWop,WeightedTransition,8,0,0,0
1002,1963,RnB,EasyListening,AnnualFloor,2,0,0,0
1002,1963,RnB,EasyListening,WeightedTransition,1,0,0,0
1002,1963,RnB,Folk,WeightedTransition,4,0,0,0
1002,1963,RnB,GarageRock,WeightedTransition,1,0,0,0
1002,1963,RnB,Gospel,AnnualFloor,1,0,0,0
1002,1963,RnB,Gospel,WeightedTransition,7,0,0,0
1002,1963,RnB,Jazz,AnnualFloor,1,0,0,0
1002,1963,RnB,Jazz,WeightedTransition,5,0,0,0
1002,1963,RnB,LatinPop,WeightedTransition,2,0,0,0
1002,1963,RnB,RnB,AnnualFloor,1,0,0,0
1002,1963,RnB,RnB,Retained,355,0,0,0
1002,1963,RnB,RnB,WeightedTransition,28,0,0,0
1002,1963,RnB,RockAndRoll,WeightedTransition,4,0,0,0
1002,1963,RnB,Soul,WeightedTransition,21,0,0,0
1002,1963,RnB,SurfRock,WeightedTransition,3,0,0,0
1002,1963,RnB,TeenPop,WeightedTransition,4,0,0,0
1002,1963,RnB,TexMex,WeightedTransition,1,0,0,0
1002,1963,RnB,TraditionalPop,WeightedTransition,8,0,0,0
1002,1963,RockAndRoll,Blues,WeightedTransition,1,0,0,0
1002,1963,RockAndRoll,BossaNova,WeightedTransition,1,0,0,0
1002,1963,RockAndRoll,Childrens,AnnualFloor,1,0,0,0
1002,1963,RockAndRoll,Childrens,WeightedTransition,4,0,0,0
1002,1963,RockAndRoll,Classical,WeightedTransition,1,0,0,0
1002,1963,RockAndRoll,Comedy,AnnualFloor,1,0,0,0
1002,1963,RockAndRoll,ContemporaryFolk,AnnualFloor,1,0,0,0
1002,1963,RockAndRoll,ContemporaryFolk,WeightedTransition,4,0,0,0
1002,1963,RockAndRoll,Country,WeightedTransition,2,0,0,0
1002,1963,RockAndRoll,DooWop,WeightedTransition,4,0,0,0
1002,1963,RockAndRoll,EasyListening,AnnualFloor,1,0,0,0
1002,1963,RockAndRoll,EasyListening,WeightedTransition,3,0,0,0
1002,1963,RockAndRoll,Folk,WeightedTransition,4,0,0,0
1002,1963,RockAndRoll,GarageRock,AnnualFloor,1,0,0,0
1002,1963,RockAndRoll,GarageRock,WeightedTransition,3,0,0,0
1002,1963,RockAndRoll,Gospel,WeightedTransition,2,0,0,0
1002,1963,RockAndRoll,Jazz,WeightedTransition,3,0,0,0
1002,1963,RockAndRoll,LatinPop,WeightedTransition,1,0,0,0
1002,1963,RockAndRoll,RnB,WeightedTransition,3,0,0,0
1002,1963,RockAndRoll,RockAndRoll,AnnualFloor,1,0,0,0
1002,1963,RockAndRoll,RockAndRoll,Retained,337,0,0,0
1002,1963,RockAndRoll,RockAndRoll,WeightedTransition,25,0,0,0
1002,1963,RockAndRoll,Soul,AnnualFloor,1,0,0,0
1002,1963,RockAndRoll,Soul,WeightedTransition,5,0,0,0
1002,1963,RockAndRoll,SurfRock,AnnualFloor,1,0,0,0
1002,1963,RockAndRoll,SurfRock,WeightedTransition,8,0,0,0
1002,1963,RockAndRoll,TeenPop,AnnualFloor,1,0,0,0
1002,1963,RockAndRoll,TeenPop,WeightedTransition,5,0,0,0
1002,1963,RockAndRoll,TexMex,WeightedTransition,2,0,0,0
1002,1963,RockAndRoll,TraditionalPop,WeightedTransition,6,0,0,0
1002,1963,Soul,Blues,WeightedTransition,2,0,0,0
1002,1963,Soul,BossaNova,AnnualFloor,1,0,0,0
1002,1963,Soul,BossaNova,WeightedTransition,4,0,0,0
1002,1963,Soul,Childrens,WeightedTransition,1,0,0,0
1002,1963,Soul,Classical,WeightedTransition,2,0,0,0
1002,1963,Soul,Comedy,WeightedTransition,2,0,0,0
1002,1963,Soul,ContemporaryFolk,AnnualFloor,1,0,0,0
1002,1963,Soul,ContemporaryFolk,WeightedTransition,2,0,0,0
1002,1963,Soul,Country,WeightedTransition,1,0,0,0
1002,1963,Soul,DooWop,AnnualFloor,1,0,0,0
1002,1963,Soul,DooWop,WeightedTransition,8,0,0,0
1002,1963,Soul,EasyListening,WeightedTransition,4,0,0,0
1002,1963,Soul,Folk,WeightedTransition,2,0,0,0
1002,1963,Soul,Gospel,AnnualFloor,1,0,0,0
1002,1963,Soul,Gospel,WeightedTransition,8,0,0,0
1002,1963,Soul,Jazz,WeightedTransition,1,0,0,0
1002,1963,Soul,LatinPop,AnnualFloor,1,0,0,0
1002,1963,Soul,LatinPop,WeightedTransition,2,0,0,0
1002,1963,Soul,RnB,WeightedTransition,10,0,0,0
1002,1963,Soul,RockAndRoll,WeightedTransition,3,0,0,0
1002,1963,Soul,Soul,Retained,360,0,0,0
1002,1963,Soul,Soul,WeightedTransition,40,0,0,0
1002,1963,Soul,SurfRock,WeightedTransition,3,0,0,0
1002,1963,Soul,TeenPop,WeightedTransition,6,0,0,0
1002,1963,Soul,TexMex,WeightedTransition,3,0,0,0
1002,1963,Soul,TraditionalPop,WeightedTransition,4,0,0,0
1002,1963,SurfRock,BossaNova,AnnualFloor,1,0,0,0
1002,1963,SurfRock,BossaNova,WeightedTransition,1,0,0,0
1002,1963,SurfRock,Childrens,WeightedTransition,1,0,0,0
1002,1963,SurfRock,Classical,AnnualFloor,1,0,0,0
1002,1963,SurfRock,Country,WeightedTransition,2,0,0,0
1002,1963,SurfRock,Folk,WeightedTransition,1,0,0,0
1002,1963,SurfRock,GarageRock,WeightedTransition,1,0,0,0
1002,1963,SurfRock,RnB,WeightedTransition,1,0,0,0
1002,1963,SurfRock,Soul,WeightedTransition,1,0,0,0
1002,1963,SurfRock,SurfRock,Retained,59,0,0,0
1002,1963,SurfRock,SurfRock,WeightedTransition,4,0,0,0
1002,1963,SurfRock,TeenPop,WeightedTransition,2,0,0,0
1002,1963,SurfRock,TraditionalPop,WeightedTransition,4,0,0,0
1002,1963,TeenPop,Blues,AnnualFloor,2,0,0,0
1002,1963,TeenPop,Blues,WeightedTransition,1,0,0,0
1002,1963,TeenPop,BossaNova,WeightedTransition,2,0,0,0
1002,1963,TeenPop,Comedy,WeightedTransition,1,0,0,0
1002,1963,TeenPop,ContemporaryFolk,WeightedTransition,2,0,0,0
1002,1963,TeenPop,DooWop,WeightedTransition,2,0,0,0
1002,1963,TeenPop,EasyListening,WeightedTransition,4,0,0,0
1002,1963,TeenPop,Gospel,WeightedTransition,3,0,0,0
1002,1963,TeenPop,Jazz,AnnualFloor,1,0,0,0
1002,1963,TeenPop,RnB,WeightedTransition,3,0,0,0
1002,1963,TeenPop,RockAndRoll,AnnualFloor,1,0,0,0
1002,1963,TeenPop,RockAndRoll,WeightedTransition,4,0,0,0
1002,1963,TeenPop,Soul,AnnualFloor,1,0,0,0
1002,1963,TeenPop,Soul,WeightedTransition,5,0,0,0
1002,1963,TeenPop,SurfRock,AnnualFloor,1,0,0,0
1002,1963,TeenPop,SurfRock,WeightedTransition,3,0,0,0
1002,1963,TeenPop,TeenPop,Retained,219,0,0,0
1002,1963,TeenPop,TeenPop,WeightedTransition,24,0,0,0
1002,1963,TeenPop,TexMex,WeightedTransition,1,0,0,0
1002,1963,TeenPop,TraditionalPop,WeightedTransition,6,0,0,0
1002,1963,TexMex,ContemporaryFolk,AnnualFloor,1,0,0,0
1002,1963,TexMex,Gospel,WeightedTransition,1,0,0,0
1002,1963,TexMex,Jazz,WeightedTransition,1,0,0,0
1002,1963,TexMex,RockAndRoll,WeightedTransition,1,0,0,0
1002,1963,TexMex,TexMex,AnnualFloor,1,0,0,0
1002,1963,TexMex,TexMex,Retained,18,0,0,0
1002,1963,TexMex,TexMex,WeightedTransition,3,0,0,0
1002,1963,TraditionalPop,BossaNova,AnnualFloor,1,0,0,0
1002,1963,TraditionalPop,BossaNova,WeightedTransition,1,0,0,0
1002,1963,TraditionalPop,Childrens,WeightedTransition,2,0,0,0
1002,1963,TraditionalPop,Classical,WeightedTransition,1,0,0,0
1002,1963,TraditionalPop,Comedy,AnnualFloor,1,0,0,0
1002,1963,TraditionalPop,Country,WeightedTransition,2,0,0,0
1002,1963,TraditionalPop,DooWop,WeightedTransition,2,0,0,0
1002,1963,TraditionalPop,EasyListening,WeightedTransition,5,0,0,0
1002,1963,TraditionalPop,GarageRock,AnnualFloor,1,0,0,0
1002,1963,TraditionalPop,Gospel,AnnualFloor,1,0,0,0
1002,1963,TraditionalPop,Gospel,WeightedTransition,2,0,0,0
1002,1963,TraditionalPop,Jazz,WeightedTransition,4,0,0,0
1002,1963,TraditionalPop,LatinPop,AnnualFloor,1,0,0,0
1002,1963,TraditionalPop,LatinPop,WeightedTransition,4,0,0,0
1002,1963,TraditionalPop,RnB,WeightedTransition,4,0,0,0
1002,1963,TraditionalPop,RockAndRoll,WeightedTransition,1,0,0,0
1002,1963,TraditionalPop,Soul,WeightedTransition,7,0,0,0
1002,1963,TraditionalPop,SurfRock,WeightedTransition,3,0,0,0
1002,1963,TraditionalPop,TeenPop,WeightedTransition,6,0,0,0
1002,1963,TraditionalPop,TexMex,AnnualFloor,2,0,0,0
1002,1963,TraditionalPop,TexMex,WeightedTransition,1,0,0,0
1002,1963,TraditionalPop,TraditionalPop,AnnualFloor,3,0,0,0
1002,1963,TraditionalPop,TraditionalPop,Retained,296,0,0,0
1002,1963,TraditionalPop,TraditionalPop,WeightedTransition,36,0,0,0
1002,1964,Blues,Blues,Retained,22,0,0,0
1002,1964,Blues,BritishBeat,WeightedTransition,1,0,0,0
1002,1964,Blues,BritishPop,WeightedTransition,1,0,0,0
1002,1964,Blues,Classical,WeightedTransition,1,0,0,0
1002,1964,Blues,RockAndRoll,WeightedTransition,1,0,0,0
1002,1964,BossaNova,BossaNova,Retained,30,0,0,0
1002,1964,BossaNova,BossaNova,WeightedTransition,1,0,0,0
1002,1964,BossaNova,BritishBeat,WeightedTransition,3,0,0,0
1002,1964,BossaNova,Country,WeightedTransition,1,0,0,0
1002,1964,BossaNova,Jazz,AnnualFloor,1,0,0,0
1002,1964,BossaNova,Jazz,WeightedTransition,2,0,0,0
1002,1964,BritishBeat,BossaNova,WeightedTransition,1,0,0,0
1002,1964,BritishBeat,BritishBeat,Retained,37,0,0,0
1002,1964,BritishBeat,BritishBeat,WeightedTransition,6,0,0,0
1002,1964,BritishBeat,Comedy,WeightedTransition,1,0,0,0
1002,1964,BritishBeat,ContemporaryFolk,WeightedTransition,1,0,0,0
1002,1964,BritishBeat,EasyListening,WeightedTransition,1,0,0,0
1002,1964,BritishBeat,Jazz,WeightedTransition,1,0,0,0
1002,1964,BritishBeat,LatinPop,WeightedTransition,1,0,0,0
1002,1964,BritishBeat,SurfRock,WeightedTransition,2,0,0,0
1002,1964,BritishBeat,TeenPop,WeightedTransition,1,0,0,0
1002,1964,BritishPop,BritishBeat,WeightedTransition,2,0,0,0
1002,1964,BritishPop,BritishPop,Retained,28,0,0,0
1002,1964,BritishPop,BritishPop,WeightedTransition,2,0,0,0
1002,1964,BritishPop,EasyListening,WeightedTransition,1,0,0,0
1002,1964,BritishPop,TeenPop,WeightedTransition,1,0,0,0
1002,1964,Childrens,BritishBeat,WeightedTransition,3,0,0,0
1002,1964,Childrens,Childrens,Retained,23,0,0,0
1002,1964,Childrens,Childrens,WeightedTransition,1,0,0,0
1002,1964,Childrens,Comedy,WeightedTransition,2,0,0,0
1002,1964,Childrens,ContemporaryFolk,WeightedTransition,1,0,0,0
1002,1964,Childrens,Folk,WeightedTransition,1,0,0,0
1002,1964,Childrens,Gospel,WeightedTransition,1,0,0,0
1002,1964,Childrens,LatinPop,WeightedTransition,1,0,0,0
1002,1964,Childrens,RnB,WeightedTransition,1,0,0,0
1002,1964,Childrens,Soul,WeightedTransition,1,0,0,0
1002,1964,Classical,Blues,WeightedTransition,1,0,0,0
1002,1964,Classical,BritishBeat,WeightedTransition,1,0,0,0
1002,1964,Classical,BritishPop,WeightedTransition,2,0,0,0
1002,1964,Classical,Classical,Retained,26,0,0,0
1002,1964,Classical,ContemporaryFolk,WeightedTransition,2,0,0,0
1002,1964,Classical,Country,WeightedTransition,1,0,0,0
1002,1964,Classical,SurfRock,WeightedTransition,1,0,0,0
1002,1964,Classical,TeenPop,WeightedTransition,1,0,0,0
1002,1964,Comedy,BritishPop,WeightedTransition,1,0,0,0
1002,1964,Comedy,Comedy,Retained,31,0,0,0
1002,1964,Comedy,Gospel,AnnualFloor,1,0,0,0
1002,1964,Comedy,Gospel,WeightedTransition,1,0,0,0
1002,1964,Comedy,RnB,WeightedTransition,1,0,0,0
1002,1964,Comedy,RockAndRoll,AnnualFloor,1,0,0,0
1002,1964,Comedy,TraditionalPop,WeightedTransition,3,0,0,0
1002,1964,ContemporaryFolk,BritishPop,WeightedTransition,1,0,0,0
1002,1964,ContemporaryFolk,Comedy,WeightedTransition,2,0,0,0
1002,1964,ContemporaryFolk,ContemporaryFolk,Retained,26,0,0,0
1002,1964,ContemporaryFolk,ContemporaryFolk,WeightedTransition,2,0,0,0
1002,1964,ContemporaryFolk,Folk,WeightedTransition,3,0,0,0
1002,1964,ContemporaryFolk,Gospel,WeightedTransition,1,0,0,0
1002,1964,ContemporaryFolk,Soul,WeightedTransition,1,0,0,0
1002,1964,ContemporaryFolk,TexMex,WeightedTransition,1,0,0,0
1002,1964,ContemporaryFolk,TraditionalPop,WeightedTransition,1,0,0,0
1002,1964,Country,BossaNova,WeightedTransition,1,0,0,0
1002,1964,Country,BritishBeat,AnnualFloor,1,0,0,0
1002,1964,Country,BritishBeat,WeightedTransition,4,0,0,0
1002,1964,Country,BritishPop,WeightedTransition,2,0,0,0
1002,1964,Country,ContemporaryFolk,WeightedTransition,1,0,0,0
1002,1964,Country,Country,AnnualFloor,1,0,0,0
1002,1964,Country,Country,Retained,131,0,0,0
1002,1964,Country,Country,WeightedTransition,9,0,0,0
1002,1964,Country,DooWop,WeightedTransition,1,0,0,0
1002,1964,Country,Folk,WeightedTransition,4,0,0,0
1002,1964,Country,GarageRock,WeightedTransition,1,0,0,0
1002,1964,Country,RnB,AnnualFloor,1,0,0,0
1002,1964,Country,RnB,WeightedTransition,1,0,0,0
1002,1964,Country,Soul,WeightedTransition,5,0,0,0
1002,1964,Country,SurfRock,WeightedTransition,1,0,0,0
1002,1964,Country,TeenPop,WeightedTransition,1,0,0,0
1002,1964,Country,TraditionalPop,WeightedTransition,1,0,0,0
1002,1964,DooWop,BossaNova,WeightedTransition,3,0,0,0
1002,1964,DooWop,BritishBeat,WeightedTransition,7,0,0,0
1002,1964,DooWop,BritishPop,WeightedTransition,8,0,0,0
1002,1964,DooWop,Childrens,AnnualFloor,1,0,0,0
1002,1964,DooWop,Childrens,WeightedTransition,3,0,0,0
1002,1964,DooWop,Comedy,AnnualFloor,1,0,0,0
1002,1964,DooWop,Country,WeightedTransition,1,0,0,0
1002,1964,DooWop,DooWop,Retained,260,0,0,0
1002,1964,DooWop,DooWop,WeightedTransition,7,0,0,0
1002,1964,DooWop,EasyListening,AnnualFloor,1,0,0,0
1002,1964,DooWop,EasyListening,WeightedTransition,3,0,0,0
1002,1964,DooWop,Folk,AnnualFloor,1,0,0,0
1002,1964,DooWop,Folk,WeightedTransition,1,0,0,0
1002,1964,DooWop,Gospel,WeightedTransition,1,0,0,0
1002,1964,DooWop,LatinPop,WeightedTransition,1,0,0,0
1002,1964,DooWop,RnB,WeightedTransition,10,0,0,0
1002,1964,DooWop,RockAndRoll,WeightedTransition,3,0,0,0
1002,1964,DooWop,Soul,WeightedTransition,14,0,0,0
1002,1964,DooWop,TeenPop,WeightedTransition,6,0,0,0
1002,1964,DooWop,TraditionalPop,WeightedTransition,3,0,0,0
1002,1964,EasyListening,Blues,WeightedTransition,1,0,0,0
1002,1964,EasyListening,BossaNova,WeightedTransition,1,0,0,0
1002,1964,EasyListening,BritishBeat,WeightedTransition,1,0,0,0
1002,1964,EasyListening,BritishPop,WeightedTransition,2,0,0,0
1002,1964,EasyListening,EasyListening,Retained,33,0,0,0
1002,1964,EasyListening,EasyListening,WeightedTransition,5,0,0,0
1002,1964,EasyListening,Soul,WeightedTransition,1,0,0,0
1002,1964,EasyListening,SurfRock,WeightedTransition,2,0,0,0
1002,1964,Folk,BritishBeat,WeightedTransition,2,0,0,0
1002,1964,Folk,BritishPop,AnnualFloor,1,0,0,0
1002,1964,Folk,BritishPop,WeightedTransition,4,0,0,0
1002,1964,Folk,Childrens,AnnualFloor,1,0,0,0
1002,1964,Folk,ContemporaryFolk,WeightedTransition,2,0,0,0
1002,1964,Folk,Country,WeightedTransition,5,0,0,0
1002,1964,Folk,DooWop,AnnualFloor,1,0,0,0
1002,1964,Folk,Folk,AnnualFloor,1,0,0,0
1002,1964,Folk,Folk,Retained,132,0,0,0
1002,1964,Folk,Folk,WeightedTransition,15,0,0,0
1002,1964,Folk,GarageRock,WeightedTransition,1,0,0,0
1002,1964,Folk,Jazz,WeightedTransition,1,0,0,0
1002,1964,Folk,LatinPop,WeightedTransition,1,0,0,0
1002,1964,Folk,RockAndRoll,WeightedTransition,1,0,0,0
1002,1964,Folk,Ska,WeightedTransition,1,0,0,0
1002,1964,Folk,Soul,WeightedTransition,1,0,0,0
1002,1964,Folk,SurfRock,WeightedTransition,2,0,0,0
1002,1964,Folk,TeenPop,WeightedTransition,2,0,0,0
1002,1964,GarageRock,Folk,AnnualFloor,1,0,0,0
1002,1964,GarageRock,GarageRock,Retained,8,0,0,0
1002,1964,GarageRock,GarageRock,WeightedTransition,1,0,0,0
1002,1964,Gospel,BossaNova,WeightedTransition,1,0,0,0
1002,1964,Gospel,BritishBeat,WeightedTransition,6,0,0,0
1002,1964,Gospel,BritishPop,WeightedTransition,4,0,0,0
1002,1964,Gospel,Childrens,AnnualFloor,1,0,0,0
1002,1964,Gospel,ContemporaryFolk,WeightedTransition,1,0,0,0
1002,1964,Gospel,Country,WeightedTransition,2,0,0,0
1002,1964,Gospel,GarageRock,WeightedTransition,1,0,0,0
1002,1964,Gospel,Gospel,AnnualFloor,1,0,0,0
1002,1964,Gospel,Gospel,Retained,98,0,0,0
1002,1964,Gospel,Gospel,WeightedTransition,4,0,0,0
1002,1964,Gospel,Jazz,WeightedTransition,1,0,0,0
1002,1964,Gospel,RnB,WeightedTransition,3,0,0,0
1002,1964,Gospel,RockAndRoll,WeightedTransition,2,0,0,0
1002,1964,Gospel,Soul,WeightedTransition,5,0,0,0
1002,1964,Gospel,TeenPop,AnnualFloor,1,0,0,0
1002,1964,Gospel,TexMex,WeightedTransition,1,0,0,0
1002,1964,Jazz,Blues,AnnualFloor,1,0,0,0
1002,1964,Jazz,BossaNova,WeightedTransition,4,0,0,0
1002,1964,Jazz,BritishBeat,AnnualFloor,1,0,0,0
1002,1964,Jazz,BritishPop,WeightedTransition,6,0,0,0
1002,1964,Jazz,Country,WeightedTransition,1,0,0,0
1002,1964,Jazz,DooWop,WeightedTransition,2,0,0,0
1002,1964,Jazz,EasyListening,WeightedTransition,1,0,0,0
1002,1964,Jazz,Gospel,WeightedTransition,2,0,0,0
1002,1964,Jazz,Jazz,AnnualFloor,1,0,0,0
1002,1964,Jazz,Jazz,Retained,115,0,0,0
1002,1964,Jazz,Jazz,WeightedTransition,6,0,0,0
1002,1964,Jazz,RnB,AnnualFloor,1,0,0,0
1002,1964,Jazz,RnB,WeightedTransition,2,0,0,0
1002,1964,Jazz,RockAndRoll,WeightedTransition,1,0,0,0
1002,1964,Jazz,Soul,WeightedTransition,1,0,0,0
1002,1964,Jazz,SurfRock,WeightedTransition,2,0,0,0
1002,1964,Jazz,TeenPop,WeightedTransition,1,0,0,0
1002,1964,Jazz,TexMex,WeightedTransition,1,0,0,0
1002,1964,LatinPop,BritishBeat,WeightedTransition,1,0,0,0
1002,1964,LatinPop,LatinPop,Retained,14,0,0,0
1002,1964,RnB,Blues,AnnualFloor,1,0,0,0
1002,1964,RnB,BossaNova,AnnualFloor,1,0,0,0
1002,1964,RnB,BossaNova,WeightedTransition,1,0,0,0
1002,1964,RnB,BritishBeat,WeightedTransition,8,0,0,0
1002,1964,RnB,BritishPop,WeightedTransition,9,0,0,0
1002,1964,RnB,Childrens,WeightedTransition,1,0,0,0
1002,1964,RnB,Classical,AnnualFloor,1,0,0,0
1002,1964,RnB,Classical,WeightedTransition,1,0,0,0
1002,1964,RnB,Comedy,WeightedTransition,2,0,0,0
1002,1964,RnB,ContemporaryFolk,AnnualFloor,1,0,0,0
1002,1964,RnB,Country,WeightedTransition,2,0,0,0
1002,1964,RnB,DooWop,AnnualFloor,1,0,0,0
1002,1964,RnB,DooWop,WeightedTransition,10,0,0,0
1002,1964,RnB,EasyListening,WeightedTransition,4,0,0,0
1002,1964,RnB,Folk,WeightedTransition,1,0,0,0
1002,1964,RnB,GarageRock,WeightedTransition,1,0,0,0
1002,1964,RnB,Gospel,WeightedTransition,2,0,0,0
1002,1964,RnB,Jazz,WeightedTransition,3,0,0,0
1002,1964,RnB,LatinPop,WeightedTransition,3,0,0,0
1002,1964,RnB,RnB,AnnualFloor,1,0,0,0
1002,1964,RnB,RnB,Retained,296,0,0,0
1002,1964,RnB,RnB,WeightedTransition,21,0,0,0
1002,1964,RnB,RockAndRoll,AnnualFloor,1,0,0,0
1002,1964,RnB,RockAndRoll,WeightedTransition,3,0,0,0
1002,1964,RnB,Ska,WeightedTransition,1,0,0,0
1002,1964,RnB,Soul,AnnualFloor,1,0,0,0
1002,1964,RnB,Soul,WeightedTransition,18,0,0,0
1002,1964,RnB,TexMex,WeightedTransition,1,0,0,0
1002,1964,RnB,TraditionalPop,WeightedTransition,5,0,0,0
1002,1964,RockAndRoll,Blues,AnnualFloor,1,0,0,0
1002,1964,RockAndRoll,BossaNova,AnnualFloor,1,0,0,0
1002,1964,RockAndRoll,BritishBeat,WeightedTransition,14,0,0,0
1002,1964,RockAndRoll,BritishPop,AnnualFloor,1,0,0,0
1002,1964,RockAndRoll,BritishPop,WeightedTransition,6,0,0,0
1002,1964,RockAndRoll,Childrens,WeightedTransition,2,0,0,0
1002,1964,RockAndRoll,Classical,AnnualFloor,1,0,0,0
1002,1964,RockAndRoll,Comedy,AnnualFloor,2,0,0,0
1002,1964,RockAndRoll,ContemporaryFolk,AnnualFloor,1,0,0,0
1002,1964,RockAndRoll,ContemporaryFolk,WeightedTransition,1,0,0,0
1002,1964,RockAndRoll,Country,AnnualFloor,1,0,0,0
1002,1964,RockAndRoll,DooWop,WeightedTransition,1,0,0,0
1002,1964,RockAndRoll,GarageRock,AnnualFloor,1,0,0,0
1002,1964,RockAndRoll,GarageRock,WeightedTransition,7,0,0,0
1002,1964,RockAndRoll,Jazz,WeightedTransition,1,0,0,0
1002,1964,RockAndRoll,RnB,WeightedTransition,1,0,0,0
1002,1964,RockAndRoll,RockAndRoll,AnnualFloor,1,0,0,0
1002,1964,RockAndRoll,RockAndRoll,Retained,284,0,0,0
1002,1964,RockAndRoll,RockAndRoll,WeightedTransition,12,0,0,0
1002,1964,RockAndRoll,Ska,AnnualFloor,1,0,0,0
1002,1964,RockAndRoll,Soul,AnnualFloor,1,0,0,0
1002,1964,RockAndRoll,Soul,WeightedTransition,3,0,0,0
1002,1964,RockAndRoll,SurfRock,WeightedTransition,1,0,0,0
1002,1964,RockAndRoll,TeenPop,WeightedTransition,4,0,0,0
1002,1964,RockAndRoll,TexMex,AnnualFloor,1,0,0,0
1002,1964,RockAndRoll,TraditionalPop,AnnualFloor,2,0,0,0
1002,1964,RockAndRoll,TraditionalPop,WeightedTransition,4,0,0,0
1002,1964,Ska,Ska,Retained,2,0,0,0
1002,1964,Soul,BossaNova,WeightedTransition,2,0,0,0
1002,1964,Soul,BritishBeat,AnnualFloor,1,0,0,0
1002,1964,Soul,BritishBeat,WeightedTransition,11,0,0,0
1002,1964,Soul,BritishPop,WeightedTransition,7,0,0,0
1002,1964,Soul,Classical,WeightedTransition,1,0,0,0
1002,1964,Soul,Comedy,WeightedTransition,5,0,0,0
1002,1964,Soul,ContemporaryFolk,WeightedTransition,2,0,0,0
1002,1964,Soul,Country,WeightedTransition,4,0,0,0
1002,1964,Soul,DooWop,WeightedTransition,7,0,0,0
1002,1964,Soul,EasyListening,WeightedTransition,1,0,0,0
1002,1964,Soul,Folk,WeightedTransition,4,0,0,0
1002,1964,Soul,GarageRock,AnnualFloor,1,0,0,0
1002,1964,Soul,GarageRock,WeightedTransition,2,0,0,0
1002,1964,Soul,Gospel,AnnualFloor,1,0,0,0
1002,1964,Soul,Gospel,WeightedTransition,1,0,0,0
1002,1964,Soul,Jazz,WeightedTransition,1,0,0,0
1002,1964,Soul,LatinPop,AnnualFloor,1,0,0,0
1002,1964,Soul,RnB,WeightedTransition,13,0,0,0
1002,1964,Soul,RockAndRoll,WeightedTransition,2,0,0,0
1002,1964,Soul,Ska,AnnualFloor,1,0,0,0
1002,1964,Soul,Soul,Retained,333,0,0,0
1002,1964,Soul,Soul,WeightedTransition,37,0,0,0
1002,1964,Soul,SurfRock,AnnualFloor,1,0,0,0
1002,1964,Soul,SurfRock,WeightedTransition,3,0,0,0
1002,1964,Soul,TeenPop,WeightedTransition,7,0,0,0
1002,1964,Soul,TexMex,AnnualFloor,1,0,0,0
1002,1964,Soul,TraditionalPop,WeightedTransition,5,0,0,0
1002,1964,SurfRock,BossaNova,AnnualFloor,1,0,0,0
1002,1964,SurfRock,BritishBeat,WeightedTransition,6,0,0,0
1002,1964,SurfRock,BritishPop,WeightedTransition,2,0,0,0
1002,1964,SurfRock,Classical,WeightedTransition,1,0,0,0
1002,1964,SurfRock,ContemporaryFolk,AnnualFloor,1,0,0,0
1002,1964,SurfRock,ContemporaryFolk,WeightedTransition,1,0,0,0
1002,1964,SurfRock,GarageRock,WeightedTransition,1,0,0,0
1002,1964,SurfRock,RockAndRoll,WeightedTransition,4,0,0,0
1002,1964,SurfRock,Soul,AnnualFloor,1,0,0,0
1002,1964,SurfRock,Soul,WeightedTransition,1,0,0,0
1002,1964,SurfRock,SurfRock,AnnualFloor,1,0,0,0
1002,1964,SurfRock,SurfRock,Retained,67,0,0,0
1002,1964,SurfRock,SurfRock,WeightedTransition,4,0,0,0
1002,1964,SurfRock,TeenPop,WeightedTransition,1,0,0,0
1002,1964,SurfRock,TraditionalPop,WeightedTransition,4,0,0,0
1002,1964,TeenPop,BritishBeat,WeightedTransition,8,0,0,0
1002,1964,TeenPop,BritishPop,WeightedTransition,11,0,0,0
1002,1964,TeenPop,Childrens,WeightedTransition,1,0,0,0
1002,1964,TeenPop,Classical,AnnualFloor,1,0,0,0
1002,1964,TeenPop,Comedy,WeightedTransition,2,0,0,0
1002,1964,TeenPop,Country,AnnualFloor,1,0,0,0
1002,1964,TeenPop,Country,WeightedTransition,1,0,0,0
1002,1964,TeenPop,DooWop,AnnualFloor,1,0,0,0
1002,1964,TeenPop,DooWop,WeightedTransition,3,0,0,0
1002,1964,TeenPop,EasyListening,WeightedTransition,4,0,0,0
1002,1964,TeenPop,Folk,WeightedTransition,1,0,0,0
1002,1964,TeenPop,GarageRock,WeightedTransition,1,0,0,0
1002,1964,TeenPop,Jazz,AnnualFloor,1,0,0,0
1002,1964,TeenPop,Jazz,WeightedTransition,1,0,0,0
1002,1964,TeenPop,LatinPop,AnnualFloor,1,0,0,0
1002,1964,TeenPop,RockAndRoll,WeightedTransition,3,0,0,0
1002,1964,TeenPop,Soul,WeightedTransition,5,0,0,0
1002,1964,TeenPop,SurfRock,WeightedTransition,1,0,0,0
1002,1964,TeenPop,TeenPop,AnnualFloor,1,0,0,0
1002,1964,TeenPop,TeenPop,Retained,200,0,0,0
1002,1964,TeenPop,TeenPop,WeightedTransition,17,0,0,0
1002,1964,TeenPop,TraditionalPop,WeightedTransition,6,0,0,0
1002,1964,TexMex,BritishPop,WeightedTransition,1,0,0,0
1002,1964,TexMex,Country,WeightedTransition,1,0,0,0
1002,1964,TexMex,GarageRock,WeightedTransition,1,0,0,0
1002,1964,TexMex,LatinPop,WeightedTransition,3,0,0,0
1002,1964,TexMex,Ska,WeightedTransition,1,0,0,0
1002,1964,TexMex,TexMex,Retained,18,0,0,0
1002,1964,TexMex,TexMex,WeightedTransition,1,0,0,0
1002,1964,TraditionalPop,Blues,WeightedTransition,1,0,0,0
1002,1964,TraditionalPop,BossaNova,WeightedTransition,3,0,0,0
1002,1964,TraditionalPop,BritishBeat,WeightedTransition,5,0,0,0
1002,1964,TraditionalPop,BritishPop,AnnualFloor,1,0,0,0
1002,1964,TraditionalPop,BritishPop,WeightedTransition,12,0,0,0
1002,1964,TraditionalPop,Childrens,WeightedTransition,1,0,0,0
1002,1964,TraditionalPop,Comedy,WeightedTransition,2,0,0,0
1002,1964,TraditionalPop,EasyListening,AnnualFloor,2,0,0,0
1002,1964,TraditionalPop,EasyListening,WeightedTransition,7,0,0,0
1002,1964,TraditionalPop,Folk,WeightedTransition,4,0,0,0
1002,1964,TraditionalPop,GarageRock,AnnualFloor,1,0,0,0
1002,1964,TraditionalPop,Gospel,WeightedTransition,2,0,0,0
1002,1964,TraditionalPop,Jazz,WeightedTransition,2,0,0,0
1002,1964,TraditionalPop,LatinPop,AnnualFloor,1,0,0,0
1002,1964,TraditionalPop,LatinPop,WeightedTransition,1,0,0,0
1002,1964,TraditionalPop,RnB,WeightedTransition,1,0,0,0
1002,1964,TraditionalPop,RockAndRoll,WeightedTransition,1,0,0,0
1002,1964,TraditionalPop,Ska,AnnualFloor,1,0,0,0
1002,1964,TraditionalPop,Ska,WeightedTransition,1,0,0,0
1002,1964,TraditionalPop,Soul,WeightedTransition,1,0,0,0
1002,1964,TraditionalPop,SurfRock,AnnualFloor,1,0,0,0
1002,1964,TraditionalPop,SurfRock,WeightedTransition,3,0,0,0
1002,1964,TraditionalPop,TeenPop,AnnualFloor,1,0,0,0
1002,1964,TraditionalPop,TeenPop,WeightedTransition,10,0,0,0
1002,1964,TraditionalPop,TexMex,AnnualFloor,1,0,0,0
1002,1964,TraditionalPop,TexMex,WeightedTransition,2,0,0,0
1002,1964,TraditionalPop,TraditionalPop,AnnualFloor,1,0,0,0
1002,1964,TraditionalPop,TraditionalPop,Retained,242,0,0,0
1002,1964,TraditionalPop,TraditionalPop,WeightedTransition,14,0,0,0
1002,1965,Blues,Blues,Retained,23,0,0,0
1002,1965,Blues,Blues,WeightedTransition,1,0,0,0
1002,1965,Blues,ContemporaryFolk,WeightedTransition,1,0,0,0
1002,1965,Blues,Folk,WeightedTransition,1,0,0,0
1002,1965,Blues,FolkRock,WeightedTransition,1,0,0,0
1002,1965,BossaNova,BossaNova,Retained,33,0,0,0
1002,1965,BossaNova,BritishBeat,WeightedTransition,1,0,0,0
1002,1965,BossaNova,BritishBlues,WeightedTransition,1,0,0,0
1002,1965,BossaNova,FolkRock,WeightedTransition,1,0,0,0
1002,1965,BritishBeat,BritishBeat,AnnualFloor,1,0,0,0
1002,1965,BritishBeat,BritishBeat,Retained,59,0,0,0
1002,1965,BritishBeat,BritishBeat,WeightedTransition,5,0,0,0
1002,1965,BritishBeat,BritishBlues,WeightedTransition,2,0,0,0
1002,1965,BritishBeat,BritishPop,WeightedTransition,1,0,0,0
1002,1965,BritishBeat,Childrens,AnnualFloor,1,0,0,0
1002,1965,BritishBeat,Comedy,WeightedTransition,1,0,0,0
1002,1965,BritishBeat,ContemporaryFolk,WeightedTransition,1,0,0,0
1002,1965,BritishBeat,Country,WeightedTransition,1,0,0,0
1002,1965,BritishBeat,GarageRock,WeightedTransition,1,0,0,0
1002,1965,BritishBeat,RockAndRoll,AnnualFloor,1,0,0,0
1002,1965,BritishBeat,RockAndRoll,WeightedTransition,2,0,0,0
1002,1965,BritishBeat,SunshinePop,AnnualFloor,1,0,0,0
1002,1965,BritishBeat,SunshinePop,WeightedTransition,1,0,0,0
1002,1965,BritishBlues,BritishBeat,WeightedTransition,1,0,0,0
1002,1965,BritishBlues,BritishBlues,Retained,32,0,0,0
1002,1965,BritishBlues,BritishBlues,WeightedTransition,3,0,0,0
1002,1965,BritishBlues,BritishPop,WeightedTransition,1,0,0,0
1002,1965,BritishBlues,Comedy,WeightedTransition,1,0,0,0
1002,1965,BritishPop,BritishBeat,WeightedTransition,1,0,0,0
1002,1965,BritishPop,BritishBlues,WeightedTransition,1,0,0,0
1002,1965,BritishPop,BritishPop,Retained,59,0,0,0
1002,1965,BritishPop,BritishPop,WeightedTransition,4,0,0,0
1002,1965,BritishPop,Classical,WeightedTransition,1,0,0,0
1002,1965,BritishPop,Comedy,WeightedTransition,1,0,0,0
1002,1965,BritishPop,Country,WeightedTransition,1,0,0,0
1002,1965,BritishPop,EasyListening,WeightedTransition,2,0,0,0
1002,1965,BritishPop,Gospel,WeightedTransition,1,0,0,0
1002,1965,BritishPop,Jazz,WeightedTransition,1,0,0,0
1002,1965,BritishPop,Soul,WeightedTransition,2,0,0,0
1002,1965,BritishPop,SunshinePop,WeightedTransition,1,0,0,0
1002,1965,BritishPop,TraditionalPop,WeightedTransition,1,0,0,0
1002,1965,Childrens,Blues,WeightedTransition,1,0,0,0
1002,1965,Childrens,Childrens,Retained,19,0,0,0
1002,1965,Childrens,Childrens,WeightedTransition,1,0,0,0
1002,1965,Childrens,TeenPop,WeightedTransition,1,0,0,0
1002,1965,Childrens,TraditionalPop,WeightedTransition,1,0,0,0
1002,1965,Classical,Blues,WeightedTransition,1,0,0,0
1002,1965,Classical,Classical,Retained,20,0,0,0
1002,1965,Classical,Classical,WeightedTransition,1,0,0,0
1002,1965,Classical,Soul,WeightedTransition,1,0,0,0
1002,1965,Classical,TeenPop,WeightedTransition,1,0,0,0
1002,1965,Comedy,BritishBeat,WeightedTransition,2,0,0,0
1002,1965,Comedy,BritishBlues,WeightedTransition,1,0,0,0
1002,1965,Comedy,Childrens,WeightedTransition,2,0,0,0
1002,1965,Comedy,Comedy,AnnualFloor,1,0,0,0
1002,1965,Comedy,Comedy,Retained,25,0,0,0
1002,1965,Comedy,Jazz,WeightedTransition,1,0,0,0
1002,1965,Comedy,Soul,WeightedTransition,2,0,0,0
1002,1965,ContemporaryFolk,BossaNova,WeightedTransition,1,0,0,0
1002,1965,ContemporaryFolk,BritishBeat,WeightedTransition,1,0,0,0
1002,1965,ContemporaryFolk,BritishBlues,WeightedTransition,1,0,0,0
1002,1965,ContemporaryFolk,Comedy,WeightedTransition,1,0,0,0
1002,1965,ContemporaryFolk,ContemporaryFolk,Retained,29,0,0,0
1002,1965,ContemporaryFolk,Country,WeightedTransition,1,0,0,0
1002,1965,ContemporaryFolk,Folk,WeightedTransition,1,0,0,0
1002,1965,ContemporaryFolk,FolkRock,WeightedTransition,2,0,0,0
1002,1965,ContemporaryFolk,RockAndRoll,WeightedTransition,1,0,0,0
1002,1965,Country,BritishBeat,WeightedTransition,3,0,0,0
1002,1965,Country,BritishBlues,AnnualFloor,1,0,0,0
1002,1965,Country,BritishBlues,WeightedTransition,2,0,0,0
1002,1965,Country,BritishPop,WeightedTransition,4,0,0,0
1002,1965,Country,Childrens,WeightedTransition,1,0,0,0
1002,1965,Country,ContemporaryFolk,AnnualFloor,1,0,0,0
1002,1965,Country,ContemporaryFolk,WeightedTransition,3,0,0,0
1002,1965,Country,Country,AnnualFloor,1,0,0,0
1002,1965,Country,Country,Retained,132,0,0,0
1002,1965,Country,Country,WeightedTransition,10,0,0,0
1002,1965,Country,Folk,AnnualFloor,1,0,0,0
1002,1965,Country,Folk,WeightedTransition,3,0,0,0
1002,1965,Country,GarageRock,WeightedTransition,1,0,0,0
1002,1965,Country,RockAndRoll,WeightedTransition,1,0,0,0
1002,1965,Country,Ska,WeightedTransition,1,0,0,0
1002,1965,Country,Soul,AnnualFloor,1,0,0,0
1002,1965,Country,Soul,WeightedTransition,3,0,0,0
1002,1965,Country,SurfRock,WeightedTransition,1,0,0,0
1002,1965,Country,TexMex,AnnualFloor,1,0,0,0
1002,1965,Country,TraditionalPop,WeightedTransition,1,0,0,0
1002,1965,DooWop,Blues,AnnualFloor,1,0,0,0
1002,1965,DooWop,Blues,WeightedTransition,4,0,0,0
1002,1965,DooWop,BossaNova,WeightedTransition,8,0,0,0
1002,1965,DooWop,BritishBeat,AnnualFloor,1,0,0,0
1002,1965,DooWop,BritishBeat,WeightedTransition,19,0,0,0
1002,1965,DooWop,BritishBlues,AnnualFloor,1,0,0,0
1002,1965,DooWop,BritishBlues,WeightedTransition,13,0,0,0
1002,1965,DooWop,BritishPop,WeightedTransition,20,0,0,0
1002,1965,DooWop,Childrens,WeightedTransition,5,0,0,0
1002,1965,DooWop,Classical,WeightedTransition,2,0,0,0
1002,1965,DooWop,Comedy,WeightedTransition,4,0,0,0
1002,1965,DooWop,ContemporaryFolk,WeightedTransition,8,0,0,0
1002,1965,DooWop,Country,WeightedTransition,9,0,0,0
1002,1965,DooWop,DooWop,AnnualFloor,2,0,0,0
1002,1965,DooWop,DooWop,Retained,98,0,0,0
1002,1965,DooWop,DooWop,WeightedTransition,9,0,0,0
1002,1965,DooWop,EasyListening,WeightedTransition,14,0,0,0
1002,1965,DooWop,Folk,WeightedTransition,9,0,0,0
1002,1965,DooWop,FolkRock,WeightedTransition,7,0,0,0
1002,1965,DooWop,GarageRock,WeightedTransition,2,0,0,0
1002,1965,DooWop,Gospel,AnnualFloor,1,0,0,0
1002,1965,DooWop,Gospel,WeightedTransition,4,0,0,0
1002,1965,DooWop,Jazz,AnnualFloor,1,0,0,0
1002,1965,DooWop,Jazz,WeightedTransition,10,0,0,0
1002,1965,DooWop,LatinPop,WeightedTransition,3,0,0,0
1002,1965,DooWop,RnB,WeightedTransition,7,0,0,0
1002,1965,DooWop,RockAndRoll,WeightedTransition,4,0,0,0
1002,1965,DooWop,Ska,AnnualFloor,1,0,0,0
1002,1965,DooWop,Ska,WeightedTransition,2,0,0,0
1002,1965,DooWop,Soul,WeightedTransition,37,0,0,0
1002,1965,DooWop,SunshinePop,WeightedTransition,9,0,0,0
1002,1965,DooWop,SurfRock,WeightedTransition,5,0,0,0
1002,1965,DooWop,TeenPop,WeightedTransition,2,0,0,0
1002,1965,DooWop,TexMex,WeightedTransition,2,0,0,0
1002,1965,DooWop,TraditionalPop,AnnualFloor,1,0,0,0
1002,1965,DooWop,TraditionalPop,WeightedTransition,13,0,0,0
1002,1965,EasyListening,Blues,WeightedTransition,1,0,0,0
1002,1965,EasyListening,BritishBlues,WeightedTransition,1,0,0,0
1002,1965,EasyListening,BritishPop,WeightedTransition,1,0,0,0
1002,1965,EasyListening,EasyListening,Retained,44,0,0,0
1002,1965,EasyListening,EasyListening,WeightedTransition,1,0,0,0
1002,1965,EasyListening,Folk,WeightedTransition,1,0,0,0
1002,1965,EasyListening,GarageRock,WeightedTransition,1,0,0,0
1002,1965,EasyListening,Soul,WeightedTransition,2,0,0,0
1002,1965,EasyListening,SunshinePop,WeightedTransition,1,0,0,0
1002,1965,Folk,BossaNova,WeightedTransition,1,0,0,0
1002,1965,Folk,BritishBeat,WeightedTransition,1,0,0,0
1002,1965,Folk,BritishBlues,WeightedTransition,4,0,0,0
1002,1965,Folk,BritishPop,WeightedTransition,2,0,0,0
1002,1965,Folk,Childrens,WeightedTransition,2,0,0,0
1002,1965,Folk,Comedy,WeightedTransition,1,0,0,0
1002,1965,Folk,ContemporaryFolk,WeightedTransition,3,0,0,0
1002,1965,Folk,Country,AnnualFloor,1,0,0,0
1002,1965,Folk,Country,WeightedTransition,3,0,0,0
1002,1965,Folk,EasyListening,WeightedTransition,1,0,0,0
1002,1965,Folk,Folk,AnnualFloor,1,0,0,0
1002,1965,Folk,Folk,Retained,127,0,0,0
1002,1965,Folk,Folk,WeightedTransition,8,0,0,0
1002,1965,Folk,FolkRock,AnnualFloor,1,0,0,0
1002,1965,Folk,FolkRock,WeightedTransition,1,0,0,0
1002,1965,Folk,GarageRock,WeightedTransition,2,0,0,0
1002,1965,Folk,RockAndRoll,WeightedTransition,2,0,0,0
1002,1965,Folk,Soul,WeightedTransition,1,0,0,0
1002,1965,Folk,SurfRock,AnnualFloor,1,0,0,0
1002,1965,Folk,SurfRock,WeightedTransition,2,0,0,0
1002,1965,Folk,TeenPop,WeightedTransition,1,0,0,0
1002,1965,Folk,TraditionalPop,WeightedTransition,1,0,0,0
1002,1965,FolkRock,EasyListening,WeightedTransition,1,0,0,0
1002,1965,FolkRock,Folk,WeightedTransition,1,0,0,0
1002,1965,FolkRock,FolkRock,Retained,1,0,0,0
1002,1965,GarageRock,BritishBlues,WeightedTransition,2,0,0,0
1002,1965,GarageRock,GarageRock,Retained,21,0,0,0
1002,1965,GarageRock,RockAndRoll,WeightedTransition,1,0,0,0
1002,1965,GarageRock,SurfRock,WeightedTransition,1,0,0,0
1002,1965,GarageRock,TexMex,WeightedTransition,1,0,0,0
1002,1965,Gospel,Blues,WeightedTransition,1,0,0,0
1002,1965,Gospel,BossaNova,WeightedTransition,2,0,0,0
1002,1965,Gospel,BritishBeat,WeightedTransition,2,0,0,0
1002,1965,Gospel,BritishBlues,WeightedTransition,3,0,0,0
1002,1965,Gospel,BritishPop,WeightedTransition,3,0,0,0
1002,1965,Gospel,Classical,AnnualFloor,1,0,0,0
1002,1965,Gospel,Comedy,WeightedTransition,2,0,0,0
1002,1965,Gospel,ContemporaryFolk,WeightedTransition,1,0,0,0
1002,1965,Gospel,Country,WeightedTransition,4,0,0,0
1002,1965,Gospel,DooWop,WeightedTransition,1,0,0,0
1002,1965,Gospel,EasyListening,WeightedTransition,3,0,0,0
1002,1965,Gospel,FolkRock,WeightedTransition,1,0,0,0
1002,1965,Gospel,GarageRock,WeightedTransition,1,0,0,0
1002,1965,Gospel,Gospel,Retained,83,0,0,0
1002,1965,Gospel,Gospel,WeightedTransition,12,0,0,0
1002,1965,Gospel,Jazz,WeightedTransition,1,0,0,0
1002,1965,Gospel,LatinPop,WeightedTransition,1,0,0,0
1002,1965,Gospel,RockAndRoll,WeightedTransition,1,0,0,0
1002,1965,Gospel,Soul,WeightedTransition,2,0,0,0
1002,1965,Jazz,BossaNova,WeightedTransition,2,0,0,0
1002,1965,Jazz,BritishBeat,WeightedTransition,1,0,0,0
1002,1965,Jazz,BritishBlues,WeightedTransition,1,0,0,0
1002,1965,Jazz,BritishPop,WeightedTransition,4,0,0,0
1002,1965,Jazz,Country,WeightedTransition,1,0,0,0
1002,1965,Jazz,DooWop,WeightedTransition,1,0,0,0
1002,1965,Jazz,Folk,WeightedTransition,1,0,0,0
1002,1965,Jazz,FolkRock,AnnualFloor,1,0,0,0
1002,1965,Jazz,Gospel,WeightedTransition,1,0,0,0
1002,1965,Jazz,Jazz,AnnualFloor,2,0,0,0
1002,1965,Jazz,Jazz,Retained,113,0,0,0
1002,1965,Jazz,Jazz,WeightedTransition,9,0,0,0
1002,1965,Jazz,Soul,WeightedTransition,6,0,0,0
1002,1965,Jazz,TeenPop,AnnualFloor,1,0,0,0
1002,1965,Jazz,TeenPop,WeightedTransition,2,0,0,0
1002,1965,LatinPop,DooWop,WeightedTransition,1,0,0,0
1002,1965,LatinPop,EasyListening,WeightedTransition,1,0,0,0
1002,1965,LatinPop,LatinPop,Retained,15,0,0,0
1002,1965,RnB,Blues,AnnualFloor,1,0,0,0
1002,1965,RnB,Blues,WeightedTransition,3,0,0,0
1002,1965,RnB,BossaNova,AnnualFloor,1,0,0,0
1002,1965,RnB,BossaNova,WeightedTransition,5,0,0,0
1002,1965,RnB,BritishBeat,WeightedTransition,20,0,0,0
1002,1965,RnB,BritishBlues,WeightedTransition,15,0,0,0
1002,1965,RnB,BritishPop,AnnualFloor,2,0,0,0
1002,1965,RnB,BritishPop,WeightedTransition,13,0,0,0
1002,1965,RnB,Classical,WeightedTransition,4,0,0,0
1002,1965,RnB,Comedy,AnnualFloor,1,0,0,0
1002,1965,RnB,Comedy,WeightedTransition,8,0,0,0
1002,1965,RnB,ContemporaryFolk,WeightedTransition,5,0,0,0
1002,1965,RnB,Country,WeightedTransition,13,0,0,0
1002,1965,RnB,DooWop,WeightedTransition,5,0,0,0
1002,1965,RnB,EasyListening,WeightedTransition,4,0,0,0
1002,1965,RnB,Folk,WeightedTransition,10,0,0,0
1002,1965,RnB,FolkRock,AnnualFloor,1,0,0,0
1002,1965,RnB,FolkRock,WeightedTransition,3,0,0,0
1002,1965,RnB,GarageRock,WeightedTransition,3,0,0,0
1002,1965,RnB,Gospel,AnnualFloor,1,0,0,0
1002,1965,RnB,Gospel,WeightedTransition,21,0,0,0
1002,1965,RnB,Jazz,WeightedTransition,5,0,0,0
1002,1965,RnB,LatinPop,WeightedTransition,5,0,0,0
1002,1965,RnB,RnB,AnnualFloor,1,0,0,0
1002,1965,RnB,RnB,Retained,112,0,0,0
1002,1965,RnB,RnB,WeightedTransition,23,0,0,0
1002,1965,RnB,RockAndRoll,WeightedTransition,8,0,0,0
1002,1965,RnB,Soul,WeightedTransition,33,0,0,0
1002,1965,RnB,SunshinePop,WeightedTransition,2,0,0,0
1002,1965,RnB,SurfRock,WeightedTransition,9,0,0,0
1002,1965,RnB,TexMex,WeightedTransition,5,0,0,0
1002,1965,RnB,TraditionalPop,WeightedTransition,5,0,0,0
1002,1965,RockAndRoll,BossaNova,AnnualFloor,1,0,0,0
1002,1965,RockAndRoll,BritishBeat,AnnualFloor,1,0,0,0
1002,1965,RockAndRoll,BritishBeat,WeightedTransition,10,0,0,0
1002,1965,RockAndRoll,BritishBlues,WeightedTransition,8,0,0,0
1002,1965,RockAndRoll,BritishPop,WeightedTransition,6,0,0,0
1002,1965,RockAndRoll,Classical,AnnualFloor,1,0,0,0
1002,1965,RockAndRoll,Classical,WeightedTransition,1,0,0,0
1002,1965,RockAndRoll,Comedy,WeightedTransition,1,0,0,0
1002,1965,RockAndRoll,ContemporaryFolk,AnnualFloor,2,0,0,0
1002,1965,RockAndRoll,ContemporaryFolk,WeightedTransition,1,0,0,0
1002,1965,RockAndRoll,Country,WeightedTransition,2,0,0,0
1002,1965,RockAndRoll,EasyListening,WeightedTransition,1,0,0,0
1002,1965,RockAndRoll,Folk,WeightedTransition,2,0,0,0
1002,1965,RockAndRoll,GarageRock,AnnualFloor,2,0,0,0
1002,1965,RockAndRoll,GarageRock,WeightedTransition,5,0,0,0
1002,1965,RockAndRoll,Gospel,WeightedTransition,2,0,0,0
1002,1965,RockAndRoll,Jazz,WeightedTransition,1,0,0,0
1002,1965,RockAndRoll,LatinPop,AnnualFloor,1,0,0,0
1002,1965,RockAndRoll,LatinPop,WeightedTransition,1,0,0,0
1002,1965,RockAndRoll,RnB,WeightedTransition,2,0,0,0
1002,1965,RockAndRoll,RockAndRoll,AnnualFloor,2,0,0,0
1002,1965,RockAndRoll,RockAndRoll,Retained,234,0,0,0
1002,1965,RockAndRoll,RockAndRoll,WeightedTransition,17,0,0,0
1002,1965,RockAndRoll,Ska,AnnualFloor,1,0,0,0
1002,1965,RockAndRoll,Soul,WeightedTransition,4,0,0,0
1002,1965,RockAndRoll,SunshinePop,AnnualFloor,2,0,0,0
1002,1965,RockAndRoll,SunshinePop,WeightedTransition,2,0,0,0
1002,1965,RockAndRoll,SurfRock,AnnualFloor,1,0,0,0
1002,1965,RockAndRoll,SurfRock,WeightedTransition,2,0,0,0
1002,1965,RockAndRoll,TeenPop,WeightedTransition,1,0,0,0
1002,1965,RockAndRoll,TexMex,WeightedTransition,1,0,0,0
1002,1965,RockAndRoll,TraditionalPop,WeightedTransition,1,0,0,0
1002,1965,Ska,BritishBlues,WeightedTransition,1,0,0,0
1002,1965,Ska,Ska,Retained,10,0,0,0
1002,1965,Soul,Blues,WeightedTransition,2,0,0,0
1002,1965,Soul,BossaNova,AnnualFloor,1,0,0,0
1002,1965,Soul,BossaNova,WeightedTransition,1,0,0,0
1002,1965,Soul,BritishBeat,WeightedTransition,5,0,0,0
1002,1965,Soul,BritishBlues,AnnualFloor,1,0,0,0
1002,1965,Soul,BritishBlues,WeightedTransition,3,0,0,0
1002,1965,Soul,BritishPop,WeightedTransition,13,0,0,0
1002,1965,Soul,Childrens,AnnualFloor,1,0,0,0
1002,1965,Soul,Classical,WeightedTransition,1,0,0,0
1002,1965,Soul,Comedy,AnnualFloor,1,0,0,0
1002,1965,Soul,ContemporaryFolk,WeightedTransition,1,0,0,0
1002,1965,Soul,Country,WeightedTransition,3,0,0,0
1002,1965,Soul,DooWop,WeightedTransition,3,0,0,0
1002,1965,Soul,EasyListening,AnnualFloor,1,0,0,0
1002,1965,Soul,EasyListening,WeightedTransition,2,0,0,0
1002,1965,Soul,Folk,AnnualFloor,1,0,0,0
1002,1965,Soul,Folk,WeightedTransition,6,0,0,0
1002,1965,Soul,FolkRock,WeightedTransition,2,0,0,0
1002,1965,Soul,GarageRock,AnnualFloor,1,0,0,0
1002,1965,Soul,GarageRock,WeightedTransition,1,0,0,0
1002,1965,Soul,Gospel,WeightedTransition,4,0,0,0
1002,1965,Soul,Jazz,WeightedTransition,1,0,0,0
1002,1965,Soul,LatinPop,AnnualFloor,1,0,0,0
1002,1965,Soul,LatinPop,WeightedTransition,2,0,0,0
1002,1965,Soul,RnB,AnnualFloor,2,0,0,0
1002,1965,Soul,RnB,WeightedTransition,7,0,0,0
1002,1965,Soul,Ska,WeightedTransition,2,0,0,0
1002,1965,Soul,Soul,AnnualFloor,2,0,0,0
1002,1965,Soul,Soul,Retained,342,0,0,0
1002,1965,Soul,Soul,WeightedTransition,23,0,0,0
1002,1965,Soul,SunshinePop,WeightedTransition,1,0,0,0
1002,1965,Soul,SurfRock,AnnualFloor,1,0,0,0
1002,1965,Soul,SurfRock,WeightedTransition,4,0,0,0
1002,1965,Soul,TeenPop,AnnualFloor,1,0,0,0
1002,1965,Soul,TeenPop,WeightedTransition,3,0,0,0
1002,1965,Soul,TexMex,AnnualFloor,1,0,0,0
1002,1965,Soul,TexMex,WeightedTransition,2,0,0,0
1002,1965,Soul,TraditionalPop,AnnualFloor,1,0,0,0
1002,1965,Soul,TraditionalPop,WeightedTransition,1,0,0,0
1002,1965,SunshinePop,GarageRock,WeightedTransition,1,0,0,0
1002,1965,SunshinePop,SunshinePop,Retained,2,0,0,0
1002,1965,SunshinePop,TraditionalPop,WeightedTransition,1,0,0,0
1002,1965,SurfRock,BritishBeat,WeightedTransition,5,0,0,0
1002,1965,SurfRock,BritishBlues,WeightedTransition,6,0,0,0
1002,1965,SurfRock,BritishPop,WeightedTransition,1,0,0,0
1002,1965,SurfRock,Childrens,AnnualFloor,1,0,0,0
1002,1965,SurfRock,ContemporaryFolk,WeightedTransition,1,0,0,0
1002,1965,SurfRock,Country,AnnualFloor,1,0,0,0
1002,1965,SurfRock,Country,WeightedTransition,2,0,0,0
1002,1965,SurfRock,Folk,WeightedTransition,2,0,0,0
1002,1965,SurfRock,GarageRock,WeightedTransition,1,0,0,0
1002,1965,SurfRock,RockAndRoll,WeightedTransition,2,0,0,0
1002,1965,SurfRock,SurfRock,Retained,61,0,0,0
1002,1965,SurfRock,SurfRock,WeightedTransition,1,0,0,0
1002,1965,SurfRock,TeenPop,WeightedTransition,1,0,0,0
1002,1965,SurfRock,TexMex,AnnualFloor,1,0,0,0
1002,1965,SurfRock,TexMex,WeightedTransition,1,0,0,0
1002,1965,TeenPop,Blues,AnnualFloor,1,0,0,0
1002,1965,TeenPop,Blues,WeightedTransition,3,0,0,0
1002,1965,TeenPop,BossaNova,WeightedTransition,3,0,0,0
1002,1965,TeenPop,BritishBeat,WeightedTransition,12,0,0,0
1002,1965,TeenPop,BritishBlues,WeightedTransition,13,0,0,0
1002,1965,TeenPop,BritishPop,AnnualFloor,1,0,0,0
1002,1965,TeenPop,BritishPop,WeightedTransition,33,0,0,0
1002,1965,TeenPop,Childrens,WeightedTransition,2,0,0,0
1002,1965,TeenPop,Classical,WeightedTransition,3,0,0,0
1002,1965,TeenPop,Comedy,WeightedTransition,1,0,0,0
1002,1965,TeenPop,ContemporaryFolk,WeightedTransition,1,0,0,0
1002,1965,TeenPop,Country,WeightedTransition,4,0,0,0
1002,1965,TeenPop,DooWop,AnnualFloor,1,0,0,0
1002,1965,TeenPop,DooWop,WeightedTransition,3,0,0,0
1002,1965,TeenPop,EasyListening,AnnualFloor,2,0,0,0
1002,1965,TeenPop,EasyListening,WeightedTransition,16,0,0,0
1002,1965,TeenPop,Folk,WeightedTransition,6,0,0,0
1002,1965,TeenPop,FolkRock,WeightedTransition,3,0,0,0
1002,1965,TeenPop,GarageRock,WeightedTransition,7,0,0,0
1002,1965,TeenPop,Gospel,AnnualFloor,1,0,0,0
1002,1965,TeenPop,Gospel,WeightedTransition,4,0,0,0
1002,1965,TeenPop,Jazz,WeightedTransition,5,0,0,0
1002,1965,TeenPop,LatinPop,AnnualFloor,1,0,0,0
1002,1965,TeenPop,LatinPop,WeightedTransition,1,0,0,0
1002,1965,TeenPop,RnB,WeightedTransition,1,0,0,0
1002,1965,TeenPop,RockAndRoll,WeightedTransition,7,0,0,0
1002,1965,TeenPop,Ska,AnnualFloor,1,0,0,0
1002,1965,TeenPop,Soul,WeightedTransition,15,0,0,0
1002,1965,TeenPop,SunshinePop,WeightedTransition,9,0,0,0
1002,1965,TeenPop,SurfRock,WeightedTransition,2,0,0,0
1002,1965,TeenPop,TeenPop,AnnualFloor,1,0,0,0
1002,1965,TeenPop,TeenPop,Retained,77,0,0,0
1002,1965,TeenPop,TeenPop,WeightedTransition,13,0,0,0
1002,1965,TeenPop,TraditionalPop,WeightedTransition,11,0,0,0
1002,1965,TexMex,BossaNova,WeightedTransition,1,0,0,0
1002,1965,TexMex,BritishBlues,WeightedTransition,2,0,0,0
1002,1965,TexMex,BritishPop,WeightedTransition,1,0,0,0
1002,1965,TexMex,Country,WeightedTransition,1,0,0,0
1002,1965,TexMex,FolkRock,WeightedTransition,1,0,0,0
1002,1965,TexMex,LatinPop,WeightedTransition,2,0,0,0
1002,1965,TexMex,RockAndRoll,WeightedTransition,1,0,0,0
1002,1965,TexMex,TexMex,Retained,17,0,0,0
1002,1965,TraditionalPop,BritishBeat,WeightedTransition,6,0,0,0
1002,1965,TraditionalPop,BritishBlues,WeightedTransition,4,0,0,0
1002,1965,TraditionalPop,BritishPop,WeightedTransition,14,0,0,0
1002,1965,TraditionalPop,Classical,AnnualFloor,1,0,0,0
1002,1965,TraditionalPop,Comedy,WeightedTransition,2,0,0,0
1002,1965,TraditionalPop,ContemporaryFolk,WeightedTransition,2,0,0,0
1002,1965,TraditionalPop,Country,WeightedTransition,1,0,0,0
1002,1965,TraditionalPop,EasyListening,WeightedTransition,5,0,0,0
1002,1965,TraditionalPop,Folk,WeightedTransition,2,0,0,0
1002,1965,TraditionalPop,FolkRock,WeightedTransition,1,0,0,0
1002,1965,TraditionalPop,GarageRock,WeightedTransition,2,0,0,0
1002,1965,TraditionalPop,Gospel,WeightedTransition,1,0,0,0
1002,1965,TraditionalPop,Jazz,WeightedTransition,1,0,0,0
1002,1965,TraditionalPop,Soul,WeightedTransition,2,0,0,0
1002,1965,TraditionalPop,SunshinePop,WeightedTransition,3,0,0,0
1002,1965,TraditionalPop,SurfRock,WeightedTransition,1,0,0,0
1002,1965,TraditionalPop,TexMex,WeightedTransition,1,0,0,0
1002,1965,TraditionalPop,TraditionalPop,AnnualFloor,1,0,0,0
1002,1965,TraditionalPop,TraditionalPop,Retained,223,0,0,0
1002,1965,TraditionalPop,TraditionalPop,WeightedTransition,9,0,0,0
1002,1966,AcidRock,AcidRock,Retained,2,0,0,0
1002,1966,AcidRock,BritishBeat,WeightedTransition,1,0,0,0
1002,1966,AcidRock,EasyListening,WeightedTransition,1,0,0,0
1002,1966,BaroquePop,BaroquePop,Retained,10,0,0,0
1002,1966,BaroquePop,BritishBlues,WeightedTransition,1,0,0,0
1002,1966,BaroquePop,Comedy,WeightedTransition,1,0,0,0
1002,1966,BaroquePop,Soul,WeightedTransition,1,0,0,0
1002,1966,Blues,Blues,Retained,26,0,0,0
1002,1966,Blues,Blues,WeightedTransition,1,0,0,0
1002,1966,Blues,Boogaloo,AnnualFloor,1,0,0,0
1002,1966,Blues,ContemporaryFolk,WeightedTransition,1,0,0,0
1002,1966,Blues,FolkRock,WeightedTransition,1,0,0,0
1002,1966,Blues,RockAndRoll,AnnualFloor,1,0,0,0
1002,1966,Blues,Soul,WeightedTransition,1,0,0,0
1002,1966,BluesRock,BluesRock,Retained,42,0,0,0
1002,1966,BluesRock,BritishBeat,WeightedTransition,1,0,0,0
1002,1966,BluesRock,Childrens,WeightedTransition,1,0,0,0
1002,1966,BluesRock,Country,WeightedTransition,1,0,0,0
1002,1966,BluesRock,EasyListening,WeightedTransition,1,0,0,0
1002,1966,BluesRock,GarageRock,WeightedTransition,1,0,0,0
1002,1966,BluesRock,Jazz,WeightedTransition,1,0,0,0
1002,1966,BluesRock,RockAndRoll,WeightedTransition,1,0,0,0
1002,1966,BluesRock,Soul,AnnualFloor,1,0,0,0
1002,1966,BluesRock,Soul,WeightedTransition,1,0,0,0
1002,1966,Boogaloo,Boogaloo,Retained,3,0,0,0
1002,1966,BossaNova,Blues,WeightedTransition,1,0,0,0
1002,1966,BossaNova,BluesRock,AnnualFloor,1,0,0,0
1002,1966,BossaNova,BossaNova,Retained,27,0,0,0
1002,1966,BossaNova,ContemporaryFolk,WeightedTransition,1,0,0,0
1002,1966,BossaNova,Soul,AnnualFloor,1,0,0,0
1002,1966,BossaNova,SunshinePop,WeightedTransition,1,0,0,0
1002,1966,BritishBeat,BaroquePop,WeightedTransition,1,0,0,0
1002,1966,BritishBeat,BritishBeat,Retained,54,0,0,0
1002,1966,BritishBeat,BritishBeat,WeightedTransition,2,0,0,0
1002,1966,BritishBeat,BritishBlues,WeightedTransition,2,0,0,0
1002,1966,BritishBeat,Childrens,WeightedTransition,1,0,0,0
1002,1966,BritishBeat,ContemporaryFolk,WeightedTransition,2,0,0,0
1002,1966,BritishBeat,EasyListening,WeightedTransition,1,0,0,0
1002,1966,BritishBeat,Folk,WeightedTransition,1,0,0,0
1002,1966,BritishBeat,GarageRock,WeightedTransition,1,0,0,0
1002,1966,BritishBeat,RockAndRoll,WeightedTransition,1,0,0,0
1002,1966,BritishBeat,Ska,WeightedTransition,1,0,0,0
1002,1966,BritishBeat,SunshinePop,WeightedTransition,1,0,0,0
1002,1966,BritishBeat,SurfRock,WeightedTransition,1,0,0,0
1002,1966,BritishBlues,BritishBeat,WeightedTransition,2,0,0,0
1002,1966,BritishBlues,BritishBlues,Retained,41,0,0,0
1002,1966,BritishBlues,BritishBlues,WeightedTransition,2,0,0,0
1002,1966,BritishBlues,Comedy,AnnualFloor,1,0,0,0
1002,1966,BritishBlues,Country,WeightedTransition,1,0,0,0
1002,1966,BritishBlues,FolkRock,WeightedTransition,1,0,0,0
1002,1966,BritishBlues,GarageRock,WeightedTransition,1,0,0,0
1002,1966,BritishBlues,Gospel,WeightedTransition,1,0,0,0
1002,1966,BritishBlues,RockAndRoll,WeightedTransition,1,0,0,0
1002,1966,BritishBlues,Soul,WeightedTransition,1,0,0,0
1002,1966,BritishBlues,TraditionalPop,WeightedTransition,1,0,0,0
1002,1966,BritishPop,BluesRock,WeightedTransition,1,0,0,0
1002,1966,BritishPop,BossaNova,WeightedTransition,1,0,0,0
1002,1966,BritishPop,BritishPop,AnnualFloor,1,0,0,0
1002,1966,BritishPop,BritishPop,Retained,52,0,0,0
1002,1966,BritishPop,Childrens,WeightedTransition,1,0,0,0
1002,1966,BritishPop,EasyListening,WeightedTransition,1,0,0,0
1002,1966,BritishPop,GarageRock,WeightedTransition,2,0,0,0
1002,1966,BritishPop,Jazz,WeightedTransition,1,0,0,0
1002,1966,BritishPop,LatinPop,WeightedTransition,1,0,0,0
1002,1966,BritishPop,SunshinePop,WeightedTransition,2,0,0,0
1002,1966,BritishPop,TraditionalPop,WeightedTransition,1,0,0,0
1002,1966,Childrens,AcidRock,WeightedTransition,1,0,0,0
1002,1966,Childrens,Childrens,Retained,31,0,0,0
1002,1966,Childrens,Childrens,WeightedTransition,1,0,0,0
1002,1966,Childrens,Classical,WeightedTransition,1,0,0,0
1002,1966,Childrens,Comedy,WeightedTransition,2,0,0,0
1002,1966,Childrens,GarageRock,WeightedTransition,1,0,0,0
1002,1966,Childrens,SurfRock,AnnualFloor,1,0,0,0
1002,1966,Classical,Blues,WeightedTransition,1,0,0,0
1002,1966,Classical,BritishBeat,WeightedTransition,1,0,0,0
1002,1966,Classical,Childrens,WeightedTransition,1,0,0,0
1002,1966,Classical,Classical,AnnualFloor,1,0,0,0
1002,1966,Classical,Classical,Retained,23,0,0,0
1002,1966,Classical,Classical,WeightedTransition,2,0,0,0
1002,1966,Classical,ContemporaryFolk,AnnualFloor,1,0,0,0
1002,1966,Classical,FolkRock,WeightedTransition,2,0,0,0
1002,1966,Classical,GarageRock,WeightedTransition,1,0,0,0
1002,1966,Comedy,Blues,WeightedTransition,1,0,0,0
1002,1966,Comedy,BritishBlues,WeightedTransition,1,0,0,0
1002,1966,Comedy,Childrens,AnnualFloor,1,0,0,0
1002,1966,Comedy,Childrens,WeightedTransition,1,0,0,0
1002,1966,Comedy,Comedy,Retained,25,0,0,0
1002,1966,Comedy,Comedy,WeightedTransition,1,0,0,0
1002,1966,Comedy,GarageRock,WeightedTransition,1,0,0,0
1002,1966,Comedy,LatinPop,AnnualFloor,1,0,0,0
1002,1966,Comedy,Soul,WeightedTransition,1,0,0,0
1002,1966,Comedy,TraditionalPop,WeightedTransition,1,0,0,0
1002,1966,ContemporaryFolk,BritishBeat,WeightedTransition,1,0,0,0
1002,1966,ContemporaryFolk,BritishPop,WeightedTransition,2,0,0,0
1002,1966,ContemporaryFolk,Classical,WeightedTransition,1,0,0,0
1002,1966,ContemporaryFolk,ContemporaryFolk,Retained,28,0,0,0
1002,1966,ContemporaryFolk,ContemporaryFolk,WeightedTransition,2,0,0,0
1002,1966,ContemporaryFolk,Country,WeightedTransition,2,0,0,0
1002,1966,ContemporaryFolk,FolkRock,WeightedTransition,1,0,0,0
1002,1966,ContemporaryFolk,RockAndRoll,WeightedTransition,1,0,0,0
1002,1966,Country,BluesRock,WeightedTransition,1,0,0,0
1002,1966,Country,BritishBlues,WeightedTransition,1,0,0,0
1002,1966,Country,BritishPop,WeightedTransition,1,0,0,0
1002,1966,Country,Classical,WeightedTransition,3,0,0,0
1002,1966,Country,Comedy,WeightedTransition,1,0,0,0
1002,1966,Country,ContemporaryFolk,WeightedTransition,2,0,0,0
1002,1966,Country,Country,AnnualFloor,2,0,0,0
1002,1966,Country,Country,Retained,120,0,0,0
1002,1966,Country,Country,WeightedTransition,12,0,0,0
1002,1966,Country,Folk,WeightedTransition,1,0,0,0
1002,1966,Country,FolkRock,AnnualFloor,1,0,0,0
1002,1966,Country,FolkRock,WeightedTransition,2,0,0,0
1002,1966,Country,GarageRock,WeightedTransition,1,0,0,0
1002,1966,Country,Gospel,AnnualFloor,1,0,0,0
1002,1966,Country,LatinPop,AnnualFloor,1,0,0,0
1002,1966,Country,Rocksteady,WeightedTransition,1,0,0,0
1002,1966,Country,TexMex,WeightedTransition,2,0,0,0
1002,1966,Country,TraditionalPop,WeightedTransition,3,0,0,0
1002,1966,DooWop,AcidRock,WeightedTransition,3,0,0,0
1002,1966,DooWop,BaroquePop,WeightedTransition,7,0,0,0
1002,1966,DooWop,Blues,WeightedTransition,2,0,0,0
1002,1966,DooWop,BluesRock,WeightedTransition,3,0,0,0
1002,1966,DooWop,Boogaloo,AnnualFloor,2,0,0,0
1002,1966,DooWop,Boogaloo,WeightedTransition,3,0,0,0
1002,1966,DooWop,BossaNova,AnnualFloor,1,0,0,0
1002,1966,DooWop,BossaNova,WeightedTransition,1,0,0,0
1002,1966,DooWop,BritishBeat,WeightedTransition,2,0,0,0
1002,1966,DooWop,BritishBlues,WeightedTransition,11,0,0,0
1002,1966,DooWop,BritishPop,WeightedTransition,9,0,0,0
1002,1966,DooWop,Childrens,WeightedTransition,4,0,0,0
1002,1966,DooWop,Classical,WeightedTransition,3,0,0,0
1002,1966,DooWop,Comedy,AnnualFloor,1,0,0,0
1002,1966,DooWop,ContemporaryFolk,WeightedTransition,7,0,0,0
1002,1966,DooWop,Country,WeightedTransition,5,0,0,0
1002,1966,DooWop,DooWop,Retained,29,0,0,0
1002,1966,DooWop,EasyListening,WeightedTransition,9,0,0,0
1002,1966,DooWop,Folk,AnnualFloor,2,0,0,0
1002,1966,DooWop,Folk,WeightedTransition,3,0,0,0
1002,1966,DooWop,FolkRock,AnnualFloor,1,0,0,0
1002,1966,DooWop,FolkRock,WeightedTransition,5,0,0,0
1002,1966,DooWop,GarageRock,WeightedTransition,1,0,0,0
1002,1966,DooWop,Gospel,AnnualFloor,1,0,0,0
1002,1966,DooWop,Gospel,WeightedTransition,8,0,0,0
1002,1966,DooWop,Jazz,WeightedTransition,5,0,0,0
1002,1966,DooWop,LatinPop,WeightedTransition,3,0,0,0
1002,1966,DooWop,RockAndRoll,WeightedTransition,5,0,0,0
1002,1966,DooWop,Ska,AnnualFloor,1,0,0,0
1002,1966,DooWop,Ska,WeightedTransition,2,0,0,0
1002,1966,DooWop,Soul,WeightedTransition,34,0,0,0
1002,1966,DooWop,SunshinePop,WeightedTransition,9,0,0,0
1002,1966,DooWop,SurfRock,WeightedTransition,3,0,0,0
1002,1966,DooWop,TexMex,WeightedTransition,4,0,0,0
1002,1966,DooWop,TraditionalPop,WeightedTransition,7,0,0,0
1002,1966,EasyListening,BaroquePop,WeightedTransition,2,0,0,0
1002,1966,EasyListening,Classical,WeightedTransition,1,0,0,0
1002,1966,EasyListening,EasyListening,Retained,33,0,0,0
1002,1966,EasyListening,EasyListening,WeightedTransition,2,0,0,0
1002,1966,EasyListening,Soul,WeightedTransition,2,0,0,0
1002,1966,EasyListening,TraditionalPop,WeightedTransition,1,0,0,0
1002,1966,Folk,BaroquePop,WeightedTransition,3,0,0,0
1002,1966,Folk,BluesRock,WeightedTransition,1,0,0,0
1002,1966,Folk,Boogaloo,WeightedTransition,3,0,0,0
1002,1966,Folk,BossaNova,WeightedTransition,1,0,0,0
1002,1966,Folk,BritishBeat,WeightedTransition,2,0,0,0
1002,1966,Folk,BritishBlues,WeightedTransition,5,0,0,0
1002,1966,Folk,BritishPop,AnnualFloor,1,0,0,0
1002,1966,Folk,BritishPop,WeightedTransition,8,0,0,0
1002,1966,Folk,Childrens,WeightedTransition,3,0,0,0
1002,1966,Folk,Classical,WeightedTransition,2,0,0,0
1002,1966,Folk,ContemporaryFolk,WeightedTransition,4,0,0,0
1002,1966,Folk,Country,AnnualFloor,1,0,0,0
1002,1966,Folk,Country,WeightedTransition,6,0,0,0
1002,1966,Folk,EasyListening,AnnualFloor,1,0,0,0
1002,1966,Folk,EasyListening,WeightedTransition,3,0,0,0
1002,1966,Folk,Folk,AnnualFloor,1,0,0,0
1002,1966,Folk,Folk,Retained,47,0,0,0
1002,1966,Folk,Folk,WeightedTransition,12,0,0,0
1002,1966,Folk,FolkRock,AnnualFloor,1,0,0,0
1002,1966,Folk,FolkRock,WeightedTransition,9,0,0,0
1002,1966,Folk,GarageRock,WeightedTransition,3,0,0,0
1002,1966,Folk,Gospel,WeightedTransition,5,0,0,0
1002,1966,Folk,Jazz,WeightedTransition,1,0,0,0
1002,1966,Folk,LatinPop,WeightedTransition,2,0,0,0
1002,1966,Folk,RockAndRoll,WeightedTransition,2,0,0,0
1002,1966,Folk,Rocksteady,WeightedTransition,1,0,0,0
1002,1966,Folk,Ska,AnnualFloor,1,0,0,0
1002,1966,Folk,Soul,WeightedTransition,2,0,0,0
1002,1966,Folk,SunshinePop,AnnualFloor,1,0,0,0
1002,1966,Folk,SunshinePop,WeightedTransition,3,0,0,0
1002,1966,Folk,SurfRock,WeightedTransition,1,0,0,0
1002,1966,Folk,TexMex,WeightedTransition,1,0,0,0
1002,1966,Folk,TraditionalPop,WeightedTransition,5,0,0,0
1002,1966,FolkRock,Boogaloo,WeightedTransition,1,0,0,0
1002,1966,FolkRock,Classical,WeightedTransition,1,0,0,0
1002,1966,FolkRock,FolkRock,Retained,17,0,0,0
1002,1966,FolkRock,FolkRock,WeightedTransition,2,0,0,0
1002,1966,FolkRock,Jazz,WeightedTransition,1,0,0,0
1002,1966,FolkRock,TraditionalPop,WeightedTransition,1,0,0,0
1002,1966,GarageRock,BaroquePop,WeightedTransition,1,0,0,0
1002,1966,GarageRock,BritishBeat,WeightedTransition,1,0,0,0
1002,1966,GarageRock,BritishPop,WeightedTransition,1,0,0,0
1002,1966,GarageRock,Country,WeightedTransition,1,0,0,0
1002,1966,GarageRock,GarageRock,Retained,23,0,0,0
1002,1966,GarageRock,GarageRock,WeightedTransition,1,0,0,0
1002,1966,GarageRock,Soul,WeightedTransition,1,0,0,0
1002,1966,GarageRock,TraditionalPop,AnnualFloor,1,0,0,0
1002,1966,Gospel,BaroquePop,WeightedTransition,1,0,0,0
1002,1966,Gospel,Blues,WeightedTransition,1,0,0,0
1002,1966,Gospel,BluesRock,AnnualFloor,1,0,0,0
1002,1966,Gospel,BluesRock,WeightedTransition,5,0,0,0
1002,1966,Gospel,BritishBeat,WeightedTransition,1,0,0,0
1002,1966,Gospel,BritishBlues,WeightedTransition,3,0,0,0
1002,1966,Gospel,Childrens,WeightedTransition,1,0,0,0
1002,1966,Gospel,ContemporaryFolk,WeightedTransition,1,0,0,0
1002,1966,Gospel,Country,WeightedTransition,6,0,0,0
1002,1966,Gospel,EasyListening,WeightedTransition,1,0,0,0
1002,1966,Gospel,GarageRock,WeightedTransition,1,0,0,0
1002,1966,Gospel,Gospel,Retained,106,0,0,0
1002,1966,Gospel,Gospel,WeightedTransition,7,0,0,0
1002,1966,Gospel,LatinPop,AnnualFloor,1,0,0,0
1002,1966,Gospel,LatinPop,WeightedTransition,1,0,0,0
1002,1966,Gospel,Ska,WeightedTransition,1,0,0,0
1002,1966,Gospel,Soul,WeightedTransition,2,0,0,0
1002,1966,Gospel,TexMex,WeightedTransition,1,0,0,0
1002,1966,Gospel,TraditionalPop,WeightedTransition,1,0,0,0
1002,1966,Jazz,AcidRock,WeightedTransition,1,0,0,0
1002,1966,Jazz,BaroquePop,WeightedTransition,1,0,0,0
1002,1966,Jazz,Boogaloo,WeightedTransition,2,0,0,0
1002,1966,Jazz,BossaNova,WeightedTransition,5,0,0,0
1002,1966,Jazz,BritishBlues,WeightedTransition,2,0,0,0
1002,1966,Jazz,BritishPop,WeightedTransition,3,0,0,0
1002,1966,Jazz,Childrens,AnnualFloor,1,0,0,0
1002,1966,Jazz,Classical,WeightedTransition,1,0,0,0
1002,1966,Jazz,EasyListening,WeightedTransition,2,0,0,0
1002,1966,Jazz,Jazz,AnnualFloor,2,0,0,0
1002,1966,Jazz,Jazz,Retained,116,0,0,0
1002,1966,Jazz,Jazz,WeightedTransition,7,0,0,0
1002,1966,Jazz,Soul,WeightedTransition,2,0,0,0
1002,1966,Jazz,TexMex,WeightedTransition,1,0,0,0
1002,1966,Jazz,TraditionalPop,WeightedTransition,4,0,0,0
1002,1966,LatinPop,Boogaloo,WeightedTransition,1,0,0,0
1002,1966,LatinPop,BossaNova,WeightedTransition,1,0,0,0
1002,1966,LatinPop,BritishBeat,AnnualFloor,1,0,0,0
1002,1966,LatinPop,FolkRock,WeightedTransition,1,0,0,0
1002,1966,LatinPop,LatinPop,Retained,27,0,0,0
1002,1966,LatinPop,RockAndRoll,WeightedTransition,1,0,0,0
1002,1966,PsychedelicRock,BritishBlues,WeightedTransition,1,0,0,0
1002,1966,PsychedelicRock,PsychedelicRock,Retained,5,0,0,0
1002,1966,RnB,AcidRock,WeightedTransition,3,0,0,0
1002,1966,RnB,BaroquePop,AnnualFloor,1,0,0,0
1002,1966,RnB,BaroquePop,WeightedTransition,4,0,0,0
1002,1966,RnB,Blues,WeightedTransition,4,0,0,0
1002,1966,RnB,BluesRock,AnnualFloor,1,0,0,0
1002,1966,RnB,BluesRock,WeightedTransition,2,0,0,0
1002,1966,RnB,Boogaloo,WeightedTransition,2,0,0,0
1002,1966,RnB,BossaNova,WeightedTransition,8,0,0,0
1002,1966,RnB,BritishBeat,WeightedTransition,8,0,0,0
1002,1966,RnB,BritishBlues,AnnualFloor,1,0,0,0
1002,1966,RnB,BritishBlues,WeightedTransition,14,0,0,0
1002,1966,RnB,BritishPop,WeightedTransition,6,0,0,0
1002,1966,RnB,Childrens,WeightedTransition,3,0,0,0
1002,1966,RnB,Classical,WeightedTransition,4,0,0,0
1002,1966,RnB,Comedy,WeightedTransition,2,0,0,0
1002,1966,RnB,ContemporaryFolk,AnnualFloor,1,0,0,0
1002,1966,RnB,ContemporaryFolk,WeightedTransition,7,0,0,0
1002,1966,RnB,Country,WeightedTransition,6,0,0,0
1002,1966,RnB,EasyListening,AnnualFloor,1,0,0,0
1002,1966,RnB,EasyListening,WeightedTransition,9,0,0,0
1002,1966,RnB,Folk,WeightedTransition,2,0,0,0
1002,1966,RnB,FolkRock,WeightedTransition,12,0,0,0
1002,1966,RnB,GarageRock,AnnualFloor,1,0,0,0
1002,1966,RnB,GarageRock,WeightedTransition,5,0,0,0
1002,1966,RnB,Gospel,WeightedTransition,15,0,0,0
1002,1966,RnB,Jazz,WeightedTransition,10,0,0,0
1002,1966,RnB,LatinPop,WeightedTransition,3,0,0,0
1002,1966,RnB,RnB,Retained,27,0,0,0
1002,1966,RnB,RockAndRoll,WeightedTransition,5,0,0,0
1002,1966,RnB,Rocksteady,AnnualFloor,1,0,0,0
1002,1966,RnB,Ska,WeightedTransition,2,0,0,0
1002,1966,RnB,Soul,WeightedTransition,46,0,0,0
1002,1966,RnB,SunshinePop,WeightedTransition,7,0,0,0
1002,1966,RnB,SurfRock,WeightedTransition,3,0,0,0
1002,1966,RnB,TexMex,AnnualFloor,1,0,0,0
1002,1966,RnB,TexMex,WeightedTransition,3,0,0,0
1002,1966,RnB,TraditionalPop,WeightedTransition,10,0,0,0
1002,1966,RockAndRoll,AcidRock,AnnualFloor,2,0,0,0
1002,1966,RockAndRoll,BaroquePop,AnnualFloor,1,0,0,0
1002,1966,RockAndRoll,BaroquePop,WeightedTransition,1,0,0,0
1002,1966,RockAndRoll,Blues,AnnualFloor,1,0,0,0
1002,1966,RockAndRoll,Blues,WeightedTransition,1,0,0,0
1002,1966,RockAndRoll,BluesRock,WeightedTransition,3,0,0,0
1002,1966,RockAndRoll,Boogaloo,WeightedTransition,3,0,0,0
1002,1966,RockAndRoll,BossaNova,AnnualFloor,1,0,0,0
1002,1966,RockAndRoll,BritishBeat,AnnualFloor,1,0,0,0
1002,1966,RockAndRoll,BritishBeat,WeightedTransition,8,0,0,0
1002,1966,RockAndRoll,BritishBlues,AnnualFloor,1,0,0,0
1002,1966,RockAndRoll,BritishBlues,WeightedTransition,8,0,0,0
1002,1966,RockAndRoll,BritishPop,AnnualFloor,1,0,0,0
1002,1966,RockAndRoll,BritishPop,WeightedTransition,1,0,0,0
1002,1966,RockAndRoll,Childrens,WeightedTransition,1,0,0,0
1002,1966,RockAndRoll,Classical,WeightedTransition,2,0,0,0
1002,1966,RockAndRoll,Comedy,AnnualFloor,1,0,0,0
1002,1966,RockAndRoll,Comedy,WeightedTransition,2,0,0,0
1002,1966,RockAndRoll,ContemporaryFolk,WeightedTransition,3,0,0,0
1002,1966,RockAndRoll,Country,WeightedTransition,2,0,0,0
1002,1966,RockAndRoll,EasyListening,WeightedTransition,1,0,0,0
1002,1966,RockAndRoll,FolkRock,WeightedTransition,2,0,0,0
1002,1966,RockAndRoll,GarageRock,AnnualFloor,1,0,0,0
1002,1966,RockAndRoll,GarageRock,WeightedTransition,5,0,0,0
1002,1966,RockAndRoll,Gospel,AnnualFloor,1,0,0,0
1002,1966,RockAndRoll,Jazz,WeightedTransition,2,0,0,0
1002,1966,RockAndRoll,PsychedelicRock,AnnualFloor,3,0,0,0
1002,1966,RockAndRoll,PsychedelicRock,WeightedTransition,1,0,0,0
1002,1966,RockAndRoll,RockAndRoll,AnnualFloor,2,0,0,0
1002,1966,RockAndRoll,RockAndRoll,Retained,209,0,0,0
1002,1966,RockAndRoll,RockAndRoll,WeightedTransition,13,0,0,0
1002,1966,RockAndRoll,Rocksteady,AnnualFloor,1,0,0,0
1002,1966,RockAndRoll,Soul,WeightedTransition,5,0,0,0
1002,1966,RockAndRoll,SunshinePop,WeightedTransition,2,0,0,0
1002,1966,RockAndRoll,TraditionalPop,WeightedTransition,2,0,0,0
1002,1966,Ska,BritishPop,WeightedTransition,1,0,0,0
1002,1966,Ska,Gospel,WeightedTransition,1,0,0,0
1002,1966,Ska,Ska,Retained,10,0,0,0
1002,1966,Ska,Ska,WeightedTransition,1,0,0,0
1002,1966,Soul,AcidRock,WeightedTransition,1,0,0,0
1002,1966,Soul,BaroquePop,WeightedTransition,2,0,0,0
1002,1966,Soul,Blues,AnnualFloor,1,0,0,0
1002,1966,Soul,Blues,WeightedTransition,1,0,0,0
1002,1966,Soul,BluesRock,WeightedTransition,2,0,0,0
1002,1966,Soul,Boogaloo,WeightedTransition,1,0,0,0
1002,1966,Soul,BossaNova,WeightedTransition,1,0,0,0
1002,1966,Soul,BritishBeat,WeightedTransition,3,0,0,0
1002,1966,Soul,BritishBlues,WeightedTransition,3,0,0,0
1002,1966,Soul,BritishPop,WeightedTransition,4,0,0,0
1002,1966,Soul,Childrens,WeightedTransition,1,0,0,0
1002,1966,Soul,Classical,AnnualFloor,1,0,0,0
1002,1966,Soul,Classical,WeightedTransition,1,0,0,0
1002,1966,Soul,Comedy,WeightedTransition,3,0,0,0
1002,1966,Soul,ContemporaryFolk,AnnualFloor,1,0,0,0
1002,1966,Soul,ContemporaryFolk,WeightedTransition,3,0,0,0
1002,1966,Soul,Country,WeightedTransition,3,0,0,0
1002,1966,Soul,EasyListening,WeightedTransition,1,0,0,0
1002,1966,Soul,FolkRock,WeightedTransition,1,0,0,0
1002,1966,Soul,GarageRock,WeightedTransition,3,0,0,0
1002,1966,Soul,Gospel,WeightedTransition,2,0,0,0
1002,1966,Soul,Jazz,WeightedTransition,4,0,0,0
1002,1966,Soul,RockAndRoll,WeightedTransition,1,0,0,0
1002,1966,Soul,Rocksteady,AnnualFloor,1,0,0,0
1002,1966,Soul,Ska,WeightedTransition,1,0,0,0
1002,1966,Soul,Soul,Retained,356,0,0,0
1002,1966,Soul,Soul,WeightedTransition,28,0,0,0
1002,1966,Soul,SunshinePop,AnnualFloor,2,0,0,0
1002,1966,Soul,SunshinePop,WeightedTransition,1,0,0,0
1002,1966,Soul,SurfRock,AnnualFloor,1,0,0,0
1002,1966,Soul,TexMex,AnnualFloor,1,0,0,0
1002,1966,Soul,TexMex,WeightedTransition,3,0,0,0
1002,1966,Soul,TraditionalPop,AnnualFloor,1,0,0,0
1002,1966,Soul,TraditionalPop,WeightedTransition,2,0,0,0
1002,1966,SunshinePop,BaroquePop,WeightedTransition,1,0,0,0
1002,1966,SunshinePop,BritishBeat,WeightedTransition,1,0,0,0
1002,1966,SunshinePop,BritishPop,WeightedTransition,1,0,0,0
1002,1966,SunshinePop,SunshinePop,Retained,18,0,0,0
1002,1966,SunshinePop,TraditionalPop,WeightedTransition,1,0,0,0
1002,1966,SurfRock,AcidRock,WeightedTransition,3,0,0,0
1002,1966,SurfRock,BaroquePop,WeightedTransition,1,0,0,0
1002,1966,SurfRock,Blues,AnnualFloor,1,0,0,0
1002,1966,SurfRock,BluesRock,WeightedTransition,1,0,0,0
1002,1966,SurfRock,Boogaloo,WeightedTransition,1,0,0,0
1002,1966,SurfRock,BritishBlues,WeightedTransition,5,0,0,0
1002,1966,SurfRock,BritishPop,WeightedTransition,1,0,0,0
1002,1966,SurfRock,Childrens,WeightedTransition,1,0,0,0
1002,1966,SurfRock,Classical,AnnualFloor,1,0,0,0
1002,1966,SurfRock,Comedy,WeightedTransition,2,0,0,0
1002,1966,SurfRock,ContemporaryFolk,WeightedTransition,1,0,0,0
1002,1966,SurfRock,Country,WeightedTransition,3,0,0,0
1002,1966,SurfRock,EasyListening,WeightedTransition,2,0,0,0
1002,1966,SurfRock,FolkRock,WeightedTransition,1,0,0,0
1002,1966,SurfRock,GarageRock,AnnualFloor,1,0,0,0
1002,1966,SurfRock,GarageRock,WeightedTransition,2,0,0,0
1002,1966,SurfRock,Jazz,WeightedTransition,1,0,0,0
1002,1966,SurfRock,RockAndRoll,WeightedTransition,6,0,0,0
1002,1966,SurfRock,Ska,WeightedTransition,1,0,0,0
1002,1966,SurfRock,Soul,WeightedTransition,2,0,0,0
1002,1966,SurfRock,SunshinePop,WeightedTransition,4,0,0,0
1002,1966,SurfRock,SurfRock,AnnualFloor,1,0,0,0
1002,1966,SurfRock,SurfRock,Retained,14,0,0,0
1002,1966,SurfRock,SurfRock,WeightedTransition,3,0,0,0
1002,1966,SurfRock,TraditionalPop,WeightedTransition,7,0,0,0
1002,1966,TeenPop,AcidRock,WeightedTransition,3,0,0,0
1002,1966,TeenPop,BaroquePop,AnnualFloor,1,0,0,0
1002,1966,TeenPop,BaroquePop,WeightedTransition,6,0,0,0
1002,1966,TeenPop,Blues,WeightedTransition,2,0,0,0
1002,1966,TeenPop,BluesRock,WeightedTransition,3,0,0,0
1002,1966,TeenPop,Boogaloo,WeightedTransition,1,0,0,0
1002,1966,TeenPop,BossaNova,WeightedTransition,3,0,0,0
1002,1966,TeenPop,BritishBeat,WeightedTransition,9,0,0,0
1002,1966,TeenPop,BritishBlues,WeightedTransition,7,0,0,0
1002,1966,TeenPop,BritishPop,WeightedTransition,12,0,0,0
1002,1966,TeenPop,Childrens,AnnualFloor,1,0,0,0
1002,1966,TeenPop,Childrens,WeightedTransition,5,0,0,0
1002,1966,TeenPop,Classical,WeightedTransition,2,0,0,0
1002,1966,TeenPop,Comedy,WeightedTransition,1,0,0,0
1002,1966,TeenPop,ContemporaryFolk,WeightedTransition,4,0,0,0
1002,1966,TeenPop,Country,WeightedTransition,6,0,0,0
1002,1966,TeenPop,EasyListening,AnnualFloor,1,0,0,0
1002,1966,TeenPop,EasyListening,WeightedTransition,14,0,0,0
1002,1966,TeenPop,Folk,WeightedTransition,2,0,0,0
1002,1966,TeenPop,FolkRock,WeightedTransition,5,0,0,0
1002,1966,TeenPop,GarageRock,WeightedTransition,3,0,0,0
1002,1966,TeenPop,Gospel,WeightedTransition,3,0,0,0
1002,1966,TeenPop,Jazz,AnnualFloor,1,0,0,0
1002,1966,TeenPop,Jazz,WeightedTransition,3,0,0,0
1002,1966,TeenPop,LatinPop,WeightedTransition,3,0,0,0
1002,1966,TeenPop,RockAndRoll,WeightedTransition,5,0,0,0
1002,1966,TeenPop,Rocksteady,WeightedTransition,2,0,0,0
1002,1966,TeenPop,Soul,AnnualFloor,1,0,0,0
1002,1966,TeenPop,Soul,WeightedTransition,17,0,0,0
1002,1966,TeenPop,SunshinePop,WeightedTransition,15,0,0,0
1002,1966,TeenPop,SurfRock,WeightedTransition,1,0,0,0
1002,1966,TeenPop,TeenPop,Retained,23,0,0,0
1002,1966,TeenPop,TexMex,WeightedTransition,1,0,0,0
1002,1966,TeenPop,TraditionalPop,AnnualFloor,1,0,0,0
1002,1966,TeenPop,TraditionalPop,WeightedTransition,23,0,0,0
1002,1966,TexMex,AcidRock,WeightedTransition,1,0,0,0
1002,1966,TexMex,BaroquePop,WeightedTransition,1,0,0,0
1002,1966,TexMex,BritishBlues,WeightedTransition,1,0,0,0
1002,1966,TexMex,BritishPop,WeightedTransition,1,0,0,0
1002,1966,TexMex,Childrens,WeightedTransition,1,0,0,0
1002,1966,TexMex,Country,WeightedTransition,1,0,0,0
1002,1966,TexMex,EasyListening,WeightedTransition,1,0,0,0
1002,1966,TexMex,Gospel,WeightedTransition,1,0,0,0
1002,1966,TexMex,Jazz,WeightedTransition,1,0,0,0
1002,1966,TexMex,TexMex,Retained,18,0,0,0
1002,1966,TexMex,TraditionalPop,WeightedTransition,1,0,0,0
1002,1966,TraditionalPop,AcidRock,AnnualFloor,1,0,0,0
1002,1966,TraditionalPop,BaroquePop,WeightedTransition,1,0,0,0
1002,1966,TraditionalPop,BluesRock,WeightedTransition,2,0,0,0
1002,1966,TraditionalPop,Boogaloo,WeightedTransition,1,0,0,0
1002,1966,TraditionalPop,BossaNova,AnnualFloor,1,0,0,0
1002,1966,TraditionalPop,BossaNova,WeightedTransition,1,0,0,0
1002,1966,TraditionalPop,BritishBeat,AnnualFloor,1,0,0,0
1002,1966,TraditionalPop,BritishBeat,WeightedTransition,3,0,0,0
1002,1966,TraditionalPop,BritishBlues,AnnualFloor,1,0,0,0
1002,1966,TraditionalPop,BritishBlues,WeightedTransition,2,0,0,0
1002,1966,TraditionalPop,BritishPop,WeightedTransition,3,0,0,0
1002,1966,TraditionalPop,Childrens,WeightedTransition,2,0,0,0
1002,1966,TraditionalPop,Classical,WeightedTransition,1,0,0,0
1002,1966,TraditionalPop,Comedy,WeightedTransition,1,0,0,0
1002,1966,TraditionalPop,ContemporaryFolk,WeightedTransition,2,0,0,0
1002,1966,TraditionalPop,Country,WeightedTransition,3,0,0,0
1002,1966,TraditionalPop,EasyListening,WeightedTransition,3,0,0,0
1002,1966,TraditionalPop,FolkRock,WeightedTransition,2,0,0,0
1002,1966,TraditionalPop,GarageRock,WeightedTransition,2,0,0,0
1002,1966,TraditionalPop,Gospel,WeightedTransition,2,0,0,0
1002,1966,TraditionalPop,Jazz,WeightedTransition,2,0,0,0
1002,1966,TraditionalPop,LatinPop,WeightedTransition,1,0,0,0
1002,1966,TraditionalPop,Ska,AnnualFloor,1,0,0,0
1002,1966,TraditionalPop,Ska,WeightedTransition,1,0,0,0
1002,1966,TraditionalPop,Soul,WeightedTransition,1,0,0,0
1002,1966,TraditionalPop,SunshinePop,WeightedTransition,5,0,0,0
1002,1966,TraditionalPop,TexMex,AnnualFloor,1,0,0,0
1002,1966,TraditionalPop,TexMex,WeightedTransition,1,0,0,0
1002,1966,TraditionalPop,TraditionalPop,Retained,207,0,0,0
1002,1966,TraditionalPop,TraditionalPop,WeightedTransition,16,0,0,0
1002,1967,AcidRock,AcidRock,Retained,12,0,0,0
1002,1967,AcidRock,PsychedelicRock,WeightedTransition,1,0,0,0
1002,1967,BaroquePop,BaroquePop,Retained,10,0,0,0
1002,1967,BaroquePop,BaroquePop,WeightedTransition,1,0,0,0
1002,1967,Blues,BaroquePop,WeightedTransition,1,0,0,0
1002,1967,Blues,Blues,Retained,34,0,0,0
1002,1967,Blues,Blues,WeightedTransition,1,0,0,0
1002,1967,Blues,BritishBlues,WeightedTransition,1,0,0,0
1002,1967,Blues,Jazz,WeightedTransition,1,0,0,0
1002,1967,Blues,Rocksteady,WeightedTransition,1,0,0,0
1002,1967,Blues,Soul,WeightedTransition,1,0,0,0
1002,1967,Blues,TraditionalPop,WeightedTransition,1,0,0,0
1002,1967,BluesRock,AcidRock,WeightedTransition,1,0,0,0
1002,1967,BluesRock,BluesRock,Retained,22,0,0,0
1002,1967,BluesRock,Classical,WeightedTransition,1,0,0,0
1002,1967,BluesRock,Comedy,WeightedTransition,1,0,0,0
1002,1967,BluesRock,Funk,WeightedTransition,1,0,0,0
1002,1967,BluesRock,GarageRock,AnnualFloor,1,0,0,0
1002,1967,BluesRock,Ska,AnnualFloor,1,0,0,0
1002,1967,BluesRock,TraditionalPop,WeightedTransition,1,0,0,0
1002,1967,Boogaloo,Boogaloo,Retained,18,0,0,0
1002,1967,Boogaloo,BritishBlues,WeightedTransition,1,0,0,0
1002,1967,Boogaloo,Classical,AnnualFloor,1,0,0,0
1002,1967,Boogaloo,GarageRock,WeightedTransition,1,0,0,0
1002,1967,Boogaloo,Gospel,WeightedTransition,1,0,0,0
1002,1967,Boogaloo,Soul,WeightedTransition,1,0,0,0
1002,1967,BossaNova,Blues,WeightedTransition,1,0,0,0
1002,1967,BossaNova,BluesRock,WeightedTransition,1,0,0,0
1002,1967,BossaNova,BossaNova,Retained,6,0,0,0
1002,1967,BossaNova,BossaNova,WeightedTransition,2,0,0,0
1002,1967,BossaNova,BritishPop,WeightedTransition,2,0,0,0
1002,1967,BossaNova,Bubblegum,WeightedTransition,1,0,0,0
1002,1967,BossaNova,Gospel,AnnualFloor,1,0,0,0
1002,1967,BossaNova,Gospel,WeightedTransition,2,0,0,0
1002,1967,BossaNova,HardRock,WeightedTransition,2,0,0,0
1002,1967,BossaNova,Jazz,WeightedTransition,3,0,0,0
1002,1967,BossaNova,LatinPop,WeightedTransition,1,0,0,0
1002,1967,BossaNova,SingerSongwriter,WeightedTransition,1,0,0,0
1002,1967,BossaNova,Soul,WeightedTransition,3,0,0,0
1002,1967,BritishBeat,AcidRock,WeightedTransition,5,0,0,0
1002,1967,BritishBeat,BaroquePop,WeightedTransition,1,0,0,0
1002,1967,BritishBeat,Blues,WeightedTransition,2,0,0,0
1002,1967,BritishBeat,BluesRock,WeightedTransition,3,0,0,0
1002,1967,BritishBeat,BritishBeat,Retained,19,0,0,0
1002,1967,BritishBeat,BritishBeat,WeightedTransition,5,0,0,0
1002,1967,BritishBeat,BritishBlues,WeightedTransition,1,0,0,0
1002,1967,BritishBeat,Bubblegum,WeightedTransition,1,0,0,0
1002,1967,BritishBeat,Childrens,WeightedTransition,1,0,0,0
1002,1967,BritishBeat,Classical,AnnualFloor,1,0,0,0
1002,1967,BritishBeat,ContemporaryFolk,WeightedTransition,2,0,0,0
1002,1967,BritishBeat,Country,WeightedTransition,3,0,0,0
1002,1967,BritishBeat,FolkRock,WeightedTransition,3,0,0,0
1002,1967,BritishBeat,GarageRock,WeightedTransition,5,0,0,0
1002,1967,BritishBeat,LatinPop,WeightedTransition,1,0,0,0
1002,1967,BritishBeat,ProtoPunk,WeightedTransition,5,0,0,0
1002,1967,BritishBeat,PsychedelicRock,AnnualFloor,1,0,0,0
1002,1967,BritishBeat,PsychedelicRock,WeightedTransition,3,0,0,0
1002,1967,BritishBeat,RockAndRoll,WeightedTransition,4,0,0,0
1002,1967,BritishBeat,Ska,AnnualFloor,1,0,0,0
1002,1967,BritishBeat,Ska,WeightedTransition,1,0,0,0
1002,1967,BritishBeat,SunshinePop,AnnualFloor,1,0,0,0
1002,1967,BritishBeat,SunshinePop,WeightedTransition,3,0,0,0
1002,1967,BritishBeat,TraditionalPop,WeightedTransition,1,0,0,0
1002,1967,BritishBlues,Boogaloo,AnnualFloor,1,0,0,0
1002,1967,BritishBlues,BritishBlues,Retained,67,0,0,0
1002,1967,BritishBlues,BritishBlues,WeightedTransition,3,0,0,0
1002,1967,BritishBlues,ContemporaryFolk,AnnualFloor,1,0,0,0
1002,1967,BritishBlues,Country,WeightedTransition,1,0,0,0
1002,1967,BritishBlues,EasyListening,WeightedTransition,1,0,0,0
1002,1967,BritishBlues,GarageRock,WeightedTransition,4,0,0,0
1002,1967,BritishBlues,HardRock,AnnualFloor,1,0,0,0
1002,1967,BritishBlues,RockAndRoll,WeightedTransition,2,0,0,0
1002,1967,BritishPop,AcidRock,WeightedTransition,1,0,0,0
1002,1967,BritishPop,BaroquePop,WeightedTransition,1,0,0,0
1002,1967,BritishPop,BritishPop,Retained,55,0,0,0
1002,1967,BritishPop,BritishPop,WeightedTransition,3,0,0,0
1002,1967,BritishPop,Childrens,WeightedTransition,1,0,0,0
1002,1967,BritishPop,ContemporaryFolk,WeightedTransition,1,0,0,0
1002,1967,BritishPop,Country,WeightedTransition,1,0,0,0
1002,1967,BritishPop,EasyListening,WeightedTransition,1,0,0,0
1002,1967,BritishPop,Funk,WeightedTransition,1,0,0,0
1002,1967,BritishPop,Gospel,WeightedTransition,1,0,0,0
1002,1967,BritishPop,SunshinePop,WeightedTransition,2,0,0,0
1002,1967,BritishPop,TraditionalPop,WeightedTransition,2,0,0,0
1002,1967,Bubblegum,Boogaloo,WeightedTransition,1,0,0,0
1002,1967,Childrens,Boogaloo,WeightedTransition,1,0,0,0
1002,1967,Childrens,Childrens,AnnualFloor,1,0,0,0
1002,1967,Childrens,Childrens,Retained,39,0,0,0
1002,1967,Childrens,Comedy,WeightedTransition,1,0,0,0
1002,1967,Childrens,HardRock,AnnualFloor,1,0,0,0
1002,1967,Childrens,HardRock,WeightedTransition,1,0,0,0
1002,1967,Childrens,Rocksteady,AnnualFloor,1,0,0,0
1002,1967,Childrens,SingerSongwriter,AnnualFloor,1,0,0,0
1002,1967,Childrens,TraditionalPop,WeightedTransition,1,0,0,0
1002,1967,Classical,BluesRock,WeightedTransition,1,0,0,0
1002,1967,Classical,BossaNova,AnnualFloor,1,0,0,0
1002,1967,Classical,Childrens,AnnualFloor,1,0,0,0
1002,1967,Classical,Childrens,WeightedTransition,2,0,0,0
1002,1967,Classical,Classical,Retained,29,0,0,0
1002,1967,Classical,Classical,WeightedTransition,1,0,0,0
1002,1967,Classical,Comedy,AnnualFloor,1,0,0,0
1002,1967,Classical,Funk,WeightedTransition,1,0,0,0
1002,1967,Classical,GarageRock,WeightedTransition,1,0,0,0
1002,1967,Classical,LatinPop,AnnualFloor,1,0,0,0
1002,1967,Classical,RockAndRoll,WeightedTransition,2,0,0,0
1002,1967,Classical,TexMex,AnnualFloor,1,0,0,0
1002,1967,Classical,TraditionalPop,WeightedTransition,1,0,0,0
1002,1967,Comedy,BaroquePop,WeightedTransition,1,0,0,0
1002,1967,Comedy,Comedy,AnnualFloor,1,0,0,0
1002,1967,Comedy,Comedy,Retained,43,0,0,0
1002,1967,Comedy,Comedy,WeightedTransition,2,0,0,0
1002,1967,Comedy,Funk,WeightedTransition,1,0,0,0
1002,1967,Comedy,Gospel,WeightedTransition,1,0,0,0
1002,1967,Comedy,SunshinePop,WeightedTransition,1,0,0,0
1002,1967,Comedy,TexMex,WeightedTransition,1,0,0,0
1002,1967,Comedy,TraditionalPop,WeightedTransition,1,0,0,0
1002,1967,ContemporaryFolk,AcidRock,WeightedTransition,1,0,0,0
1002,1967,ContemporaryFolk,BossaNova,WeightedTransition,1,0,0,0
1002,1967,ContemporaryFolk,Childrens,WeightedTransition,1,0,0,0
1002,1967,ContemporaryFolk,Comedy,WeightedTransition,1,0,0,0
1002,1967,ContemporaryFolk,ContemporaryFolk,Retained,32,0,0,0
1002,1967,ContemporaryFolk,ContemporaryFolk,WeightedTransition,5,0,0,0
1002,1967,ContemporaryFolk,Country,WeightedTransition,1,0,0,0
1002,1967,ContemporaryFolk,HardRock,WeightedTransition,1,0,0,0
1002,1967,ContemporaryFolk,RockAndRoll,WeightedTransition,1,0,0,0
1002,1967,ContemporaryFolk,Rocksteady,AnnualFloor,1,0,0,0
1002,1967,ContemporaryFolk,Rocksteady,WeightedTransition,1,0,0,0
1002,1967,ContemporaryFolk,TexMex,WeightedTransition,2,0,0,0
1002,1967,ContemporaryFolk,TraditionalPop,WeightedTransition,1,0,0,0
1002,1967,Country,AcidRock,AnnualFloor,1,0,0,0
1002,1967,Country,AcidRock,WeightedTransition,2,0,0,0
1002,1967,Country,BaroquePop,WeightedTransition,1,0,0,0
1002,1967,Country,Blues,AnnualFloor,1,0,0,0
1002,1967,Country,Blues,WeightedTransition,2,0,0,0
1002,1967,Country,BluesRock,WeightedTransition,1,0,0,0
1002,1967,Country,BritishBlues,WeightedTransition,1,0,0,0
1002,1967,Country,BritishPop,WeightedTransition,1,0,0,0
1002,1967,Country,Childrens,WeightedTransition,1,0,0,0
1002,1967,Country,Comedy,WeightedTransition,2,0,0,0
1002,1967,Country,ContemporaryFolk,WeightedTransition,1,0,0,0
1002,1967,Country,Country,AnnualFloor,2,0,0,0
1002,1967,Country,Country,Retained,103,0,0,0
1002,1967,Country,Country,WeightedTransition,5,0,0,0
1002,1967,Country,FolkRock,WeightedTransition,3,0,0,0
1002,1967,Country,GarageRock,WeightedTransition,1,0,0,0
1002,1967,Country,Gospel,WeightedTransition,2,0,0,0
1002,1967,Country,HardRock,WeightedTransition,1,0,0,0
1002,1967,Country,LatinPop,WeightedTransition,1,0,0,0
1002,1967,Country,RockAndRoll,WeightedTransition,1,0,0,0
1002,1967,Country,SingerSongwriter,WeightedTransition,1,0,0,0
1002,1967,Country,TexMex,AnnualFloor,1,0,0,0
1002,1967,DooWop,AcidRock,WeightedTransition,4,0,0,0
1002,1967,DooWop,BaroquePop,WeightedTransition,5,0,0,0
1002,1967,DooWop,Blues,WeightedTransition,3,0,0,0
1002,1967,DooWop,BluesRock,WeightedTransition,4,0,0,0
1002,1967,DooWop,Boogaloo,WeightedTransition,4,0,0,0
1002,1967,DooWop,BossaNova,WeightedTransition,1,0,0,0
1002,1967,DooWop,BritishBlues,AnnualFloor,1,0,0,0
1002,1967,DooWop,BritishBlues,WeightedTransition,1,0,0,0
1002,1967,DooWop,BritishPop,WeightedTransition,4,0,0,0
1002,1967,DooWop,Bubblegum,WeightedTransition,4,0,0,0
1002,1967,DooWop,Childrens,WeightedTransition,2,0,0,0
1002,1967,DooWop,Comedy,WeightedTransition,2,0,0,0
1002,1967,DooWop,ContemporaryFolk,WeightedTransition,3,0,0,0
1002,1967,DooWop,Country,WeightedTransition,1,0,0,0
1002,1967,DooWop,DooWop,Retained,10,0,0,0
1002,1967,DooWop,EasyListening,WeightedTransition,6,0,0,0
1002,1967,DooWop,FolkRock,WeightedTransition,4,0,0,0
1002,1967,DooWop,Funk,WeightedTransition,5,0,0,0
1002,1967,DooWop,GarageRock,WeightedTransition,4,0,0,0
1002,1967,DooWop,Gospel,WeightedTransition,2,0,0,0
1002,1967,DooWop,Jazz,WeightedTransition,3,0,0,0
1002,1967,DooWop,LatinPop,WeightedTransition,2,0,0,0
1002,1967,DooWop,ProtoPunk,WeightedTransition,1,0,0,0
1002,1967,DooWop,RockAndRoll,WeightedTransition,2,0,0,0
1002,1967,DooWop,Rocksteady,AnnualFloor,1,0,0,0
1002,1967,DooWop,Rocksteady,WeightedTransition,1,0,0,0
1002,1967,DooWop,Soul,WeightedTransition,16,0,0,0
1002,1967,DooWop,SunshinePop,WeightedTransition,1,0,0,0
1002,1967,DooWop,TexMex,WeightedTransition,2,0,0,0
1002,1967,DooWop,TraditionalPop,WeightedTransition,2,0,0,0
1002,1967,EasyListening,AcidRock,AnnualFloor,1,0,0,0
1002,1967,EasyListening,BaroquePop,AnnualFloor,1,0,0,0
1002,1967,EasyListening,BaroquePop,WeightedTransition,1,0,0,0
1002,1967,EasyListening,BritishPop,AnnualFloor,1,0,0,0
1002,1967,EasyListening,Bubblegum,WeightedTransition,1,0,0,0
1002,1967,EasyListening,EasyListening,Retained,41,0,0,0
1002,1967,EasyListening,EasyListening,WeightedTransition,6,0,0,0
1002,1967,EasyListening,GarageRock,WeightedTransition,1,0,0,0
1002,1967,EasyListening,HardRock,WeightedTransition,1,0,0,0
1002,1967,EasyListening,Jazz,AnnualFloor,1,0,0,0
1002,1967,EasyListening,SunshinePop,WeightedTransition,2,0,0,0
1002,1967,EasyListening,TraditionalPop,WeightedTransition,1,0,0,0
1002,1967,Folk,AcidRock,WeightedTransition,5,0,0,0
1002,1967,Folk,BaroquePop,WeightedTransition,7,0,0,0
1002,1967,Folk,Blues,WeightedTransition,1,0,0,0
1002,1967,Folk,BluesRock,WeightedTransition,6,0,0,0
1002,1967,Folk,Boogaloo,WeightedTransition,2,0,0,0
1002,1967,Folk,BritishBeat,WeightedTransition,1,0,0,0
1002,1967,Folk,BritishBlues,WeightedTransition,1,0,0,0
1002,1967,Folk,BritishPop,WeightedTransition,3,0,0,0
1002,1967,Folk,Bubblegum,WeightedTransition,4,0,0,0
1002,1967,Folk,Childrens,WeightedTransition,3,0,0,0
1002,1967,Folk,Comedy,WeightedTransition,2,0,0,0
1002,1967,Folk,ContemporaryFolk,AnnualFloor,1,0,0,0
1002,1967,Folk,ContemporaryFolk,WeightedTransition,5,0,0,0
1002,1967,Folk,Country,WeightedTransition,8,0,0,0
1002,1967,Folk,EasyListening,WeightedTransition,6,0,0,0
1002,1967,Folk,Folk,Retained,19,0,0,0
1002,1967,Folk,FolkRock,WeightedTransition,12,0,0,0
1002,1967,Folk,Funk,WeightedTransition,3,0,0,0
1002,1967,Folk,GarageRock,WeightedTransition,5,0,0,0
1002,1967,Folk,Gospel,WeightedTransition,1,0,0,0
1002,1967,Folk,HardRock,WeightedTransition,1,0,0,0
1002,1967,Folk,Jazz,WeightedTransition,3,0,0,0
1002,1967,Folk,LatinPop,WeightedTransition,1,0,0,0
1002,1967,Folk,RockAndRoll,WeightedTransition,3,0,0,0
1002,1967,Folk,SingerSongwriter,AnnualFloor,1,0,0,0
1002,1967,Folk,SingerSongwriter,WeightedTransition,1,0,0,0
1002,1967,Folk,Soul,WeightedTransition,6,0,0,0
1002,1967,Folk,SunshinePop,WeightedTransition,4,0,0,0
1002,1967,Folk,TraditionalPop,WeightedTransition,2,0,0,0
1002,1967,FolkRock,BaroquePop,WeightedTransition,1,0,0,0
1002,1967,FolkRock,BluesRock,WeightedTransition,2,0,0,0
1002,1967,FolkRock,BossaNova,WeightedTransition,1,0,0,0
1002,1967,FolkRock,BritishBlues,WeightedTransition,1,0,0,0
1002,1967,FolkRock,FolkRock,AnnualFloor,1,0,0,0
1002,1967,FolkRock,FolkRock,Retained,27,0,0,0
1002,1967,FolkRock,FolkRock,WeightedTransition,5,0,0,0
1002,1967,FolkRock,SunshinePop,WeightedTransition,1,0,0,0
1002,1967,Funk,Funk,Retained,3,0,0,0
1002,1967,GarageRock,Country,WeightedTransition,1,0,0,0
1002,1967,GarageRock,GarageRock,Retained,29,0,0,0
1002,1967,GarageRock,HardRock,WeightedTransition,1,0,0,0
1002,1967,GarageRock,PsychedelicRock,AnnualFloor,1,0,0,0
1002,1967,GarageRock,PsychedelicRock,WeightedTransition,2,0,0,0
1002,1967,GarageRock,Soul,WeightedTransition,1,0,0,0
1002,1967,Gospel,AcidRock,WeightedTransition,2,0,0,0
1002,1967,Gospel,Blues,WeightedTransition,1,0,0,0
1002,1967,Gospel,BluesRock,WeightedTransition,1,0,0,0
1002,1967,Gospel,BritishBeat,AnnualFloor,1,0,0,0
1002,1967,Gospel,BritishBeat,WeightedTransition,1,0,0,0
1002,1967,Gospel,BritishBlues,AnnualFloor,1,0,0,0
1002,1967,Gospel,BritishPop,AnnualFloor,1,0,0,0
1002,1967,Gospel,Bubblegum,AnnualFloor,1,0,0,0
1002,1967,Gospel,Childrens,WeightedTransition,1,0,0,0
1002,1967,Gospel,Comedy,WeightedTransition,1,0,0,0
1002,1967,Gospel,Country,WeightedTransition,1,0,0,0
1002,1967,Gospel,FolkRock,AnnualFloor,1,0,0,0
1002,1967,Gospel,Funk,WeightedTransition,1,0,0,0
1002,1967,Gospel,Gospel,AnnualFloor,1,0,0,0
1002,1967,Gospel,Gospel,Retained,108,0,0,0
1002,1967,Gospel,Gospel,WeightedTransition,11,0,0,0
1002,1967,Gospel,Jazz,WeightedTransition,1,0,0,0
1002,1967,Gospel,SingerSongwriter,WeightedTransition,1,0,0,0
1002,1967,Gospel,Soul,WeightedTransition,4,0,0,0
1002,1967,Gospel,SunshinePop,WeightedTransition,1,0,0,0
1002,1967,Gospel,TexMex,WeightedTransition,1,0,0,0
1002,1967,HardRock,HardRock,Retained,5,0,0,0
1002,1967,Jazz,BaroquePop,AnnualFloor,1,0,0,0
1002,1967,Jazz,BaroquePop,WeightedTransition,2,0,0,0
1002,1967,Jazz,BossaNova,AnnualFloor,1,0,0,0
1002,1967,Jazz,BossaNova,WeightedTransition,1,0,0,0
1002,1967,Jazz,BritishBlues,WeightedTransition,1,0,0,0
1002,1967,Jazz,BritishPop,WeightedTransition,2,0,0,0
1002,1967,Jazz,Classical,WeightedTransition,1,0,0,0
1002,1967,Jazz,Comedy,WeightedTransition,1,0,0,0
1002,1967,Jazz,ContemporaryFolk,WeightedTransition,1,0,0,0
1002,1967,Jazz,Country,AnnualFloor,1,0,0,0
1002,1967,Jazz,Country,WeightedTransition,1,0,0,0
1002,1967,Jazz,EasyListening,WeightedTransition,2,0,0,0
1002,1967,Jazz,Funk,WeightedTransition,2,0,0,0
1002,1967,Jazz,HardRock,WeightedTransition,1,0,0,0
1002,1967,Jazz,Jazz,AnnualFloor,2,0,0,0
1002,1967,Jazz,Jazz,Retained,106,0,0,0
1002,1967,Jazz,Jazz,WeightedTransition,5,0,0,0
1002,1967,Jazz,LatinPop,WeightedTransition,1,0,0,0
1002,1967,Jazz,ProtoPunk,AnnualFloor,1,0,0,0
1002,1967,Jazz,RockAndRoll,WeightedTransition,2,0,0,0
1002,1967,Jazz,SingerSongwriter,WeightedTransition,1,0,0,0
1002,1967,Jazz,Ska,WeightedTransition,1,0,0,0
1002,1967,Jazz,Soul,WeightedTransition,6,0,0,0
1002,1967,Jazz,SunshinePop,WeightedTransition,4,0,0,0
1002,1967,Jazz,TexMex,AnnualFloor,1,0,0,0
1002,1967,Jazz,TraditionalPop,WeightedTransition,1,0,0,0
1002,1967,LatinPop,AcidRock,WeightedTransition,1,0,0,0
1002,1967,LatinPop,BaroquePop,WeightedTransition,1,0,0,0
1002,1967,LatinPop,Blues,WeightedTransition,1,0,0,0
1002,1967,LatinPop,Boogaloo,WeightedTransition,1,0,0,0
1002,1967,LatinPop,Country,WeightedTransition,1,0,0,0
1002,1967,LatinPop,LatinPop,AnnualFloor,1,0,0,0
1002,1967,LatinPop,LatinPop,Retained,32,0,0,0
1002,1967,LatinPop,LatinPop,WeightedTransition,1,0,0,0
1002,1967,LatinPop,Soul,WeightedTransition,2,0,0,0
1002,1967,LatinPop,TexMex,WeightedTransition,1,0,0,0
1002,1967,ProtoPunk,Country,WeightedTransition,1,0,0,0
1002,1967,ProtoPunk,ProtoPunk,Retained,7,0,0,0
1002,1967,PsychedelicRock,AcidRock,WeightedTransition,2,0,0,0
1002,1967,PsychedelicRock,BaroquePop,WeightedTransition,1,0,0,0
1002,1967,PsychedelicRock,Classical,AnnualFloor,1,0,0,0
1002,1967,PsychedelicRock,PsychedelicRock,Retained,24,0,0,0
1002,1967,PsychedelicRock,PsychedelicRock,WeightedTransition,2,0,0,0
1002,1967,PsychedelicRock,RockAndRoll,WeightedTransition,1,0,0,0
1002,1967,PsychedelicRock,TraditionalPop,AnnualFloor,1,0,0,0
1002,1967,RnB,AcidRock,WeightedTransition,4,0,0,0
1002,1967,RnB,BaroquePop,WeightedTransition,5,0,0,0
1002,1967,RnB,Blues,WeightedTransition,4,0,0,0
1002,1967,RnB,BluesRock,WeightedTransition,3,0,0,0
1002,1967,RnB,Boogaloo,WeightedTransition,3,0,0,0
1002,1967,RnB,BritishBeat,WeightedTransition,1,0,0,0
1002,1967,RnB,BritishBlues,AnnualFloor,1,0,0,0
1002,1967,RnB,BritishBlues,WeightedTransition,5,0,0,0
1002,1967,RnB,BritishPop,WeightedTransition,5,0,0,0
1002,1967,RnB,Bubblegum,WeightedTransition,3,0,0,0
1002,1967,RnB,Childrens,WeightedTransition,4,0,0,0
1002,1967,RnB,Classical,WeightedTransition,2,0,0,0
1002,1967,RnB,Comedy,WeightedTransition,1,0,0,0
1002,1967,RnB,ContemporaryFolk,WeightedTransition,2,0,0,0
1002,1967,RnB,Country,WeightedTransition,8,0,0,0
1002,1967,RnB,EasyListening,WeightedTransition,4,0,0,0
1002,1967,RnB,FolkRock,AnnualFloor,1,0,0,0
1002,1967,RnB,FolkRock,WeightedTransition,5,0,0,0
1002,1967,RnB,Funk,WeightedTransition,8,0,0,0
1002,1967,RnB,GarageRock,AnnualFloor,1,0,0,0
1002,1967,RnB,GarageRock,WeightedTransition,5,0,0,0
1002,1967,RnB,Gospel,WeightedTransition,7,0,0,0
1002,1967,RnB,HardRock,WeightedTransition,2,0,0,0
1002,1967,RnB,Jazz,WeightedTransition,2,0,0,0
1002,1967,RnB,LatinPop,WeightedTransition,2,0,0,0
1002,1967,RnB,ProtoPunk,WeightedTransition,1,0,0,0
1002,1967,RnB,RnB,Retained,18,0,0,0
1002,1967,RnB,RockAndRoll,WeightedTransition,1,0,0,0
1002,1967,RnB,Rocksteady,WeightedTransition,1,0,0,0
1002,1967,RnB,SingerSongwriter,WeightedTransition,3,0,0,0
1002,1967,RnB,Soul,WeightedTransition,21,0,0,0
1002,1967,RnB,SunshinePop,WeightedTransition,8,0,0,0
1002,1967,RnB,TexMex,WeightedTransition,1,0,0,0
1002,1967,RnB,TraditionalPop,WeightedTransition,7,0,0,0
1002,1967,RockAndRoll,AcidRock,WeightedTransition,3,0,0,0
1002,1967,RockAndRoll,BaroquePop,WeightedTransition,2,0,0,0
1002,1967,RockAndRoll,Blues,WeightedTransition,1,0,0,0
1002,1967,RockAndRoll,BluesRock,WeightedTransition,4,0,0,0
1002,1967,RockAndRoll,Boogaloo,AnnualFloor,1,0,0,0
1002,1967,RockAndRoll,Boogaloo,WeightedTransition,2,0,0,0
1002,1967,RockAndRoll,BritishBlues,WeightedTransition,4,0,0,0
1002,1967,RockAndRoll,BritishPop,WeightedTransition,1,0,0,0
1002,1967,RockAndRoll,Bubblegum,AnnualFloor,1,0,0,0
1002,1967,RockAndRoll,Bubblegum,WeightedTransition,1,0,0,0
1002,1967,RockAndRoll,Childrens,WeightedTransition,1,0,0,0
1002,1967,RockAndRoll,Classical,WeightedTransition,2,0,0,0
1002,1967,RockAndRoll,Comedy,WeightedTransition,1,0,0,0
1002,1967,RockAndRoll,ContemporaryFolk,WeightedTransition,2,0,0,0
1002,1967,RockAndRoll,Country,WeightedTransition,1,0,0,0
1002,1967,RockAndRoll,EasyListening,AnnualFloor,1,0,0,0
1002,1967,RockAndRoll,EasyListening,WeightedTransition,4,0,0,0
1002,1967,RockAndRoll,Funk,WeightedTransition,1,0,0,0
1002,1967,RockAndRoll,GarageRock,WeightedTransition,5,0,0,0
1002,1967,RockAndRoll,Gospel,WeightedTransition,3,0,0,0
1002,1967,RockAndRoll,Jazz,WeightedTransition,2,0,0,0
1002,1967,RockAndRoll,PsychedelicRock,AnnualFloor,1,0,0,0
1002,1967,RockAndRoll,PsychedelicRock,WeightedTransition,3,0,0,0
1002,1967,RockAndRoll,RockAndRoll,AnnualFloor,2,0,0,0
1002,1967,RockAndRoll,RockAndRoll,Retained,192,0,0,0
1002,1967,RockAndRoll,RockAndRoll,WeightedTransition,5,0,0,0
1002,1967,RockAndRoll,SingerSongwriter,WeightedTransition,1,0,0,0
1002,1967,RockAndRoll,Soul,WeightedTransition,2,0,0,0
1002,1967,RockAndRoll,SunshinePop,WeightedTransition,1,0,0,0
1002,1967,RockAndRoll,TexMex,WeightedTransition,1,0,0,0
1002,1967,RockAndRoll,TraditionalPop,WeightedTransition,3,0,0,0
1002,1967,Rocksteady,Country,WeightedTransition,1,0,0,0
1002,1967,Rocksteady,Rocksteady,Retained,9,0,0,0
1002,1967,SingerSongwriter,AcidRock,WeightedTransition,1,0,0,0
1002,1967,SingerSongwriter,BaroquePop,WeightedTransition,1,0,0,0
1002,1967,SingerSongwriter,BritishBlues,WeightedTransition,1,0,0,0
1002,1967,SingerSongwriter,SingerSongwriter,Retained,5,0,0,0
1002,1967,Ska,BritishBeat,WeightedTransition,1,0,0,0
1002,1967,Ska,BritishPop,WeightedTransition,1,0,0,0
1002,1967,Ska,Comedy,WeightedTransition,1,0,0,0
1002,1967,Ska,Country,WeightedTransition,1,0,0,0
1002,1967,Ska,Funk,WeightedTransition,1,0,0,0
1002,1967,Ska,Gospel,WeightedTransition,1,0,0,0
1002,1967,Ska,SingerSongwriter,WeightedTransition,1,0,0,0
1002,1967,Ska,Ska,Retained,3,0,0,0
1002,1967,Ska,Ska,WeightedTransition,1,0,0,0
1002,1967,Ska,Soul,WeightedTransition,1,0,0,0
1002,1967,Ska,TraditionalPop,WeightedTransition,1,0,0,0
1002,1967,Soul,AcidRock,WeightedTransition,3,0,0,0
1002,1967,Soul,BaroquePop,WeightedTransition,4,0,0,0
1002,1967,Soul,Blues,AnnualFloor,2,0,0,0
1002,1967,Soul,Blues,WeightedTransition,2,0,0,0
1002,1967,Soul,BluesRock,AnnualFloor,1,0,0,0
1002,1967,Soul,BluesRock,WeightedTransition,2,0,0,0
1002,1967,Soul,Boogaloo,WeightedTransition,1,0,0,0
1002,1967,Soul,BossaNova,AnnualFloor,1,0,0,0
1002,1967,Soul,BossaNova,WeightedTransition,1,0,0,0
1002,1967,Soul,BritishBeat,AnnualFloor,2,0,0,0
1002,1967,Soul,BritishBlues,WeightedTransition,4,0,0,0
1002,1967,Soul,BritishPop,WeightedTransition,1,0,0,0
1002,1967,Soul,Childrens,AnnualFloor,1,0,0,0
1002,1967,Soul,Childrens,WeightedTransition,3,0,0,0
1002,1967,Soul,Classical,WeightedTransition,1,0,0,0
1002,1967,Soul,Comedy,AnnualFloor,1,0,0,0
1002,1967,Soul,Comedy,WeightedTransition,5,0,0,0
1002,1967,Soul,ContemporaryFolk,AnnualFloor,1,0,0,0
1002,1967,Soul,ContemporaryFolk,WeightedTransition,2,0,0,0
1002,1967,Soul,Country,WeightedTransition,3,0,0,0
1002,1967,Soul,FolkRock,WeightedTransition,2,0,0,0
1002,1967,Soul,Funk,AnnualFloor,2,0,0,0
1002,1967,Soul,Funk,WeightedTransition,5,0,0,0
1002,1967,Soul,GarageRock,WeightedTransition,1,0,0,0
1002,1967,Soul,Gospel,WeightedTransition,8,0,0,0
1002,1967,Soul,HardRock,AnnualFloor,1,0,0,0
1002,1967,Soul,HardRock,WeightedTransition,2,0,0,0
1002,1967,Soul,LatinPop,WeightedTransition,3,0,0,0
1002,1967,Soul,ProtoPunk,AnnualFloor,2,0,0,0
1002,1967,Soul,ProtoPunk,WeightedTransition,1,0,0,0
1002,1967,Soul,RockAndRoll,WeightedTransition,1,0,0,0
1002,1967,Soul,Ska,AnnualFloor,1,0,0,0
1002,1967,Soul,Ska,WeightedTransition,1,0,0,0
1002,1967,Soul,Soul,AnnualFloor,2,0,0,0
1002,1967,Soul,Soul,Retained,331,0,0,0
1002,1967,Soul,Soul,WeightedTransition,44,0,0,0
1002,1967,Soul,SunshinePop,WeightedTransition,3,0,0,0
1002,1967,Soul,TexMex,WeightedTransition,1,0,0,0
1002,1967,Soul,TraditionalPop,WeightedTransition,1,0,0,0
1002,1967,SunshinePop,BluesRock,WeightedTransition,1,0,0,0
1002,1967,SunshinePop,EasyListening,WeightedTransition,1,0,0,0
1002,1967,SunshinePop,FolkRock,WeightedTransition,1,0,0,0
1002,1967,SunshinePop,Gospel,AnnualFloor,1,0,0,0
1002,1967,SunshinePop,SunshinePop,Retained,24,0,0,0
1002,1967,SurfRock,AcidRock,AnnualFloor,1,0,0,0
1002,1967,SurfRock,AcidRock,WeightedTransition,2,0,0,0
1002,1967,SurfRock,BaroquePop,WeightedTransition,4,0,0,0
1002,1967,SurfRock,Blues,WeightedTransition,1,0,0,0
1002,1967,SurfRock,BritishBlues,WeightedTransition,2,0,0,0
1002,1967,SurfRock,BritishPop,WeightedTransition,2,0,0,0
1002,1967,SurfRock,Childrens,WeightedTransition,2,0,0,0
1002,1967,SurfRock,Comedy,WeightedTransition,1,0,0,0
1002,1967,SurfRock,EasyListening,WeightedTransition,1,0,0,0
1002,1967,SurfRock,Funk,AnnualFloor,1,0,0,0
1002,1967,SurfRock,Funk,WeightedTransition,2,0,0,0
1002,1967,SurfRock,GarageRock,AnnualFloor,1,0,0,0
1002,1967,SurfRock,GarageRock,WeightedTransition,2,0,0,0
1002,1967,SurfRock,Gospel,WeightedTransition,1,0,0,0
1002,1967,SurfRock,RockAndRoll,WeightedTransition,1,0,0,0
1002,1967,SurfRock,SingerSongwriter,WeightedTransition,1,0,0,0
1002,1967,SurfRock,Soul,WeightedTransition,2,0,0,0
1002,1967,SurfRock,SunshinePop,WeightedTransition,1,0,0,0
1002,1967,SurfRock,SurfRock,Retained,5,0,0,0
1002,1967,SurfRock,TraditionalPop,WeightedTransition,2,0,0,0
1002,1967,TeenPop,AcidRock,WeightedTransition,3,0,0,0
1002,1967,TeenPop,BaroquePop,AnnualFloor,1,0,0,0
1002,1967,TeenPop,BaroquePop,WeightedTransition,8,0,0,0
1002,1967,TeenPop,Blues,WeightedTransition,1,0,0,0
1002,1967,TeenPop,BluesRock,AnnualFloor,1,0,0,0
1002,1967,TeenPop,BluesRock,WeightedTransition,2,0,0,0
1002,1967,TeenPop,Boogaloo,AnnualFloor,1,0,0,0
1002,1967,TeenPop,Boogaloo,WeightedTransition,1,0,0,0
1002,1967,TeenPop,BossaNova,WeightedTransition,1,0,0,0
1002,1967,TeenPop,BritishBlues,WeightedTransition,3,0,0,0
1002,1967,TeenPop,BritishPop,WeightedTransition,7,0,0,0
1002,1967,TeenPop,Bubblegum,WeightedTransition,4,0,0,0
1002,1967,TeenPop,Childrens,WeightedTransition,2,0,0,0
1002,1967,TeenPop,Comedy,WeightedTransition,2,0,0,0
1002,1967,TeenPop,ContemporaryFolk,WeightedTransition,1,0,0,0
1002,1967,TeenPop,Country,WeightedTransition,3,0,0,0
1002,1967,TeenPop,EasyListening,AnnualFloor,1,0,0,0
1002,1967,TeenPop,EasyListening,WeightedTransition,7,0,0,0
1002,1967,TeenPop,FolkRock,WeightedTransition,1,0,0,0
1002,1967,TeenPop,Funk,WeightedTransition,3,0,0,0
1002,1967,TeenPop,Gospel,WeightedTransition,3,0,0,0
1002,1967,TeenPop,LatinPop,WeightedTransition,1,0,0,0
1002,1967,TeenPop,ProtoPunk,WeightedTransition,1,0,0,0
1002,1967,TeenPop,RockAndRoll,AnnualFloor,1,0,0,0
1002,1967,TeenPop,RockAndRoll,WeightedTransition,2,0,0,0
1002,1967,TeenPop,Rocksteady,WeightedTransition,1,0,0,0
1002,1967,TeenPop,SingerSongwriter,AnnualFloor,1,0,0,0
1002,1967,TeenPop,Ska,WeightedTransition,1,0,0,0
1002,1967,TeenPop,Soul,AnnualFloor,1,0,0,0
1002,1967,TeenPop,Soul,WeightedTransition,9,0,0,0
1002,1967,TeenPop,SunshinePop,AnnualFloor,1,0,0,0
1002,1967,TeenPop,SunshinePop,WeightedTransition,14,0,0,0
1002,1967,TeenPop,TeenPop,Retained,15,0,0,0
1002,1967,TeenPop,TexMex,WeightedTransition,1,0,0,0
1002,1967,TeenPop,TraditionalPop,WeightedTransition,8,0,0,0
1002,1967,TexMex,BritishPop,WeightedTransition,1,0,0,0
1002,1967,TexMex,Country,WeightedTransition,1,0,0,0
1002,1967,TexMex,GarageRock,WeightedTransition,1,0,0,0
1002,1967,TexMex,HardRock,WeightedTransition,1,0,0,0
1002,1967,TexMex,Soul,WeightedTransition,1,0,0,0
1002,1967,TexMex,TexMex,Retained,30,0,0,0
1002,1967,TexMex,TraditionalPop,WeightedTransition,1,0,0,0
1002,1967,TraditionalPop,BaroquePop,WeightedTransition,3,0,0,0
1002,1967,TraditionalPop,BluesRock,AnnualFloor,1,0,0,0
1002,1967,TraditionalPop,BluesRock,WeightedTransition,1,0,0,0
1002,1967,TraditionalPop,Boogaloo,WeightedTransition,1,0,0,0
1002,1967,TraditionalPop,BritishBlues,WeightedTransition,1,0,0,0
1002,1967,TraditionalPop,BritishPop,AnnualFloor,1,0,0,0
1002,1967,TraditionalPop,BritishPop,WeightedTransition,6,0,0,0
1002,1967,TraditionalPop,Bubblegum,AnnualFloor,1,0,0,0
1002,1967,TraditionalPop,Bubblegum,WeightedTransition,3,0,0,0
1002,1967,TraditionalPop,Childrens,WeightedTransition,1,0,0,0
1002,1967,TraditionalPop,ContemporaryFolk,WeightedTransition,2,0,0,0
1002,1967,TraditionalPop,Country,WeightedTransition,6,0,0,0
1002,1967,TraditionalPop,EasyListening,AnnualFloor,1,0,0,0
1002,1967,TraditionalPop,EasyListening,WeightedTransition,4,0,0,0
1002,1967,TraditionalPop,FolkRock,WeightedTransition,2,0,0,0
1002,1967,TraditionalPop,GarageRock,WeightedTransition,3,0,0,0
1002,1967,TraditionalPop,Jazz,WeightedTransition,1,0,0,0
1002,1967,TraditionalPop,LatinPop,AnnualFloor,1,0,0,0
1002,1967,TraditionalPop,LatinPop,WeightedTransition,2,0,0,0
1002,1967,TraditionalPop,Rocksteady,WeightedTransition,2,0,0,0
1002,1967,TraditionalPop,SingerSongwriter,WeightedTransition,1,0,0,0
1002,1967,TraditionalPop,Soul,WeightedTransition,1,0,0,0
1002,1967,TraditionalPop,SunshinePop,AnnualFloor,1,0,0,0
1002,1967,TraditionalPop,SunshinePop,WeightedTransition,4,0,0,0
1002,1967,TraditionalPop,TraditionalPop,AnnualFloor,2,0,0,0
1002,1967,TraditionalPop,TraditionalPop,Retained,193,0,0,0
1002,1967,TraditionalPop,TraditionalPop,WeightedTransition,12,0,0,0
1002,1968,AcidRock,AcidRock,Retained,14,0,0,0
1002,1968,AcidRock,AcidRock,WeightedTransition,2,0,0,0
1002,1968,AcidRock,Boogaloo,WeightedTransition,1,0,0,0
1002,1968,AcidRock,BritishBlues,WeightedTransition,1,0,0,0
1002,1968,AcidRock,BritishPop,WeightedTransition,1,0,0,0
1002,1968,AcidRock,HardRock,WeightedTransition,1,0,0,0
1002,1968,AcidRock,PsychedelicRock,WeightedTransition,1,0,0,0
1002,1968,AcidRock,RockAndRoll,WeightedTransition,1,0,0,0
1002,1968,AcidRock,Soul,WeightedTransition,1,0,0,0
1002,1968,BaroquePop,BaroquePop,Retained,21,0,0,0
1002,1968,BaroquePop,BaroquePop,WeightedTransition,1,0,0,0
1002,1968,BaroquePop,Blues,WeightedTransition,1,0,0,0
1002,1968,BaroquePop,BluesRock,WeightedTransition,1,0,0,0
1002,1968,BaroquePop,Bubblegum,WeightedTransition,1,0,0,0
1002,1968,BaroquePop,ContemporaryFolk,WeightedTransition,1,0,0,0
1002,1968,BaroquePop,EasyListening,WeightedTransition,1,0,0,0
1002,1968,BaroquePop,FolkRock,WeightedTransition,1,0,0,0
1002,1968,Blues,AcidRock,WeightedTransition,2,0,0,0
1002,1968,Blues,Blues,Retained,39,0,0,0
1002,1968,Blues,Blues,WeightedTransition,2,0,0,0
1002,1968,Blues,ContemporaryFolk,WeightedTransition,1,0,0,0
1002,1968,Blues,GarageRock,WeightedTransition,1,0,0,0
1002,1968,Blues,Gospel,AnnualFloor,1,0,0,0
1002,1968,Blues,Gospel,WeightedTransition,1,0,0,0
1002,1968,Blues,HardRock,WeightedTransition,1,0,0,0
1002,1968,Blues,Jazz,WeightedTransition,1,0,0,0
1002,1968,Blues,ProtoPunk,WeightedTransition,1,0,0,0
1002,1968,Blues,Soul,WeightedTransition,1,0,0,0
1002,1968,BluesRock,AcidRock,WeightedTransition,1,0,0,0
1002,1968,BluesRock,BluesRock,Retained,56,0,0,0
1002,1968,BluesRock,FolkRock,WeightedTransition,1,0,0,0
1002,1968,BluesRock,Gospel,WeightedTransition,2,0,0,0
1002,1968,BluesRock,Jazz,AnnualFloor,1,0,0,0
1002,1968,BluesRock,ProgressiveRock,WeightedTransition,1,0,0,0
1002,1968,BluesRock,ProtoPunk,AnnualFloor,1,0,0,0
1002,1968,BluesRock,ProtoPunk,WeightedTransition,2,0,0,0
1002,1968,BluesRock,PsychedelicRock,WeightedTransition,1,0,0,0
1002,1968,BluesRock,RockAndRoll,WeightedTransition,1,0,0,0
1002,1968,BluesRock,SingerSongwriter,WeightedTransition,1,0,0,0
1002,1968,BluesRock,SunshinePop,WeightedTransition,2,0,0,0
1002,1968,Boogaloo,BluesRock,WeightedTransition,1,0,0,0
1002,1968,Boogaloo,Boogaloo,Retained,28,0,0,0
1002,1968,Boogaloo,Childrens,WeightedTransition,1,0,0,0
1002,1968,Boogaloo,GarageRock,WeightedTransition,1,0,0,0
1002,1968,Boogaloo,TexMex,WeightedTransition,1,0,0,0
1002,1968,BossaNova,AcidRock,WeightedTransition,1,0,0,0
1002,1968,BossaNova,BluesRock,WeightedTransition,1,0,0,0
1002,1968,BossaNova,BossaNova,Retained,3,0,0,0
1002,1968,BossaNova,BritishBlues,WeightedTransition,2,0,0,0
1002,1968,BossaNova,Bubblegum,WeightedTransition,2,0,0,0
1002,1968,BossaNova,Country,WeightedTransition,2,0,0,0
1002,1968,BossaNova,FolkRock,WeightedTransition,1,0,0,0
1002,1968,BossaNova,Funk,WeightedTransition,1,0,0,0
1002,1968,BossaNova,Gospel,WeightedTransition,2,0,0,0
1002,1968,BossaNova,HardRock,WeightedTransition,3,0,0,0
1002,1968,BossaNova,Jazz,WeightedTransition,4,0,0,0
1002,1968,BossaNova,LatinPop,WeightedTransition,2,0,0,0
1002,1968,BossaNova,ProgressiveRock,WeightedTransition,1,0,0,0
1002,1968,BossaNova,ProtoMetal,AnnualFloor,1,0,0,0
1002,1968,BossaNova,Reggae,WeightedTransition,1,0,0,0
1002,1968,BossaNova,RockAndRoll,WeightedTransition,2,0,0,0
1002,1968,BossaNova,TexMex,WeightedTransition,1,0,0,0
1002,1968,BossaNova,TraditionalPop,WeightedTransition,1,0,0,0
1002,1968,BritishBeat,AcidRock,WeightedTransition,2,0,0,0
1002,1968,BritishBeat,BluesRock,WeightedTransition,7,0,0,0
1002,1968,BritishBeat,BritishBeat,AnnualFloor,1,0,0,0
1002,1968,BritishBeat,BritishBeat,Retained,12,0,0,0
1002,1968,BritishBeat,BritishBeat,WeightedTransition,8,0,0,0
1002,1968,BritishBeat,BritishBlues,WeightedTransition,1,0,0,0
1002,1968,BritishBeat,BritishPop,WeightedTransition,1,0,0,0
1002,1968,BritishBeat,Country,WeightedTransition,2,0,0,0
1002,1968,BritishBeat,CountryRock,AnnualFloor,1,0,0,0
1002,1968,BritishBeat,EasyListening,WeightedTransition,1,0,0,0
1002,1968,BritishBeat,FolkRock,WeightedTransition,4,0,0,0
1002,1968,BritishBeat,Funk,WeightedTransition,1,0,0,0
1002,1968,BritishBeat,Gospel,WeightedTransition,1,0,0,0
1002,1968,BritishBeat,HardRock,WeightedTransition,3,0,0,0
1002,1968,BritishBeat,LatinPop,WeightedTransition,1,0,0,0
1002,1968,BritishBeat,ProgressiveRock,WeightedTransition,3,0,0,0
1002,1968,BritishBeat,ProtoMetal,WeightedTransition,1,0,0,0
1002,1968,BritishBeat,PsychedelicRock,AnnualFloor,1,0,0,0
1002,1968,BritishBeat,PsychedelicRock,WeightedTransition,3,0,0,0
1002,1968,BritishBeat,RockAndRoll,WeightedTransition,3,0,0,0
1002,1968,BritishBeat,SingerSongwriter,WeightedTransition,3,0,0,0
1002,1968,BritishBeat,Soul,WeightedTransition,1,0,0,0
1002,1968,BritishBeat,TraditionalPop,WeightedTransition,1,0,0,0
1002,1968,BritishBlues,AcidRock,WeightedTransition,3,0,0,0
1002,1968,BritishBlues,BaroquePop,AnnualFloor,1,0,0,0
1002,1968,BritishBlues,BluesRock,WeightedTransition,2,0,0,0
1002,1968,BritishBlues,Boogaloo,WeightedTransition,1,0,0,0
1002,1968,BritishBlues,BritishBlues,Retained,57,0,0,0
1002,1968,BritishBlues,BritishBlues,WeightedTransition,3,0,0,0
1002,1968,BritishBlues,Bubblegum,WeightedTransition,1,0,0,0
1002,1968,BritishBlues,Childrens,AnnualFloor,1,0,0,0
1002,1968,BritishBlues,Childrens,WeightedTransition,1,0,0,0
1002,1968,BritishBlues,ContemporaryFolk,WeightedTransition,2,0,0,0
1002,1968,BritishBlues,Funk,WeightedTransition,1,0,0,0
1002,1968,BritishBlues,GarageRock,AnnualFloor,1,0,0,0
1002,1968,BritishBlues,Gospel,WeightedTransition,1,0,0,0
1002,1968,BritishBlues,LatinPop,WeightedTransition,1,0,0,0
1002,1968,BritishBlues,ProtoMetal,AnnualFloor,1,0,0,0
1002,1968,BritishBlues,ProtoPunk,WeightedTransition,2,0,0,0
1002,1968,BritishBlues,PsychedelicRock,WeightedTransition,2,0,0,0
1002,1968,BritishBlues,Rocksteady,WeightedTransition,1,0,0,0
1002,1968,BritishBlues,Soul,WeightedTransition,2,0,0,0
1002,1968,BritishBlues,SunshinePop,WeightedTransition,1,0,0,0
1002,1968,BritishBlues,TexMex,WeightedTransition,1,0,0,0
1002,1968,BritishPop,AcidRock,WeightedTransition,2,0,0,0
1002,1968,BritishPop,BaroquePop,WeightedTransition,6,0,0,0
1002,1968,BritishPop,Blues,WeightedTransition,2,0,0,0
1002,1968,BritishPop,BluesRock,WeightedTransition,2,0,0,0
1002,1968,BritishPop,Boogaloo,WeightedTransition,1,0,0,0
1002,1968,BritishPop,BritishBlues,WeightedTransition,2,0,0,0
1002,1968,BritishPop,BritishPop,Retained,19,0,0,0
1002,1968,BritishPop,BritishPop,WeightedTransition,3,0,0,0
1002,1968,BritishPop,Bubblegum,WeightedTransition,1,0,0,0
1002,1968,BritishPop,Childrens,AnnualFloor,1,0,0,0
1002,1968,BritishPop,Classical,WeightedTransition,1,0,0,0
1002,1968,BritishPop,Country,WeightedTransition,2,0,0,0
1002,1968,BritishPop,CountryRock,WeightedTransition,3,0,0,0
1002,1968,BritishPop,FolkRock,WeightedTransition,2,0,0,0
1002,1968,BritishPop,Funk,WeightedTransition,1,0,0,0
1002,1968,BritishPop,GarageRock,WeightedTransition,2,0,0,0
1002,1968,BritishPop,Gospel,WeightedTransition,2,0,0,0
1002,1968,BritishPop,HardRock,WeightedTransition,1,0,0,0
1002,1968,BritishPop,Jazz,WeightedTransition,1,0,0,0
1002,1968,BritishPop,SunshinePop,WeightedTransition,1,0,0,0
1002,1968,BritishPop,TraditionalPop,WeightedTransition,5,0,0,0
1002,1968,Bubblegum,Bubblegum,Retained,15,0,0,0
1002,1968,Bubblegum,Comedy,WeightedTransition,1,0,0,0
1002,1968,Bubblegum,Country,WeightedTransition,1,0,0,0
1002,1968,Bubblegum,SunshinePop,WeightedTransition,1,0,0,0
1002,1968,Childrens,AcidRock,WeightedTransition,1,0,0,0
1002,1968,Childrens,Bubblegum,WeightedTransition,1,0,0,0
1002,1968,Childrens,Childrens,Retained,52,0,0,0
1002,1968,Childrens,Childrens,WeightedTransition,2,0,0,0
1002,1968,Childrens,Comedy,WeightedTransition,2,0,0,0
1002,1968,Childrens,ContemporaryFolk,AnnualFloor,1,0,0,0
1002,1968,Childrens,CountryRock,WeightedTransition,1,0,0,0
1002,1968,Childrens,EasyListening,WeightedTransition,1,0,0,0
1002,1968,Childrens,FolkRock,WeightedTransition,1,0,0,0
1002,1968,Childrens,SingerSongwriter,WeightedTransition,3,0,0,0
1002,1968,Childrens,SunshinePop,WeightedTransition,1,0,0,0
1002,1968,Classical,AcidRock,AnnualFloor,1,0,0,0
1002,1968,Classical,BaroquePop,WeightedTransition,1,0,0,0
1002,1968,Classical,BritishBeat,WeightedTransition,1,0,0,0
1002,1968,Classical,BritishBlues,WeightedTransition,1,0,0,0
1002,1968,Classical,Classical,Retained,28,0,0,0
1002,1968,Classical,FolkRock,WeightedTransition,1,0,0,0
1002,1968,Classical,Gospel,WeightedTransition,1,0,0,0
1002,1968,Classical,ProgressiveRock,AnnualFloor,1,0,0,0
1002,1968,Classical,ProgressiveRock,WeightedTransition,1,0,0,0
1002,1968,Classical,SingerSongwriter,AnnualFloor,1,0,0,0
1002,1968,Classical,SingerSongwriter,WeightedTransition,1,0,0,0
1002,1968,Classical,SunshinePop,WeightedTransition,1,0,0,0
1002,1968,Comedy,AcidRock,AnnualFloor,1,0,0,0
1002,1968,Comedy,BluesRock,WeightedTransition,1,0,0,0
1002,1968,Comedy,Bubblegum,WeightedTransition,1,0,0,0
1002,1968,Comedy,Childrens,WeightedTransition,1,0,0,0
1002,1968,Comedy,Classical,WeightedTransition,1,0,0,0
1002,1968,Comedy,Comedy,Retained,41,0,0,0
1002,1968,Comedy,Funk,WeightedTransition,1,0,0,0
1002,1968,Comedy,GarageRock,WeightedTransition,1,0,0,0
1002,1968,Comedy,ProtoPunk,WeightedTransition,1,0,0,0
1002,1968,Comedy,Reggae,WeightedTransition,1,0,0,0
1002,1968,Comedy,Soul,WeightedTransition,1,0,0,0
1002,1968,Comedy,TexMex,WeightedTransition,1,0,0,0
1002,1968,ContemporaryFolk,BritishBeat,WeightedTransition,1,0,0,0
1002,1968,ContemporaryFolk,BritishBlues,WeightedTransition,1,0,0,0
1002,1968,ContemporaryFolk,Bubblegum,AnnualFloor,1,0,0,0
1002,1968,ContemporaryFolk,Childrens,WeightedTransition,1,0,0,0
1002,1968,ContemporaryFolk,ContemporaryFolk,Retained,41,0,0,0
1002,1968,ContemporaryFolk,ContemporaryFolk,WeightedTransition,1,0,0,0
1002,1968,ContemporaryFolk,Country,WeightedTransition,1,0,0,0
1002,1968,ContemporaryFolk,CountryRock,WeightedTransition,1,0,0,0
1002,1968,ContemporaryFolk,EasyListening,WeightedTransition,1,0,0,0
1002,1968,ContemporaryFolk,FolkRock,WeightedTransition,1,0,0,0
1002,1968,ContemporaryFolk,Gospel,WeightedTransition,2,0,0,0
1002,1968,ContemporaryFolk,Jazz,WeightedTransition,1,0,0,0
1002,1968,ContemporaryFolk,SingerSongwriter,AnnualFloor,1,0,0,0
1002,1968,ContemporaryFolk,Soul,WeightedTransition,1,0,0,0
1002,1968,Country,AcidRock,WeightedTransition,1,0,0,0
1002,1968,Country,Blues,AnnualFloor,1,0,0,0
1002,1968,Country,Blues,WeightedTransition,2,0,0,0
1002,1968,Country,BritishBeat,WeightedTransition,1,0,0,0
1002,1968,Country,BritishBlues,WeightedTransition,1,0,0,0
1002,1968,Country,BritishPop,AnnualFloor,1,0,0,0
1002,1968,Country,Classical,AnnualFloor,1,0,0,0
1002,1968,Country,Comedy,WeightedTransition,1,0,0,0
1002,1968,Country,ContemporaryFolk,WeightedTransition,2,0,0,0
1002,1968,Country,Country,AnnualFloor,1,0,0,0
1002,1968,Country,Country,Retained,105,0,0,0
1002,1968,Country,Country,WeightedTransition,11,0,0,0
1002,1968,Country,CountryRock,WeightedTransition,2,0,0,0
1002,1968,Country,EasyListening,WeightedTransition,1,0,0,0
1002,1968,Country,FolkRock,WeightedTransition,1,0,0,0
1002,1968,Country,Gospel,WeightedTransition,1,0,0,0
1002,1968,Country,HardRock,WeightedTransition,1,0,0,0
1002,1968,Country,LatinPop,WeightedTransition,1,0,0,0
1002,1968,Country,Reggae,WeightedTransition,1,0,0,0
1002,1968,Country,RockAndRoll,WeightedTransition,2,0,0,0
1002,1968,Country,Soul,WeightedTransition,4,0,0,0
1002,1968,Country,SunshinePop,WeightedTransition,3,0,0,0
1002,1968,Country,TraditionalPop,WeightedTransition,1,0,0,0
1002,1968,CountryRock,CountryRock,Retained,3,0,0,0
1002,1968,CountryRock,GarageRock,WeightedTransition,1,0,0,0
1002,1968,CountryRock,ProgressiveRock,WeightedTransition,1,0,0,0
1002,1968,DooWop,AcidRock,WeightedTransition,1,0,0,0
1002,1968,DooWop,BaroquePop,WeightedTransition,2,0,0,0
1002,1968,DooWop,BluesRock,WeightedTransition,3,0,0,0
1002,1968,DooWop,BritishBeat,WeightedTransition,2,0,0,0
1002,1968,DooWop,BritishBlues,AnnualFloor,1,0,0,0
1002,1968,DooWop,Bubblegum,WeightedTransition,3,0,0,0
1002,1968,DooWop,Childrens,WeightedTransition,1,0,0,0
1002,1968,DooWop,ContemporaryFolk,WeightedTransition,3,0,0,0
1002,1968,DooWop,Country,WeightedTransition,2,0,0,0
1002,1968,DooWop,CountryRock,AnnualFloor,1,0,0,0
1002,1968,DooWop,CountryRock,WeightedTransition,1,0,0,0
1002,1968,DooWop,DooWop,Retained,11,0,0,0
1002,1968,DooWop,EasyListening,WeightedTransition,1,0,0,0
1002,1968,DooWop,FolkRock,AnnualFloor,1,0,0,0
1002,1968,DooWop,FolkRock,WeightedTransition,3,0,0,0
1002,1968,DooWop,Funk,WeightedTransition,8,0,0,0
1002,1968,DooWop,Gospel,WeightedTransition,1,0,0,0
1002,1968,DooWop,HardRock,WeightedTransition,2,0,0,0
1002,1968,DooWop,Jazz,WeightedTransition,1,0,0,0
1002,1968,DooWop,LatinPop,AnnualFloor,1,0,0,0
1002,1968,DooWop,LatinPop,WeightedTransition,1,0,0,0
1002,1968,DooWop,ProgressiveRock,WeightedTransition,1,0,0,0
1002,1968,DooWop,ProtoPunk,WeightedTransition,1,0,0,0
1002,1968,DooWop,RockAndRoll,WeightedTransition,1,0,0,0
1002,1968,DooWop,Rocksteady,WeightedTransition,1,0,0,0
1002,1968,DooWop,SingerSongwriter,WeightedTransition,2,0,0,0
1002,1968,DooWop,Soul,WeightedTransition,8,0,0,0
1002,1968,DooWop,SunshinePop,WeightedTransition,1,0,0,0
1002,1968,DooWop,TexMex,AnnualFloor,1,0,0,0
1002,1968,DooWop,TexMex,WeightedTransition,2,0,0,0
1002,1968,DooWop,TraditionalPop,AnnualFloor,1,0,0,0
1002,1968,DooWop,TraditionalPop,WeightedTransition,2,0,0,0
1002,1968,EasyListening,BaroquePop,WeightedTransition,2,0,0,0
1002,1968,EasyListening,BluesRock,WeightedTransition,1,0,0,0
1002,1968,EasyListening,BritishBeat,WeightedTransition,1,0,0,0
1002,1968,EasyListening,Country,WeightedTransition,1,0,0,0
1002,1968,EasyListening,EasyListening,Retained,65,0,0,0
1002,1968,EasyListening,EasyListening,WeightedTransition,1,0,0,0
1002,1968,EasyListening,Gospel,WeightedTransition,1,0,0,0
1002,1968,EasyListening,LatinPop,WeightedTransition,1,0,0,0
1002,1968,EasyListening,ProgressiveRock,WeightedTransition,1,0,0,0
1002,1968,EasyListening,ProtoMetal,WeightedTransition,1,0,0,0
1002,1968,EasyListening,Reggae,AnnualFloor,1,0,0,0
1002,1968,EasyListening,Soul,WeightedTransition,2,0,0,0
1002,1968,EasyListening,SunshinePop,WeightedTransition,1,0,0,0
1002,1968,Folk,AcidRock,WeightedTransition,4,0,0,0
1002,1968,Folk,BaroquePop,WeightedTransition,1,0,0,0
1002,1968,Folk,Blues,WeightedTransition,3,0,0,0
1002,1968,Folk,BluesRock,WeightedTransition,5,0,0,0
1002,1968,Folk,Boogaloo,WeightedTransition,2,0,0,0
1002,1968,Folk,BritishBlues,WeightedTransition,2,0,0,0
1002,1968,Folk,Bubblegum,WeightedTransition,1,0,0,0
1002,1968,Folk,Childrens,WeightedTransition,2,0,0,0
1002,1968,Folk,Classical,WeightedTransition,1,0,0,0
1002,1968,Folk,ContemporaryFolk,WeightedTransition,4,0,0,0
1002,1968,Folk,Country,WeightedTransition,9,0,0,0
1002,1968,Folk,CountryRock,WeightedTransition,2,0,0,0
1002,1968,Folk,EasyListening,WeightedTransition,4,0,0,0
1002,1968,Folk,Folk,Retained,8,0,0,0
1002,1968,Folk,FolkRock,WeightedTransition,7,0,0,0
1002,1968,Folk,Funk,WeightedTransition,2,0,0,0
1002,1968,Folk,Gospel,WeightedTransition,2,0,0,0
1002,1968,Folk,HardRock,WeightedTransition,2,0,0,0
1002,1968,Folk,Jazz,WeightedTransition,1,0,0,0
1002,1968,Folk,LatinPop,AnnualFloor,1,0,0,0
1002,1968,Folk,LatinPop,WeightedTransition,1,0,0,0
1002,1968,Folk,ProtoMetal,WeightedTransition,1,0,0,0
1002,1968,Folk,RockAndRoll,WeightedTransition,1,0,0,0
1002,1968,Folk,SingerSongwriter,WeightedTransition,2,0,0,0
1002,1968,Folk,Soul,WeightedTransition,1,0,0,0
1002,1968,Folk,SunshinePop,AnnualFloor,1,0,0,0
1002,1968,Folk,SunshinePop,WeightedTransition,4,0,0,0
1002,1968,Folk,TraditionalPop,WeightedTransition,5,0,0,0
1002,1968,FolkRock,Childrens,WeightedTransition,1,0,0,0
1002,1968,FolkRock,Classical,WeightedTransition,1,0,0,0
1002,1968,FolkRock,FolkRock,Retained,43,0,0,0
1002,1968,FolkRock,FolkRock,WeightedTransition,4,0,0,0
1002,1968,FolkRock,Soul,WeightedTransition,2,0,0,0
1002,1968,Funk,FolkRock,WeightedTransition,1,0,0,0
1002,1968,Funk,Funk,Retained,11,0,0,0
1002,1968,Funk,Funk,WeightedTransition,1,0,0,0
1002,1968,GarageRock,AcidRock,WeightedTransition,1,0,0,0
1002,1968,GarageRock,BaroquePop,WeightedTransition,1,0,0,0
1002,1968,GarageRock,BluesRock,WeightedTransition,7,0,0,0
1002,1968,GarageRock,BritishBeat,WeightedTransition,2,0,0,0
1002,1968,GarageRock,Bubblegum,WeightedTransition,3,0,0,0
1002,1968,GarageRock,Country,WeightedTransition,1,0,0,0
1002,1968,GarageRock,EasyListening,WeightedTransition,1,0,0,0
1002,1968,GarageRock,FolkRock,WeightedTransition,2,0,0,0
1002,1968,GarageRock,GarageRock,Retained,5,0,0,0
1002,1968,GarageRock,GarageRock,WeightedTransition,2,0,0,0
1002,1968,GarageRock,Gospel,WeightedTransition,1,0,0,0
1002,1968,GarageRock,Jazz,WeightedTransition,1,0,0,0
1002,1968,GarageRock,ProtoPunk,WeightedTransition,2,0,0,0
1002,1968,GarageRock,PsychedelicRock,WeightedTransition,2,0,0,0
1002,1968,GarageRock,RockAndRoll,WeightedTransition,3,0,0,0
1002,1968,GarageRock,TraditionalPop,WeightedTransition,1,0,0,0
1002,1968,Gospel,AcidRock,WeightedTransition,1,0,0,0
1002,1968,Gospel,BaroquePop,WeightedTransition,2,0,0,0
1002,1968,Gospel,Boogaloo,WeightedTransition,1,0,0,0
1002,1968,Gospel,BritishBeat,WeightedTransition,1,0,0,0
1002,1968,Gospel,BritishBlues,WeightedTransition,1,0,0,0
1002,1968,Gospel,Bubblegum,WeightedTransition,2,0,0,0
1002,1968,Gospel,Childrens,WeightedTransition,1,0,0,0
1002,1968,Gospel,Classical,AnnualFloor,1,0,0,0
1002,1968,Gospel,Comedy,AnnualFloor,1,0,0,0
1002,1968,Gospel,Comedy,WeightedTransition,1,0,0,0
1002,1968,Gospel,ContemporaryFolk,WeightedTransition,1,0,0,0
1002,1968,Gospel,Country,WeightedTransition,3,0,0,0
1002,1968,Gospel,CountryRock,WeightedTransition,1,0,0,0
1002,1968,Gospel,EasyListening,WeightedTransition,1,0,0,0
1002,1968,Gospel,FolkRock,AnnualFloor,1,0,0,0
1002,1968,Gospel,FolkRock,WeightedTransition,2,0,0,0
1002,1968,Gospel,Funk,WeightedTransition,2,0,0,0
1002,1968,Gospel,Gospel,Retained,108,0,0,0
1002,1968,Gospel,Gospel,WeightedTransition,7,0,0,0
1002,1968,Gospel,HardRock,WeightedTransition,1,0,0,0
1002,1968,Gospel,Jazz,WeightedTransition,2,0,0,0
1002,1968,Gospel,ProtoPunk,WeightedTransition,1,0,0,0
1002,1968,Gospel,RockAndRoll,AnnualFloor,1,0,0,0
1002,1968,Gospel,RockAndRoll,WeightedTransition,2,0,0,0
1002,1968,Gospel,Rocksteady,WeightedTransition,1,0,0,0
1002,1968,Gospel,Soul,AnnualFloor,1,0,0,0
1002,1968,Gospel,Soul,WeightedTransition,5,0,0,0
1002,1968,HardRock,BluesRock,WeightedTransition,1,0,0,0
1002,1968,HardRock,Boogaloo,WeightedTransition,1,0,0,0
1002,1968,HardRock,EasyListening,WeightedTransition,1,0,0,0
1002,1968,HardRock,HardRock,Retained,14,0,0,0
1002,1968,HardRock,ProtoMetal,WeightedTransition,1,0,0,0
1002,1968,HardRock,SunshinePop,WeightedTransition,1,0,0,0
1002,1968,Jazz,AcidRock,AnnualFloor,1,0,0,0
1002,1968,Jazz,AcidRock,WeightedTransition,1,0,0,0
1002,1968,Jazz,BaroquePop,WeightedTransition,2,0,0,0
1002,1968,Jazz,BritishBeat,WeightedTransition,1,0,0,0
1002,1968,Jazz,BritishBlues,WeightedTransition,2,0,0,0
1002,1968,Jazz,BritishPop,WeightedTransition,1,0,0,0
1002,1968,Jazz,Bubblegum,WeightedTransition,1,0,0,0
1002,1968,Jazz,Childrens,WeightedTransition,1,0,0,0
1002,1968,Jazz,ContemporaryFolk,WeightedTransition,2,0,0,0
1002,1968,Jazz,Country,WeightedTransition,2,0,0,0
1002,1968,Jazz,CountryRock,WeightedTransition,1,0,0,0
1002,1968,Jazz,EasyListening,WeightedTransition,1,0,0,0
1002,1968,Jazz,FolkRock,WeightedTransition,1,0,0,0
1002,1968,Jazz,Funk,WeightedTransition,1,0,0,0
1002,1968,Jazz,Gospel,WeightedTransition,2,0,0,0
1002,1968,Jazz,HardRock,WeightedTransition,1,0,0,0
1002,1968,Jazz,Jazz,AnnualFloor,2,0,0,0
1002,1968,Jazz,Jazz,Retained,91,0,0,0
1002,1968,Jazz,Jazz,WeightedTransition,6,0,0,0
1002,1968,Jazz,RockAndRoll,WeightedTransition,1,0,0,0
1002,1968,Jazz,SingerSongwriter,AnnualFloor,1,0,0,0
1002,1968,Jazz,Soul,WeightedTransition,1,0,0,0
1002,1968,Jazz,SunshinePop,AnnualFloor,1,0,0,0
1002,1968,Jazz,SunshinePop,WeightedTransition,2,0,0,0
1002,1968,Jazz,TraditionalPop,WeightedTransition,3,0,0,0
1002,1968,LatinPop,Classical,WeightedTransition,1,0,0,0
1002,1968,LatinPop,Comedy,WeightedTransition,1,0,0,0
1002,1968,LatinPop,Country,WeightedTransition,1,0,0,0
1002,1968,LatinPop,EasyListening,WeightedTransition,2,0,0,0
1002,1968,LatinPop,FolkRock,WeightedTransition,1,0,0,0
1002,1968,LatinPop,Funk,WeightedTransition,1,0,0,0
1002,1968,LatinPop,Jazz,WeightedTransition,1,0,0,0
1002,1968,LatinPop,LatinPop,Retained,31,0,0,0
1002,1968,LatinPop,LatinPop,WeightedTransition,1,0,0,0
1002,1968,LatinPop,Soul,WeightedTransition,1,0,0,0
1002,1968,LatinPop,TexMex,WeightedTransition,2,0,0,0
1002,1968,ProgressiveRock,EasyListening,WeightedTransition,1,0,0,0
1002,1968,ProgressiveRock,ProgressiveRock,Retained,1,0,0,0
1002,1968,ProgressiveRock,ProtoPunk,WeightedTransition,1,0,0,0
1002,1968,ProtoMetal,BluesRock,WeightedTransition,1,0,0,0
1002,1968,ProtoMetal,ProtoMetal,Retained,2,0,0,0
1002,1968,ProtoMetal,ProtoPunk,WeightedTransition,1,0,0,0
1002,1968,ProtoMetal,RockAndRoll,WeightedTransition,1,0,0,0
1002,1968,ProtoMetal,Soul,WeightedTransition,1,0,0,0
1002,1968,ProtoPunk,BluesRock,AnnualFloor,1,0,0,0
1002,1968,ProtoPunk,Bubblegum,WeightedTransition,1,0,0,0
1002,1968,ProtoPunk,LatinPop,WeightedTransition,1,0,0,0
1002,1968,ProtoPunk,ProtoPunk,Retained,7,0,0,0
1002,1968,PsychedelicRock,AcidRock,WeightedTransition,2,0,0,0
1002,1968,PsychedelicRock,BritishBlues,WeightedTransition,1,0,0,0
1002,1968,PsychedelicRock,Childrens,WeightedTransition,1,0,0,0
1002,1968,PsychedelicRock,Comedy,WeightedTransition,1,0,0,0
1002,1968,PsychedelicRock,Country,WeightedTransition,1,0,0,0
1002,1968,PsychedelicRock,GarageRock,WeightedTransition,1,0,0,0
1002,1968,PsychedelicRock,ProtoPunk,WeightedTransition,1,0,0,0
1002,1968,PsychedelicRock,PsychedelicRock,AnnualFloor,1,0,0,0
1002,1968,PsychedelicRock,PsychedelicRock,Retained,27,0,0,0
1002,1968,PsychedelicRock,PsychedelicRock,WeightedTransition,1,0,0,0
1002,1968,PsychedelicRock,Reggae,AnnualFloor,1,0,0,0
1002,1968,PsychedelicRock,RockAndRoll,WeightedTransition,1,0,0,0
1002,1968,Reggae,Reggae,Retained,2,0,0,0
1002,1968,RnB,AcidRock,WeightedTransition,4,0,0,0
1002,1968,RnB,BaroquePop,WeightedTransition,5,0,0,0
1002,1968,RnB,Blues,AnnualFloor,1,0,0,0
1002,1968,RnB,Blues,WeightedTransition,1,0,0,0
1002,1968,RnB,BluesRock,WeightedTransition,4,0,0,0
1002,1968,RnB,BritishBeat,WeightedTransition,2,0,0,0
1002,1968,RnB,Bubblegum,WeightedTransition,1,0,0,0
1002,1968,RnB,Childrens,WeightedTransition,3,0,0,0
1002,1968,RnB,Classical,WeightedTransition,1,0,0,0
1002,1968,RnB,Comedy,WeightedTransition,1,0,0,0
1002,1968,RnB,ContemporaryFolk,WeightedTransition,6,0,0,0
1002,1968,RnB,Country,WeightedTransition,5,0,0,0
1002,1968,RnB,CountryRock,AnnualFloor,1,0,0,0
1002,1968,RnB,CountryRock,WeightedTransition,1,0,0,0
1002,1968,RnB,EasyListening,WeightedTransition,3,0,0,0
1002,1968,RnB,FolkRock,WeightedTransition,3,0,0,0
1002,1968,RnB,Funk,WeightedTransition,13,0,0,0
1002,1968,RnB,GarageRock,WeightedTransition,2,0,0,0
1002,1968,RnB,Gospel,AnnualFloor,1,0,0,0
1002,1968,RnB,Gospel,WeightedTransition,1,0,0,0
1002,1968,RnB,HardRock,WeightedTransition,1,0,0,0
1002,1968,RnB,Jazz,WeightedTransition,4,0,0,0
1002,1968,RnB,LatinPop,WeightedTransition,1,0,0,0
1002,1968,RnB,ProgressiveRock,WeightedTransition,1,0,0,0
1002,1968,RnB,ProtoMetal,AnnualFloor,1,0,0,0
1002,1968,RnB,ProtoMetal,WeightedTransition,1,0,0,0
1002,1968,RnB,Reggae,WeightedTransition,1,0,0,0
1002,1968,RnB,RnB,Retained,8,0,0,0
1002,1968,RnB,RockAndRoll,WeightedTransition,1,0,0,0
1002,1968,RnB,SingerSongwriter,WeightedTransition,2,0,0,0
1002,1968,RnB,Soul,WeightedTransition,10,0,0,0
1002,1968,RnB,SunshinePop,WeightedTransition,1,0,0,0
1002,1968,RnB,TraditionalPop,WeightedTransition,1,0,0,0
1002,1968,RockAndRoll,AcidRock,WeightedTransition,3,0,0,0
1002,1968,RockAndRoll,BluesRock,AnnualFloor,1,0,0,0
1002,1968,RockAndRoll,BluesRock,WeightedTransition,3,0,0,0
1002,1968,RockAndRoll,BritishBeat,AnnualFloor,1,0,0,0
1002,1968,RockAndRoll,BritishBeat,WeightedTransition,2,0,0,0
1002,1968,RockAndRoll,BritishBlues,AnnualFloor,1,0,0,0
1002,1968,RockAndRoll,Bubblegum,WeightedTransition,4,0,0,0
1002,1968,RockAndRoll,ContemporaryFolk,WeightedTransition,1,0,0,0
1002,1968,RockAndRoll,Country,WeightedTransition,1,0,0,0
1002,1968,RockAndRoll,EasyListening,WeightedTransition,1,0,0,0
1002,1968,RockAndRoll,FolkRock,WeightedTransition,1,0,0,0
1002,1968,RockAndRoll,Funk,WeightedTransition,1,0,0,0
1002,1968,RockAndRoll,GarageRock,WeightedTransition,1,0,0,0
1002,1968,RockAndRoll,Gospel,WeightedTransition,3,0,0,0
1002,1968,RockAndRoll,HardRock,WeightedTransition,3,0,0,0
1002,1968,RockAndRoll,ProtoPunk,WeightedTransition,1,0,0,0
1002,1968,RockAndRoll,PsychedelicRock,AnnualFloor,1,0,0,0
1002,1968,RockAndRoll,PsychedelicRock,WeightedTransition,6,0,0,0
1002,1968,RockAndRoll,Reggae,AnnualFloor,1,0,0,0
1002,1968,RockAndRoll,RockAndRoll,AnnualFloor,1,0,0,0
1002,1968,RockAndRoll,RockAndRoll,Retained,172,0,0,0
1002,1968,RockAndRoll,RockAndRoll,WeightedTransition,5,0,0,0
1002,1968,RockAndRoll,Rocksteady,AnnualFloor,1,0,0,0
1002,1968,RockAndRoll,Soul,WeightedTransition,4,0,0,0
1002,1968,RockAndRoll,SunshinePop,WeightedTransition,5,0,0,0
1002,1968,RockAndRoll,TraditionalPop,WeightedTransition,1,0,0,0
1002,1968,Rocksteady,AcidRock,WeightedTransition,1,0,0,0
1002,1968,Rocksteady,BaroquePop,WeightedTransition,1,0,0,0
1002,1968,Rocksteady,BluesRock,WeightedTransition,1,0,0,0
1002,1968,Rocksteady,LatinPop,WeightedTransition,1,0,0,0
1002,1968,Rocksteady,ProtoPunk,WeightedTransition,1,0,0,0
1002,1968,Rocksteady,Reggae,WeightedTransition,1,0,0,0
1002,1968,Rocksteady,Rocksteady,Retained,1,0,0,0
1002,1968,Rocksteady,Soul,WeightedTransition,2,0,0,0
1002,1968,SingerSongwriter,Blues,WeightedTransition,1,0,0,0
1002,1968,SingerSongwriter,BluesRock,WeightedTransition,1,0,0,0
1002,1968,SingerSongwriter,BritishBeat,WeightedTransition,1,0,0,0
1002,1968,SingerSongwriter,ContemporaryFolk,WeightedTransition,1,0,0,0
1002,1968,SingerSongwriter,FolkRock,WeightedTransition,1,0,0,0
1002,1968,SingerSongwriter,GarageRock,WeightedTransition,1,0,0,0
1002,1968,SingerSongwriter,HardRock,AnnualFloor,1,0,0,0
1002,1968,SingerSongwriter,SingerSongwriter,Retained,22,0,0,0
1002,1968,SingerSongwriter,SingerSongwriter,WeightedTransition,2,0,0,0
1002,1968,SingerSongwriter,Soul,WeightedTransition,1,0,0,0
1002,1968,Ska,AcidRock,WeightedTransition,1,0,0,0
1002,1968,Ska,BaroquePop,WeightedTransition,1,0,0,0
1002,1968,Ska,Blues,WeightedTransition,1,0,0,0
1002,1968,Ska,Boogaloo,WeightedTransition,1,0,0,0
1002,1968,Ska,ContemporaryFolk,WeightedTransition,1,0,0,0
1002,1968,Ska,EasyListening,WeightedTransition,1,0,0,0
1002,1968,Ska,ProtoMetal,WeightedTransition,1,0,0,0
1002,1968,Ska,Ska,Retained,3,0,0,0
1002,1968,Ska,Soul,WeightedTransition,1,0,0,0
1002,1968,Soul,AcidRock,WeightedTransition,2,0,0,0
1002,1968,Soul,BaroquePop,AnnualFloor,1,0,0,0
1002,1968,Soul,Blues,AnnualFloor,1,0,0,0
1002,1968,Soul,Blues,WeightedTransition,2,0,0,0
1002,1968,Soul,BluesRock,AnnualFloor,1,0,0,0
1002,1968,Soul,BluesRock,WeightedTransition,3,0,0,0
1002,1968,Soul,Boogaloo,AnnualFloor,2,0,0,0
1002,1968,Soul,Boogaloo,WeightedTransition,2,0,0,0
1002,1968,Soul,BritishBeat,AnnualFloor,1,0,0,0
1002,1968,Soul,BritishBeat,WeightedTransition,2,0,0,0
1002,1968,Soul,BritishPop,WeightedTransition,3,0,0,0
1002,1968,Soul,Bubblegum,WeightedTransition,4,0,0,0
1002,1968,Soul,Classical,WeightedTransition,3,0,0,0
1002,1968,Soul,Comedy,AnnualFloor,2,0,0,0
1002,1968,Soul,ContemporaryFolk,AnnualFloor,2,0,0,0
1002,1968,Soul,Country,WeightedTransition,3,0,0,0
1002,1968,Soul,EasyListening,AnnualFloor,1,0,0,0
1002,1968,Soul,EasyListening,WeightedTransition,1,0,0,0
1002,1968,Soul,FolkRock,WeightedTransition,1,0,0,0
1002,1968,Soul,Funk,AnnualFloor,3,0,0,0
1002,1968,Soul,Funk,WeightedTransition,7,0,0,0
1002,1968,Soul,GarageRock,AnnualFloor,1,0,0,0
1002,1968,Soul,GarageRock,WeightedTransition,1,0,0,0
1002,1968,Soul,Gospel,WeightedTransition,3,0,0,0
1002,1968,Soul,HardRock,AnnualFloor,1,0,0,0
1002,1968,Soul,HardRock,WeightedTransition,1,0,0,0
1002,1968,Soul,Jazz,WeightedTransition,1,0,0,0
1002,1968,Soul,LatinPop,AnnualFloor,1,0,0,0
1002,1968,Soul,LatinPop,WeightedTransition,2,0,0,0
1002,1968,Soul,ProgressiveRock,AnnualFloor,2,0,0,0
1002,1968,Soul,ProgressiveRock,WeightedTransition,1,0,0,0
1002,1968,Soul,ProtoMetal,WeightedTransition,1,0,0,0
1002,1968,Soul,ProtoPunk,AnnualFloor,1,0,0,0
1002,1968,Soul,ProtoPunk,WeightedTransition,5,0,0,0
1002,1968,Soul,Reggae,WeightedTransition,1,0,0,0
1002,1968,Soul,RockAndRoll,AnnualFloor,1,0,0,0
1002,1968,Soul,RockAndRoll,WeightedTransition,5,0,0,0
1002,1968,Soul,Rocksteady,AnnualFloor,1,0,0,0
1002,1968,Soul,Soul,Retained,347,0,0,0
1002,1968,Soul,Soul,WeightedTransition,38,0,0,0
1002,1968,Soul,SunshinePop,WeightedTransition,3,0,0,0
1002,1968,Soul,TexMex,AnnualFloor,1,0,0,0
1002,1968,Soul,TexMex,WeightedTransition,1,0,0,0
1002,1968,Soul,TraditionalPop,WeightedTransition,2,0,0,0
1002,1968,SunshinePop,BritishBlues,AnnualFloor,1,0,0,0
1002,1968,SunshinePop,Bubblegum,WeightedTransition,2,0,0,0
1002,1968,SunshinePop,Classical,AnnualFloor,1,0,0,0
1002,1968,SunshinePop,CountryRock,WeightedTransition,1,0,0,0
1002,1968,SunshinePop,Funk,WeightedTransition,2,0,0,0
1002,1968,SunshinePop,Gospel,WeightedTransition,1,0,0,0
1002,1968,SunshinePop,Reggae,WeightedTransition,1,0,0,0
1002,1968,SunshinePop,Soul,WeightedTransition,3,0,0,0
1002,1968,SunshinePop,SunshinePop,Retained,28,0,0,0
1002,1968,SunshinePop,SunshinePop,WeightedTransition,1,0,0,0
1002,1968,SurfRock,BaroquePop,WeightedTransition,1,0,0,0
1002,1968,SurfRock,Blues,WeightedTransition,2,0,0,0
1002,1968,SurfRock,BluesRock,WeightedTransition,2,0,0,0
1002,1968,SurfRock,BritishBeat,WeightedTransition,1,0,0,0
1002,1968,SurfRock,BritishBlues,WeightedTransition,1,0,0,0
1002,1968,SurfRock,Bubblegum,WeightedTransition,1,0,0,0
1002,1968,SurfRock,Childrens,WeightedTransition,1,0,0,0
1002,1968,SurfRock,Comedy,WeightedTransition,1,0,0,0
1002,1968,SurfRock,EasyListening,WeightedTransition,1,0,0,0
1002,1968,SurfRock,ProgressiveRock,WeightedTransition,1,0,0,0
1002,1968,SurfRock,ProtoPunk,WeightedTransition,1,0,0,0
1002,1968,SurfRock,PsychedelicRock,WeightedTransition,2,0,0,0
1002,1968,SurfRock,RockAndRoll,WeightedTransition,1,0,0,0
1002,1968,SurfRock,Soul,WeightedTransition,1,0,0,0
1002,1968,SurfRock,SurfRock,Retained,4,0,0,0
1002,1968,SurfRock,TexMex,WeightedTransition,1,0,0,0
1002,1968,TeenPop,AcidRock,WeightedTransition,3,0,0,0
1002,1968,TeenPop,BaroquePop,WeightedTransition,6,0,0,0
1002,1968,TeenPop,Blues,WeightedTransition,1,0,0,0
1002,1968,TeenPop,BluesRock,WeightedTransition,1,0,0,0
1002,1968,TeenPop,BritishBeat,WeightedTransition,2,0,0,0
1002,1968,TeenPop,BritishBlues,WeightedTransition,1,0,0,0
1002,1968,TeenPop,BritishPop,AnnualFloor,1,0,0,0
1002,1968,TeenPop,BritishPop,WeightedTransition,2,0,0,0
1002,1968,TeenPop,Bubblegum,AnnualFloor,1,0,0,0
1002,1968,TeenPop,Bubblegum,WeightedTransition,7,0,0,0
1002,1968,TeenPop,Childrens,WeightedTransition,1,0,0,0
1002,1968,TeenPop,Classical,WeightedTransition,1,0,0,0
1002,1968,TeenPop,Comedy,WeightedTransition,1,0,0,0
1002,1968,TeenPop,ContemporaryFolk,WeightedTransition,2,0,0,0
1002,1968,TeenPop,Country,WeightedTransition,3,0,0,0
1002,1968,TeenPop,EasyListening,AnnualFloor,1,0,0,0
1002,1968,TeenPop,EasyListening,WeightedTransition,2,0,0,0
1002,1968,TeenPop,Funk,WeightedTransition,2,0,0,0
1002,1968,TeenPop,Gospel,WeightedTransition,3,0,0,0
1002,1968,TeenPop,HardRock,AnnualFloor,1,0,0,0
1002,1968,TeenPop,HardRock,WeightedTransition,1,0,0,0
1002,1968,TeenPop,ProgressiveRock,WeightedTransition,2,0,0,0
1002,1968,TeenPop,ProtoPunk,AnnualFloor,1,0,0,0
1002,1968,TeenPop,ProtoPunk,WeightedTransition,2,0,0,0
1002,1968,TeenPop,RockAndRoll,WeightedTransition,2,0,0,0
1002,1968,TeenPop,SingerSongwriter,WeightedTransition,1,0,0,0
1002,1968,TeenPop,Soul,AnnualFloor,1,0,0,0
1002,1968,TeenPop,Soul,WeightedTransition,4,0,0,0
1002,1968,TeenPop,SunshinePop,WeightedTransition,8,0,0,0
1002,1968,TeenPop,TeenPop,Retained,8,0,0,0
1002,1968,TeenPop,TexMex,AnnualFloor,1,0,0,0
1002,1968,TeenPop,TraditionalPop,WeightedTransition,2,0,0,0
1002,1968,TexMex,BaroquePop,WeightedTransition,1,0,0,0
1002,1968,TexMex,Funk,WeightedTransition,1,0,0,0
1002,1968,TexMex,GarageRock,AnnualFloor,1,0,0,0
1002,1968,TexMex,Jazz,WeightedTransition,1,0,0,0
1002,1968,TexMex,LatinPop,WeightedTransition,2,0,0,0
1002,1968,TexMex,Reggae,WeightedTransition,2,0,0,0
1002,1968,TexMex,Soul,AnnualFloor,1,0,0,0
1002,1968,TexMex,SunshinePop,AnnualFloor,1,0,0,0
1002,1968,TexMex,TexMex,Retained,25,0,0,0
1002,1968,TexMex,TexMex,WeightedTransition,2,0,0,0
1002,1968,TraditionalPop,AcidRock,WeightedTransition,1,0,0,0
1002,1968,TraditionalPop,BaroquePop,AnnualFloor,1,0,0,0
1002,1968,TraditionalPop,BaroquePop,WeightedTransition,1,0,0,0
1002,1968,TraditionalPop,Boogaloo,AnnualFloor,1,0,0,0
1002,1968,TraditionalPop,BritishPop,AnnualFloor,1,0,0,0
1002,1968,TraditionalPop,Bubblegum,AnnualFloor,1,0,0,0
1002,1968,TraditionalPop,Bubblegum,WeightedTransition,2,0,0,0
1002,1968,TraditionalPop,Childrens,AnnualFloor,1,0,0,0
1002,1968,TraditionalPop,Childrens,WeightedTransition,2,0,0,0
1002,1968,TraditionalPop,Classical,WeightedTransition,1,0,0,0
1002,1968,TraditionalPop,Country,AnnualFloor,2,0,0,0
1002,1968,TraditionalPop,EasyListening,AnnualFloor,1,0,0,0
1002,1968,TraditionalPop,EasyListening,WeightedTransition,4,0,0,0
1002,1968,TraditionalPop,FolkRock,AnnualFloor,1,0,0,0
1002,1968,TraditionalPop,Funk,WeightedTransition,2,0,0,0
1002,1968,TraditionalPop,GarageRock,WeightedTransition,1,0,0,0
1002,1968,TraditionalPop,Gospel,AnnualFloor,1,0,0,0
1002,1968,TraditionalPop,Gospel,WeightedTransition,1,0,0,0
1002,1968,TraditionalPop,HardRock,WeightedTransition,2,0,0,0
1002,1968,TraditionalPop,Jazz,WeightedTransition,2,0,0,0
1002,1968,TraditionalPop,LatinPop,WeightedTransition,1,0,0,0
1002,1968,TraditionalPop,ProtoPunk,WeightedTransition,1,0,0,0
1002,1968,TraditionalPop,Reggae,WeightedTransition,1,0,0,0
1002,1968,TraditionalPop,Rocksteady,AnnualFloor,1,0,0,0
1002,1968,TraditionalPop,Soul,WeightedTransition,1,0,0,0
1002,1968,TraditionalPop,SunshinePop,WeightedTransition,6,0,0,0
1002,1968,TraditionalPop,TexMex,WeightedTransition,1,0,0,0
1002,1968,TraditionalPop,TraditionalPop,AnnualFloor,2,0,0,0
1002,1968,TraditionalPop,TraditionalPop,Retained,174,0,0,0
1002,1968,TraditionalPop,TraditionalPop,WeightedTransition,13,0,0,0
1002,1969,AcidRock,AcidRock,Retained,26,0,0,0
1002,1969,AcidRock,AcidRock,WeightedTransition,2,0,0,0
1002,1969,AcidRock,BritishBeat,WeightedTransition,1,0,0,0
1002,1969,AcidRock,ContemporaryFolk,AnnualFloor,1,0,0,0
1002,1969,AcidRock,CountryRock,WeightedTransition,1,0,0,0
1002,1969,AcidRock,Jazz,WeightedTransition,1,0,0,0
1002,1969,AcidRock,ProtoMetal,WeightedTransition,1,0,0,0
1002,1969,AcidRock,PsychedelicRock,WeightedTransition,1,0,0,0
1002,1969,AcidRock,RockAndRoll,WeightedTransition,1,0,0,0
1002,1969,BaroquePop,BaroquePop,Retained,18,0,0,0
1002,1969,BaroquePop,BaroquePop,WeightedTransition,1,0,0,0
1002,1969,BaroquePop,Blues,WeightedTransition,1,0,0,0
1002,1969,BaroquePop,Bubblegum,WeightedTransition,1,0,0,0
1002,1969,BaroquePop,Childrens,WeightedTransition,1,0,0,0
1002,1969,BaroquePop,Comedy,WeightedTransition,1,0,0,0
1002,1969,BaroquePop,Country,WeightedTransition,1,0,0,0
1002,1969,BaroquePop,CountryRock,AnnualFloor,1,0,0,0
1002,1969,BaroquePop,EasyListening,WeightedTransition,1,0,0,0
1002,1969,BaroquePop,Funk,WeightedTransition,2,0,0,0
1002,1969,BaroquePop,ProgressiveRock,WeightedTransition,1,0,0,0
1002,1969,Blues,Blues,Retained,37,0,0,0
1002,1969,Blues,Blues,WeightedTransition,4,0,0,0
1002,1969,Blues,Boogaloo,WeightedTransition,1,0,0,0
1002,1969,Blues,Childrens,WeightedTransition,1,0,0,0
1002,1969,Blues,CountryRock,WeightedTransition,1,0,0,0
1002,1969,Blues,FolkRock,WeightedTransition,1,0,0,0
1002,1969,Blues,LatinPop,WeightedTransition,2,0,0,0
1002,1969,Blues,ProgressiveRock,WeightedTransition,1,0,0,0
1002,1969,Blues,ProtoPunk,WeightedTransition,1,0,0,0
1002,1969,Blues,SunshinePop,WeightedTransition,1,0,0,0
1002,1969,Blues,TraditionalPop,WeightedTransition,1,0,0,0
1002,1969,BluesRock,AcidRock,WeightedTransition,1,0,0,0
1002,1969,BluesRock,BaroquePop,WeightedTransition,1,0,0,0
1002,1969,BluesRock,BluesRock,Retained,47,0,0,0
1002,1969,BluesRock,BluesRock,WeightedTransition,2,0,0,0
1002,1969,BluesRock,BritishBeat,WeightedTransition,1,0,0,0
1002,1969,BluesRock,Classical,AnnualFloor,1,0,0,0
1002,1969,BluesRock,ContemporaryFolk,WeightedTransition,1,0,0,0
1002,1969,BluesRock,HardRock,WeightedTransition,1,0,0,0
1002,1969,BluesRock,Jazz,AnnualFloor,1,0,0,0
1002,1969,BluesRock,LatinPop,WeightedTransition,1,0,0,0
1002,1969,BluesRock,ProtoMetal,WeightedTransition,3,0,0,0
1002,1969,BluesRock,ProtoPunk,WeightedTransition,1,0,0,0
1002,1969,BluesRock,PsychedelicRock,WeightedTransition,2,0,0,0
1002,1969,Boogaloo,BluesRock,WeightedTransition,2,0,0,0
1002,1969,Boogaloo,Boogaloo,Retained,12,0,0,0
1002,1969,Boogaloo,BritishPop,WeightedTransition,1,0,0,0
1002,1969,Boogaloo,Bubblegum,WeightedTransition,1,0,0,0
1002,1969,Boogaloo,ContemporaryFolk,WeightedTransition,1,0,0,0
1002,1969,Boogaloo,Country,WeightedTransition,2,0,0,0
1002,1969,Boogaloo,CountryRock,WeightedTransition,1,0,0,0
1002,1969,Boogaloo,EasyListening,WeightedTransition,1,0,0,0
1002,1969,Boogaloo,Funk,WeightedTransition,1,0,0,0
1002,1969,Boogaloo,Gospel,WeightedTransition,2,0,0,0
1002,1969,Boogaloo,HardRock,WeightedTransition,1,0,0,0
1002,1969,Boogaloo,Jazz,WeightedTransition,1,0,0,0
1002,1969,Boogaloo,LatinPop,WeightedTransition,1,0,0,0
1002,1969,Boogaloo,ProgressiveRock,WeightedTransition,1,0,0,0
1002,1969,Boogaloo,ProtoPunk,WeightedTransition,2,0,0,0
1002,1969,Boogaloo,Reggae,WeightedTransition,1,0,0,0
1002,1969,Boogaloo,SingerSongwriter,WeightedTransition,1,0,0,0
1002,1969,Boogaloo,Soul,WeightedTransition,5,0,0,0
1002,1969,Boogaloo,TraditionalPop,WeightedTransition,3,0,0,0
1002,1969,BossaNova,Boogaloo,WeightedTransition,1,0,0,0
1002,1969,BossaNova,BossaNova,Retained,2,0,0,0
1002,1969,BossaNova,Country,WeightedTransition,1,0,0,0
1002,1969,BossaNova,EasyListening,WeightedTransition,1,0,0,0
1002,1969,BossaNova,FolkRock,WeightedTransition,1,0,0,0
1002,1969,BossaNova,Funk,WeightedTransition,1,0,0,0
1002,1969,BossaNova,Jazz,WeightedTransition,1,0,0,0
1002,1969,BossaNova,ProgressiveRock,WeightedTransition,1,0,0,0
1002,1969,BossaNova,ProtoPunk,AnnualFloor,1,0,0,0
1002,1969,BossaNova,Soul,WeightedTransition,3,0,0,0
1002,1969,BritishBeat,AcidRock,WeightedTransition,6,0,0,0
1002,1969,BritishBeat,BluesRock,WeightedTransition,5,0,0,0
1002,1969,BritishBeat,BritishBeat,AnnualFloor,1,0,0,0
1002,1969,BritishBeat,BritishBeat,Retained,5,0,0,0
1002,1969,BritishBeat,BritishBeat,WeightedTransition,8,0,0,0
1002,1969,BritishBeat,BritishBlues,WeightedTransition,4,0,0,0
1002,1969,BritishBeat,Country,WeightedTransition,5,0,0,0
1002,1969,BritishBeat,Funk,WeightedTransition,3,0,0,0
1002,1969,BritishBeat,Gospel,WeightedTransition,2,0,0,0
1002,1969,BritishBeat,HardRock,WeightedTransition,4,0,0,0
1002,1969,BritishBeat,Jazz,WeightedTransition,1,0,0,0
1002,1969,BritishBeat,LatinPop,WeightedTransition,1,0,0,0
1002,1969,BritishBeat,ProgressiveRock,WeightedTransition,5,0,0,0
1002,1969,BritishBeat,ProtoMetal,WeightedTransition,4,0,0,0
1002,1969,BritishBeat,ProtoPunk,AnnualFloor,1,0,0,0
1002,1969,BritishBeat,ProtoPunk,WeightedTransition,1,0,0,0
1002,1969,BritishBeat,PsychedelicRock,WeightedTransition,3,0,0,0
1002,1969,BritishBeat,Reggae,WeightedTransition,1,0,0,0
1002,1969,BritishBeat,RockAndRoll,WeightedTransition,2,0,0,0
1002,1969,BritishBeat,SingerSongwriter,WeightedTransition,1,0,0,0
1002,1969,BritishBeat,Soul,WeightedTransition,1,0,0,0
1002,1969,BritishBeat,SunshinePop,WeightedTransition,2,0,0,0
1002,1969,BritishBeat,TraditionalPop,WeightedTransition,2,0,0,0
1002,1969,BritishBlues,AcidRock,WeightedTransition,1,0,0,0
1002,1969,BritishBlues,Blues,AnnualFloor,1,0,0,0
1002,1969,BritishBlues,BluesRock,AnnualFloor,1,0,0,0
1002,1969,BritishBlues,BluesRock,WeightedTransition,1,0,0,0
1002,1969,BritishBlues,BritishBlues,Retained,66,0,0,0
1002,1969,BritishBlues,BritishBlues,WeightedTransition,3,0,0,0
1002,1969,BritishBlues,BritishPop,WeightedTransition,2,0,0,0
1002,1969,BritishBlues,Bubblegum,WeightedTransition,2,0,0,0
1002,1969,BritishBlues,Childrens,AnnualFloor,1,0,0,0
1002,1969,BritishBlues,Classical,WeightedTransition,1,0,0,0
1002,1969,BritishBlues,ContemporaryFolk,WeightedTransition,1,0,0,0
1002,1969,BritishBlues,Country,AnnualFloor,1,0,0,0
1002,1969,BritishBlues,FolkRock,WeightedTransition,1,0,0,0
1002,1969,BritishBlues,Funk,WeightedTransition,1,0,0,0
1002,1969,BritishBlues,Gospel,WeightedTransition,1,0,0,0
1002,1969,BritishBlues,HardRock,WeightedTransition,2,0,0,0
1002,1969,BritishBlues,Jazz,WeightedTransition,1,0,0,0
1002,1969,BritishBlues,PsychedelicRock,WeightedTransition,2,0,0,0
1002,1969,BritishBlues,RockAndRoll,WeightedTransition,1,0,0,0
1002,1969,BritishBlues,SingerSongwriter,WeightedTransition,1,0,0,0
1002,1969,BritishBlues,SunshinePop,WeightedTransition,1,0,0,0
1002,1969,BritishPop,AcidRock,WeightedTransition,3,0,0,0
1002,1969,BritishPop,BaroquePop,WeightedTransition,3,0,0,0
1002,1969,BritishPop,Blues,WeightedTransition,1,0,0,0
1002,1969,BritishPop,Boogaloo,AnnualFloor,1,0,0,0
1002,1969,BritishPop,BritishBeat,WeightedTransition,1,0,0,0
1002,1969,BritishPop,BritishPop,AnnualFloor,1,0,0,0
1002,1969,BritishPop,BritishPop,Retained,4,0,0,0
1002,1969,BritishPop,BritishPop,WeightedTransition,4,0,0,0
1002,1969,BritishPop,Bubblegum,WeightedTransition,4,0,0,0
1002,1969,BritishPop,Childrens,AnnualFloor,1,0,0,0
1002,1969,BritishPop,Classical,AnnualFloor,1,0,0,0
1002,1969,BritishPop,Comedy,WeightedTransition,1,0,0,0
1002,1969,BritishPop,Country,WeightedTransition,4,0,0,0
1002,1969,BritishPop,EasyListening,AnnualFloor,1,0,0,0
1002,1969,BritishPop,EasyListening,WeightedTransition,8,0,0,0
1002,1969,BritishPop,FolkRock,WeightedTransition,2,0,0,0
1002,1969,BritishPop,Funk,WeightedTransition,3,0,0,0
1002,1969,BritishPop,Gospel,WeightedTransition,1,0,0,0
1002,1969,BritishPop,HardRock,WeightedTransition,1,0,0,0
1002,1969,BritishPop,Jazz,WeightedTransition,1,0,0,0
1002,1969,BritishPop,ProtoMetal,WeightedTransition,1,0,0,0
1002,1969,BritishPop,Reggae,WeightedTransition,1,0,0,0
1002,1969,BritishPop,RockAndRoll,WeightedTransition,3,0,0,0
1002,1969,BritishPop,SingerSongwriter,WeightedTransition,1,0,0,0
1002,1969,BritishPop,SunshinePop,WeightedTransition,3,0,0,0
1002,1969,BritishPop,TraditionalPop,WeightedTransition,2,0,0,0
1002,1969,Bubblegum,BritishBeat,AnnualFloor,1,0,0,0
1002,1969,Bubblegum,Bubblegum,Retained,30,0,0,0
1002,1969,Bubblegum,Bubblegum,WeightedTransition,2,0,0,0
1002,1969,Bubblegum,CountryRock,AnnualFloor,1,0,0,0
1002,1969,Bubblegum,EasyListening,WeightedTransition,1,0,0,0
1002,1969,Bubblegum,Funk,WeightedTransition,1,0,0,0
1002,1969,Bubblegum,Soul,WeightedTransition,2,0,0,0
1002,1969,Bubblegum,TraditionalPop,WeightedTransition,1,0,0,0
1002,1969,Childrens,Blues,WeightedTransition,1,0,0,0
1002,1969,Childrens,BluesRock,WeightedTransition,2,0,0,0
1002,1969,Childrens,BritishBlues,WeightedTransition,1,0,0,0
1002,1969,Childrens,Childrens,AnnualFloor,1,0,0,0
1002,1969,Childrens,Childrens,Retained,50,0,0,0
1002,1969,Childrens,Childrens,WeightedTransition,3,0,0,0
1002,1969,Childrens,Comedy,WeightedTransition,2,0,0,0
1002,1969,Childrens,Funk,WeightedTransition,1,0,0,0
1002,1969,Childrens,Gospel,WeightedTransition,2,0,0,0
1002,1969,Childrens,HardRock,WeightedTransition,1,0,0,0
1002,1969,Childrens,Jazz,WeightedTransition,3,0,0,0
1002,1969,Childrens,ProgressiveRock,WeightedTransition,1,0,0,0
1002,1969,Childrens,Soul,WeightedTransition,1,0,0,0
1002,1969,Childrens,TexMex,WeightedTransition,2,0,0,0
1002,1969,Childrens,TraditionalPop,AnnualFloor,1,0,0,0
1002,1969,Classical,Blues,WeightedTransition,1,0,0,0
1002,1969,Classical,Classical,Retained,28,0,0,0
1002,1969,Classical,Classical,WeightedTransition,1,0,0,0
1002,1969,Classical,FolkRock,WeightedTransition,1,0,0,0
1002,1969,Classical,Gospel,WeightedTransition,1,0,0,0
1002,1969,Classical,HardRock,AnnualFloor,2,0,0,0
1002,1969,Classical,HardRock,WeightedTransition,2,0,0,0
1002,1969,Classical,SingerSongwriter,WeightedTransition,1,0,0,0
1002,1969,Comedy,Blues,AnnualFloor,1,0,0,0
1002,1969,Comedy,Blues,WeightedTransition,1,0,0,0
1002,1969,Comedy,BluesRock,AnnualFloor,1,0,0,0
1002,1969,Comedy,BritishBeat,WeightedTransition,1,0,0,0
1002,1969,Comedy,Comedy,Retained,53,0,0,0
1002,1969,Comedy,Comedy,WeightedTransition,3,0,0,0
1002,1969,Comedy,Country,WeightedTransition,1,0,0,0
1002,1969,Comedy,EasyListening,WeightedTransition,1,0,0,0
1002,1969,Comedy,FolkRock,WeightedTransition,1,0,0,0
1002,1969,Comedy,Funk,WeightedTransition,1,0,0,0
1002,1969,Comedy,HardRock,WeightedTransition,1,0,0,0
1002,1969,Comedy,Soul,WeightedTransition,1,0,0,0
1002,1969,Comedy,TraditionalPop,AnnualFloor,1,0,0,0
1002,1969,Comedy,TraditionalPop,WeightedTransition,1,0,0,0
1002,1969,ContemporaryFolk,AcidRock,WeightedTransition,1,0,0,0
1002,1969,ContemporaryFolk,BaroquePop,WeightedTransition,1,0,0,0
1002,1969,ContemporaryFolk,Boogaloo,AnnualFloor,1,0,0,0
1002,1969,ContemporaryFolk,BritishBeat,WeightedTransition,2,0,0,0
1002,1969,ContemporaryFolk,BritishPop,WeightedTransition,1,0,0,0
1002,1969,ContemporaryFolk,Bubblegum,WeightedTransition,1,0,0,0
1002,1969,ContemporaryFolk,Childrens,WeightedTransition,1,0,0,0
1002,1969,ContemporaryFolk,Classical,WeightedTransition,1,0,0,0
1002,1969,ContemporaryFolk,ContemporaryFolk,Retained,16,0,0,0
1002,1969,ContemporaryFolk,ContemporaryFolk,WeightedTransition,7,0,0,0
1002,1969,ContemporaryFolk,FolkRock,WeightedTransition,7,0,0,0
1002,1969,ContemporaryFolk,Funk,WeightedTransition,5,0,0,0
1002,1969,ContemporaryFolk,Jazz,WeightedTransition,1,0,0,0
1002,1969,ContemporaryFolk,ProtoMetal,WeightedTransition,1,0,0,0
1002,1969,ContemporaryFolk,ProtoPunk,WeightedTransition,1,0,0,0
1002,1969,ContemporaryFolk,RockAndRoll,WeightedTransition,1,0,0,0
1002,1969,ContemporaryFolk,SingerSongwriter,WeightedTransition,3,0,0,0
1002,1969,ContemporaryFolk,Soul,WeightedTransition,2,0,0,0
1002,1969,ContemporaryFolk,TexMex,WeightedTransition,1,0,0,0
1002,1969,ContemporaryFolk,TraditionalPop,WeightedTransition,1,0,0,0
1002,1969,Country,AcidRock,WeightedTransition,1,0,0,0
1002,1969,Country,BaroquePop,AnnualFloor,1,0,0,0
1002,1969,Country,BaroquePop,WeightedTransition,1,0,0,0
1002,1969,Country,BluesRock,WeightedTransition,1,0,0,0
1002,1969,Country,Boogaloo,AnnualFloor,1,0,0,0
1002,1969,Country,BritishPop,AnnualFloor,1,0,0,0
1002,1969,Country,Bubblegum,WeightedTransition,1,0,0,0
1002,1969,Country,Childrens,WeightedTransition,1,0,0,0
1002,1969,Country,Classical,WeightedTransition,1,0,0,0
1002,1969,Country,Comedy,WeightedTransition,1,0,0,0
1002,1969,Country,Country,AnnualFloor,2,0,0,0
1002,1969,Country,Country,Retained,121,0,0,0
1002,1969,Country,Country,WeightedTransition,8,0,0,0
1002,1969,Country,CountryRock,WeightedTransition,1,0,0,0
1002,1969,Country,FolkRock,WeightedTransition,1,0,0,0
1002,1969,Country,Funk,AnnualFloor,1,0,0,0
1002,1969,Country,Gospel,WeightedTransition,3,0,0,0
1002,1969,Country,HardRock,WeightedTransition,1,0,0,0
1002,1969,Country,Jazz,WeightedTransition,2,0,0,0
1002,1969,Country,LatinPop,AnnualFloor,1,0,0,0
1002,1969,Country,LatinPop,WeightedTransition,1,0,0,0
1002,1969,Country,ProgressiveRock,WeightedTransition,2,0,0,0
1002,1969,Country,RockAndRoll,WeightedTransition,1,0,0,0
1002,1969,Country,SingerSongwriter,AnnualFloor,1,0,0,0
1002,1969,Country,SingerSongwriter,WeightedTransition,1,0,0,0
1002,1969,Country,Soul,WeightedTransition,1,0,0,0
1002,1969,Country,TexMex,WeightedTransition,1,0,0,0
1002,1969,CountryRock,BaroquePop,WeightedTransition,1,0,0,0
1002,1969,CountryRock,Country,WeightedTransition,2,0,0,0
1002,1969,CountryRock,CountryRock,AnnualFloor,1,0,0,0
1002,1969,CountryRock,CountryRock,Retained,17,0,0,0
1002,1969,CountryRock,CountryRock,WeightedTransition,1,0,0,0
1002,1969,CountryRock,SunshinePop,AnnualFloor,1,0,0,0
1002,1969,DooWop,BluesRock,WeightedTransition,1,0,0,0
1002,1969,DooWop,Bubblegum,AnnualFloor,2,0,0,0
1002,1969,DooWop,Bubblegum,WeightedTransition,2,0,0,0
1002,1969,DooWop,Classical,WeightedTransition,1,0,0,0
1002,1969,DooWop,DooWop,Retained,4,0,0,0
1002,1969,DooWop,EasyListening,WeightedTransition,3,0,0,0
1002,1969,DooWop,FolkRock,WeightedTransition,1,0,0,0
1002,1969,DooWop,Funk,WeightedTransition,5,0,0,0
1002,1969,DooWop,HardRock,WeightedTransition,1,0,0,0
1002,1969,DooWop,Jazz,WeightedTransition,1,0,0,0
1002,1969,DooWop,RockAndRoll,WeightedTransition,1,0,0,0
1002,1969,DooWop,SingerSongwriter,WeightedTransition,1,0,0,0
1002,1969,DooWop,Soul,WeightedTransition,7,0,0,0
1002,1969,DooWop,SunshinePop,WeightedTransition,2,0,0,0
1002,1969,DooWop,TraditionalPop,WeightedTransition,3,0,0,0
1002,1969,EasyListening,BaroquePop,WeightedTransition,2,0,0,0
1002,1969,EasyListening,BluesRock,WeightedTransition,2,0,0,0
1002,1969,EasyListening,BritishBeat,WeightedTransition,1,0,0,0
1002,1969,EasyListening,BritishBlues,AnnualFloor,1,0,0,0
1002,1969,EasyListening,BritishPop,WeightedTransition,1,0,0,0
1002,1969,EasyListening,Comedy,WeightedTransition,1,0,0,0
1002,1969,EasyListening,Country,WeightedTransition,2,0,0,0
1002,1969,EasyListening,EasyListening,Retained,65,0,0,0
1002,1969,EasyListening,EasyListening,WeightedTransition,1,0,0,0
1002,1969,EasyListening,FolkRock,AnnualFloor,1,0,0,0
1002,1969,EasyListening,FolkRock,WeightedTransition,1,0,0,0
1002,1969,EasyListening,Funk,WeightedTransition,1,0,0,0
1002,1969,EasyListening,Gospel,AnnualFloor,1,0,0,0
1002,1969,EasyListening,ProgressiveRock,WeightedTransition,1,0,0,0
1002,1969,EasyListening,SingerSongwriter,WeightedTransition,1,0,0,0
1002,1969,EasyListening,TraditionalPop,WeightedTransition,3,0,0,0
1002,1969,Folk,AcidRock,WeightedTransition,1,0,0,0
1002,1969,Folk,BaroquePop,AnnualFloor,1,0,0,0
1002,1969,Folk,BaroquePop,WeightedTransition,1,0,0,0
1002,1969,Folk,BluesRock,WeightedTransition,1,0,0,0
1002,1969,Folk,BritishBeat,WeightedTransition,1,0,0,0
1002,1969,Folk,BritishPop,WeightedTransition,1,0,0,0
1002,1969,Folk,Bubblegum,WeightedTransition,1,0,0,0
1002,1969,Folk,Country,WeightedTransition,4,0,0,0
1002,1969,Folk,CountryRock,WeightedTransition,5,0,0,0
1002,1969,Folk,EasyListening,AnnualFloor,1,0,0,0
1002,1969,Folk,EasyListening,WeightedTransition,2,0,0,0
1002,1969,Folk,Folk,Retained,7,0,0,0
1002,1969,Folk,FolkRock,WeightedTransition,9,0,0,0
1002,1969,Folk,Funk,WeightedTransition,2,0,0,0
1002,1969,Folk,Gospel,WeightedTransition,1,0,0,0
1002,1969,Folk,HardRock,WeightedTransition,1,0,0,0
1002,1969,Folk,Jazz,WeightedTransition,2,0,0,0
1002,1969,Folk,ProgressiveRock,WeightedTransition,1,0,0,0
1002,1969,Folk,ProtoMetal,WeightedTransition,1,0,0,0
1002,1969,Folk,Soul,WeightedTransition,3,0,0,0
1002,1969,Folk,SunshinePop,WeightedTransition,2,0,0,0
1002,1969,Folk,TraditionalPop,AnnualFloor,1,0,0,0
1002,1969,Folk,TraditionalPop,WeightedTransition,2,0,0,0
1002,1969,FolkRock,BritishBeat,AnnualFloor,1,0,0,0
1002,1969,FolkRock,BritishPop,AnnualFloor,1,0,0,0
1002,1969,FolkRock,BritishPop,WeightedTransition,1,0,0,0
1002,1969,FolkRock,Bubblegum,WeightedTransition,1,0,0,0
1002,1969,FolkRock,EasyListening,WeightedTransition,1,0,0,0
1002,1969,FolkRock,FolkRock,AnnualFloor,1,0,0,0
1002,1969,FolkRock,FolkRock,Retained,34,0,0,0
1002,1969,FolkRock,FolkRock,WeightedTransition,1,0,0,0
1002,1969,FolkRock,ProtoMetal,WeightedTransition,1,0,0,0
1002,1969,FolkRock,Soul,WeightedTransition,1,0,0,0
1002,1969,FolkRock,SunshinePop,WeightedTransition,1,0,0,0
1002,1969,FolkRock,TraditionalPop,WeightedTransition,1,0,0,0
1002,1969,Funk,CountryRock,WeightedTransition,1,0,0,0
1002,1969,Funk,Funk,Retained,29,0,0,0
1002,1969,Funk,Funk,WeightedTransition,1,0,0,0
1002,1969,Funk,LatinPop,WeightedTransition,1,0,0,0
1002,1969,Funk,Soul,WeightedTransition,1,0,0,0
1002,1969,GarageRock,AcidRock,WeightedTransition,1,0,0,0
1002,1969,GarageRock,BaroquePop,WeightedTransition,1,0,0,0
1002,1969,GarageRock,BluesRock,AnnualFloor,1,0,0,0
1002,1969,GarageRock,BluesRock,WeightedTransition,1,0,0,0
1002,1969,GarageRock,BritishBeat,WeightedTransition,1,0,0,0
1002,1969,GarageRock,BritishBlues,WeightedTransition,1,0,0,0
1002,1969,GarageRock,Bubblegum,WeightedTransition,1,0,0,0
1002,1969,GarageRock,Comedy,WeightedTransition,1,0,0,0
1002,1969,GarageRock,GarageRock,Retained,2,0,0,0
1002,1969,GarageRock,Gospel,WeightedTransition,1,0,0,0
1002,1969,GarageRock,HardRock,WeightedTransition,1,0,0,0
1002,1969,GarageRock,ProtoMetal,WeightedTransition,2,0,0,0
1002,1969,GarageRock,PsychedelicRock,WeightedTransition,1,0,0,0
1002,1969,GarageRock,RockAndRoll,WeightedTransition,1,0,0,0
1002,1969,GarageRock,Soul,WeightedTransition,1,0,0,0
1002,1969,Gospel,AcidRock,WeightedTransition,1,0,0,0
1002,1969,Gospel,BaroquePop,WeightedTransition,1,0,0,0
1002,1969,Gospel,Blues,WeightedTransition,1,0,0,0
1002,1969,Gospel,BritishBlues,AnnualFloor,1,0,0,0
1002,1969,Gospel,BritishBlues,WeightedTransition,1,0,0,0
1002,1969,Gospel,BritishPop,WeightedTransition,2,0,0,0
1002,1969,Gospel,Bubblegum,WeightedTransition,1,0,0,0
1002,1969,Gospel,Comedy,AnnualFloor,1,0,0,0
1002,1969,Gospel,ContemporaryFolk,WeightedTransition,1,0,0,0
1002,1969,Gospel,Country,WeightedTransition,1,0,0,0
1002,1969,Gospel,CountryRock,WeightedTransition,2,0,0,0
1002,1969,Gospel,Funk,WeightedTransition,2,0,0,0
1002,1969,Gospel,Gospel,AnnualFloor,1,0,0,0
1002,1969,Gospel,Gospel,Retained,115,0,0,0
1002,1969,Gospel,Gospel,WeightedTransition,13,0,0,0
1002,1969,Gospel,HardRock,WeightedTransition,1,0,0,0
1002,1969,Gospel,Jazz,AnnualFloor,1,0,0,0
1002,1969,Gospel,ProgressiveRock,WeightedTransition,2,0,0,0
1002,1969,Gospel,ProtoPunk,WeightedTransition,2,0,0,0
1002,1969,Gospel,Reggae,WeightedTransition,1,0,0,0
1002,1969,Gospel,SingerSongwriter,AnnualFloor,1,0,0,0
1002,1969,Gospel,SingerSongwriter,WeightedTransition,1,0,0,0
1002,1969,Gospel,Soul,AnnualFloor,1,0,0,0
1002,1969,Gospel,Soul,WeightedTransition,7,0,0,0
1002,1969,HardRock,BluesRock,WeightedTransition,1,0,0,0
1002,1969,HardRock,Bubblegum,WeightedTransition,1,0,0,0
1002,1969,HardRock,CountryRock,WeightedTransition,1,0,0,0
1002,1969,HardRock,FolkRock,WeightedTransition,1,0,0,0
1002,1969,HardRock,Gospel,WeightedTransition,1,0,0,0
1002,1969,HardRock,HardRock,Retained,22,0,0,0
1002,1969,HardRock,HardRock,WeightedTransition,1,0,0,0
1002,1969,HardRock,ProtoPunk,WeightedTransition,1,0,0,0
1002,1969,Jazz,BaroquePop,WeightedTransition,2,0,0,0
1002,1969,Jazz,Boogaloo,WeightedTransition,1,0,0,0
1002,1969,Jazz,BritishPop,WeightedTransition,2,0,0,0
1002,1969,Jazz,Bubblegum,WeightedTransition,1,0,0,0
1002,1969,Jazz,Classical,WeightedTransition,1,0,0,0
1002,1969,Jazz,Comedy,WeightedTransition,2,0,0,0
1002,1969,Jazz,ContemporaryFolk,AnnualFloor,1,0,0,0
1002,1969,Jazz,CountryRock,WeightedTransition,2,0,0,0
1002,1969,Jazz,EasyListening,WeightedTransition,1,0,0,0
1002,1969,Jazz,FolkRock,WeightedTransition,1,0,0,0
1002,1969,Jazz,Funk,WeightedTransition,1,0,0,0
1002,1969,Jazz,Gospel,WeightedTransition,1,0,0,0
1002,1969,Jazz,HardRock,WeightedTransition,1,0,0,0
1002,1969,Jazz,Jazz,AnnualFloor,1,0,0,0
1002,1969,Jazz,Jazz,Retained,94,0,0,0
1002,1969,Jazz,Jazz,WeightedTransition,8,0,0,0
1002,1969,Jazz,LatinPop,WeightedTransition,1,0,0,0
1002,1969,Jazz,SingerSongwriter,WeightedTransition,2,0,0,0
1002,1969,Jazz,Soul,WeightedTransition,4,0,0,0
1002,1969,Jazz,SunshinePop,WeightedTransition,1,0,0,0
1002,1969,Jazz,TexMex,AnnualFloor,1,0,0,0
1002,1969,LatinPop,BaroquePop,AnnualFloor,1,0,0,0
1002,1969,LatinPop,Classical,WeightedTransition,1,0,0,0
1002,1969,LatinPop,ContemporaryFolk,AnnualFloor,1,0,0,0
1002,1969,LatinPop,Funk,WeightedTransition,2,0,0,0
1002,1969,LatinPop,Jazz,WeightedTransition,1,0,0,0
1002,1969,LatinPop,LatinPop,Retained,45,0,0,0
1002,1969,LatinPop,LatinPop,WeightedTransition,2,0,0,0
1002,1969,LatinPop,ProtoMetal,AnnualFloor,1,0,0,0
1002,1969,LatinPop,TexMex,WeightedTransition,1,0,0,0
1002,1969,ProgressiveRock,BritishBlues,WeightedTransition,1,0,0,0
1002,1969,ProgressiveRock,BritishPop,WeightedTransition,1,0,0,0
1002,1969,ProgressiveRock,ContemporaryFolk,WeightedTransition,1,0,0,0
1002,1969,ProgressiveRock,Funk,WeightedTransition,1,0,0,0
1002,1969,ProgressiveRock,Gospel,WeightedTransition,1,0,0,0
1002,1969,ProgressiveRock,ProgressiveRock,Retained,9,0,0,0
1002,1969,ProgressiveRock,SingerSongwriter,WeightedTransition,1,0,0,0
1002,1969,ProtoMetal,Classical,AnnualFloor,1,0,0,0
1002,1969,ProtoMetal,Funk,WeightedTransition,1,0,0,0
1002,1969,ProtoMetal,ProtoMetal,Retained,16,0,0,0
1002,1969,ProtoMetal,TraditionalPop,WeightedTransition,1,0,0,0
1002,1969,ProtoPunk,AcidRock,WeightedTransition,1,0,0,0
1002,1969,ProtoPunk,BluesRock,WeightedTransition,1,0,0,0
1002,1969,ProtoPunk,HardRock,WeightedTransition,1,0,0,0
1002,1969,ProtoPunk,ProgressiveRock,WeightedTransition,1,0,0,0
1002,1969,ProtoPunk,ProtoPunk,Retained,16,0,0,0
1002,1969,ProtoPunk,TraditionalPop,WeightedTransition,1,0,0,0
1002,1969,PsychedelicRock,BluesRock,WeightedTransition,1,0,0,0
1002,1969,PsychedelicRock,Country,WeightedTransition,1,0,0,0
1002,1969,PsychedelicRock,FolkRock,WeightedTransition,1,0,0,0
1002,1969,PsychedelicRock,HardRock,WeightedTransition,1,0,0,0
1002,1969,PsychedelicRock,ProgressiveRock,AnnualFloor,1,0,0,0
1002,1969,PsychedelicRock,ProtoMetal,WeightedTransition,2,0,0,0
1002,1969,PsychedelicRock,PsychedelicRock,Retained,38,0,0,0
1002,1969,PsychedelicRock,PsychedelicRock,WeightedTransition,1,0,0,0
1002,1969,PsychedelicRock,Reggae,WeightedTransition,1,0,0,0
1002,1969,PsychedelicRock,RockAndRoll,WeightedTransition,1,0,0,0
1002,1969,Reggae,Country,WeightedTransition,1,0,0,0
1002,1969,Reggae,Reggae,Retained,12,0,0,0
1002,1969,RnB,AcidRock,AnnualFloor,1,0,0,0
1002,1969,RnB,Blues,WeightedTransition,3,0,0,0
1002,1969,RnB,BritishBlues,AnnualFloor,1,0,0,0
1002,1969,RnB,BritishBlues,WeightedTransition,2,0,0,0
1002,1969,RnB,BritishPop,WeightedTransition,2,0,0,0
1002,1969,RnB,Bubblegum,WeightedTransition,4,0,0,0
1002,1969,RnB,Childrens,WeightedTransition,2,0,0,0
1002,1969,RnB,Comedy,AnnualFloor,1,0,0,0
1002,1969,RnB,Comedy,WeightedTransition,1,0,0,0
1002,1969,RnB,ContemporaryFolk,WeightedTransition,1,0,0,0
1002,1969,RnB,Country,WeightedTransition,2,0,0,0
1002,1969,RnB,EasyListening,WeightedTransition,5,0,0,0
1002,1969,RnB,FolkRock,WeightedTransition,1,0,0,0
1002,1969,RnB,Funk,AnnualFloor,2,0,0,0
1002,1969,RnB,Funk,WeightedTransition,5,0,0,0
1002,1969,RnB,Gospel,WeightedTransition,3,0,0,0
1002,1969,RnB,ProtoMetal,WeightedTransition,1,0,0,0
1002,1969,RnB,RnB,Retained,6,0,0,0
1002,1969,RnB,RockAndRoll,AnnualFloor,1,0,0,0
1002,1969,RnB,RockAndRoll,WeightedTransition,2,0,0,0
1002,1969,RnB,SingerSongwriter,WeightedTransition,1,0,0,0
1002,1969,RnB,Soul,WeightedTransition,4,0,0,0
1002,1969,RnB,SunshinePop,WeightedTransition,2,0,0,0
1002,1969,RnB,TexMex,WeightedTransition,1,0,0,0
1002,1969,RockAndRoll,AcidRock,AnnualFloor,2,0,0,0
1002,1969,RockAndRoll,AcidRock,WeightedTransition,3,0,0,0
1002,1969,RockAndRoll,BaroquePop,WeightedTransition,4,0,0,0
1002,1969,RockAndRoll,BluesRock,WeightedTransition,3,0,0,0
1002,1969,RockAndRoll,BritishBeat,WeightedTransition,2,0,0,0
1002,1969,RockAndRoll,BritishBlues,WeightedTransition,4,0,0,0
1002,1969,RockAndRoll,BritishPop,WeightedTransition,1,0,0,0
1002,1969,RockAndRoll,Bubblegum,AnnualFloor,1,0,0,0
1002,1969,RockAndRoll,CountryRock,WeightedTransition,1,0,0,0
1002,1969,RockAndRoll,EasyListening,WeightedTransition,1,0,0,0
1002,1969,RockAndRoll,FolkRock,AnnualFloor,1,0,0,0
1002,1969,RockAndRoll,FolkRock,WeightedTransition,1,0,0,0
1002,1969,RockAndRoll,Funk,WeightedTransition,3,0,0,0
1002,1969,RockAndRoll,Gospel,WeightedTransition,1,0,0,0
1002,1969,RockAndRoll,HardRock,WeightedTransition,3,0,0,0
1002,1969,RockAndRoll,LatinPop,AnnualFloor,1,0,0,0
1002,1969,RockAndRoll,ProgressiveRock,AnnualFloor,1,0,0,0
1002,1969,RockAndRoll,ProgressiveRock,WeightedTransition,2,0,0,0
1002,1969,RockAndRoll,ProtoMetal,AnnualFloor,2,0,0,0
1002,1969,RockAndRoll,ProtoMetal,WeightedTransition,3,0,0,0
1002,1969,RockAndRoll,ProtoPunk,WeightedTransition,1,0,0,0
1002,1969,RockAndRoll,PsychedelicRock,AnnualFloor,3,0,0,0
1002,1969,RockAndRoll,Reggae,AnnualFloor,1,0,0,0
1002,1969,RockAndRoll,RockAndRoll,AnnualFloor,1,0,0,0
1002,1969,RockAndRoll,RockAndRoll,Retained,145,0,0,0
1002,1969,RockAndRoll,RockAndRoll,WeightedTransition,2,0,0,0
1002,1969,RockAndRoll,Soul,WeightedTransition,4,0,0,0
1002,1969,RockAndRoll,TraditionalPop,WeightedTransition,1,0,0,0
1002,1969,Rocksteady,AcidRock,WeightedTransition,1,0,0,0
1002,1969,Rocksteady,Childrens,WeightedTransition,1,0,0,0
1002,1969,Rocksteady,Comedy,WeightedTransition,1,0,0,0
1002,1969,Rocksteady,CountryRock,WeightedTransition,1,0,0,0
1002,1969,Rocksteady,Reggae,AnnualFloor,1,0,0,0
1002,1969,Rocksteady,SunshinePop,WeightedTransition,1,0,0,0
1002,1969,SingerSongwriter,BluesRock,WeightedTransition,1,0,0,0
1002,1969,SingerSongwriter,EasyListening,WeightedTransition,1,0,0,0
1002,1969,SingerSongwriter,Jazz,WeightedTransition,1,0,0,0
1002,1969,SingerSongwriter,LatinPop,WeightedTransition,1,0,0,0
1002,1969,SingerSongwriter,SingerSongwriter,Retained,28,0,0,0
1002,1969,SingerSongwriter,SingerSongwriter,WeightedTransition,3,0,0,0
1002,1969,SingerSongwriter,SunshinePop,WeightedTransition,1,0,0,0
1002,1969,Ska,AcidRock,WeightedTransition,2,0,0,0
1002,1969,Ska,BaroquePop,WeightedTransition,1,0,0,0
1002,1969,Ska,Country,WeightedTransition,1,0,0,0
1002,1969,Ska,CountryRock,WeightedTransition,1,0,0,0
1002,1969,Ska,LatinPop,WeightedTransition,1,0,0,0
1002,1969,Ska,ProgressiveRock,WeightedTransition,1,0,0,0
1002,1969,Ska,SingerSongwriter,WeightedTransition,1,0,0,0
1002,1969,Ska,Ska,Retained,3,0,0,0
1002,1969,Soul,AcidRock,WeightedTransition,2,0,0,0
1002,1969,Soul,BaroquePop,WeightedTransition,3,0,0,0
1002,1969,Soul,Blues,WeightedTransition,1,0,0,0
1002,1969,Soul,BluesRock,WeightedTransition,2,0,0,0
1002,1969,Soul,Boogaloo,WeightedTransition,1,0,0,0
1002,1969,Soul,BritishBlues,WeightedTransition,2,0,0,0
1002,1969,Soul,BritishPop,WeightedTransition,2,0,0,0
1002,1969,Soul,Bubblegum,WeightedTransition,5,0,0,0
1002,1969,Soul,Childrens,WeightedTransition,1,0,0,0
1002,1969,Soul,Classical,WeightedTransition,2,0,0,0
1002,1969,Soul,Comedy,AnnualFloor,1,0,0,0
1002,1969,Soul,Comedy,WeightedTransition,3,0,0,0
1002,1969,Soul,ContemporaryFolk,WeightedTransition,1,0,0,0
1002,1969,Soul,Country,WeightedTransition,3,0,0,0
1002,1969,Soul,CountryRock,WeightedTransition,1,0,0,0
1002,1969,Soul,EasyListening,WeightedTransition,5,0,0,0
1002,1969,Soul,FolkRock,WeightedTransition,1,0,0,0
1002,1969,Soul,Funk,WeightedTransition,9,0,0,0
1002,1969,Soul,Gospel,AnnualFloor,1,0,0,0
1002,1969,Soul,Gospel,WeightedTransition,5,0,0,0
1002,1969,Soul,Jazz,WeightedTransition,1,0,0,0
1002,1969,Soul,LatinPop,AnnualFloor,1,0,0,0
1002,1969,Soul,ProgressiveRock,WeightedTransition,1,0,0,0
1002,1969,Soul,ProtoPunk,AnnualFloor,1,0,0,0
1002,1969,Soul,ProtoPunk,WeightedTransition,3,0,0,0
1002,1969,Soul,Reggae,AnnualFloor,1,0,0,0
1002,1969,Soul,RockAndRoll,WeightedTransition,2,0,0,0
1002,1969,Soul,SingerSongwriter,AnnualFloor,1,0,0,0
1002,1969,Soul,SingerSongwriter,WeightedTransition,5,0,0,0
1002,1969,Soul,Soul,AnnualFloor,2,0,0,0
1002,1969,Soul,Soul,Retained,323,0,0,0
1002,1969,Soul,Soul,WeightedTransition,35,0,0,0
1002,1969,Soul,SunshinePop,WeightedTransition,2,0,0,0
1002,1969,Soul,TexMex,AnnualFloor,1,0,0,0
1002,1969,Soul,TexMex,WeightedTransition,1,0,0,0
1002,1969,Soul,TraditionalPop,WeightedTransition,1,0,0,0
1002,1969,SunshinePop,BaroquePop,WeightedTransition,1,0,0,0
1002,1969,SunshinePop,Blues,WeightedTransition,1,0,0,0
1002,1969,SunshinePop,BritishBlues,WeightedTransition,2,0,0,0
1002,1969,SunshinePop,BritishPop,WeightedTransition,1,0,0,0
1002,1969,SunshinePop,Country,WeightedTransition,1,0,0,0
1002,1969,SunshinePop,Funk,WeightedTransition,2,0,0,0
1002,1969,SunshinePop,Jazz,WeightedTransition,1,0,0,0
1002,1969,SunshinePop,SunshinePop,Retained,33,0,0,0
1002,1969,SunshinePop,SunshinePop,WeightedTransition,3,0,0,0
1002,1969,SurfRock,AcidRock,WeightedTransition,1,0,0,0
1002,1969,SurfRock,BaroquePop,WeightedTransition,1,0,0,0
1002,1969,SurfRock,Blues,WeightedTransition,1,0,0,0
1002,1969,SurfRock,BluesRock,WeightedTransition,3,0,0,0
1002,1969,SurfRock,Classical,WeightedTransition,1,0,0,0
1002,1969,SurfRock,Country,WeightedTransition,1,0,0,0
1002,1969,SurfRock,CountryRock,WeightedTransition,1,0,0,0
1002,1969,SurfRock,FolkRock,WeightedTransition,1,0,0,0
1002,1969,SurfRock,Gospel,WeightedTransition,1,0,0,0
1002,1969,SurfRock,PsychedelicRock,WeightedTransition,1,0,0,0
1002,1969,SurfRock,RockAndRoll,AnnualFloor,1,0,0,0
1002,1969,SurfRock,RockAndRoll,WeightedTransition,1,0,0,0
1002,1969,SurfRock,SurfRock,Retained,1,0,0,0
1002,1969,TeenPop,AcidRock,WeightedTransition,1,0,0,0
1002,1969,TeenPop,BaroquePop,WeightedTransition,2,0,0,0
1002,1969,TeenPop,BritishBlues,WeightedTransition,3,0,0,0
1002,1969,TeenPop,BritishPop,WeightedTransition,4,0,0,0
1002,1969,TeenPop,Bubblegum,WeightedTransition,5,0,0,0
1002,1969,TeenPop,Childrens,WeightedTransition,1,0,0,0
1002,1969,TeenPop,Comedy,WeightedTransition,1,0,0,0
1002,1969,TeenPop,Country,WeightedTransition,1,0,0,0
1002,1969,TeenPop,EasyListening,WeightedTransition,5,0,0,0
1002,1969,TeenPop,FolkRock,WeightedTransition,1,0,0,0
1002,1969,TeenPop,Funk,WeightedTransition,4,0,0,0
1002,1969,TeenPop,HardRock,AnnualFloor,1,0,0,0
1002,1969,TeenPop,Jazz,WeightedTransition,1,0,0,0
1002,1969,TeenPop,LatinPop,WeightedTransition,1,0,0,0
1002,1969,TeenPop,ProtoMetal,WeightedTransition,1,0,0,0
1002,1969,TeenPop,Reggae,WeightedTransition,1,0,0,0
1002,1969,TeenPop,Soul,WeightedTransition,4,0,0,0
1002,1969,TeenPop,SunshinePop,WeightedTransition,1,0,0,0
1002,1969,TeenPop,TeenPop,Retained,6,0,0,0
1002,1969,TeenPop,TraditionalPop,WeightedTransition,2,0,0,0
1002,1969,TexMex,Bubblegum,WeightedTransition,3,0,0,0
1002,1969,TexMex,EasyListening,AnnualFloor,1,0,0,0
1002,1969,TexMex,Gospel,WeightedTransition,3,0,0,0
1002,1969,TexMex,LatinPop,WeightedTransition,1,0,0,0
1002,1969,TexMex,Soul,WeightedTransition,1,0,0,0
1002,1969,TexMex,TexMex,AnnualFloor,1,0,0,0
1002,1969,TexMex,TexMex,Retained,41,0,0,0
1002,1969,TexMex,TexMex,WeightedTransition,3,0,0,0
1002,1969,TexMex,TraditionalPop,WeightedTransition,2,0,0,0
1002,1969,TraditionalPop,AcidRock,WeightedTransition,1,0,0,0
1002,1969,TraditionalPop,BaroquePop,WeightedTransition,4,0,0,0
1002,1969,TraditionalPop,Blues,AnnualFloor,1,0,0,0
1002,1969,TraditionalPop,Blues,WeightedTransition,1,0,0,0
1002,1969,TraditionalPop,BluesRock,WeightedTransition,2,0,0,0
1002,1969,TraditionalPop,BritishBeat,WeightedTransition,2,0,0,0
1002,1969,TraditionalPop,BritishBlues,WeightedTransition,1,0,0,0
1002,1969,TraditionalPop,BritishPop,WeightedTransition,1,0,0,0
1002,1969,TraditionalPop,Classical,WeightedTransition,1,0,0,0
1002,1969,TraditionalPop,Country,WeightedTransition,1,0,0,0
1002,1969,TraditionalPop,EasyListening,WeightedTransition,3,0,0,0
1002,1969,TraditionalPop,FolkRock,WeightedTransition,1,0,0,0
1002,1969,TraditionalPop,HardRock,WeightedTransition,1,0,0,0
1002,1969,TraditionalPop,Jazz,WeightedTransition,1,0,0,0
1002,1969,TraditionalPop,LatinPop,WeightedTransition,1,0,0,0
1002,1969,TraditionalPop,ProgressiveRock,AnnualFloor,1,0,0,0
1002,1969,TraditionalPop,ProtoPunk,WeightedTransition,3,0,0,0
1002,1969,TraditionalPop,Reggae,WeightedTransition,1,0,0,0
1002,1969,TraditionalPop,SingerSongwriter,WeightedTransition,2,0,0,0
1002,1969,TraditionalPop,SunshinePop,AnnualFloor,2,0,0,0
1002,1969,TraditionalPop,SunshinePop,WeightedTransition,4,0,0,0
1002,1969,TraditionalPop,TraditionalPop,Retained,168,0,0,0
1002,1969,TraditionalPop,TraditionalPop,WeightedTransition,14,0,0,0
2007,1960,Blues,Blues,Retained,7,0,0,0
2007,1960,BluesRock,BluesRock,Retained,60,0,0,0
2007,1960,BluesRock,Country,WeightedTransition,1,0,0,0
2007,1960,BluesRock,EasyListening,WeightedTransition,1,0,0,0
2007,1960,BluesRock,TexMex,WeightedTransition,1,0,0,0
2007,1960,BluesRock,TraditionalPop,WeightedTransition,1,0,0,0
2007,1960,Childrens,Childrens,Retained,17,0,0,0
2007,1960,Childrens,Childrens,WeightedTransition,1,0,0,0
2007,1960,Childrens,Jazz,WeightedTransition,1,0,0,0
2007,1960,Childrens,RnB,WeightedTransition,1,0,0,0
2007,1960,Childrens,TraditionalPop,WeightedTransition,1,0,0,0
2007,1960,Classical,Classical,Retained,17,0,0,0
2007,1960,Comedy,Comedy,Retained,6,0,0,0
2007,1960,Comedy,RockAndRoll,WeightedTransition,1,0,0,0
2007,1960,Country,Childrens,AnnualFloor,1,0,0,0
2007,1960,Country,Classical,AnnualFloor,1,0,0,0
2007,1960,Country,Classical,WeightedTransition,1,0,0,0
2007,1960,Country,Country,AnnualFloor,1,0,0,0
2007,1960,Country,Country,Retained,200,0,0,0
2007,1960,Country,Country,WeightedTransition,7,0,0,0
2007,1960,Country,EasyListening,WeightedTransition,1,0,0,0
2007,1960,Country,RnB,AnnualFloor,1,0,0,0
2007,1960,Country,RockAndRoll,WeightedTransition,1,0,0,0
2007,1960,Country,TexMex,AnnualFloor,1,0,0,0
2007,1960,Country,TraditionalPop,WeightedTransition,2,0,0,0
2007,1960,DooWop,Childrens,WeightedTransition,1,0,0,0
2007,1960,DooWop,Comedy,AnnualFloor,1,0,0,0
2007,1960,DooWop,Country,WeightedTransition,2,0,0,0
2007,1960,DooWop,DooWop,AnnualFloor,2,0,0,0
2007,1960,DooWop,DooWop,Retained,610,0,0,0
2007,1960,DooWop,DooWop,WeightedTransition,11,0,0,0
2007,1960,DooWop,EasyListening,WeightedTransition,2,0,0,0
2007,1960,DooWop,Gospel,WeightedTransition,2,0,0,0
2007,1960,DooWop,Jazz,WeightedTransition,1,0,0,0
2007,1960,DooWop,RnB,WeightedTransition,2,0,0,0
2007,1960,DooWop,TeenPop,AnnualFloor,1,0,0,0
2007,1960,DooWop,TeenPop,WeightedTransition,4,0,0,0
2007,1960,DooWop,TraditionalPop,WeightedTransition,4,0,0,0
2007,1960,EasyListening,EasyListening,Retained,18,0,0,0
2007,1960,Folk,Country,WeightedTransition,4,0,0,0
2007,1960,Folk,EasyListening,WeightedTransition,1,0,0,0
2007,1960,Folk,Folk,AnnualFloor,2,0,0,0
2007,1960,Folk,Folk,Retained,176,0,0,0
2007,1960,Folk,Folk,WeightedTransition,6,0,0,0
2007,1960,Folk,Jazz,WeightedTransition,1,0,0,0
2007,1960,Gospel,Childrens,WeightedTransition,1,0,0,0
2007,1960,Gospel,Country,WeightedTransition,3,0,0,0
2007,1960,Gospel,DooWop,WeightedTransition,1,0,0,0
2007,1960,Gospel,Gospel,AnnualFloor,2,0,0,0
2007,1960,Gospel,Gospel,Retained,242,0,0,0
2007,1960,Gospel,Gospel,WeightedTransition,6,0,0,0
2007,1960,Gospel,RnB,WeightedTransition,2,0,0,0
2007,1960,Gospel,TraditionalPop,WeightedTransition,1,0,0,0
2007,1960,Jazz,Childrens,AnnualFloor,1,0,0,0
2007,1960,Jazz,Comedy,AnnualFloor,1,0,0,0
2007,1960,Jazz,Country,WeightedTransition,1,0,0,0
2007,1960,Jazz,DooWop,WeightedTransition,1,0,0,0
2007,1960,Jazz,Jazz,AnnualFloor,1,0,0,0
2007,1960,Jazz,Jazz,Retained,169,0,0,0
2007,1960,Jazz,Jazz,WeightedTransition,3,0,0,0
2007,1960,Jazz,TeenPop,WeightedTransition,1,0,0,0
2007,1960,Jazz,TraditionalPop,AnnualFloor,1,0,0,0
2007,1960,Jazz,TraditionalPop,WeightedTransition,1,0,0,0
2007,1960,LatinPop,LatinPop,Retained,11,0,0,0
2007,1960,RnB,Blues,WeightedTransition,1,0,0,0
2007,1960,RnB,Childrens,WeightedTransition,1,0,0,0
2007,1960,RnB,Country,AnnualFloor,1,0,0,0
2007,1960,RnB,Country,WeightedTransition,1,0,0,0
2007,1960,RnB,DooWop,AnnualFloor,1,0,0,0
2007,1960,RnB,DooWop,WeightedTransition,6,0,0,0
2007,1960,RnB,EasyListening,WeightedTransition,1,0,0,0
2007,1960,RnB,Folk,WeightedTransition,2,0,0,0
2007,1960,RnB,Gospel,WeightedTransition,2,0,0,0
2007,1960,RnB,Jazz,WeightedTransition,1,0,0,0
2007,1960,RnB,LatinPop,AnnualFloor,1,0,0,0
2007,1960,RnB,RnB,AnnualFloor,1,0,0,0
2007,1960,RnB,RnB,Retained,542,0,0,0
2007,1960,RnB,RnB,WeightedTransition,9,0,0,0
2007,1960,RnB,TeenPop,WeightedTransition,1,0,0,0
2007,1960,RockAndRoll,Blues,AnnualFloor,1,0,0,0
2007,1960,RockAndRoll,Classical,WeightedTransition,1,0,0,0
2007,1960,RockAndRoll,Comedy,WeightedTransition,1,0,0,0
2007,1960,RockAndRoll,Country,AnnualFloor,1,0,0,0
2007,1960,RockAndRoll,Country,WeightedTransition,1,0,0,0
2007,1960,RockAndRoll,EasyListening,AnnualFloor,1,0,0,0
2007,1960,RockAndRoll,EasyListening,WeightedTransition,3,0,0,0
2007,1960,RockAndRoll,Gospel,WeightedTransition,1,0,0,0
2007,1960,RockAndRoll,LatinPop,AnnualFloor,1,0,0,0
2007,1960,RockAndRoll,RnB,WeightedTransition,1,0,0,0
2007,1960,RockAndRoll,RockAndRoll,AnnualFloor,2,0,0,0
2007,1960,RockAndRoll,RockAndRoll,Retained,638,0,0,0
2007,1960,RockAndRoll,RockAndRoll,WeightedTransition,16,0,0,0
2007,1960,RockAndRoll,TeenPop,AnnualFloor,1,0,0,0
2007,1960,RockAndRoll,TeenPop,WeightedTransition,10,0,0,0
2007,1960,RockAndRoll,TexMex,AnnualFloor,1,0,0,0
2007,1960,RockAndRoll,TraditionalPop,WeightedTransition,4,0,0,0
2007,1960,Soul,Childrens,AnnualFloor,1,0,0,0
2007,1960,Soul,Classical,AnnualFloor,2,0,0,0
2007,1960,Soul,Comedy,AnnualFloor,1,0,0,0
2007,1960,Soul,Comedy,WeightedTransition,4,0,0,0
2007,1960,Soul,Country,WeightedTransition,1,0,0,0
2007,1960,Soul,DooWop,WeightedTransition,12,0,0,0
2007,1960,Soul,Folk,WeightedTransition,2,0,0,0
2007,1960,Soul,Gospel,WeightedTransition,3,0,0,0
2007,1960,Soul,Jazz,AnnualFloor,1,0,0,0
2007,1960,Soul,Jazz,WeightedTransition,1,0,0,0
2007,1960,Soul,RnB,AnnualFloor,1,0,0,0
2007,1960,Soul,RnB,WeightedTransition,6,0,0,0
2007,1960,Soul,RockAndRoll,AnnualFloor,1,0,0,0
2007,1960,Soul,RockAndRoll,WeightedTransition,4,0,0,0
2007,1960,Soul,Soul,Retained,588,0,0,0
2007,1960,Soul,TraditionalPop,WeightedTransition,2,0,0,0
2007,1960,SurfRock,Comedy,WeightedTransition,1,0,0,0
2007,1960,SurfRock,Jazz,AnnualFloor,1,0,0,0
2007,1960,SurfRock,RockAndRoll,WeightedTransition,1,0,0,0
2007,1960,SurfRock,SurfRock,Retained,83,0,0,0
2007,1960,SurfRock,TexMex,WeightedTransition,1,0,0,0
2007,1960,SurfRock,TraditionalPop,WeightedTransition,1,0,0,0
2007,1960,TeenPop,Blues,AnnualFloor,1,0,0,0
2007,1960,TeenPop,DooWop,WeightedTransition,5,0,0,0
2007,1960,TeenPop,EasyListening,AnnualFloor,1,0,0,0
2007,1960,TeenPop,EasyListening,WeightedTransition,3,0,0,0
2007,1960,TeenPop,Folk,AnnualFloor,1,0,0,0
2007,1960,TeenPop,Gospel,WeightedTransition,1,0,0,0
2007,1960,TeenPop,LatinPop,WeightedTransition,1,0,0,0
2007,1960,TeenPop,RnB,WeightedTransition,3,0,0,0
2007,1960,TeenPop,TeenPop,AnnualFloor,1,0,0,0
2007,1960,TeenPop,TeenPop,Retained,423,0,0,0
2007,1960,TeenPop,TeenPop,WeightedTransition,12,0,0,0
2007,1960,TeenPop,TraditionalPop,WeightedTransition,4,0,0,0
2007,1960,TexMex,TexMex,Retained,9,0,0,0
2007,1960,TraditionalPop,Blues,AnnualFloor,1,0,0,0
2007,1960,TraditionalPop,Blues,WeightedTransition,1,0,0,0
2007,1960,TraditionalPop,DooWop,WeightedTransition,2,0,0,0
2007,1960,TraditionalPop,EasyListening,AnnualFloor,1,0,0,0
2007,1960,TraditionalPop,EasyListening,WeightedTransition,2,0,0,0
2007,1960,TraditionalPop,Gospel,AnnualFloor,1,0,0,0
2007,1960,TraditionalPop,Jazz,WeightedTransition,2,0,0,0
2007,1960,TraditionalPop,LatinPop,AnnualFloor,1,0,0,0
2007,1960,TraditionalPop,RockAndRoll,WeightedTransition,1,0,0,0
2007,1960,TraditionalPop,TeenPop,WeightedTransition,3,0,0,0
2007,1960,TraditionalPop,TexMex,AnnualFloor,1,0,0,0
2007,1960,TraditionalPop,TraditionalPop,AnnualFloor,2,0,0,0
2007,1960,TraditionalPop,TraditionalPop,Retained,380,0,0,0
2007,1960,TraditionalPop,TraditionalPop,WeightedTransition,10,0,0,0
2007,1961,Blues,Blues,AnnualFloor,1,0,0,0
2007,1961,Blues,Blues,Retained,18,0,0,0
2007,1961,Blues,Blues,WeightedTransition,1,0,0,0
2007,1961,Blues,Comedy,WeightedTransition,2,0,0,0
2007,1961,Blues,ContemporaryFolk,WeightedTransition,1,0,0,0
2007,1961,Blues,Country,WeightedTransition,1,0,0,0
2007,1961,Blues,Folk,WeightedTransition,1,0,0,0
2007,1961,Blues,RnB,WeightedTransition,1,0,0,0
2007,1961,BluesRock,BluesRock,Retained,23,0,0,0
2007,1961,Childrens,Childrens,AnnualFloor,1,0,0,0
2007,1961,Childrens,Childrens,Retained,25,0,0,0
2007,1961,Childrens,Childrens,WeightedTransition,1,0,0,0
2007,1961,Childrens,Comedy,WeightedTransition,3,0,0,0
2007,1961,Childrens,EasyListening,WeightedTransition,1,0,0,0
2007,1961,Childrens,Folk,WeightedTransition,1,0,0,0
2007,1961,Childrens,Jazz,WeightedTransition,1,0,0,0
2007,1961,Childrens,RnB,WeightedTransition,1,0,0,0
2007,1961,Childrens,TraditionalPop,WeightedTransition,1,0,0,0
2007,1961,Classical,Classical,Retained,26,0,0,0
2007,1961,Classical,Classical,WeightedTransition,2,0,0,0
2007,1961,Classical,Comedy,WeightedTransition,1,0,0,0
2007,1961,Classical,Country,WeightedTransition,1,0,0,0
2007,1961,Classical,DooWop,WeightedTransition,2,0,0,0
2007,1961,Classical,EasyListening,WeightedTransition,1,0,0,0
2007,1961,Classical,Soul,WeightedTransition,1,0,0,0
2007,1961,Comedy,Childrens,WeightedTransition,1,0,0,0
2007,1961,Comedy,Comedy,Retained,19,0,0,0
2007,1961,Comedy,Comedy,WeightedTransition,2,0,0,0
2007,1961,Comedy,RockAndRoll,WeightedTransition,1,0,0,0
2007,1961,ContemporaryFolk,ContemporaryFolk,Retained,7,0,0,0
2007,1961,ContemporaryFolk,EasyListening,WeightedTransition,2,0,0,0
2007,1961,ContemporaryFolk,Folk,WeightedTransition,1,0,0,0
2007,1961,ContemporaryFolk,RockAndRoll,WeightedTransition,1,0,0,0
2007,1961,Country,Blues,WeightedTransition,1,0,0,0
2007,1961,Country,Comedy,WeightedTransition,1,0,0,0
2007,1961,Country,Country,AnnualFloor,2,0,0,0
2007,1961,Country,Country,Retained,170,0,0,0
2007,1961,Country,Country,WeightedTransition,23,0,0,0
2007,1961,Country,DooWop,WeightedTransition,1,0,0,0
2007,1961,Country,EasyListening,WeightedTransition,1,0,0,0
2007,1961,Country,Folk,AnnualFloor,1,0,0,0
2007,1961,Country,Folk,WeightedTransition,8,0,0,0
2007,1961,Country,Gospel,WeightedTransition,2,0,0,0
2007,1961,Country,Jazz,WeightedTransition,1,0,0,0
2007,1961,Country,RnB,WeightedTransition,2,0,0,0
2007,1961,Country,RockAndRoll,WeightedTransition,2,0,0,0
2007,1961,Country,Soul,WeightedTransition,2,0,0,0
2007,1961,Country,SurfRock,WeightedTransition,2,0,0,0
2007,1961,Country,TraditionalPop,AnnualFloor,1,0,0,0
2007,1961,Country,TraditionalPop,WeightedTransition,4,0,0,0
2007,1961,DooWop,Blues,WeightedTransition,2,0,0,0
2007,1961,DooWop,Childrens,WeightedTransition,1,0,0,0
2007,1961,DooWop,Classical,WeightedTransition,2,0,0,0
2007,1961,DooWop,Comedy,WeightedTransition,1,0,0,0
2007,1961,DooWop,ContemporaryFolk,WeightedTransition,1,0,0,0
2007,1961,DooWop,Country,WeightedTransition,1,0,0,0
2007,1961,DooWop,DooWop,AnnualFloor,1,0,0,0
2007,1961,DooWop,DooWop,Retained,337,0,0,0
2007,1961,DooWop,DooWop,WeightedTransition,47,0,0,0
2007,1961,DooWop,EasyListening,WeightedTransition,2,0,0,0
2007,1961,DooWop,Folk,WeightedTransition,2,0,0,0
2007,1961,DooWop,Gospel,WeightedTransition,1,0,0,0
2007,1961,DooWop,Jazz,AnnualFloor,1,0,0,0
2007,1961,DooWop,Jazz,WeightedTransition,3,0,0,0
2007,1961,DooWop,RnB,WeightedTransition,11,0,0,0
2007,1961,DooWop,RockAndRoll,WeightedTransition,1,0,0,0
2007,1961,DooWop,Soul,AnnualFloor,1,0,0,0
2007,1961,DooWop,Soul,WeightedTransition,12,0,0,0
2007,1961,DooWop,TeenPop,AnnualFloor,2,0,0,0
2007,1961,DooWop,TeenPop,WeightedTransition,2,0,0,0
2007,1961,DooWop,TexMex,AnnualFloor,1,0,0,0
2007,1961,DooWop,TraditionalPop,WeightedTransition,4,0,0,0
2007,1961,EasyListening,Country,WeightedTransition,1,0,0,0
2007,1961,EasyListening,EasyListening,AnnualFloor,1,0,0,0
2007,1961,EasyListening,EasyListening,Retained,37,0,0,0
2007,1961,EasyListening,EasyListening,WeightedTransition,6,0,0,0
2007,1961,EasyListening,Folk,WeightedTransition,1,0,0,0
2007,1961,EasyListening,LatinPop,WeightedTransition,1,0,0,0
2007,1961,EasyListening,TeenPop,WeightedTransition,2,0,0,0
2007,1961,EasyListening,TexMex,WeightedTransition,1,0,0,0
2007,1961,Folk,Blues,WeightedTransition,1,0,0,0
2007,1961,Folk,Classical,WeightedTransition,1,0,0,0
2007,1961,Folk,Comedy,AnnualFloor,1,0,0,0
2007,1961,Folk,Comedy,WeightedTransition,1,0,0,0
2007,1961,Folk,ContemporaryFolk,WeightedTransition,2,0,0,0
2007,1961,Folk,Country,WeightedTransition,4,0,0,0
2007,1961,Folk,DooWop,WeightedTransition,2,0,0,0
2007,1961,Folk,EasyListening,AnnualFloor,1,0,0,0
2007,1961,Folk,Folk,AnnualFloor,2,0,0,0
2007,1961,Folk,Folk,Retained,127,0,0,0
2007,1961,Folk,Folk,WeightedTransition,19,0,0,0
2007,1961,Folk,Gospel,WeightedTransition,1,0,0,0
2007,1961,Folk,LatinPop,AnnualFloor,1,0,0,0
2007,1961,Folk,LatinPop,WeightedTransition,1,0,0,0
2007,1961,Folk,RockAndRoll,WeightedTransition,3,0,0,0
2007,1961,Folk,SurfRock,AnnualFloor,1,0,0,0
2007,1961,Folk,TeenPop,WeightedTransition,3,0,0,0
2007,1961,Folk,TexMex,AnnualFloor,1,0,0,0
2007,1961,Folk,TexMex,WeightedTransition,1,0,0,0
2007,1961,Folk,TraditionalPop,WeightedTransition,2,0,0,0
2007,1961,Gospel,Blues,AnnualFloor,1,0,0,0
2007,1961,Gospel,Blues,WeightedTransition,2,0,0,0
2007,1961,Gospel,Childrens,AnnualFloor,1,0,0,0
2007,1961,Gospel,Childrens,WeightedTransition,1,0,0,0
2007,1961,Gospel,ContemporaryFolk,AnnualFloor,1,0,0,0
2007,1961,Gospel,Country,WeightedTransition,5,0,0,0
2007,1961,Gospel,DooWop,WeightedTransition,5,0,0,0
2007,1961,Gospel,EasyListening,WeightedTransition,2,0,0,0
2007,1961,Gospel,Folk,WeightedTransition,2,0,0,0
2007,1961,Gospel,Gospel,AnnualFloor,1,0,0,0
2007,1961,Gospel,Gospel,Retained,173,0,0,0
2007,1961,Gospel,Gospel,WeightedTransition,16,0,0,0
2007,1961,Gospel,Jazz,WeightedTransition,1,0,0,0
2007,1961,Gospel,LatinPop,AnnualFloor,1,0,0,0
2007,1961,Gospel,RnB,WeightedTransition,11,0,0,0
2007,1961,Gospel,RockAndRoll,WeightedTransition,2,0,0,0
2007,1961,Gospel,Soul,WeightedTransition,2,0,0,0
2007,1961,Gospel,TraditionalPop,WeightedTransition,1,0,0,0
2007,1961,Jazz,Blues,WeightedTransition,1,0,0,0
2007,1961,Jazz,Childrens,WeightedTransition,1,0,0,0
2007,1961,Jazz,Classical,AnnualFloor,1,0,0,0
2007,1961,Jazz,Classical,WeightedTransition,1,0,0,0
2007,1961,Jazz,ContemporaryFolk,WeightedTransition,1,0,0,0
2007,1961,Jazz,Country,WeightedTransition,2,0,0,0
2007,1961,Jazz,DooWop,WeightedTransition,1,0,0,0
2007,1961,Jazz,EasyListening,WeightedTransition,1,0,0,0
2007,1961,Jazz,Folk,WeightedTransition,3,0,0,0
2007,1961,Jazz,Gospel,WeightedTransition,1,0,0,0
2007,1961,Jazz,Jazz,Retained,164,0,0,0
2007,1961,Jazz,Jazz,WeightedTransition,12,0,0,0
2007,1961,Jazz,RnB,WeightedTransition,3,0,0,0
2007,1961,Jazz,Soul,WeightedTransition,3,0,0,0
2007,1961,Jazz,TeenPop,WeightedTransition,3,0,0,0
2007,1961,Jazz,TraditionalPop,WeightedTransition,2,0,0,0
2007,1961,LatinPop,Jazz,AnnualFloor,1,0,0,0
2007,1961,LatinPop,LatinPop,Retained,8,0,0,0
2007,1961,LatinPop,RnB,WeightedTransition,1,0,0,0
2007,1961,LatinPop,Soul,WeightedTransition,1,0,0,0
2007,1961,RnB,Blues,AnnualFloor,1,0,0,0
2007,1961,RnB,Blues,WeightedTransition,2,0,0,0
2007,1961,RnB,Childrens,WeightedTransition,2,0,0,0
2007,1961,RnB,Classical,WeightedTransition,2,0,0,0
2007,1961,RnB,Comedy,WeightedTransition,4,0,0,0
2007,1961,RnB,ContemporaryFolk,WeightedTransition,1,0,0,0
2007,1961,RnB,Country,WeightedTransition,5,0,0,0
2007,1961,RnB,DooWop,AnnualFloor,2,0,0,0
2007,1961,RnB,DooWop,WeightedTransition,19,0,0,0
2007,1961,RnB,EasyListening,WeightedTransition,6,0,0,0
2007,1961,RnB,Folk,WeightedTransition,1,0,0,0
2007,1961,RnB,Gospel,AnnualFloor,1,0,0,0
2007,1961,RnB,Gospel,WeightedTransition,6,0,0,0
2007,1961,RnB,Jazz,WeightedTransition,4,0,0,0
2007,1961,RnB,LatinPop,AnnualFloor,1,0,0,0
2007,1961,RnB,RnB,AnnualFloor,1,0,0,0
2007,1961,RnB,RnB,Retained,402,0,0,0
2007,1961,RnB,RnB,WeightedTransition,33,0,0,0
2007,1961,RnB,RockAndRoll,AnnualFloor,1,0,0,0
2007,1961,RnB,RockAndRoll,WeightedTransition,3,0,0,0
2007,1961,RnB,Soul,WeightedTransition,13,0,0,0
2007,1961,RnB,SurfRock,WeightedTransition,1,0,0,0
2007,1961,RnB,TeenPop,WeightedTransition,3,0,0,0
2007,1961,RnB,TexMex,WeightedTransition,2,0,0,0
2007,1961,RnB,TraditionalPop,WeightedTransition,5,0,0,0
2007,1961,RockAndRoll,Blues,WeightedTransition,1,0,0,0
2007,1961,RockAndRoll,Childrens,AnnualFloor,1,0,0,0
2007,1961,RockAndRoll,Childrens,WeightedTransition,1,0,0,0
2007,1961,RockAndRoll,Classical,AnnualFloor,1,0,0,0
2007,1961,RockAndRoll,Classical,WeightedTransition,2,0,0,0
2007,1961,RockAndRoll,Comedy,WeightedTransition,3,0,0,0
2007,1961,RockAndRoll,ContemporaryFolk,AnnualFloor,1,0,0,0
2007,1961,RockAndRoll,ContemporaryFolk,WeightedTransition,1,0,0,0
2007,1961,RockAndRoll,Country,WeightedTransition,3,0,0,0
2007,1961,RockAndRoll,DooWop,WeightedTransition,2,0,0,0
2007,1961,RockAndRoll,EasyListening,AnnualFloor,1,0,0,0
2007,1961,RockAndRoll,EasyListening,WeightedTransition,10,0,0,0
2007,1961,RockAndRoll,Folk,WeightedTransition,3,0,0,0
2007,1961,RockAndRoll,Gospel,WeightedTransition,5,0,0,0
2007,1961,RockAndRoll,Jazz,WeightedTransition,3,0,0,0
2007,1961,RockAndRoll,LatinPop,WeightedTransition,2,0,0,0
2007,1961,RockAndRoll,RnB,WeightedTransition,7,0,0,0
2007,1961,RockAndRoll,RockAndRoll,AnnualFloor,1,0,0,0
2007,1961,RockAndRoll,RockAndRoll,Retained,392,0,0,0
2007,1961,RockAndRoll,RockAndRoll,WeightedTransition,45,0,0,0
2007,1961,RockAndRoll,Soul,AnnualFloor,1,0,0,0
2007,1961,RockAndRoll,Soul,WeightedTransition,5,0,0,0
2007,1961,RockAndRoll,SurfRock,WeightedTransition,9,0,0,0
2007,1961,RockAndRoll,TeenPop,WeightedTransition,10,0,0,0
2007,1961,RockAndRoll,TexMex,WeightedTransition,2,0,0,0
2007,1961,RockAndRoll,TraditionalPop,WeightedTransition,10,0,0,0
2007,1961,Soul,Blues,WeightedTransition,3,0,0,0
2007,1961,Soul,Childrens,WeightedTransition,1,0,0,0
2007,1961,Soul,Classical,WeightedTransition,2,0,0,0
2007,1961,Soul,Comedy,AnnualFloor,1,0,0,0
2007,1961,Soul,Comedy,WeightedTransition,1,0,0,0
2007,1961,Soul,ContemporaryFolk,WeightedTransition,1,0,0,0
2007,1961,Soul,Country,WeightedTransition,2,0,0,0
2007,1961,Soul,DooWop,WeightedTransition,17,0,0,0
2007,1961,Soul,EasyListening,WeightedTransition,6,0,0,0
2007,1961,Soul,Folk,WeightedTransition,2,0,0,0
2007,1961,Soul,Gospel,AnnualFloor,1,0,0,0
2007,1961,Soul,Gospel,WeightedTransition,7,0,0,0
2007,1961,Soul,Jazz,AnnualFloor,1,0,0,0
2007,1961,Soul,Jazz,WeightedTransition,3,0,0,0
2007,1961,Soul,LatinPop,WeightedTransition,1,0,0,0
2007,1961,Soul,RnB,AnnualFloor,1,0,0,0
2007,1961,Soul,RnB,WeightedTransition,12,0,0,0
2007,1961,Soul,RockAndRoll,AnnualFloor,1,0,0,0
2007,1961,Soul,RockAndRoll,WeightedTransition,2,0,0,0
2007,1961,Soul,Soul,AnnualFloor,1,0,0,0
2007,1961,Soul,Soul,Retained,373,0,0,0
2007,1961,Soul,Soul,WeightedTransition,25,0,0,0
2007,1961,Soul,SurfRock,WeightedTransition,1,0,0,0
2007,1961,Soul,TeenPop,WeightedTransition,7,0,0,0
2007,1961,Soul,TexMex,WeightedTransition,1,0,0,0
2007,1961,Soul,TraditionalPop,WeightedTransition,7,0,0,0
2007,1961,SurfRock,Comedy,WeightedTransition,1,0,0,0
2007,1961,SurfRock,EasyListening,WeightedTransition,2,0,0,0
2007,1961,SurfRock,Gospel,WeightedTransition,1,0,0,0
2007,1961,SurfRock,RockAndRoll,WeightedTransition,5,0,0,0
2007,1961,SurfRock,SurfRock,Retained,45,0,0,0
2007,1961,SurfRock,SurfRock,WeightedTransition,2,0,0,0
2007,1961,SurfRock,TeenPop,WeightedTransition,1,0,0,0
2007,1961,SurfRock,TraditionalPop,WeightedTransition,2,0,0,0
2007,1961,TeenPop,Blues,WeightedTransition,1,0,0,0
2007,1961,TeenPop,Childrens,WeightedTransition,3,0,0,0
2007,1961,TeenPop,Comedy,WeightedTransition,1,0,0,0
2007,1961,TeenPop,ContemporaryFolk,WeightedTransition,1,0,0,0
2007,1961,TeenPop,DooWop,WeightedTransition,5,0,0,0
2007,1961,TeenPop,EasyListening,WeightedTransition,4,0,0,0
2007,1961,TeenPop,Folk,WeightedTransition,2,0,0,0
2007,1961,TeenPop,Gospel,WeightedTransition,2,0,0,0
2007,1961,TeenPop,Jazz,WeightedTransition,1,0,0,0
2007,1961,TeenPop,RnB,AnnualFloor,1,0,0,0
2007,1961,TeenPop,RnB,WeightedTransition,5,0,0,0
2007,1961,TeenPop,RockAndRoll,WeightedTransition,2,0,0,0
2007,1961,TeenPop,Soul,WeightedTransition,2,0,0,0
2007,1961,TeenPop,SurfRock,AnnualFloor,1,0,0,0
2007,1961,TeenPop,SurfRock,WeightedTransition,2,0,0,0
2007,1961,TeenPop,TeenPop,AnnualFloor,1,0,0,0
2007,1961,TeenPop,TeenPop,Retained,313,0,0,0
2007,1961,TeenPop,TeenPop,WeightedTransition,23,0,0,0
2007,1961,TeenPop,TexMex,WeightedTransition,2,0,0,0
2007,1961,TeenPop,TraditionalPop,AnnualFloor,1,0,0,0
2007,1961,TeenPop,TraditionalPop,WeightedTransition,13,0,0,0
2007,1961,TexMex,Classical,WeightedTransition,1,0,0,0
2007,1961,TexMex,EasyListening,WeightedTransition,1,0,0,0
2007,1961,TexMex,Folk,WeightedTransition,1,0,0,0
2007,1961,TexMex,Jazz,WeightedTransition,1,0,0,0
2007,1961,TexMex,TeenPop,WeightedTransition,1,0,0,0
2007,1961,TexMex,TexMex,Retained,11,0,0,0
2007,1961,TraditionalPop,Blues,WeightedTransition,2,0,0,0
2007,1961,TraditionalPop,Childrens,WeightedTransition,2,0,0,0
2007,1961,TraditionalPop,Classical,AnnualFloor,1,0,0,0
2007,1961,TraditionalPop,Classical,WeightedTransition,1,0,0,0
2007,1961,TraditionalPop,Comedy,AnnualFloor,1,0,0,0
2007,1961,TraditionalPop,Comedy,WeightedTransition,2,0,0,0
2007,1961,TraditionalPop,ContemporaryFolk,AnnualFloor,1,0,0,0
2007,1961,TraditionalPop,Country,AnnualFloor,1,0,0,0
2007,1961,TraditionalPop,Country,WeightedTransition,1,0,0,0
2007,1961,TraditionalPop,DooWop,WeightedTransition,3,0,0,0
2007,1961,TraditionalPop,EasyListening,WeightedTransition,14,0,0,0
2007,1961,TraditionalPop,Folk,WeightedTransition,2,0,0,0
2007,1961,TraditionalPop,Gospel,WeightedTransition,2,0,0,0
2007,1961,TraditionalPop,Jazz,WeightedTransition,5,0,0,0
2007,1961,TraditionalPop,LatinPop,WeightedTransition,1,0,0,0
2007,1961,TraditionalPop,RockAndRoll,WeightedTransition,2,0,0,0
2007,1961,TraditionalPop,Soul,WeightedTransition,2,0,0,0
2007,1961,TraditionalPop,SurfRock,AnnualFloor,1,0,0,0
2007,1961,TraditionalPop,SurfRock,WeightedTransition,1,0,0,0
2007,1961,TraditionalPop,TeenPop,WeightedTransition,11,0,0,0
2007,1961,TraditionalPop,TexMex,AnnualFloor,1,0,0,0
2007,1961,TraditionalPop,TexMex,WeightedTransition,1,0,0,0
2007,1961,TraditionalPop,TraditionalPop,AnnualFloor,1,0,0,0
2007,1961,TraditionalPop,TraditionalPop,Retained,316,0,0,0
2007,1961,TraditionalPop,TraditionalPop,WeightedTransition,35,0,0,0
2007,1962,Blues,Blues,Retained,22,0,0,0
2007,1962,Blues,Comedy,AnnualFloor,1,0,0,0
2007,1962,Blues,ContemporaryFolk,WeightedTransition,1,0,0,0
2007,1962,Blues,TexMex,WeightedTransition,1,0,0,0
2007,1962,BluesRock,BluesRock,Retained,4,0,0,0
2007,1962,BossaNova,BossaNova,Retained,12,0,0,0
2007,1962,BossaNova,BossaNova,WeightedTransition,1,0,0,0
2007,1962,BossaNova,Gospel,WeightedTransition,1,0,0,0
2007,1962,BossaNova,RnB,WeightedTransition,1,0,0,0
2007,1962,BossaNova,Soul,WeightedTransition,1,0,0,0
2007,1962,Childrens,Childrens,Retained,21,0,0,0
2007,1962,Childrens,Childrens,WeightedTransition,1,0,0,0
2007,1962,Childrens,Soul,WeightedTransition,1,0,0,0
2007,1962,Childrens,SurfRock,WeightedTransition,1,0,0,0
2007,1962,Classical,Classical,Retained,21,0,0,0
2007,1962,Classical,Classical,WeightedTransition,1,0,0,0
2007,1962,Classical,Country,WeightedTransition,1,0,0,0
2007,1962,Classical,DooWop,WeightedTransition,1,0,0,0
2007,1962,Classical,Jazz,WeightedTransition,1,0,0,0
2007,1962,Classical,RnB,WeightedTransition,1,0,0,0
2007,1962,Classical,TeenPop,WeightedTransition,1,0,0,0
2007,1962,Comedy,Comedy,Retained,29,0,0,0
2007,1962,Comedy,Comedy,WeightedTransition,1,0,0,0
2007,1962,Comedy,ContemporaryFolk,WeightedTransition,1,0,0,0
2007,1962,Comedy,DooWop,WeightedTransition,1,0,0,0
2007,1962,Comedy,EasyListening,WeightedTransition,1,0,0,0
2007,1962,Comedy,RockAndRoll,AnnualFloor,1,0,0,0
2007,1962,Comedy,SurfRock,WeightedTransition,2,0,0,0
2007,1962,Comedy,TexMex,WeightedTransition,1,0,0,0
2007,1962,ContemporaryFolk,ContemporaryFolk,Retained,20,0,0,0
2007,1962,ContemporaryFolk,EasyListening,WeightedTransition,1,0,0,0
2007,1962,Country,Blues,AnnualFloor,1,0,0,0
2007,1962,Country,Childrens,AnnualFloor,2,0,0,0
2007,1962,Country,ContemporaryFolk,AnnualFloor,2,0,0,0
2007,1962,Country,Country,AnnualFloor,2,0,0,0
2007,1962,Country,Country,Retained,164,0,0,0
2007,1962,Country,Country,WeightedTransition,20,0,0,0
2007,1962,Country,EasyListening,WeightedTransition,4,0,0,0
2007,1962,Country,Folk,WeightedTransition,3,0,0,0
2007,1962,Country,Gospel,WeightedTransition,1,0,0,0
2007,1962,Country,Jazz,AnnualFloor,1,0,0,0
2007,1962,Country,Jazz,WeightedTransition,1,0,0,0
2007,1962,Country,LatinPop,WeightedTransition,1,0,0,0
2007,1962,Country,RnB,WeightedTransition,1,0,0,0
2007,1962,Country,RockAndRoll,WeightedTransition,3,0,0,0
2007,1962,Country,Soul,WeightedTransition,1,0,0,0
2007,1962,Country,TeenPop,WeightedTransition,1,0,0,0
2007,1962,Country,TraditionalPop,WeightedTransition,3,0,0,0
2007,1962,DooWop,BossaNova,AnnualFloor,1,0,0,0
2007,1962,DooWop,BossaNova,WeightedTransition,2,0,0,0
2007,1962,DooWop,Childrens,AnnualFloor,1,0,0,0
2007,1962,DooWop,Childrens,WeightedTransition,2,0,0,0
2007,1962,DooWop,Classical,AnnualFloor,1,0,0,0
2007,1962,DooWop,Comedy,WeightedTransition,1,0,0,0
2007,1962,DooWop,ContemporaryFolk,WeightedTransition,2,0,0,0
2007,1962,DooWop,Country,WeightedTransition,2,0,0,0
2007,1962,DooWop,DooWop,Retained,251,0,0,0
2007,1962,DooWop,DooWop,WeightedTransition,14,0,0,0
2007,1962,DooWop,EasyListening,WeightedTransition,6,0,0,0
2007,1962,DooWop,Folk,AnnualFloor,1,0,0,0
2007,1962,DooWop,Folk,WeightedTransition,3,0,0,0
2007,1962,DooWop,Gospel,WeightedTransition,2,0,0,0
2007,1962,DooWop,Jazz,WeightedTransition,3,0,0,0
2007,1962,DooWop,RnB,WeightedTransition,9,0,0,0
2007,1962,DooWop,RockAndRoll,WeightedTransition,2,0,0,0
2007,1962,DooWop,Soul,WeightedTransition,14,0,0,0
2007,1962,DooWop,SurfRock,AnnualFloor,1,0,0,0
2007,1962,DooWop,SurfRock,WeightedTransition,2,0,0,0
2007,1962,DooWop,TeenPop,AnnualFloor,1,0,0,0
2007,1962,DooWop,TeenPop,WeightedTransition,5,0,0,0
2007,1962,DooWop,TexMex,AnnualFloor,1,0,0,0
2007,1962,DooWop,TraditionalPop,WeightedTransition,8,0,0,0
2007,1962,EasyListening,Blues,WeightedTransition,1,0,0,0
2007,1962,EasyListening,Childrens,WeightedTransition,1,0,0,0
2007,1962,EasyListening,DooWop,WeightedTransition,1,0,0,0
2007,1962,EasyListening,EasyListening,Retained,47,0,0,0
2007,1962,EasyListening,EasyListening,WeightedTransition,4,0,0,0
2007,1962,EasyListening,Gospel,WeightedTransition,1,0,0,0
2007,1962,EasyListening,SurfRock,WeightedTransition,1,0,0,0
2007,1962,EasyListening,TeenPop,WeightedTransition,1,0,0,0
2007,1962,EasyListening,TraditionalPop,WeightedTransition,2,0,0,0
2007,1962,Folk,BossaNova,WeightedTransition,1,0,0,0
2007,1962,Folk,Childrens,WeightedTransition,1,0,0,0
2007,1962,Folk,Comedy,AnnualFloor,1,0,0,0
2007,1962,Folk,ContemporaryFolk,WeightedTransition,1,0,0,0
2007,1962,Folk,Country,WeightedTransition,4,0,0,0
2007,1962,Folk,Folk,Retained,142,0,0,0
2007,1962,Folk,Folk,WeightedTransition,15,0,0,0
2007,1962,Folk,Jazz,WeightedTransition,1,0,0,0
2007,1962,Folk,LatinPop,WeightedTransition,1,0,0,0
2007,1962,Folk,RnB,WeightedTransition,2,0,0,0
2007,1962,Folk,RockAndRoll,WeightedTransition,2,0,0,0
2007,1962,Folk,Soul,WeightedTransition,3,0,0,0
2007,1962,Folk,TeenPop,WeightedTransition,1,0,0,0
2007,1962,Folk,TexMex,WeightedTransition,1,0,0,0
2007,1962,Folk,TraditionalPop,WeightedTransition,2,0,0,0
2007,1962,Gospel,Blues,WeightedTransition,2,0,0,0
2007,1962,Gospel,Childrens,WeightedTransition,1,0,0,0
2007,1962,Gospel,ContemporaryFolk,WeightedTransition,1,0,0,0
2007,1962,Gospel,Country,WeightedTransition,5,0,0,0
2007,1962,Gospel,DooWop,WeightedTransition,6,0,0,0
2007,1962,Gospel,EasyListening,WeightedTransition,2,0,0,0
2007,1962,Gospel,Gospel,Retained,150,0,0,0
2007,1962,Gospel,Gospel,WeightedTransition,14,0,0,0
2007,1962,Gospel,RnB,AnnualFloor,1,0,0,0
2007,1962,Gospel,RnB,WeightedTransition,3,0,0,0
2007,1962,Gospel,RockAndRoll,WeightedTransition,1,0,0,0
2007,1962,Gospel,Soul,WeightedTransition,3,0,0,0
2007,1962,Gospel,SurfRock,WeightedTransition,1,0,0,0
2007,1962,Gospel,TeenPop,WeightedTransition,2,0,0,0
2007,1962,Gospel,TexMex,WeightedTransition,1,0,0,0
2007,1962,Gospel,TraditionalPop,AnnualFloor,1,0,0,0
2007,1962,Gospel,TraditionalPop,WeightedTransition,3,0,0,0
2007,1962,Jazz,BossaNova,WeightedTransition,2,0,0,0
2007,1962,Jazz,Classical,WeightedTransition,1,0,0,0
2007,1962,Jazz,Comedy,WeightedTransition,1,0,0,0
2007,1962,Jazz,ContemporaryFolk,WeightedTransition,2,0,0,0
2007,1962,Jazz,Country,WeightedTransition,3,0,0,0
2007,1962,Jazz,DooWop,WeightedTransition,3,0,0,0
2007,1962,Jazz,EasyListening,WeightedTransition,1,0,0,0
2007,1962,Jazz,Folk,WeightedTransition,2,0,0,0
2007,1962,Jazz,Jazz,AnnualFloor,1,0,0,0
2007,1962,Jazz,Jazz,Retained,140,0,0,0
2007,1962,Jazz,Jazz,WeightedTransition,9,0,0,0
2007,1962,Jazz,RnB,WeightedTransition,5,0,0,0
2007,1962,Jazz,RockAndRoll,AnnualFloor,1,0,0,0
2007,1962,Jazz,RockAndRoll,WeightedTransition,2,0,0,0
2007,1962,Jazz,Soul,WeightedTransition,2,0,0,0
2007,1962,Jazz,SurfRock,WeightedTransition,2,0,0,0
2007,1962,Jazz,TeenPop,WeightedTransition,2,0,0,0
2007,1962,Jazz,TexMex,WeightedTransition,1,0,0,0
2007,1962,Jazz,TraditionalPop,WeightedTransition,2,0,0,0
2007,1962,LatinPop,ContemporaryFolk,WeightedTransition,1,0,0,0
2007,1962,LatinPop,DooWop,WeightedTransition,1,0,0,0
2007,1962,LatinPop,Gospel,WeightedTransition,1,0,0,0
2007,1962,LatinPop,LatinPop,Retained,22,0,0,0
2007,1962,LatinPop,RockAndRoll,WeightedTransition,1,0,0,0
2007,1962,LatinPop,Soul,WeightedTransition,1,0,0,0
2007,1962,RnB,Blues,WeightedTransition,1,0,0,0
2007,1962,RnB,BossaNova,WeightedTransition,2,0,0,0
2007,1962,RnB,Childrens,WeightedTransition,1,0,0,0
2007,1962,RnB,Classical,WeightedTransition,1,0,0,0
2007,1962,RnB,Comedy,WeightedTransition,1,0,0,0
2007,1962,RnB,ContemporaryFolk,WeightedTransition,3,0,0,0
2007,1962,RnB,Country,WeightedTransition,3,0,0,0
2007,1962,RnB,DooWop,WeightedTransition,8,0,0,0
2007,1962,RnB,EasyListening,WeightedTransition,2,0,0,0
2007,1962,RnB,Folk,WeightedTransition,5,0,0,0
2007,1962,RnB,Gospel,WeightedTransition,6,0,0,0
2007,1962,RnB,Jazz,AnnualFloor,1,0,0,0
2007,1962,RnB,Jazz,WeightedTransition,3,0,0,0
2007,1962,RnB,LatinPop,WeightedTransition,1,0,0,0
2007,1962,RnB,RnB,AnnualFloor,2,0,0,0
2007,1962,RnB,RnB,Retained,352,0,0,0
2007,1962,RnB,RnB,WeightedTransition,25,0,0,0
2007,1962,RnB,RockAndRoll,WeightedTransition,3,0,0,0
2007,1962,RnB,Soul,WeightedTransition,7,0,0,0
2007,1962,RnB,SurfRock,WeightedTransition,2,0,0,0
2007,1962,RnB,TeenPop,WeightedTransition,4,0,0,0
2007,1962,RnB,TexMex,AnnualFloor,2,0,0,0
2007,1962,RnB,TraditionalPop,WeightedTransition,8,0,0,0
2007,1962,RockAndRoll,Blues,AnnualFloor,1,0,0,0
2007,1962,RockAndRoll,BossaNova,WeightedTransition,3,0,0,0
2007,1962,RockAndRoll,Childrens,WeightedTransition,1,0,0,0
2007,1962,RockAndRoll,Classical,AnnualFloor,1,0,0,0
2007,1962,RockAndRoll,Classical,WeightedTransition,1,0,0,0
2007,1962,RockAndRoll,Comedy,AnnualFloor,1,0,0,0
2007,1962,RockAndRoll,Comedy,WeightedTransition,1,0,0,0
2007,1962,RockAndRoll,ContemporaryFolk,AnnualFloor,1,0,0,0
2007,1962,RockAndRoll,ContemporaryFolk,WeightedTransition,2,0,0,0
2007,1962,RockAndRoll,Country,AnnualFloor,1,0,0,0
2007,1962,RockAndRoll,Country,WeightedTransition,4,0,0,0
2007,1962,RockAndRoll,DooWop,WeightedTransition,5,0,0,0
2007,1962,RockAndRoll,EasyListening,WeightedTransition,5,0,0,0
2007,1962,RockAndRoll,Folk,WeightedTransition,2,0,0,0
2007,1962,RockAndRoll,Gospel,AnnualFloor,2,0,0,0
2007,1962,RockAndRoll,Gospel,WeightedTransition,3,0,0,0
2007,1962,RockAndRoll,Jazz,WeightedTransition,2,0,0,0
2007,1962,RockAndRoll,LatinPop,WeightedTransition,3,0,0,0
2007,1962,RockAndRoll,RnB,WeightedTransition,7,0,0,0
2007,1962,RockAndRoll,RockAndRoll,AnnualFloor,1,0,0,0
2007,1962,RockAndRoll,RockAndRoll,Retained,410,0,0,0
2007,1962,RockAndRoll,RockAndRoll,WeightedTransition,39,0,0,0
2007,1962,RockAndRoll,Soul,WeightedTransition,7,0,0,0
2007,1962,RockAndRoll,SurfRock,WeightedTransition,10,0,0,0
2007,1962,RockAndRoll,TeenPop,WeightedTransition,9,0,0,0
2007,1962,RockAndRoll,TexMex,WeightedTransition,1,0,0,0
2007,1962,RockAndRoll,TraditionalPop,WeightedTransition,6,0,0,0
2007,1962,Soul,Blues,AnnualFloor,1,0,0,0
2007,1962,Soul,Blues,WeightedTransition,2,0,0,0
2007,1962,Soul,BossaNova,WeightedTransition,1,0,0,0
2007,1962,Soul,Childrens,WeightedTransition,1,0,0,0
2007,1962,Soul,Classical,AnnualFloor,1,0,0,0
2007,1962,Soul,Classical,WeightedTransition,1,0,0,0
2007,1962,Soul,ContemporaryFolk,WeightedTransition,2,0,0,0
2007,1962,Soul,Country,WeightedTransition,5,0,0,0
2007,1962,Soul,DooWop,AnnualFloor,1,0,0,0
2007,1962,Soul,DooWop,WeightedTransition,8,0,0,0
2007,1962,Soul,EasyListening,AnnualFloor,1,0,0,0
2007,1962,Soul,EasyListening,WeightedTransition,6,0,0,0
2007,1962,Soul,Folk,AnnualFloor,1,0,0,0
2007,1962,Soul,Folk,WeightedTransition,1,0,0,0
2007,1962,Soul,Gospel,WeightedTransition,2,0,0,0
2007,1962,Soul,LatinPop,AnnualFloor,1,0,0,0
2007,1962,Soul,RnB,WeightedTransition,6,0,0,0
2007,1962,Soul,RockAndRoll,WeightedTransition,2,0,0,0
2007,1962,Soul,Soul,AnnualFloor,3,0,0,0
2007,1962,Soul,Soul,Retained,349,0,0,0
2007,1962,Soul,Soul,WeightedTransition,27,0,0,0
2007,1962,Soul,SurfRock,WeightedTransition,6,0,0,0
2007,1962,Soul,TeenPop,WeightedTransition,8,0,0,0
2007,1962,Soul,TexMex,WeightedTransition,2,0,0,0
2007,1962,Soul,TraditionalPop,WeightedTransition,7,0,0,0
2007,1962,SurfRock,BossaNova,WeightedTransition,1,0,0,0
2007,1962,SurfRock,Childrens,WeightedTransition,1,0,0,0
2007,1962,SurfRock,Classical,WeightedTransition,1,0,0,0
2007,1962,SurfRock,EasyListening,WeightedTransition,1,0,0,0
2007,1962,SurfRock,Folk,WeightedTransition,3,0,0,0
2007,1962,SurfRock,Gospel,WeightedTransition,1,0,0,0
2007,1962,SurfRock,Jazz,WeightedTransition,1,0,0,0
2007,1962,SurfRock,LatinPop,AnnualFloor,1,0,0,0
2007,1962,SurfRock,RnB,WeightedTransition,3,0,0,0
2007,1962,SurfRock,RockAndRoll,WeightedTransition,3,0,0,0
2007,1962,SurfRock,Soul,WeightedTransition,2,0,0,0
2007,1962,SurfRock,SurfRock,AnnualFloor,1,0,0,0
2007,1962,SurfRock,SurfRock,Retained,70,0,0,0
2007,1962,SurfRock,SurfRock,WeightedTransition,6,0,0,0
2007,1962,SurfRock,TeenPop,WeightedTransition,2,0,0,0
2007,1962,SurfRock,TexMex,WeightedTransition,1,0,0,0
2007,1962,TeenPop,Blues,WeightedTransition,1,0,0,0
2007,1962,TeenPop,BossaNova,WeightedTransition,2,0,0,0
2007,1962,TeenPop,Childrens,WeightedTransition,2,0,0,0
2007,1962,TeenPop,Classical,WeightedTransition,1,0,0,0
2007,1962,TeenPop,Comedy,WeightedTransition,2,0,0,0
2007,1962,TeenPop,ContemporaryFolk,WeightedTransition,2,0,0,0
2007,1962,TeenPop,Country,WeightedTransition,1,0,0,0
2007,1962,TeenPop,DooWop,AnnualFloor,2,0,0,0
2007,1962,TeenPop,DooWop,WeightedTransition,2,0,0,0
2007,1962,TeenPop,EasyListening,AnnualFloor,1,0,0,0
2007,1962,TeenPop,EasyListening,WeightedTransition,7,0,0,0
2007,1962,TeenPop,Folk,WeightedTransition,2,0,0,0
2007,1962,TeenPop,Gospel,AnnualFloor,1,0,0,0
2007,1962,TeenPop,Jazz,WeightedTransition,1,0,0,0
2007,1962,TeenPop,LatinPop,WeightedTransition,2,0,0,0
2007,1962,TeenPop,Soul,WeightedTransition,4,0,0,0
2007,1962,TeenPop,SurfRock,AnnualFloor,1,0,0,0
2007,1962,TeenPop,SurfRock,WeightedTransition,1,0,0,0
2007,1962,TeenPop,TeenPop,AnnualFloor,1,0,0,0
2007,1962,TeenPop,TeenPop,Retained,251,0,0,0
2007,1962,TeenPop,TeenPop,WeightedTransition,24,0,0,0
2007,1962,TeenPop,TexMex,WeightedTransition,1,0,0,0
2007,1962,TeenPop,TraditionalPop,WeightedTransition,5,0,0,0
2007,1962,TexMex,Classical,WeightedTransition,1,0,0,0
2007,1962,TexMex,LatinPop,AnnualFloor,1,0,0,0
2007,1962,TexMex,Soul,WeightedTransition,1,0,0,0
2007,1962,TexMex,TexMex,Retained,19,0,0,0
2007,1962,TexMex,TexMex,WeightedTransition,1,0,0,0
2007,1962,TraditionalPop,Blues,WeightedTransition,1,0,0,0
2007,1962,TraditionalPop,BossaNova,AnnualFloor,2,0,0,0
2007,1962,TraditionalPop,Childrens,WeightedTransition,1,0,0,0
2007,1962,TraditionalPop,Comedy,WeightedTransition,1,0,0,0
2007,1962,TraditionalPop,ContemporaryFolk,WeightedTransition,2,0,0,0
2007,1962,TraditionalPop,Country,WeightedTransition,4,0,0,0
2007,1962,TraditionalPop,DooWop,WeightedTransition,1,0,0,0
2007,1962,TraditionalPop,EasyListening,AnnualFloor,1,0,0,0
2007,1962,TraditionalPop,EasyListening,WeightedTransition,10,0,0,0
2007,1962,TraditionalPop,Folk,AnnualFloor,1,0,0,0
2007,1962,TraditionalPop,Folk,WeightedTransition,6,0,0,0
2007,1962,TraditionalPop,Gospel,WeightedTransition,1,0,0,0
2007,1962,TraditionalPop,Jazz,WeightedTransition,4,0,0,0
2007,1962,TraditionalPop,LatinPop,WeightedTransition,2,0,0,0
2007,1962,TraditionalPop,RnB,WeightedTransition,3,0,0,0
2007,1962,TraditionalPop,RockAndRoll,WeightedTransition,3,0,0,0
2007,1962,TraditionalPop,Soul,WeightedTransition,2,0,0,0
2007,1962,TraditionalPop,SurfRock,WeightedTransition,4,0,0,0
2007,1962,TraditionalPop,TeenPop,AnnualFloor,1,0,0,0
2007,1962,TraditionalPop,TeenPop,WeightedTransition,12,0,0,0
2007,1962,TraditionalPop,TexMex,WeightedTransition,1,0,0,0
2007,1962,TraditionalPop,TraditionalPop,AnnualFloor,2,0,0,0
2007,1962,TraditionalPop,TraditionalPop,Retained,273,0,0,0
2007,1962,TraditionalPop,TraditionalPop,WeightedTransition,26,0,0,0
2007,1963,Blues,Blues,Retained,31,0,0,0
2007,1963,Blues,Blues,WeightedTransition,1,0,0,0
2007,1963,Blues,BossaNova,WeightedTransition,4,0,0,0
2007,1963,Blues,Childrens,WeightedTransition,1,0,0,0
2007,1963,Blues,Gospel,AnnualFloor,1,0,0,0
2007,1963,Blues,Gospel,WeightedTransition,1,0,0,0
2007,1963,Blues,Jazz,WeightedTransition,1,0,0,0
2007,1963,Blues,RnB,WeightedTransition,1,0,0,0
2007,1963,Blues,Soul,WeightedTransition,1,0,0,0
2007,1963,Blues,SurfRock,WeightedTransition,1,0,0,0
2007,1963,Blues,TeenPop,WeightedTransition,1,0,0,0
2007,1963,BossaNova,BossaNova,Retained,19,0,0,0
2007,1963,BossaNova,BossaNova,WeightedTransition,5,0,0,0
2007,1963,BossaNova,Country,WeightedTransition,1,0,0,0
2007,1963,BossaNova,Jazz,AnnualFloor,1,0,0,0
2007,1963,BossaNova,SurfRock,WeightedTransition,1,0,0,0
2007,1963,BossaNova,TeenPop,WeightedTransition,1,0,0,0
2007,1963,Childrens,Childrens,Retained,20,0,0,0
2007,1963,Childrens,Childrens,WeightedTransition,1,0,0,0
2007,1963,Childrens,ContemporaryFolk,AnnualFloor,1,0,0,0
2007,1963,Childrens,LatinPop,WeightedTransition,1,0,0,0
2007,1963,Childrens,Soul,WeightedTransition,1,0,0,0
2007,1963,Childrens,SurfRock,WeightedTransition,1,0,0,0
2007,1963,Childrens,TeenPop,WeightedTransition,1,0,0,0
2007,1963,Childrens,TraditionalPop,WeightedTransition,1,0,0,0
2007,1963,Classical,Classical,Retained,16,0,0,0
2007,1963,Classical,Classical,WeightedTransition,1,0,0,0
2007,1963,Classical,ContemporaryFolk,WeightedTransition,1,0,0,0
2007,1963,Classical,Country,WeightedTransition,1,0,0,0
2007,1963,Classical,DooWop,WeightedTransition,1,0,0,0
2007,1963,Classical,Gospel,WeightedTransition,1,0,0,0
2007,1963,Classical,Jazz,WeightedTransition,1,0,0,0
2007,1963,Classical,RnB,WeightedTransition,1,0,0,0
2007,1963,Classical,SurfRock,WeightedTransition,1,0,0,0
2007,1963,Classical,TeenPop,WeightedTransition,1,0,0,0
2007,1963,Classical,TraditionalPop,WeightedTransition,1,0,0,0
2007,1963,Comedy,BossaNova,WeightedTransition,1,0,0,0
2007,1963,Comedy,Comedy,Retained,36,0,0,0
2007,1963,Comedy,DooWop,WeightedTransition,1,0,0,0
2007,1963,Comedy,Folk,WeightedTransition,1,0,0,0
2007,1963,Comedy,RnB,WeightedTransition,1,0,0,0
2007,1963,Comedy,Soul,AnnualFloor,1,0,0,0
2007,1963,Comedy,SurfRock,WeightedTransition,1,0,0,0
2007,1963,Comedy,TeenPop,WeightedTransition,1,0,0,0
2007,1963,ContemporaryFolk,ContemporaryFolk,Retained,19,0,0,0
2007,1963,ContemporaryFolk,ContemporaryFolk,WeightedTransition,1,0,0,0
2007,1963,ContemporaryFolk,Folk,WeightedTransition,2,0,0,0
2007,1963,ContemporaryFolk,Gospel,WeightedTransition,1,0,0,0
2007,1963,ContemporaryFolk,RockAndRoll,WeightedTransition,2,0,0,0
2007,1963,ContemporaryFolk,Soul,WeightedTransition,1,0,0,0
2007,1963,Country,BossaNova,WeightedTransition,2,0,0,0
2007,1963,Country,Childrens,WeightedTransition,1,0,0,0
2007,1963,Country,Classical,AnnualFloor,1,0,0,0
2007,1963,Country,ContemporaryFolk,WeightedTransition,2,0,0,0
2007,1963,Country,Country,AnnualFloor,1,0,0,0
2007,1963,Country,Country,Retained,154,0,0,0
2007,1963,Country,Country,WeightedTransition,15,0,0,0
2007,1963,Country,DooWop,WeightedTransition,1,0,0,0
2007,1963,Country,Folk,AnnualFloor,1,0,0,0
2007,1963,Country,Folk,WeightedTransition,4,0,0,0
2007,1963,Country,Gospel,WeightedTransition,2,0,0,0
2007,1963,Country,Jazz,WeightedTransition,1,0,0,0
2007,1963,Country,LatinPop,WeightedTransition,1,0,0,0
2007,1963,Country,RnB,WeightedTransition,3,0,0,0
2007,1963,Country,RockAndRoll,WeightedTransition,3,0,0,0
2007,1963,Country,Soul,WeightedTransition,3,0,0,0
2007,1963,Country,SurfRock,AnnualFloor,1,0,0,0
2007,1963,Country,SurfRock,WeightedTransition,1,0,0,0
2007,1963,Country,TeenPop,WeightedTransition,3,0,0,0
2007,1963,Country,TraditionalPop,WeightedTransition,4,0,0,0
2007,1963,DooWop,Blues,AnnualFloor,1,0,0,0
2007,1963,DooWop,Blues,WeightedTransition,1,0,0,0
2007,1963,DooWop,BossaNova,AnnualFloor,1,0,0,0
2007,1963,DooWop,BossaNova,WeightedTransition,2,0,0,0
2007,1963,DooWop,Childrens,WeightedTransition,2,0,0,0
2007,1963,DooWop,Classical,AnnualFloor,1,0,0,0
2007,1963,DooWop,Classical,WeightedTransition,1,0,0,0
2007,1963,DooWop,Comedy,WeightedTransition,3,0,0,0
2007,1963,DooWop,ContemporaryFolk,WeightedTransition,2,0,0,0
2007,1963,DooWop,Country,AnnualFloor,1,0,0,0
2007,1963,DooWop,Country,WeightedTransition,1,0,0,0
2007,1963,DooWop,DooWop,AnnualFloor,1,0,0,0
2007,1963,DooWop,DooWop,Retained,235,0,0,0
2007,1963,DooWop,DooWop,WeightedTransition,11,0,0,0
2007,1963,DooWop,EasyListening,WeightedTransition,4,0,0,0
2007,1963,DooWop,GarageRock,WeightedTransition,1,0,0,0
2007,1963,DooWop,Gospel,WeightedTransition,1,0,0,0
2007,1963,DooWop,Jazz,WeightedTransition,2,0,0,0
2007,1963,DooWop,LatinPop,AnnualFloor,1,0,0,0
2007,1963,DooWop,LatinPop,WeightedTransition,1,0,0,0
2007,1963,DooWop,RnB,WeightedTransition,9,0,0,0
2007,1963,DooWop,RockAndRoll,WeightedTransition,4,0,0,0
2007,1963,DooWop,Soul,WeightedTransition,9,0,0,0
2007,1963,DooWop,SurfRock,WeightedTransition,5,0,0,0
2007,1963,DooWop,TeenPop,WeightedTransition,5,0,0,0
2007,1963,DooWop,TraditionalPop,WeightedTransition,5,0,0,0
2007,1963,EasyListening,ContemporaryFolk,WeightedTransition,1,0,0,0
2007,1963,EasyListening,Country,WeightedTransition,1,0,0,0
2007,1963,EasyListening,EasyListening,Retained,30,0,0,0
2007,1963,EasyListening,EasyListening,WeightedTransition,4,0,0,0
2007,1963,EasyListening,GarageRock,AnnualFloor,1,0,0,0
2007,1963,EasyListening,LatinPop,AnnualFloor,1,0,0,0
2007,1963,EasyListening,Soul,WeightedTransition,1,0,0,0
2007,1963,EasyListening,SurfRock,WeightedTransition,1,0,0,0
2007,1963,EasyListening,TeenPop,WeightedTransition,2,0,0,0
2007,1963,EasyListening,TraditionalPop,WeightedTransition,1,0,0,0
2007,1963,Folk,Blues,WeightedTransition,1,0,0,0
2007,1963,Folk,Classical,WeightedTransition,1,0,0,0
2007,1963,Folk,Comedy,AnnualFloor,1,0,0,0
2007,1963,Folk,ContemporaryFolk,WeightedTransition,5,0,0,0
2007,1963,Folk,Country,WeightedTransition,2,0,0,0
2007,1963,Folk,DooWop,WeightedTransition,2,0,0,0
2007,1963,Folk,Folk,AnnualFloor,2,0,0,0
2007,1963,Folk,Folk,Retained,124,0,0,0
2007,1963,Folk,Folk,WeightedTransition,14,0,0,0
2007,1963,Folk,GarageRock,WeightedTransition,1,0,0,0
2007,1963,Folk,Gospel,WeightedTransition,1,0,0,0
2007,1963,Folk,LatinPop,WeightedTransition,1,0,0,0
2007,1963,Folk,RockAndRoll,WeightedTransition,1,0,0,0
2007,1963,Folk,TeenPop,WeightedTransition,1,0,0,0
2007,1963,Folk,TraditionalPop,WeightedTransition,3,0,0,0
2007,1963,GarageRock,GarageRock,Retained,4,0,0,0
2007,1963,GarageRock,GarageRock,WeightedTransition,1,0,0,0
2007,1963,Gospel,BossaNova,AnnualFloor,1,0,0,0
2007,1963,Gospel,BossaNova,WeightedTransition,3,0,0,0
2007,1963,Gospel,Childrens,WeightedTransition,1,0,0,0
2007,1963,Gospel,Classical,WeightedTransition,1,0,0,0
2007,1963,Gospel,Comedy,AnnualFloor,1,0,0,0
2007,1963,Gospel,ContemporaryFolk,WeightedTransition,2,0,0,0
2007,1963,Gospel,Country,AnnualFloor,1,0,0,0
2007,1963,Gospel,Country,WeightedTransition,4,0,0,0
2007,1963,Gospel,DooWop,WeightedTransition,5,0,0,0
2007,1963,Gospel,EasyListening,WeightedTransition,1,0,0,0
2007,1963,Gospel,Folk,WeightedTransition,2,0,0,0
2007,1963,Gospel,GarageRock,AnnualFloor,1,0,0,0
2007,1963,Gospel,GarageRock,WeightedTransition,1,0,0,0
2007,1963,Gospel,Gospel,AnnualFloor,2,0,0,0
2007,1963,Gospel,Gospel,Retained,149,0,0,0
2007,1963,Gospel,Gospel,WeightedTransition,10,0,0,0
2007,1963,Gospel,Jazz,WeightedTransition,3,0,0,0
2007,1963,Gospel,RnB,WeightedTransition,3,0,0,0
2007,1963,Gospel,RockAndRoll,WeightedTransition,1,0,0,0
2007,1963,Gospel,Soul,WeightedTransition,9,0,0,0
2007,1963,Gospel,SurfRock,WeightedTransition,3,0,0,0
2007,1963,Gospel,TraditionalPop,AnnualFloor,1,0,0,0
2007,1963,Gospel,TraditionalPop,WeightedTransition,1,0,0,0
2007,1963,Jazz,BossaNova,WeightedTransition,2,0,0,0
2007,1963,Jazz,Comedy,WeightedTransition,1,0,0,0
2007,1963,Jazz,ContemporaryFolk,WeightedTransition,1,0,0,0
2007,1963,Jazz,DooWop,WeightedTransition,3,0,0,0
2007,1963,Jazz,EasyListening,WeightedTransition,1,0,0,0
2007,1963,Jazz,GarageRock,WeightedTransition,1,0,0,0
2007,1963,Jazz,Gospel,WeightedTransition,3,0,0,0
2007,1963,Jazz,Jazz,AnnualFloor,1,0,0,0
2007,1963,Jazz,Jazz,Retained,120,0,0,0
2007,1963,Jazz,Jazz,WeightedTransition,13,0,0,0
2007,1963,Jazz,LatinPop,WeightedTransition,1,0,0,0
2007,1963,Jazz,RnB,WeightedTransition,2,0,0,0
2007,1963,Jazz,Soul,WeightedTransition,5,0,0,0
2007,1963,Jazz,SurfRock,WeightedTransition,1,0,0,0
2007,1963,Jazz,TraditionalPop,WeightedTransition,4,0,0,0
2007,1963,LatinPop,Country,WeightedTransition,1,0,0,0
2007,1963,LatinPop,EasyListening,WeightedTransition,1,0,0,0
2007,1963,LatinPop,Folk,WeightedTransition,1,0,0,0
2007,1963,LatinPop,LatinPop,Retained,15,0,0,0
2007,1963,LatinPop,LatinPop,WeightedTransition,2,0,0,0
2007,1963,LatinPop,RockAndRoll,WeightedTransition,1,0,0,0
2007,1963,LatinPop,Soul,WeightedTransition,1,0,0,0
2007,1963,LatinPop,SurfRock,WeightedTransition,1,0,0,0
2007,1963,LatinPop,TexMex,WeightedTransition,3,0,0,0
2007,1963,LatinPop,TraditionalPop,WeightedTransition,1,0,0,0
2007,1963,RnB,Blues,WeightedTransition,1,0,0,0
2007,1963,RnB,BossaNova,AnnualFloor,1,0,0,0
2007,1963,RnB,Childrens,AnnualFloor,1,0,0,0
2007,1963,RnB,Childrens,WeightedTransition,2,0,0,0
2007,1963,RnB,Classical,WeightedTransition,3,0,0,0
2007,1963,RnB,Comedy,WeightedTransition,2,0,0,0
2007,1963,RnB,ContemporaryFolk,AnnualFloor,1,0,0,0
2007,1963,RnB,ContemporaryFolk,WeightedTransition,1,0,0,0
2007,1963,RnB,Country,WeightedTransition,8,0,0,0
2007,1963,RnB,DooWop,WeightedTransition,11,0,0,0
2007,1963,RnB,EasyListening,WeightedTransition,4,0,0,0
2007,1963,RnB,Folk,WeightedTransition,4,0,0,0
2007,1963,RnB,Gospel,WeightedTransition,4,0,0,0
2007,1963,RnB,Jazz,WeightedTransition,2,0,0,0
2007,1963,RnB,RnB,AnnualFloor,2,0,0,0
2007,1963,RnB,RnB,Retained,331,0,0,0
2007,1963,RnB,RnB,WeightedTransition,24,0,0,0
2007,1963,RnB,RockAndRoll,WeightedTransition,2,0,0,0
2007,1963,RnB,Soul,WeightedTransition,13,0,0,0
2007,1963,RnB,SurfRock,WeightedTransition,2,0,0,0
2007,1963,RnB,TeenPop,WeightedTransition,4,0,0,0
2007,1963,RnB,TexMex,WeightedTransition,1,0,0,0
2007,1963,RnB,TraditionalPop,WeightedTransition,1,0,0,0
2007,1963,RockAndRoll,Blues,AnnualFloor,1,0,0,0
2007,1963,RockAndRoll,Blues,WeightedTransition,3,0,0,0
2007,1963,RockAndRoll,BossaNova,WeightedTransition,4,0,0,0
2007,1963,RockAndRoll,Childrens,WeightedTransition,1,0,0,0
2007,1963,RockAndRoll,Classical,AnnualFloor,1,0,0,0
2007,1963,RockAndRoll,Comedy,WeightedTransition,1,0,0,0
2007,1963,RockAndRoll,ContemporaryFolk,AnnualFloor,1,0,0,0
2007,1963,RockAndRoll,ContemporaryFolk,WeightedTransition,1,0,0,0
2007,1963,RockAndRoll,Country,WeightedTransition,3,0,0,0
2007,1963,RockAndRoll,DooWop,WeightedTransition,3,0,0,0
2007,1963,RockAndRoll,EasyListening,WeightedTransition,5,0,0,0
2007,1963,RockAndRoll,Folk,WeightedTransition,4,0,0,0
2007,1963,RockAndRoll,GarageRock,AnnualFloor,1,0,0,0
2007,1963,RockAndRoll,GarageRock,WeightedTransition,2,0,0,0
2007,1963,RockAndRoll,Gospel,WeightedTransition,4,0,0,0
2007,1963,RockAndRoll,LatinPop,WeightedTransition,1,0,0,0
2007,1963,RockAndRoll,RnB,WeightedTransition,8,0,0,0
2007,1963,RockAndRoll,RockAndRoll,AnnualFloor,2,0,0,0
2007,1963,RockAndRoll,RockAndRoll,Retained,366,0,0,0
2007,1963,RockAndRoll,RockAndRoll,WeightedTransition,28,0,0,0
2007,1963,RockAndRoll,Soul,WeightedTransition,11,0,0,0
2007,1963,RockAndRoll,SurfRock,AnnualFloor,1,0,0,0
2007,1963,RockAndRoll,SurfRock,WeightedTransition,5,0,0,0
2007,1963,RockAndRoll,TeenPop,AnnualFloor,1,0,0,0
2007,1963,RockAndRoll,TeenPop,WeightedTransition,4,0,0,0
2007,1963,RockAndRoll,TexMex,AnnualFloor,1,0,0,0
2007,1963,RockAndRoll,TraditionalPop,WeightedTransition,3,0,0,0
2007,1963,Soul,Blues,WeightedTransition,1,0,0,0
2007,1963,Soul,Childrens,AnnualFloor,1,0,0,0
2007,1963,Soul,Childrens,WeightedTransition,1,0,0,0
2007,1963,Soul,Classical,WeightedTransition,4,0,0,0
2007,1963,Soul,Comedy,WeightedTransition,4,0,0,0
2007,1963,Soul,ContemporaryFolk,WeightedTransition,4,0,0,0
2007,1963,Soul,Country,WeightedTransition,1,0,0,0
2007,1963,Soul,DooWop,AnnualFloor,2,0,0,0
2007,1963,Soul,DooWop,WeightedTransition,7,0,0,0
2007,1963,Soul,EasyListening,AnnualFloor,1,0,0,0
2007,1963,Soul,EasyListening,WeightedTransition,5,0,0,0
2007,1963,Soul,Folk,WeightedTransition,4,0,0,0
2007,1963,Soul,Gospel,WeightedTransition,2,0,0,0
2007,1963,Soul,Jazz,AnnualFloor,1,0,0,0
2007,1963,Soul,LatinPop,AnnualFloor,1,0,0,0
2007,1963,Soul,RnB,AnnualFloor,1,0,0,0
2007,1963,Soul,RnB,WeightedTransition,10,0,0,0
2007,1963,Soul,Soul,AnnualFloor,2,0,0,0
2007,1963,Soul,Soul,Retained,329,0,0,0
2007,1963,Soul,Soul,WeightedTransition,33,0,0,0
2007,1963,Soul,SurfRock,WeightedTransition,1,0,0,0
2007,1963,Soul,TeenPop,AnnualFloor,1,0,0,0
2007,1963,Soul,TeenPop,WeightedTransition,3,0,0,0
2007,1963,Soul,TexMex,AnnualFloor,1,0,0,0
2007,1963,Soul,TexMex,WeightedTransition,1,0,0,0
2007,1963,Soul,TraditionalPop,WeightedTransition,3,0,0,0
2007,1963,SurfRock,ContemporaryFolk,WeightedTransition,1,0,0,0
2007,1963,SurfRock,EasyListening,WeightedTransition,1,0,0,0
2007,1963,SurfRock,Folk,WeightedTransition,2,0,0,0
2007,1963,SurfRock,GarageRock,WeightedTransition,4,0,0,0
2007,1963,SurfRock,Jazz,WeightedTransition,2,0,0,0
2007,1963,SurfRock,RnB,WeightedTransition,1,0,0,0
2007,1963,SurfRock,RockAndRoll,WeightedTransition,3,0,0,0
2007,1963,SurfRock,SurfRock,Retained,77,0,0,0
2007,1963,SurfRock,SurfRock,WeightedTransition,4,0,0,0
2007,1963,SurfRock,TexMex,AnnualFloor,1,0,0,0
2007,1963,SurfRock,TexMex,WeightedTransition,1,0,0,0
2007,1963,SurfRock,TraditionalPop,AnnualFloor,1,0,0,0
2007,1963,SurfRock,TraditionalPop,WeightedTransition,1,0,0,0
2007,1963,TeenPop,Blues,WeightedTransition,1,0,0,0
2007,1963,TeenPop,Comedy,AnnualFloor,1,0,0,0
2007,1963,TeenPop,Country,WeightedTransition,4,0,0,0
2007,1963,TeenPop,DooWop,WeightedTransition,4,0,0,0
2007,1963,TeenPop,EasyListening,WeightedTransition,11,0,0,0
2007,1963,TeenPop,GarageRock,WeightedTransition,1,0,0,0
2007,1963,TeenPop,Gospel,WeightedTransition,3,0,0,0
2007,1963,TeenPop,LatinPop,WeightedTransition,1,0,0,0
2007,1963,TeenPop,RockAndRoll,WeightedTransition,2,0,0,0
2007,1963,TeenPop,Soul,WeightedTransition,7,0,0,0
2007,1963,TeenPop,SurfRock,AnnualFloor,1,0,0,0
2007,1963,TeenPop,SurfRock,WeightedTransition,3,0,0,0
2007,1963,TeenPop,TeenPop,AnnualFloor,1,0,0,0
2007,1963,TeenPop,TeenPop,Retained,262,0,0,0
2007,1963,TeenPop,TeenPop,WeightedTransition,19,0,0,0
2007,1963,TeenPop,TraditionalPop,WeightedTransition,7,0,0,0
2007,1963,TexMex,Blues,WeightedTransition,1,0,0,0
2007,1963,TexMex,Folk,WeightedTransition,1,0,0,0
2007,1963,TexMex,Gospel,WeightedTransition,1,0,0,0
2007,1963,TexMex,LatinPop,WeightedTransition,2,0,0,0
2007,1963,TexMex,TeenPop,WeightedTransition,1,0,0,0
2007,1963,TexMex,TexMex,Retained,14,0,0,0
2007,1963,TexMex,TexMex,WeightedTransition,1,0,0,0
2007,1963,TraditionalPop,Blues,AnnualFloor,1,0,0,0
2007,1963,TraditionalPop,Blues,WeightedTransition,1,0,0,0
2007,1963,TraditionalPop,BossaNova,WeightedTransition,1,0,0,0
2007,1963,TraditionalPop,Childrens,AnnualFloor,1,0,0,0
2007,1963,TraditionalPop,Classical,WeightedTransition,1,0,0,0
2007,1963,TraditionalPop,Comedy,WeightedTransition,1,0,0,0
2007,1963,TraditionalPop,Country,WeightedTransition,2,0,0,0
2007,1963,TraditionalPop,DooWop,WeightedTransition,1,0,0,0
2007,1963,TraditionalPop,EasyListening,AnnualFloor,2,0,0,0
2007,1963,TraditionalPop,EasyListening,WeightedTransition,12,0,0,0
2007,1963,TraditionalPop,Folk,WeightedTransition,2,0,0,0
2007,1963,TraditionalPop,Gospel,WeightedTransition,2,0,0,0
2007,1963,TraditionalPop,LatinPop,WeightedTransition,1,0,0,0
2007,1963,TraditionalPop,RnB,WeightedTransition,3,0,0,0
2007,1963,TraditionalPop,RockAndRoll,AnnualFloor,1,0,0,0
2007,1963,TraditionalPop,Soul,WeightedTransition,2,0,0,0
2007,1963,TraditionalPop,SurfRock,WeightedTransition,2,0,0,0
2007,1963,TraditionalPop,TeenPop,WeightedTransition,5,0,0,0
2007,1963,TraditionalPop,TraditionalPop,AnnualFloor,1,0,0,0
2007,1963,TraditionalPop,TraditionalPop,Retained,272,0,0,0
2007,1963,TraditionalPop,TraditionalPop,WeightedTransition,26,0,0,0
2007,1964,Blues,Blues,Retained,19,0,0,0
2007,1964,Blues,Blues,WeightedTransition,1,0,0,0
2007,1964,Blues,BritishBeat,WeightedTransition,1,0,0,0
2007,1964,Blues,BritishPop,WeightedTransition,1,0,0,0
2007,1964,Blues,ContemporaryFolk,WeightedTransition,1,0,0,0
2007,1964,Blues,RnB,WeightedTransition,1,0,0,0
2007,1964,Blues,RockAndRoll,WeightedTransition,2,0,0,0
2007,1964,Blues,SurfRock,WeightedTransition,1,0,0,0
2007,1964,Blues,TeenPop,WeightedTransition,3,0,0,0
2007,1964,BossaNova,BossaNova,Retained,23,0,0,0
2007,1964,BossaNova,BossaNova,WeightedTransition,2,0,0,0
2007,1964,BossaNova,ContemporaryFolk,WeightedTransition,1,0,0,0
2007,1964,BossaNova,TexMex,WeightedTransition,1,0,0,0
2007,1964,BritishBeat,BritishBeat,Retained,42,0,0,0
2007,1964,BritishBeat,BritishBeat,WeightedTransition,5,0,0,0
2007,1964,BritishBeat,EasyListening,WeightedTransition,1,0,0,0
2007,1964,BritishBeat,GarageRock,WeightedTransition,1,0,0,0
2007,1964,BritishBeat,Ska,WeightedTransition,1,0,0,0
2007,1964,BritishPop,BritishBeat,WeightedTransition,1,0,0,0
2007,1964,BritishPop,BritishPop,Retained,21,0,0,0
2007,1964,BritishPop,BritishPop,WeightedTransition,1,0,0,0
2007,1964,BritishPop,Gospel,WeightedTransition,1,0,0,0
2007,1964,Childrens,BossaNova,AnnualFloor,1,0,0,0
2007,1964,Childrens,BossaNova,WeightedTransition,1,0,0,0
2007,1964,Childrens,BritishBeat,WeightedTransition,1,0,0,0
2007,1964,Childrens,BritishPop,WeightedTransition,2,0,0,0
2007,1964,Childrens,Childrens,Retained,14,0,0,0
2007,1964,Childrens,Childrens,WeightedTransition,4,0,0,0
2007,1964,Childrens,GarageRock,WeightedTransition,1,0,0,0
2007,1964,Classical,BritishBeat,WeightedTransition,1,0,0,0
2007,1964,Classical,Classical,Retained,16,0,0,0
2007,1964,Classical,Comedy,WeightedTransition,1,0,0,0
2007,1964,Classical,Country,WeightedTransition,1,0,0,0
2007,1964,Classical,Gospel,WeightedTransition,1,0,0,0
2007,1964,Classical,SurfRock,WeightedTransition,1,0,0,0
2007,1964,Comedy,Comedy,AnnualFloor,1,0,0,0
2007,1964,Comedy,Comedy,Retained,36,0,0,0
2007,1964,Comedy,Country,WeightedTransition,1,0,0,0
2007,1964,Comedy,EasyListening,WeightedTransition,1,0,0,0
2007,1964,Comedy,GarageRock,WeightedTransition,1,0,0,0
2007,1964,Comedy,TraditionalPop,WeightedTransition,1,0,0,0
2007,1964,ContemporaryFolk,BritishBeat,AnnualFloor,1,0,0,0
2007,1964,ContemporaryFolk,BritishBeat,WeightedTransition,1,0,0,0
2007,1964,ContemporaryFolk,Childrens,WeightedTransition,1,0,0,0
2007,1964,ContemporaryFolk,ContemporaryFolk,Retained,21,0,0,0
2007,1964,ContemporaryFolk,Folk,WeightedTransition,1,0,0,0
2007,1964,ContemporaryFolk,Jazz,WeightedTransition,1,0,0,0
2007,1964,Country,Blues,AnnualFloor,1,0,0,0
2007,1964,Country,BossaNova,WeightedTransition,1,0,0,0
2007,1964,Country,BritishBeat,WeightedTransition,4,0,0,0
2007,1964,Country,BritishPop,WeightedTransition,3,0,0,0
2007,1964,Country,Classical,WeightedTransition,1,0,0,0
2007,1964,Country,Comedy,WeightedTransition,3,0,0,0
2007,1964,Country,ContemporaryFolk,WeightedTransition,2,0,0,0
2007,1964,Country,Country,AnnualFloor,1,0,0,0
2007,1964,Country,Country,Retained,155,0,0,0
2007,1964,Country,Country,WeightedTransition,17,0,0,0
2007,1964,Country,EasyListening,WeightedTransition,2,0,0,0
2007,1964,Country,Folk,WeightedTransition,8,0,0,0
2007,1964,Country,GarageRock,WeightedTransition,1,0,0,0
2007,1964,Country,RnB,WeightedTransition,1,0,0,0
2007,1964,Country,SurfRock,AnnualFloor,2,0,0,0
2007,1964,Country,SurfRock,WeightedTransition,1,0,0,0
2007,1964,Country,TeenPop,WeightedTransition,1,0,0,0
2007,1964,Country,TraditionalPop,WeightedTransition,2,0,0,0
2007,1964,DooWop,Blues,WeightedTransition,2,0,0,0
2007,1964,DooWop,BossaNova,WeightedTransition,2,0,0,0
2007,1964,DooWop,BritishBeat,WeightedTransition,4,0,0,0
2007,1964,DooWop,BritishPop,WeightedTransition,12,0,0,0
2007,1964,DooWop,Childrens,AnnualFloor,1,0,0,0
2007,1964,DooWop,Childrens,WeightedTransition,2,0,0,0
2007,1964,DooWop,Classical,WeightedTransition,1,0,0,0
2007,1964,DooWop,Comedy,WeightedTransition,1,0,0,0
2007,1964,DooWop,ContemporaryFolk,WeightedTransition,2,0,0,0
2007,1964,DooWop,DooWop,Retained,227,0,0,0
2007,1964,DooWop,DooWop,WeightedTransition,9,0,0,0
2007,1964,DooWop,EasyListening,WeightedTransition,1,0,0,0
2007,1964,DooWop,Folk,WeightedTransition,2,0,0,0
2007,1964,DooWop,GarageRock,WeightedTransition,2,0,0,0
2007,1964,DooWop,Gospel,WeightedTransition,2,0,0,0
2007,1964,DooWop,Jazz,AnnualFloor,1,0,0,0
2007,1964,DooWop,Jazz,WeightedTransition,2,0,0,0
2007,1964,DooWop,LatinPop,WeightedTransition,1,0,0,0
2007,1964,DooWop,RnB,WeightedTransition,6,0,0,0
2007,1964,DooWop,RockAndRoll,WeightedTransition,4,0,0,0
2007,1964,DooWop,Soul,WeightedTransition,11,0,0,0
2007,1964,DooWop,SurfRock,WeightedTransition,2,0,0,0
2007,1964,DooWop,TeenPop,WeightedTransition,3,0,0,0
2007,1964,DooWop,TexMex,AnnualFloor,1,0,0,0
2007,1964,DooWop,TraditionalPop,WeightedTransition,7,0,0,0
2007,1964,EasyListening,Blues,WeightedTransition,1,0,0,0
2007,1964,EasyListening,BritishBeat,WeightedTransition,2,0,0,0
2007,1964,EasyListening,BritishPop,WeightedTransition,2,0,0,0
2007,1964,EasyListening,EasyListening,Retained,38,0,0,0
2007,1964,EasyListening,EasyListening,WeightedTransition,2,0,0,0
2007,1964,EasyListening,GarageRock,WeightedTransition,1,0,0,0
2007,1964,EasyListening,Jazz,WeightedTransition,1,0,0,0
2007,1964,EasyListening,RnB,WeightedTransition,1,0,0,0
2007,1964,Folk,BritishBeat,WeightedTransition,5,0,0,0
2007,1964,Folk,Childrens,WeightedTransition,1,0,0,0
2007,1964,Folk,Comedy,WeightedTransition,3,0,0,0
2007,1964,Folk,ContemporaryFolk,AnnualFloor,1,0,0,0
2007,1964,Folk,ContemporaryFolk,WeightedTransition,2,0,0,0
2007,1964,Folk,Country,WeightedTransition,4,0,0,0
2007,1964,Folk,DooWop,WeightedTransition,1,0,0,0
2007,1964,Folk,Folk,AnnualFloor,1,0,0,0
2007,1964,Folk,Folk,Retained,106,0,0,0
2007,1964,Folk,Folk,WeightedTransition,5,0,0,0
2007,1964,Folk,Gospel,AnnualFloor,1,0,0,0
2007,1964,Folk,Gospel,WeightedTransition,1,0,0,0
2007,1964,Folk,Jazz,WeightedTransition,1,0,0,0
2007,1964,Folk,LatinPop,WeightedTransition,1,0,0,0
2007,1964,Folk,RnB,WeightedTransition,2,0,0,0
2007,1964,Folk,RockAndRoll,WeightedTransition,1,0,0,0
2007,1964,Folk,Soul,WeightedTransition,1,0,0,0
2007,1964,Folk,SurfRock,WeightedTransition,2,0,0,0
2007,1964,Folk,TeenPop,WeightedTransition,3,0,0,0
2007,1964,Folk,TexMex,AnnualFloor,1,0,0,0
2007,1964,Folk,TraditionalPop,WeightedTransition,1,0,0,0
2007,1964,GarageRock,GarageRock,Retained,12,0,0,0
2007,1964,GarageRock,GarageRock,WeightedTransition,1,0,0,0
2007,1964,GarageRock,TraditionalPop,WeightedTransition,1,0,0,0
2007,1964,Gospel,BritishBeat,WeightedTransition,4,0,0,0
2007,1964,Gospel,BritishPop,WeightedTransition,2,0,0,0
2007,1964,Gospel,Childrens,WeightedTransition,1,0,0,0
2007,1964,Gospel,Comedy,WeightedTransition,1,0,0,0
2007,1964,Gospel,ContemporaryFolk,WeightedTransition,1,0,0,0
2007,1964,Gospel,Country,AnnualFloor,1,0,0,0
2007,1964,Gospel,EasyListening,WeightedTransition,2,0,0,0
2007,1964,Gospel,Folk,WeightedTransition,2,0,0,0
2007,1964,Gospel,GarageRock,AnnualFloor,1,0,0,0
2007,1964,Gospel,GarageRock,WeightedTransition,1,0,0,0
2007,1964,Gospel,Gospel,AnnualFloor,1,0,0,0
2007,1964,Gospel,Gospel,Retained,137,0,0,0
2007,1964,Gospel,Gospel,WeightedTransition,10,0,0,0
2007,1964,Gospel,Jazz,WeightedTransition,1,0,0,0
2007,1964,Gospel,RnB,WeightedTransition,2,0,0,0
2007,1964,Gospel,RockAndRoll,WeightedTransition,2,0,0,0
2007,1964,Gospel,Soul,WeightedTransition,2,0,0,0
2007,1964,Gospel,SurfRock,AnnualFloor,1,0,0,0
2007,1964,Gospel,SurfRock,WeightedTransition,2,0,0,0
2007,1964,Gospel,TeenPop,WeightedTransition,1,0,0,0
2007,1964,Gospel,TexMex,WeightedTransition,1,0,0,0
2007,1964,Gospel,TraditionalPop,WeightedTransition,3,0,0,0
2007,1964,Jazz,BossaNova,WeightedTransition,4,0,0,0
2007,1964,Jazz,BritishBeat,WeightedTransition,3,0,0,0
2007,1964,Jazz,BritishPop,AnnualFloor,1,0,0,0
2007,1964,Jazz,BritishPop,WeightedTransition,6,0,0,0
2007,1964,Jazz,Childrens,WeightedTransition,2,0,0,0
2007,1964,Jazz,Comedy,WeightedTransition,1,0,0,0
2007,1964,Jazz,EasyListening,WeightedTransition,1,0,0,0
2007,1964,Jazz,Folk,AnnualFloor,1,0,0,0
2007,1964,Jazz,Gospel,WeightedTransition,1,0,0,0
2007,1964,Jazz,Jazz,AnnualFloor,1,0,0,0
2007,1964,Jazz,Jazz,Retained,120,0,0,0
2007,1964,Jazz,Jazz,WeightedTransition,8,0,0,0
2007,1964,Jazz,RnB,WeightedTransition,4,0,0,0
2007,1964,Jazz,Soul,WeightedTransition,1,0,0,0
2007,1964,Jazz,TraditionalPop,WeightedTransition,2,0,0,0
2007,1964,LatinPop,Blues,WeightedTransition,1,0,0,0
2007,1964,LatinPop,BritishBeat,WeightedTransition,1,0,0,0
2007,1964,LatinPop,BritishPop,WeightedTransition,1,0,0,0
2007,1964,LatinPop,GarageRock,WeightedTransition,1,0,0,0
2007,1964,LatinPop,LatinPop,Retained,18,0,0,0
2007,1964,LatinPop,Soul,WeightedTransition,1,0,0,0
2007,1964,LatinPop,TexMex,WeightedTransition,1,0,0,0
2007,1964,RnB,Blues,AnnualFloor,2,0,0,0
2007,1964,RnB,BossaNova,AnnualFloor,1,0,0,0
2007,1964,RnB,BritishBeat,WeightedTransition,7,0,0,0
2007,1964,RnB,BritishPop,WeightedTransition,6,0,0,0
2007,1964,RnB,Childrens,WeightedTransition,1,0,0,0
2007,1964,RnB,Classical,AnnualFloor,1,0,0,0
2007,1964,RnB,Comedy,WeightedTransition,1,0,0,0
2007,1964,RnB,ContemporaryFolk,WeightedTransition,2,0,0,0
2007,1964,RnB,Country,AnnualFloor,1,0,0,0
2007,1964,RnB,Country,WeightedTransition,3,0,0,0
2007,1964,RnB,DooWop,AnnualFloor,1,0,0,0
2007,1964,RnB,DooWop,WeightedTransition,6,0,0,0
2007,1964,RnB,EasyListening,WeightedTransition,3,0,0,0
2007,1964,RnB,Folk,WeightedTransition,4,0,0,0
2007,1964,RnB,GarageRock,WeightedTransition,2,0,0,0
2007,1964,RnB,Gospel,AnnualFloor,1,0,0,0
2007,1964,RnB,Gospel,WeightedTransition,5,0,0,0
2007,1964,RnB,LatinPop,WeightedTransition,2,0,0,0
2007,1964,RnB,RnB,AnnualFloor,2,0,0,0
2007,1964,RnB,RnB,Retained,283,0,0,0
2007,1964,RnB,RnB,WeightedTransition,17,0,0,0
2007,1964,RnB,RockAndRoll,WeightedTransition,2,0,0,0
2007,1964,RnB,Ska,AnnualFloor,1,0,0,0
2007,1964,RnB,Ska,WeightedTransition,1,0,0,0
2007,1964,RnB,Soul,WeightedTransition,10,0,0,0
2007,1964,RnB,SurfRock,WeightedTransition,1,0,0,0
2007,1964,RnB,TeenPop,WeightedTransition,1,0,0,0
2007,1964,RnB,TraditionalPop,WeightedTransition,4,0,0,0
2007,1964,RockAndRoll,BossaNova,WeightedTransition,1,0,0,0
2007,1964,RockAndRoll,BritishBeat,AnnualFloor,1,0,0,0
2007,1964,RockAndRoll,BritishBeat,WeightedTransition,23,0,0,0
2007,1964,RockAndRoll,BritishPop,WeightedTransition,2,0,0,0
2007,1964,RockAndRoll,Childrens,AnnualFloor,1,0,0,0
2007,1964,RockAndRoll,Childrens,WeightedTransition,2,0,0,0
2007,1964,RockAndRoll,Classical,WeightedTransition,1,0,0,0
2007,1964,RockAndRoll,Comedy,WeightedTransition,1,0,0,0
2007,1964,RockAndRoll,Country,WeightedTransition,1,0,0,0
2007,1964,RockAndRoll,DooWop,AnnualFloor,2,0,0,0
2007,1964,RockAndRoll,DooWop,WeightedTransition,3,0,0,0
2007,1964,RockAndRoll,EasyListening,AnnualFloor,1,0,0,0
2007,1964,RockAndRoll,EasyListening,WeightedTransition,1,0,0,0
2007,1964,RockAndRoll,Folk,WeightedTransition,1,0,0,0
2007,1964,RockAndRoll,GarageRock,AnnualFloor,1,0,0,0
2007,1964,RockAndRoll,GarageRock,WeightedTransition,6,0,0,0
2007,1964,RockAndRoll,Gospel,WeightedTransition,1,0,0,0
2007,1964,RockAndRoll,Jazz,WeightedTransition,1,0,0,0
2007,1964,RockAndRoll,LatinPop,WeightedTransition,1,0,0,0
2007,1964,RockAndRoll,RnB,AnnualFloor,1,0,0,0
2007,1964,RockAndRoll,RnB,WeightedTransition,3,0,0,0
2007,1964,RockAndRoll,RockAndRoll,AnnualFloor,2,0,0,0
2007,1964,RockAndRoll,RockAndRoll,Retained,272,0,0,0
2007,1964,RockAndRoll,RockAndRoll,WeightedTransition,14,0,0,0
2007,1964,RockAndRoll,Ska,AnnualFloor,1,0,0,0
2007,1964,RockAndRoll,Soul,WeightedTransition,1,0,0,0
2007,1964,RockAndRoll,SurfRock,WeightedTransition,7,0,0,0
2007,1964,RockAndRoll,TeenPop,WeightedTransition,6,0,0,0
2007,1964,RockAndRoll,TexMex,WeightedTransition,1,0,0,0
2007,1964,RockAndRoll,TraditionalPop,WeightedTransition,2,0,0,0
2007,1964,Soul,Blues,WeightedTransition,2,0,0,0
2007,1964,Soul,BossaNova,WeightedTransition,3,0,0,0
2007,1964,Soul,BritishBeat,WeightedTransition,10,0,0,0
2007,1964,Soul,BritishPop,WeightedTransition,10,0,0,0
2007,1964,Soul,Childrens,AnnualFloor,1,0,0,0
2007,1964,Soul,Childrens,WeightedTransition,1,0,0,0
2007,1964,Soul,Comedy,AnnualFloor,1,0,0,0
2007,1964,Soul,Comedy,WeightedTransition,1,0,0,0
2007,1964,Soul,ContemporaryFolk,AnnualFloor,1,0,0,0
2007,1964,Soul,ContemporaryFolk,WeightedTransition,1,0,0,0
2007,1964,Soul,Country,WeightedTransition,2,0,0,0
2007,1964,Soul,DooWop,WeightedTransition,1,0,0,0
2007,1964,Soul,EasyListening,AnnualFloor,1,0,0,0
2007,1964,Soul,EasyListening,WeightedTransition,3,0,0,0
2007,1964,Soul,Folk,WeightedTransition,2,0,0,0
2007,1964,Soul,GarageRock,AnnualFloor,1,0,0,0
2007,1964,Soul,GarageRock,WeightedTransition,2,0,0,0
2007,1964,Soul,Gospel,WeightedTransition,6,0,0,0
2007,1964,Soul,Jazz,WeightedTransition,2,0,0,0
2007,1964,Soul,LatinPop,AnnualFloor,1,0,0,0
2007,1964,Soul,LatinPop,WeightedTransition,1,0,0,0
2007,1964,Soul,RnB,WeightedTransition,8,0,0,0
2007,1964,Soul,RockAndRoll,WeightedTransition,1,0,0,0
2007,1964,Soul,Ska,AnnualFloor,1,0,0,0
2007,1964,Soul,Ska,WeightedTransition,1,0,0,0
2007,1964,Soul,Soul,AnnualFloor,1,0,0,0
2007,1964,Soul,Soul,Retained,320,0,0,0
2007,1964,Soul,Soul,WeightedTransition,30,0,0,0
2007,1964,Soul,SurfRock,WeightedTransition,1,0,0,0
2007,1964,Soul,TeenPop,WeightedTransition,1,0,0,0
2007,1964,Soul,TraditionalPop,WeightedTransition,2,0,0,0
2007,1964,SurfRock,Blues,WeightedTransition,1,0,0,0
2007,1964,SurfRock,BossaNova,WeightedTransition,1,0,0,0
2007,1964,SurfRock,BritishBeat,WeightedTransition,3,0,0,0
2007,1964,SurfRock,BritishPop,AnnualFloor,1,0,0,0
2007,1964,SurfRock,BritishPop,WeightedTransition,1,0,0,0
2007,1964,SurfRock,Childrens,WeightedTransition,2,0,0,0
2007,1964,SurfRock,Comedy,WeightedTransition,1,0,0,0
2007,1964,SurfRock,Country,WeightedTransition,1,0,0,0
2007,1964,SurfRock,LatinPop,AnnualFloor,1,0,0,0
2007,1964,SurfRock,LatinPop,WeightedTransition,1,0,0,0
2007,1964,SurfRock,RnB,WeightedTransition,2,0,0,0
2007,1964,SurfRock,RockAndRoll,WeightedTransition,2,0,0,0
2007,1964,SurfRock,SurfRock,Retained,83,0,0,0
2007,1964,SurfRock,SurfRock,WeightedTransition,1,0,0,0
2007,1964,SurfRock,TeenPop,WeightedTransition,2,0,0,0
2007,1964,TeenPop,Blues,WeightedTransition,1,0,0,0
2007,1964,TeenPop,BossaNova,AnnualFloor,1,0,0,0
2007,1964,TeenPop,BossaNova,WeightedTransition,1,0,0,0
2007,1964,TeenPop,BritishBeat,AnnualFloor,1,0,0,0
2007,1964,TeenPop,BritishBeat,WeightedTransition,6,0,0,0
2007,1964,TeenPop,BritishPop,AnnualFloor,1,0,0,0
2007,1964,TeenPop,BritishPop,WeightedTransition,9,0,0,0
2007,1964,TeenPop,Classical,AnnualFloor,1,0,0,0
2007,1964,TeenPop,Classical,WeightedTransition,1,0,0,0
2007,1964,TeenPop,Comedy,AnnualFloor,1,0,0,0
2007,1964,TeenPop,Comedy,WeightedTransition,1,0,0,0
2007,1964,TeenPop,ContemporaryFolk,WeightedTransition,2,0,0,0
2007,1964,TeenPop,Country,WeightedTransition,1,0,0,0
2007,1964,TeenPop,EasyListening,AnnualFloor,1,0,0,0
2007,1964,TeenPop,EasyListening,WeightedTransition,9,0,0,0
2007,1964,TeenPop,Folk,AnnualFloor,1,0,0,0
2007,1964,TeenPop,GarageRock,WeightedTransition,1,0,0,0
2007,1964,TeenPop,Jazz,WeightedTransition,1,0,0,0
2007,1964,TeenPop,LatinPop,AnnualFloor,1,0,0,0
2007,1964,TeenPop,RnB,WeightedTransition,4,0,0,0
2007,1964,TeenPop,RockAndRoll,AnnualFloor,1,0,0,0
2007,1964,TeenPop,RockAndRoll,WeightedTransition,1,0,0,0
2007,1964,TeenPop,Soul,AnnualFloor,1,0,0,0
2007,1964,TeenPop,Soul,WeightedTransition,2,0,0,0
2007,1964,TeenPop,SurfRock,WeightedTransition,2,0,0,0
2007,1964,TeenPop,TeenPop,AnnualFloor,3,0,0,0
2007,1964,TeenPop,TeenPop,Retained,241,0,0,0
2007,1964,TeenPop,TeenPop,WeightedTransition,17,0,0,0
2007,1964,TeenPop,TraditionalPop,WeightedTransition,5,0,0,0
2007,1964,TexMex,BritishBeat,WeightedTransition,1,0,0,0
2007,1964,TexMex,BritishPop,WeightedTransition,1,0,0,0
2007,1964,TexMex,Country,WeightedTransition,1,0,0,0
2007,1964,TexMex,DooWop,WeightedTransition,1,0,0,0
2007,1964,TexMex,EasyListening,WeightedTransition,1,0,0,0
2007,1964,TexMex,Gospel,WeightedTransition,1,0,0,0
2007,1964,TexMex,TexMex,AnnualFloor,1,0,0,0
2007,1964,TexMex,TexMex,Retained,17,0,0,0
2007,1964,TraditionalPop,Blues,WeightedTransition,2,0,0,0
2007,1964,TraditionalPop,BossaNova,WeightedTransition,4,0,0,0
2007,1964,TraditionalPop,BritishBeat,WeightedTransition,5,0,0,0
2007,1964,TraditionalPop,BritishPop,WeightedTransition,14,0,0,0
2007,1964,TraditionalPop,Classical,AnnualFloor,1,0,0,0
2007,1964,TraditionalPop,Comedy,WeightedTransition,2,0,0,0
2007,1964,TraditionalPop,ContemporaryFolk,AnnualFloor,1,0,0,0
2007,1964,TraditionalPop,Country,WeightedTransition,1,0,0,0
2007,1964,TraditionalPop,DooWop,WeightedTransition,1,0,0,0
2007,1964,TraditionalPop,EasyListening,WeightedTransition,4,0,0,0
2007,1964,TraditionalPop,Folk,WeightedTransition,4,0,0,0
2007,1964,TraditionalPop,GarageRock,WeightedTransition,3,0,0,0
2007,1964,TraditionalPop,Jazz,AnnualFloor,1,0,0,0
2007,1964,TraditionalPop,Jazz,WeightedTransition,4,0,0,0
2007,1964,TraditionalPop,RnB,WeightedTransition,2,0,0,0
2007,1964,TraditionalPop,RockAndRoll,WeightedTransition,1,0,0,0
2007,1964,TraditionalPop,Soul,AnnualFloor,1,0,0,0
2007,1964,TraditionalPop,Soul,WeightedTransition,1,0,0,0
2007,1964,TraditionalPop,SurfRock,WeightedTransition,1,0,0,0
2007,1964,TraditionalPop,TeenPop,WeightedTransition,5,0,0,0
2007,1964,TraditionalPop,TraditionalPop,AnnualFloor,3,0,0,0
2007,1964,TraditionalPop,TraditionalPop,Retained,252,0,0,0
2007,1964,TraditionalPop,TraditionalPop,WeightedTransition,19,0,0,0
2007,1965,Blues,Blues,Retained,21,0,0,0
2007,1965,Blues,BritishBeat,WeightedTransition,1,0,0,0
2007,1965,Blues,BritishPop,WeightedTransition,2,0,0,0
2007,1965,Blues,Jazz,WeightedTransition,1,0,0,0
2007,1965,Blues,RockAndRoll,WeightedTransition,1,0,0,0
2007,1965,Blues,SunshinePop,WeightedTransition,1,0,0,0
2007,1965,BossaNova,BossaNova,Retained,25,0,0,0
2007,1965,BossaNova,BritishBeat,WeightedTransition,2,0,0,0
2007,1965,BossaNova,Folk,WeightedTransition,1,0,0,0
2007,1965,BossaNova,Gospel,WeightedTransition,1,0,0,0
2007,1965,BossaNova,Jazz,WeightedTransition,1,0,0,0
2007,1965,BossaNova,TraditionalPop,WeightedTransition,1,0,0,0
2007,1965,BritishBeat,Blues,AnnualFloor,1,0,0,0
2007,1965,BritishBeat,BritishBeat,AnnualFloor,1,0,0,0
2007,1965,BritishBeat,BritishBeat,Retained,63,0,0,0
2007,1965,BritishBeat,BritishBeat,WeightedTransition,3,0,0,0
2007,1965,BritishBeat,BritishBlues,WeightedTransition,1,0,0,0
2007,1965,BritishBeat,BritishPop,WeightedTransition,1,0,0,0
2007,1965,BritishBeat,Classical,WeightedTransition,1,0,0,0
2007,1965,BritishBeat,ContemporaryFolk,AnnualFloor,2,0,0,0
2007,1965,BritishBeat,Folk,WeightedTransition,1,0,0,0
2007,1965,BritishBeat,GarageRock,WeightedTransition,1,0,0,0
2007,1965,BritishBeat,RockAndRoll,WeightedTransition,2,0,0,0
2007,1965,BritishBeat,Soul,WeightedTransition,1,0,0,0
2007,1965,BritishBeat,SurfRock,AnnualFloor,1,0,0,0
2007,1965,BritishBlues,Blues,WeightedTransition,1,0,0,0
2007,1965,BritishBlues,BritishBlues,Retained,16,0,0,0
2007,1965,BritishBlues,BritishBlues,WeightedTransition,2,0,0,0
2007,1965,BritishBlues,BritishPop,WeightedTransition,1,0,0,0
2007,1965,BritishBlues,GarageRock,WeightedTransition,1,0,0,0
2007,1965,BritishPop,BritishBeat,WeightedTransition,1,0,0,0
2007,1965,BritishPop,BritishPop,Retained,44,0,0,0
2007,1965,BritishPop,BritishPop,WeightedTransition,6,0,0,0
2007,1965,BritishPop,Classical,WeightedTransition,1,0,0,0
2007,1965,BritishPop,Folk,WeightedTransition,1,0,0,0
2007,1965,BritishPop,GarageRock,WeightedTransition,1,0,0,0
2007,1965,BritishPop,Jazz,WeightedTransition,1,0,0,0
2007,1965,BritishPop,Soul,WeightedTransition,1,0,0,0
2007,1965,Childrens,Childrens,Retained,14,0,0,0
2007,1965,Childrens,Comedy,WeightedTransition,1,0,0,0
2007,1965,Childrens,Country,WeightedTransition,1,0,0,0
2007,1965,Childrens,Soul,WeightedTransition,1,0,0,0
2007,1965,Childrens,TraditionalPop,WeightedTransition,1,0,0,0
2007,1965,Classical,Classical,Retained,26,0,0,0
2007,1965,Classical,Gospel,WeightedTransition,1,0,0,0
2007,1965,Comedy,BritishBeat,WeightedTransition,1,0,0,0
2007,1965,Comedy,BritishBlues,WeightedTransition,1,0,0,0
2007,1965,Comedy,Childrens,WeightedTransition,2,0,0,0
2007,1965,Comedy,Classical,AnnualFloor,1,0,0,0
2007,1965,Comedy,Classical,WeightedTransition,1,0,0,0
2007,1965,Comedy,Comedy,Retained,17,0,0,0
2007,1965,Comedy,Comedy,WeightedTransition,4,0,0,0
2007,1965,Comedy,Country,WeightedTransition,1,0,0,0
2007,1965,Comedy,TexMex,WeightedTransition,1,0,0,0
2007,1965,Comedy,TraditionalPop,WeightedTransition,1,0,0,0
2007,1965,ContemporaryFolk,BossaNova,WeightedTransition,1,0,0,0
2007,1965,ContemporaryFolk,BritishPop,WeightedTransition,1,0,0,0
2007,1965,ContemporaryFolk,ContemporaryFolk,Retained,32,0,0,0
2007,1965,ContemporaryFolk,ContemporaryFolk,WeightedTransition,1,0,0,0
2007,1965,ContemporaryFolk,FolkRock,AnnualFloor,1,0,0,0
2007,1965,ContemporaryFolk,FolkRock,WeightedTransition,1,0,0,0
2007,1965,ContemporaryFolk,Soul,WeightedTransition,1,0,0,0
2007,1965,Country,Blues,WeightedTransition,2,0,0,0
2007,1965,Country,BritishBeat,WeightedTransition,2,0,0,0
2007,1965,Country,BritishBlues,AnnualFloor,2,0,0,0
2007,1965,Country,BritishBlues,WeightedTransition,1,0,0,0
2007,1965,Country,Childrens,WeightedTransition,1,0,0,0
2007,1965,Country,Classical,AnnualFloor,1,0,0,0
2007,1965,Country,Classical,WeightedTransition,1,0,0,0
2007,1965,Country,ContemporaryFolk,WeightedTransition,3,0,0,0
2007,1965,Country,Country,AnnualFloor,1,0,0,0
2007,1965,Country,Country,Retained,154,0,0,0
2007,1965,Country,Country,WeightedTransition,1,0,0,0
2007,1965,Country,DooWop,WeightedTransition,1,0,0,0
2007,1965,Country,EasyListening,WeightedTransition,1,0,0,0
2007,1965,Country,Folk,AnnualFloor,1,0,0,0
2007,1965,Country,Folk,WeightedTransition,5,0,0,0
2007,1965,Country,GarageRock,WeightedTransition,5,0,0,0
2007,1965,Country,Gospel,AnnualFloor,1,0,0,0
2007,1965,Country,Gospel,WeightedTransition,1,0,0,0
2007,1965,Country,Jazz,WeightedTransition,2,0,0,0
2007,1965,Country,RnB,WeightedTransition,1,0,0,0
2007,1965,Country,RockAndRoll,WeightedTransition,1,0,0,0
2007,1965,Country,Soul,WeightedTransition,3,0,0,0
2007,1965,Country,SunshinePop,AnnualFloor,2,0,0,0
2007,1965,Country,SunshinePop,WeightedTransition,1,0,0,0
2007,1965,Country,SurfRock,AnnualFloor,1,0,0,0
2007,1965,Country,SurfRock,WeightedTransition,1,0,0,0
2007,1965,DooWop,Blues,WeightedTransition,3,0,0,0
2007,1965,DooWop,BossaNova,AnnualFloor,1,0,0,0
2007,1965,DooWop,BossaNova,WeightedTransition,9,0,0,0
2007,1965,DooWop,BritishBeat,AnnualFloor,1,0,0,0
2007,1965,DooWop,BritishBeat,WeightedTransition,16,0,0,0
2007,1965,DooWop,BritishBlues,WeightedTransition,9,0,0,0
2007,1965,DooWop,BritishPop,AnnualFloor,1,0,0,0
2007,1965,DooWop,BritishPop,WeightedTransition,26,0,0,0
2007,1965,DooWop,Childrens,WeightedTransition,3,0,0,0
2007,1965,DooWop,Classical,WeightedTransition,2,0,0,0
2007,1965,DooWop,Comedy,WeightedTransition,5,0,0,0
2007,1965,DooWop,ContemporaryFolk,WeightedTransition,8,0,0,0
2007,1965,DooWop,Country,WeightedTransition,13,0,0,0
2007,1965,DooWop,DooWop,Retained,100,0,0,0
2007,1965,DooWop,DooWop,WeightedTransition,13,0,0,0
2007,1965,DooWop,EasyListening,AnnualFloor,1,0,0,0
2007,1965,DooWop,EasyListening,WeightedTransition,9,0,0,0
2007,1965,DooWop,Folk,WeightedTransition,4,0,0,0
2007,1965,DooWop,FolkRock,WeightedTransition,6,0,0,0
2007,1965,DooWop,GarageRock,WeightedTransition,8,0,0,0
2007,1965,DooWop,Gospel,WeightedTransition,6,0,0,0
2007,1965,DooWop,Jazz,WeightedTransition,1,0,0,0
2007,1965,DooWop,LatinPop,AnnualFloor,1,0,0,0
2007,1965,DooWop,LatinPop,WeightedTransition,4,0,0,0
2007,1965,DooWop,RnB,AnnualFloor,3,0,0,0
2007,1965,DooWop,RnB,WeightedTransition,10,0,0,0
2007,1965,DooWop,RockAndRoll,WeightedTransition,9,0,0,0
2007,1965,DooWop,Ska,WeightedTransition,3,0,0,0
2007,1965,DooWop,Soul,WeightedTransition,37,0,0,0
2007,1965,DooWop,SunshinePop,WeightedTransition,6,0,0,0
2007,1965,DooWop,SurfRock,WeightedTransition,4,0,0,0
2007,1965,DooWop,TeenPop,WeightedTransition,5,0,0,0
2007,1965,DooWop,TexMex,WeightedTransition,3,0,0,0
2007,1965,DooWop,TraditionalPop,WeightedTransition,6,0,0,0
2007,1965,EasyListening,Blues,WeightedTransition,1,0,0,0
2007,1965,EasyListening,BossaNova,WeightedTransition,1,0,0,0
2007,1965,EasyListening,BritishBeat,WeightedTransition,1,0,0,0
2007,1965,EasyListening,BritishPop,WeightedTransition,1,0,0,0
2007,1965,EasyListening,Comedy,AnnualFloor,1,0,0,0
2007,1965,EasyListening,EasyListening,AnnualFloor,1,0,0,0
2007,1965,EasyListening,EasyListening,Retained,25,0,0,0
2007,1965,EasyListening,EasyListening,WeightedTransition,1,0,0,0
2007,1965,EasyListening,RnB,WeightedTransition,1,0,0,0
2007,1965,EasyListening,Soul,WeightedTransition,1,0,0,0
2007,1965,EasyListening,SunshinePop,WeightedTransition,1,0,0,0
2007,1965,EasyListening,TexMex,WeightedTransition,1,0,0,0
2007,1965,EasyListening,TraditionalPop,WeightedTransition,1,0,0,0
2007,1965,Folk,BritishBeat,WeightedTransition,2,0,0,0
2007,1965,Folk,BritishBlues,WeightedTransition,2,0,0,0
2007,1965,Folk,BritishPop,WeightedTransition,3,0,0,0
2007,1965,Folk,ContemporaryFolk,WeightedTransition,5,0,0,0
2007,1965,Folk,Country,AnnualFloor,1,0,0,0
2007,1965,Folk,Country,WeightedTransition,3,0,0,0
2007,1965,Folk,DooWop,WeightedTransition,1,0,0,0
2007,1965,Folk,EasyListening,WeightedTransition,1,0,0,0
2007,1965,Folk,Folk,AnnualFloor,2,0,0,0
2007,1965,Folk,Folk,Retained,107,0,0,0
2007,1965,Folk,Folk,WeightedTransition,4,0,0,0
2007,1965,Folk,GarageRock,WeightedTransition,1,0,0,0
2007,1965,Folk,Gospel,WeightedTransition,1,0,0,0
2007,1965,Folk,LatinPop,WeightedTransition,1,0,0,0
2007,1965,Folk,RockAndRoll,AnnualFloor,1,0,0,0
2007,1965,Folk,Soul,WeightedTransition,2,0,0,0
2007,1965,Folk,SurfRock,WeightedTransition,1,0,0,0
2007,1965,Folk,TexMex,WeightedTransition,1,0,0,0
2007,1965,Folk,TraditionalPop,WeightedTransition,1,0,0,0
2007,1965,FolkRock,FolkRock,Retained,7,0,0,0
2007,1965,GarageRock,BritishBeat,WeightedTransition,1,0,0,0
2007,1965,GarageRock,GarageRock,Retained,14,0,0,0
2007,1965,GarageRock,Gospel,WeightedTransition,1,0,0,0
2007,1965,GarageRock,Soul,WeightedTransition,1,0,0,0
2007,1965,GarageRock,SurfRock,WeightedTransition,2,0,0,0
2007,1965,GarageRock,TraditionalPop,WeightedTransition,1,0,0,0
2007,1965,Gospel,BossaNova,AnnualFloor,1,0,0,0
2007,1965,Gospel,BossaNova,WeightedTransition,1,0,0,0
2007,1965,Gospel,BritishBeat,WeightedTransition,6,0,0,0
2007,1965,Gospel,BritishBlues,WeightedTransition,6,0,0,0
2007,1965,Gospel,BritishPop,WeightedTransition,6,0,0,0
2007,1965,Gospel,Childrens,WeightedTransition,1,0,0,0
2007,1965,Gospel,Classical,WeightedTransition,2,0,0,0
2007,1965,Gospel,Comedy,AnnualFloor,1,0,0,0
2007,1965,Gospel,Comedy,WeightedTransition,1,0,0,0
2007,1965,Gospel,Country,WeightedTransition,4,0,0,0
2007,1965,Gospel,DooWop,WeightedTransition,2,0,0,0
2007,1965,Gospel,EasyListening,WeightedTransition,1,0,0,0
2007,1965,Gospel,Folk,WeightedTransition,1,0,0,0
2007,1965,Gospel,GarageRock,WeightedTransition,1,0,0,0
2007,1965,Gospel,Gospel,Retained,153,0,0,0
2007,1965,Gospel,Gospel,WeightedTransition,11,0,0,0
2007,1965,Gospel,Jazz,WeightedTransition,3,0,0,0
2007,1965,Gospel,RnB,WeightedTransition,1,0,0,0
2007,1965,Gospel,RockAndRoll,WeightedTransition,1,0,0,0
2007,1965,Gospel,Ska,WeightedTransition,1,0,0,0
2007,1965,Gospel,Soul,AnnualFloor,1,0,0,0
2007,1965,Gospel,Soul,WeightedTransition,6,0,0,0
2007,1965,Gospel,SurfRock,WeightedTransition,1,0,0,0
2007,1965,Gospel,TeenPop,WeightedTransition,1,0,0,0
2007,1965,Gospel,TexMex,WeightedTransition,2,0,0,0
2007,1965,Jazz,BossaNova,WeightedTransition,2,0,0,0
2007,1965,Jazz,BritishBeat,WeightedTransition,1,0,0,0
2007,1965,Jazz,BritishBlues,WeightedTransition,2,0,0,0
2007,1965,Jazz,BritishPop,WeightedTransition,2,0,0,0
2007,1965,Jazz,Childrens,WeightedTransition,2,0,0,0
2007,1965,Jazz,Classical,WeightedTransition,1,0,0,0
2007,1965,Jazz,ContemporaryFolk,WeightedTransition,2,0,0,0
2007,1965,Jazz,Country,WeightedTransition,1,0,0,0
2007,1965,Jazz,DooWop,AnnualFloor,1,0,0,0
2007,1965,Jazz,EasyListening,WeightedTransition,1,0,0,0
2007,1965,Jazz,GarageRock,WeightedTransition,1,0,0,0
2007,1965,Jazz,Gospel,AnnualFloor,1,0,0,0
2007,1965,Jazz,Gospel,WeightedTransition,3,0,0,0
2007,1965,Jazz,Jazz,AnnualFloor,3,0,0,0
2007,1965,Jazz,Jazz,Retained,114,0,0,0
2007,1965,Jazz,Jazz,WeightedTransition,8,0,0,0
2007,1965,Jazz,LatinPop,AnnualFloor,1,0,0,0
2007,1965,Jazz,RnB,WeightedTransition,1,0,0,0
2007,1965,Jazz,RockAndRoll,WeightedTransition,2,0,0,0
2007,1965,Jazz,Ska,AnnualFloor,1,0,0,0
2007,1965,Jazz,Soul,WeightedTransition,1,0,0,0
2007,1965,Jazz,SunshinePop,WeightedTransition,2,0,0,0
2007,1965,Jazz,SurfRock,WeightedTransition,2,0,0,0
2007,1965,Jazz,TexMex,AnnualFloor,1,0,0,0
2007,1965,Jazz,TraditionalPop,WeightedTransition,2,0,0,0
2007,1965,LatinPop,Blues,WeightedTransition,1,0,0,0
2007,1965,LatinPop,BritishBlues,WeightedTransition,1,0,0,0
2007,1965,LatinPop,LatinPop,Retained,10,0,0,0
2007,1965,LatinPop,TexMex,AnnualFloor,1,0,0,0
2007,1965,LatinPop,TraditionalPop,WeightedTransition,1,0,0,0
2007,1965,RnB,Blues,WeightedTransition,5,0,0,0
2007,1965,RnB,BossaNova,WeightedTransition,7,0,0,0
2007,1965,RnB,BritishBeat,WeightedTransition,16,0,0,0
2007,1965,RnB,BritishBlues,WeightedTransition,16,0,0,0
2007,1965,RnB,BritishPop,WeightedTransition,16,0,0,0
2007,1965,RnB,Childrens,AnnualFloor,1,0,0,0
2007,1965,RnB,Childrens,WeightedTransition,4,0,0,0
2007,1965,RnB,Classical,AnnualFloor,1,0,0,0
2007,1965,RnB,Classical,WeightedTransition,2,0,0,0
2007,1965,RnB,Comedy,WeightedTransition,4,0,0,0
2007,1965,RnB,ContemporaryFolk,WeightedTransition,3,0,0,0
2007,1965,RnB,Country,AnnualFloor,1,0,0,0
2007,1965,RnB,Country,WeightedTransition,14,0,0,0
2007,1965,RnB,DooWop,WeightedTransition,3,0,0,0
2007,1965,RnB,EasyListening,WeightedTransition,7,0,0,0
2007,1965,RnB,Folk,WeightedTransition,3,0,0,0
2007,1965,RnB,FolkRock,WeightedTransition,4,0,0,0
2007,1965,RnB,GarageRock,WeightedTransition,4,0,0,0
2007,1965,RnB,Gospel,WeightedTransition,15,0,0,0
2007,1965,RnB,Jazz,WeightedTransition,4,0,0,0
2007,1965,RnB,LatinPop,WeightedTransition,1,0,0,0
2007,1965,RnB,RnB,Retained,98,0,0,0
2007,1965,RnB,RnB,WeightedTransition,22,0,0,0
2007,1965,RnB,RockAndRoll,WeightedTransition,4,0,0,0
2007,1965,RnB,Ska,AnnualFloor,1,0,0,0
2007,1965,RnB,Ska,WeightedTransition,2,0,0,0
2007,1965,RnB,Soul,WeightedTransition,38,0,0,0
2007,1965,RnB,SunshinePop,WeightedTransition,2,0,0,0
2007,1965,RnB,SurfRock,AnnualFloor,1,0,0,0
2007,1965,RnB,SurfRock,WeightedTransition,10,0,0,0
2007,1965,RnB,TeenPop,AnnualFloor,1,0,0,0
2007,1965,RnB,TeenPop,WeightedTransition,3,0,0,0
2007,1965,RnB,TexMex,WeightedTransition,2,0,0,0
2007,1965,RnB,TraditionalPop,WeightedTransition,8,0,0,0
2007,1965,RockAndRoll,Blues,WeightedTransition,1,0,0,0
2007,1965,RockAndRoll,BritishBeat,AnnualFloor,1,0,0,0
2007,1965,RockAndRoll,BritishBeat,WeightedTransition,5,0,0,0
2007,1965,RockAndRoll,BritishBlues,WeightedTransition,8,0,0,0
2007,1965,RockAndRoll,BritishPop,WeightedTransition,7,0,0,0
2007,1965,RockAndRoll,Childrens,AnnualFloor,2,0,0,0
2007,1965,RockAndRoll,Classical,WeightedTransition,1,0,0,0
2007,1965,RockAndRoll,ContemporaryFolk,AnnualFloor,1,0,0,0
2007,1965,RockAndRoll,ContemporaryFolk,WeightedTransition,2,0,0,0
2007,1965,RockAndRoll,Country,WeightedTransition,3,0,0,0
2007,1965,RockAndRoll,DooWop,WeightedTransition,1,0,0,0
2007,1965,RockAndRoll,EasyListening,AnnualFloor,1,0,0,0
2007,1965,RockAndRoll,EasyListening,WeightedTransition,2,0,0,0
2007,1965,RockAndRoll,GarageRock,AnnualFloor,2,0,0,0
2007,1965,RockAndRoll,GarageRock,WeightedTransition,5,0,0,0
2007,1965,RockAndRoll,LatinPop,WeightedTransition,2,0,0,0
2007,1965,RockAndRoll,RockAndRoll,Retained,255,0,0,0
2007,1965,RockAndRoll,RockAndRoll,WeightedTransition,13,0,0,0
2007,1965,RockAndRoll,Soul,WeightedTransition,6,0,0,0
2007,1965,RockAndRoll,SunshinePop,WeightedTransition,1,0,0,0
2007,1965,RockAndRoll,SurfRock,WeightedTransition,4,0,0,0
2007,1965,RockAndRoll,TeenPop,WeightedTransition,1,0,0,0
2007,1965,RockAndRoll,TraditionalPop,WeightedTransition,1,0,0,0
2007,1965,Ska,BritishBlues,WeightedTransition,1,0,0,0
2007,1965,Ska,Ska,Retained,8,0,0,0
2007,1965,Ska,SunshinePop,WeightedTransition,1,0,0,0
2007,1965,Soul,Blues,AnnualFloor,2,0,0,0
2007,1965,Soul,Blues,WeightedTransition,1,0,0,0
2007,1965,Soul,BossaNova,AnnualFloor,1,0,0,0
2007,1965,Soul,BossaNova,WeightedTransition,1,0,0,0
2007,1965,Soul,BritishBeat,WeightedTransition,5,0,0,0
2007,1965,Soul,BritishBlues,WeightedTransition,5,0,0,0
2007,1965,Soul,BritishPop,AnnualFloor,1,0,0,0
2007,1965,Soul,BritishPop,WeightedTransition,6,0,0,0
2007,1965,Soul,Childrens,WeightedTransition,2,0,0,0
2007,1965,Soul,Comedy,WeightedTransition,2,0,0,0
2007,1965,Soul,ContemporaryFolk,WeightedTransition,1,0,0,0
2007,1965,Soul,Country,WeightedTransition,1,0,0,0
2007,1965,Soul,DooWop,AnnualFloor,1,0,0,0
2007,1965,Soul,EasyListening,WeightedTransition,1,0,0,0
2007,1965,Soul,Folk,WeightedTransition,1,0,0,0
2007,1965,Soul,FolkRock,AnnualFloor,1,0,0,0
2007,1965,Soul,GarageRock,AnnualFloor,1,0,0,0
2007,1965,Soul,GarageRock,WeightedTransition,6,0,0,0
2007,1965,Soul,Gospel,WeightedTransition,5,0,0,0
2007,1965,Soul,Jazz,WeightedTransition,3,0,0,0
2007,1965,Soul,LatinPop,WeightedTransition,1,0,0,0
2007,1965,Soul,RnB,WeightedTransition,2,0,0,0
2007,1965,Soul,RockAndRoll,AnnualFloor,1,0,0,0
2007,1965,Soul,RockAndRoll,WeightedTransition,3,0,0,0
2007,1965,Soul,Soul,AnnualFloor,2,0,0,0
2007,1965,Soul,Soul,Retained,355,0,0,0
2007,1965,Soul,Soul,WeightedTransition,29,0,0,0
2007,1965,Soul,SunshinePop,AnnualFloor,1,0,0,0
2007,1965,Soul,SunshinePop,WeightedTransition,1,0,0,0
2007,1965,Soul,SurfRock,WeightedTransition,1,0,0,0
2007,1965,Soul,TeenPop,WeightedTransition,2,0,0,0
2007,1965,Soul,TexMex,AnnualFloor,1,0,0,0
2007,1965,Soul,TexMex,WeightedTransition,1,0,0,0
2007,1965,Soul,TraditionalPop,WeightedTransition,5,0,0,0
2007,1965,SunshinePop,BritishBlues,WeightedTransition,1,0,0,0
2007,1965,SunshinePop,TeenPop,WeightedTransition,1,0,0,0
2007,1965,SurfRock,BritishBeat,WeightedTransition,5,0,0,0
2007,1965,SurfRock,BritishBlues,WeightedTransition,1,0,0,0
2007,1965,SurfRock,BritishPop,WeightedTransition,1,0,0,0
2007,1965,SurfRock,Childrens,WeightedTransition,1,0,0,0
2007,1965,SurfRock,Comedy,AnnualFloor,1,0,0,0
2007,1965,SurfRock,Comedy,WeightedTransition,1,0,0,0
2007,1965,SurfRock,EasyListening,WeightedTransition,1,0,0,0
2007,1965,SurfRock,GarageRock,WeightedTransition,2,0,0,0
2007,1965,SurfRock,Gospel,WeightedTransition,1,0,0,0
2007,1965,SurfRock,RockAndRoll,WeightedTransition,3,0,0,0
2007,1965,SurfRock,Soul,WeightedTransition,1,0,0,0
2007,1965,SurfRock,SurfRock,Retained,62,0,0,0
2007,1965,SurfRock,SurfRock,WeightedTransition,3,0,0,0
2007,1965,SurfRock,TraditionalPop,WeightedTransition,2,0,0,0
2007,1965,TeenPop,Blues,WeightedTransition,4,0,0,0
2007,1965,TeenPop,BossaNova,WeightedTransition,2,0,0,0
2007,1965,TeenPop,BritishBeat,WeightedTransition,11,0,0,0
2007,1965,TeenPop,BritishBlues,AnnualFloor,1,0,0,0
2007,1965,TeenPop,BritishBlues,WeightedTransition,26,0,0,0
2007,1965,TeenPop,BritishPop,AnnualFloor,1,0,0,0
2007,1965,TeenPop,BritishPop,WeightedTransition,41,0,0,0
2007,1965,TeenPop,Childrens,WeightedTransition,6,0,0,0
2007,1965,TeenPop,Comedy,WeightedTransition,4,0,0,0
2007,1965,TeenPop,ContemporaryFolk,WeightedTransition,4,0,0,0
2007,1965,TeenPop,Country,WeightedTransition,9,0,0,0
2007,1965,TeenPop,DooWop,AnnualFloor,1,0,0,0
2007,1965,TeenPop,DooWop,WeightedTransition,2,0,0,0
2007,1965,TeenPop,EasyListening,WeightedTransition,17,0,0,0
2007,1965,TeenPop,Folk,WeightedTransition,4,0,0,0
2007,1965,TeenPop,FolkRock,WeightedTransition,2,0,0,0
2007,1965,TeenPop,GarageRock,WeightedTransition,12,0,0,0
2007,1965,TeenPop,Gospel,AnnualFloor,1,0,0,0
2007,1965,TeenPop,Gospel,WeightedTransition,2,0,0,0
2007,1965,TeenPop,Jazz,WeightedTransition,3,0,0,0
2007,1965,TeenPop,LatinPop,AnnualFloor,1,0,0,0
2007,1965,TeenPop,LatinPop,WeightedTransition,1,0,0,0
2007,1965,TeenPop,RnB,WeightedTransition,7,0,0,0
2007,1965,TeenPop,RockAndRoll,AnnualFloor,1,0,0,0
2007,1965,TeenPop,RockAndRoll,WeightedTransition,6,0,0,0
2007,1965,TeenPop,Ska,WeightedTransition,1,0,0,0
2007,1965,TeenPop,Soul,WeightedTransition,11,0,0,0
2007,1965,TeenPop,SunshinePop,WeightedTransition,4,0,0,0
2007,1965,TeenPop,SurfRock,WeightedTransition,6,0,0,0
2007,1965,TeenPop,TeenPop,AnnualFloor,2,0,0,0
2007,1965,TeenPop,TeenPop,Retained,90,0,0,0
2007,1965,TeenPop,TeenPop,WeightedTransition,16,0,0,0
2007,1965,TeenPop,TexMex,WeightedTransition,4,0,0,0
2007,1965,TeenPop,TraditionalPop,WeightedTransition,19,0,0,0
2007,1965,TexMex,Blues,WeightedTransition,1,0,0,0
2007,1965,TexMex,BritishPop,WeightedTransition,2,0,0,0
2007,1965,TexMex,FolkRock,AnnualFloor,1,0,0,0
2007,1965,TexMex,SunshinePop,WeightedTransition,1,0,0,0
2007,1965,TexMex,SurfRock,WeightedTransition,1,0,0,0
2007,1965,TexMex,TexMex,Retained,17,0,0,0
2007,1965,TexMex,TexMex,WeightedTransition,1,0,0,0
2007,1965,TraditionalPop,BossaNova,WeightedTransition,2,0,0,0
2007,1965,TraditionalPop,BritishBeat,WeightedTransition,4,0,0,0
2007,1965,TraditionalPop,BritishBlues,WeightedTransition,6,0,0,0
2007,1965,TraditionalPop,BritishPop,WeightedTransition,20,0,0,0
2007,1965,TraditionalPop,Childrens,WeightedTransition,2,0,0,0
2007,1965,TraditionalPop,Classical,WeightedTransition,2,0,0,0
2007,1965,TraditionalPop,ContemporaryFolk,WeightedTransition,2,0,0,0
2007,1965,TraditionalPop,Country,WeightedTransition,1,0,0,0
2007,1965,TraditionalPop,EasyListening,WeightedTransition,8,0,0,0
2007,1965,TraditionalPop,Folk,WeightedTransition,4,0,0,0
2007,1965,TraditionalPop,GarageRock,WeightedTransition,3,0,0,0
2007,1965,TraditionalPop,Jazz,WeightedTransition,4,0,0,0
2007,1965,TraditionalPop,RockAndRoll,WeightedTransition,3,0,0,0
2007,1965,TraditionalPop,Ska,AnnualFloor,1,0,0,0
2007,1965,TraditionalPop,Ska,WeightedTransition,1,0,0,0
2007,1965,TraditionalPop,Soul,WeightedTransition,1,0,0,0
2007,1965,TraditionalPop,SunshinePop,WeightedTransition,5,0,0,0
2007,1965,TraditionalPop,SurfRock,WeightedTransition,1,0,0,0
2007,1965,TraditionalPop,TeenPop,WeightedTransition,2,0,0,0
2007,1965,TraditionalPop,TraditionalPop,AnnualFloor,3,0,0,0
2007,1965,TraditionalPop,TraditionalPop,Retained,227,0,0,0
2007,1965,TraditionalPop,TraditionalPop,WeightedTransition,12,0,0,0
2007,1966,AcidRock,AcidRock,Retained,6,0,0,0
2007,1966,AcidRock,GarageRock,WeightedTransition,1,0,0,0
2007,1966,BaroquePop,BaroquePop,Retained,6,0,0,0
2007,1966,BaroquePop,Soul,WeightedTransition,1,0,0,0
2007,1966,Blues,Blues,Retained,23,0,0,0
2007,1966,Blues,BritishBlues,WeightedTransition,1,0,0,0
2007,1966,Blues,BritishPop,WeightedTransition,1,0,0,0
2007,1966,Blues,Childrens,WeightedTransition,1,0,0,0
2007,1966,Blues,EasyListening,WeightedTransition,2,0,0,0
2007,1966,Blues,FolkRock,WeightedTransition,1,0,0,0
2007,1966,Blues,GarageRock,WeightedTransition,1,0,0,0
2007,1966,Blues,Gospel,AnnualFloor,1,0,0,0
2007,1966,Blues,Gospel,WeightedTransition,1,0,0,0
2007,1966,Blues,RockAndRoll,WeightedTransition,1,0,0,0
2007,1966,Blues,Soul,WeightedTransition,1,0,0,0
2007,1966,BluesRock,BaroquePop,WeightedTransition,1,0,0,0
2007,1966,BluesRock,BluesRock,Retained,31,0,0,0
2007,1966,BluesRock,BluesRock,WeightedTransition,3,0,0,0
2007,1966,BluesRock,BritishPop,WeightedTransition,1,0,0,0
2007,1966,BluesRock,GarageRock,WeightedTransition,2,0,0,0
2007,1966,BluesRock,PsychedelicRock,WeightedTransition,1,0,0,0
2007,1966,BluesRock,TraditionalPop,WeightedTransition,2,0,0,0
2007,1966,Boogaloo,Boogaloo,Retained,3,0,0,0
2007,1966,Boogaloo,Folk,WeightedTransition,1,0,0,0
2007,1966,Boogaloo,TexMex,WeightedTransition,1,0,0,0
2007,1966,BossaNova,BossaNova,Retained,14,0,0,0
2007,1966,BossaNova,BossaNova,WeightedTransition,1,0,0,0
2007,1966,BossaNova,BritishPop,WeightedTransition,1,0,0,0
2007,1966,BossaNova,Childrens,AnnualFloor,1,0,0,0
2007,1966,BossaNova,FolkRock,WeightedTransition,1,0,0,0
2007,1966,BossaNova,LatinPop,AnnualFloor,1,0,0,0
2007,1966,BossaNova,RockAndRoll,WeightedTransition,1,0,0,0
2007,1966,BritishBeat,Blues,WeightedTransition,1,0,0,0
2007,1966,BritishBeat,BossaNova,WeightedTransition,2,0,0,0
2007,1966,BritishBeat,BritishBeat,Retained,56,0,0,0
2007,1966,BritishBeat,BritishBeat,WeightedTransition,5,0,0,0
2007,1966,BritishBeat,BritishBlues,WeightedTransition,2,0,0,0
2007,1966,BritishBeat,EasyListening,WeightedTransition,1,0,0,0
2007,1966,BritishBeat,Folk,WeightedTransition,1,0,0,0
2007,1966,BritishBeat,GarageRock,WeightedTransition,5,0,0,0
2007,1966,BritishBeat,LatinPop,AnnualFloor,1,0,0,0
2007,1966,BritishBeat,RockAndRoll,AnnualFloor,1,0,0,0
2007,1966,BritishBeat,RockAndRoll,WeightedTransition,4,0,0,0
2007,1966,BritishBeat,Ska,AnnualFloor,1,0,0,0
2007,1966,BritishBeat,Soul,WeightedTransition,1,0,0,0
2007,1966,BritishBeat,TraditionalPop,WeightedTransition,1,0,0,0
2007,1966,BritishBlues,BritishBlues,AnnualFloor,1,0,0,0
2007,1966,BritishBlues,BritishBlues,Retained,46,0,0,0
2007,1966,BritishBlues,BritishBlues,WeightedTransition,2,0,0,0
2007,1966,BritishBlues,Classical,WeightedTransition,1,0,0,0
2007,1966,BritishBlues,GarageRock,WeightedTransition,1,0,0,0
2007,1966,BritishBlues,SurfRock,WeightedTransition,1,0,0,0
2007,1966,BritishPop,AcidRock,WeightedTransition,1,0,0,0
2007,1966,BritishPop,BaroquePop,AnnualFloor,1,0,0,0
2007,1966,BritishPop,BluesRock,AnnualFloor,1,0,0,0
2007,1966,BritishPop,BritishPop,Retained,40,0,0,0
2007,1966,BritishPop,BritishPop,WeightedTransition,2,0,0,0
2007,1966,BritishPop,EasyListening,WeightedTransition,1,0,0,0
2007,1966,Childrens,BaroquePop,WeightedTransition,1,0,0,0
2007,1966,Childrens,BritishBlues,WeightedTransition,1,0,0,0
2007,1966,Childrens,Childrens,Retained,11,0,0,0
2007,1966,Childrens,Childrens,WeightedTransition,1,0,0,0
2007,1966,Childrens,Comedy,WeightedTransition,1,0,0,0
2007,1966,Childrens,LatinPop,WeightedTransition,1,0,0,0
2007,1966,Childrens,Ska,WeightedTransition,1,0,0,0
2007,1966,Classical,Boogaloo,WeightedTransition,1,0,0,0
2007,1966,Classical,BritishBeat,WeightedTransition,1,0,0,0
2007,1966,Classical,Classical,Retained,8,0,0,0
2007,1966,Classical,Gospel,WeightedTransition,1,0,0,0
2007,1966,Classical,RockAndRoll,WeightedTransition,1,0,0,0
2007,1966,Classical,TraditionalPop,WeightedTransition,1,0,0,0
2007,1966,Comedy,BossaNova,WeightedTransition,1,0,0,0
2007,1966,Comedy,Childrens,WeightedTransition,1,0,0,0
2007,1966,Comedy,Comedy,Retained,29,0,0,0
2007,1966,Comedy,ContemporaryFolk,AnnualFloor,1,0,0,0
2007,1966,Comedy,ContemporaryFolk,WeightedTransition,1,0,0,0
2007,1966,Comedy,Jazz,WeightedTransition,1,0,0,0
2007,1966,Comedy,SunshinePop,AnnualFloor,1,0,0,0
2007,1966,ContemporaryFolk,BluesRock,WeightedTransition,1,0,0,0
2007,1966,ContemporaryFolk,Boogaloo,WeightedTransition,1,0,0,0
2007,1966,ContemporaryFolk,BritishBeat,WeightedTransition,1,0,0,0
2007,1966,ContemporaryFolk,BritishBlues,WeightedTransition,1,0,0,0
2007,1966,ContemporaryFolk,ContemporaryFolk,Retained,21,0,0,0
2007,1966,ContemporaryFolk,FolkRock,WeightedTransition,1,0,0,0
2007,1966,ContemporaryFolk,Gospel,WeightedTransition,1,0,0,0
2007,1966,ContemporaryFolk,SunshinePop,WeightedTransition,1,0,0,0
2007,1966,Country,AcidRock,WeightedTransition,1,0,0,0
2007,1966,Country,Blues,WeightedTransition,1,0,0,0
2007,1966,Country,BluesRock,WeightedTransition,1,0,0,0
2007,1966,Country,BritishBlues,WeightedTransition,3,0,0,0
2007,1966,Country,Childrens,WeightedTransition,1,0,0,0
2007,1966,Country,Classical,WeightedTransition,2,0,0,0
2007,1966,Country,Comedy,WeightedTransition,2,0,0,0
2007,1966,Country,ContemporaryFolk,WeightedTransition,2,0,0,0
2007,1966,Country,Country,Retained,122,0,0,0
2007,1966,Country,Country,WeightedTransition,11,0,0,0
2007,1966,Country,FolkRock,WeightedTransition,3,0,0,0
2007,1966,Country,Gospel,WeightedTransition,3,0,0,0
2007,1966,Country,Jazz,WeightedTransition,3,0,0,0
2007,1966,Country,LatinPop,WeightedTransition,2,0,0,0
2007,1966,Country,RockAndRoll,AnnualFloor,1,0,0,0
2007,1966,Country,RockAndRoll,WeightedTransition,1,0,0,0
2007,1966,Country,Ska,WeightedTransition,1,0,0,0
2007,1966,Country,Soul,WeightedTransition,2,0,0,0
2007,1966,Country,SunshinePop,WeightedTransition,1,0,0,0
2007,1966,Country,TexMex,WeightedTransition,1,0,0,0
2007,1966,DooWop,AcidRock,WeightedTransition,4,0,0,0
2007,1966,DooWop,BaroquePop,WeightedTransition,6,0,0,0
2007,1966,DooWop,Blues,WeightedTransition,1,0,0,0
2007,1966,DooWop,BluesRock,WeightedTransition,3,0,0,0
2007,1966,DooWop,Boogaloo,WeightedTransition,2,0,0,0
2007,1966,DooWop,BossaNova,WeightedTransition,6,0,0,0
2007,1966,DooWop,BritishBeat,WeightedTransition,6,0,0,0
2007,1966,DooWop,BritishBlues,WeightedTransition,11,0,0,0
2007,1966,DooWop,BritishPop,WeightedTransition,13,0,0,0
2007,1966,DooWop,Classical,AnnualFloor,1,0,0,0
2007,1966,DooWop,Classical,WeightedTransition,6,0,0,0
2007,1966,DooWop,Comedy,AnnualFloor,1,0,0,0
2007,1966,DooWop,Comedy,WeightedTransition,6,0,0,0
2007,1966,DooWop,ContemporaryFolk,WeightedTransition,3,0,0,0
2007,1966,DooWop,Country,WeightedTransition,2,0,0,0
2007,1966,DooWop,DooWop,Retained,20,0,0,0
2007,1966,DooWop,EasyListening,WeightedTransition,13,0,0,0
2007,1966,DooWop,Folk,WeightedTransition,2,0,0,0
2007,1966,DooWop,FolkRock,WeightedTransition,6,0,0,0
2007,1966,DooWop,GarageRock,WeightedTransition,9,0,0,0
2007,1966,DooWop,Gospel,WeightedTransition,9,0,0,0
2007,1966,DooWop,Jazz,AnnualFloor,1,0,0,0
2007,1966,DooWop,Jazz,WeightedTransition,7,0,0,0
2007,1966,DooWop,LatinPop,AnnualFloor,1,0,0,0
2007,1966,DooWop,LatinPop,WeightedTransition,4,0,0,0
2007,1966,DooWop,RockAndRoll,WeightedTransition,3,0,0,0
2007,1966,DooWop,Ska,AnnualFloor,1,0,0,0
2007,1966,DooWop,Ska,WeightedTransition,3,0,0,0
2007,1966,DooWop,Soul,AnnualFloor,1,0,0,0
2007,1966,DooWop,Soul,WeightedTransition,40,0,0,0
2007,1966,DooWop,SunshinePop,AnnualFloor,1,0,0,0
2007,1966,DooWop,SunshinePop,WeightedTransition,10,0,0,0
2007,1966,DooWop,SurfRock,WeightedTransition,3,0,0,0
2007,1966,DooWop,TexMex,WeightedTransition,6,0,0,0
2007,1966,DooWop,TraditionalPop,AnnualFloor,1,0,0,0
2007,1966,DooWop,TraditionalPop,WeightedTransition,15,0,0,0
2007,1966,EasyListening,BluesRock,WeightedTransition,2,0,0,0
2007,1966,EasyListening,BossaNova,AnnualFloor,1,0,0,0
2007,1966,EasyListening,BritishPop,WeightedTransition,1,0,0,0
2007,1966,EasyListening,Classical,WeightedTransition,1,0,0,0
2007,1966,EasyListening,ContemporaryFolk,WeightedTransition,1,0,0,0
2007,1966,EasyListening,EasyListening,Retained,33,0,0,0
2007,1966,EasyListening,Folk,WeightedTransition,1,0,0,0
2007,1966,EasyListening,FolkRock,WeightedTransition,2,0,0,0
2007,1966,EasyListening,RockAndRoll,WeightedTransition,1,0,0,0
2007,1966,EasyListening,Soul,WeightedTransition,1,0,0,0
2007,1966,EasyListening,SunshinePop,WeightedTransition,1,0,0,0
2007,1966,EasyListening,TexMex,AnnualFloor,1,0,0,0
2007,1966,Folk,BaroquePop,WeightedTransition,2,0,0,0
2007,1966,Folk,Blues,WeightedTransition,3,0,0,0
2007,1966,Folk,BluesRock,WeightedTransition,1,0,0,0
2007,1966,Folk,Boogaloo,WeightedTransition,2,0,0,0
2007,1966,Folk,BossaNova,WeightedTransition,1,0,0,0
2007,1966,Folk,BritishBeat,WeightedTransition,3,0,0,0
2007,1966,Folk,BritishBlues,WeightedTransition,2,0,0,0
2007,1966,Folk,BritishPop,WeightedTransition,6,0,0,0
2007,1966,Folk,Childrens,WeightedTransition,1,0,0,0
2007,1966,Folk,Comedy,WeightedTransition,1,0,0,0
2007,1966,Folk,ContemporaryFolk,WeightedTransition,4,0,0,0
2007,1966,Folk,Country,AnnualFloor,1,0,0,0
2007,1966,Folk,Country,WeightedTransition,9,0,0,0
2007,1966,Folk,EasyListening,WeightedTransition,4,0,0,0
2007,1966,Folk,Folk,AnnualFloor,1,0,0,0
2007,1966,Folk,Folk,Retained,42,0,0,0
2007,1966,Folk,Folk,WeightedTransition,4,0,0,0
2007,1966,Folk,FolkRock,WeightedTransition,9,0,0,0
2007,1966,Folk,GarageRock,WeightedTransition,4,0,0,0
2007,1966,Folk,Gospel,WeightedTransition,4,0,0,0
2007,1966,Folk,Jazz,WeightedTransition,2,0,0,0
2007,1966,Folk,LatinPop,WeightedTransition,4,0,0,0
2007,1966,Folk,RockAndRoll,WeightedTransition,2,0,0,0
2007,1966,Folk,Rocksteady,AnnualFloor,1,0,0,0
2007,1966,Folk,Rocksteady,WeightedTransition,2,0,0,0
2007,1966,Folk,Soul,WeightedTransition,6,0,0,0
2007,1966,Folk,SunshinePop,WeightedTransition,2,0,0,0
2007,1966,Folk,SurfRock,AnnualFloor,1,0,0,0
2007,1966,Folk,SurfRock,WeightedTransition,1,0,0,0
2007,1966,Folk,TexMex,WeightedTransition,1,0,0,0
2007,1966,Folk,TraditionalPop,AnnualFloor,1,0,0,0
2007,1966,Folk,TraditionalPop,WeightedTransition,4,0,0,0
2007,1966,FolkRock,BossaNova,WeightedTransition,1,0,0,0
2007,1966,FolkRock,FolkRock,AnnualFloor,1,0,0,0
2007,1966,FolkRock,FolkRock,Retained,21,0,0,0
2007,1966,FolkRock,FolkRock,WeightedTransition,3,0,0,0
2007,1966,FolkRock,Jazz,WeightedTransition,1,0,0,0
2007,1966,GarageRock,AcidRock,AnnualFloor,1,0,0,0
2007,1966,GarageRock,BritishBeat,WeightedTransition,1,0,0,0
2007,1966,GarageRock,BritishBlues,WeightedTransition,1,0,0,0
2007,1966,GarageRock,GarageRock,Retained,35,0,0,0
2007,1966,GarageRock,GarageRock,WeightedTransition,1,0,0,0
2007,1966,Gospel,BaroquePop,WeightedTransition,1,0,0,0
2007,1966,Gospel,Blues,WeightedTransition,2,0,0,0
2007,1966,Gospel,BossaNova,WeightedTransition,1,0,0,0
2007,1966,Gospel,BritishBeat,WeightedTransition,1,0,0,0
2007,1966,Gospel,BritishBlues,WeightedTransition,1,0,0,0
2007,1966,Gospel,BritishPop,WeightedTransition,1,0,0,0
2007,1966,Gospel,Classical,WeightedTransition,1,0,0,0
2007,1966,Gospel,Comedy,WeightedTransition,1,0,0,0
2007,1966,Gospel,Country,WeightedTransition,1,0,0,0
2007,1966,Gospel,Folk,AnnualFloor,1,0,0,0
2007,1966,Gospel,Gospel,Retained,138,0,0,0
2007,1966,Gospel,Gospel,WeightedTransition,10,0,0,0
2007,1966,Gospel,RockAndRoll,WeightedTransition,1,0,0,0
2007,1966,Gospel,Ska,WeightedTransition,1,0,0,0
2007,1966,Gospel,Soul,WeightedTransition,7,0,0,0
2007,1966,Gospel,SunshinePop,WeightedTransition,1,0,0,0
2007,1966,Gospel,TraditionalPop,WeightedTransition,2,0,0,0
2007,1966,Jazz,AcidRock,WeightedTransition,1,0,0,0
2007,1966,Jazz,BaroquePop,WeightedTransition,1,0,0,0
2007,1966,Jazz,Blues,AnnualFloor,1,0,0,0
2007,1966,Jazz,BossaNova,AnnualFloor,1,0,0,0
2007,1966,Jazz,BossaNova,WeightedTransition,2,0,0,0
2007,1966,Jazz,BritishBeat,WeightedTransition,2,0,0,0
2007,1966,Jazz,Classical,WeightedTransition,1,0,0,0
2007,1966,Jazz,Comedy,WeightedTransition,1,0,0,0
2007,1966,Jazz,Country,WeightedTransition,2,0,0,0
2007,1966,Jazz,EasyListening,WeightedTransition,1,0,0,0
2007,1966,Jazz,Folk,WeightedTransition,1,0,0,0
2007,1966,Jazz,FolkRock,WeightedTransition,1,0,0,0
2007,1966,Jazz,GarageRock,WeightedTransition,2,0,0,0
2007,1966,Jazz,Gospel,WeightedTransition,3,0,0,0
2007,1966,Jazz,Jazz,AnnualFloor,1,0,0,0
2007,1966,Jazz,Jazz,Retained,105,0,0,0
2007,1966,Jazz,Jazz,WeightedTransition,12,0,0,0
2007,1966,Jazz,LatinPop,WeightedTransition,1,0,0,0
2007,1966,Jazz,RockAndRoll,WeightedTransition,1,0,0,0
2007,1966,Jazz,Soul,WeightedTransition,1,0,0,0
2007,1966,Jazz,SunshinePop,WeightedTransition,2,0,0,0
2007,1966,Jazz,TexMex,WeightedTransition,2,0,0,0
2007,1966,Jazz,TraditionalPop,WeightedTransition,1,0,0,0
2007,1966,LatinPop,Boogaloo,WeightedTransition,1,0,0,0
2007,1966,LatinPop,ContemporaryFolk,WeightedTransition,1,0,0,0
2007,1966,LatinPop,Jazz,WeightedTransition,1,0,0,0
2007,1966,LatinPop,LatinPop,Retained,14,0,0,0
2007,1966,LatinPop,RockAndRoll,WeightedTransition,2,0,0,0
2007,1966,LatinPop,Soul,WeightedTransition,2,0,0,0
2007,1966,LatinPop,TexMex,WeightedTransition,1,0,0,0
2007,1966,PsychedelicRock,PsychedelicRock,AnnualFloor,1,0,0,0
2007,1966,PsychedelicRock,PsychedelicRock,Retained,7,0,0,0
2007,1966,RnB,AcidRock,WeightedTransition,4,0,0,0
2007,1966,RnB,BaroquePop,WeightedTransition,1,0,0,0
2007,1966,RnB,Blues,AnnualFloor,1,0,0,0
2007,1966,RnB,Blues,WeightedTransition,6,0,0,0
2007,1966,RnB,BluesRock,WeightedTransition,7,0,0,0
2007,1966,RnB,Boogaloo,WeightedTransition,1,0,0,0
2007,1966,RnB,BossaNova,WeightedTransition,6,0,0,0
2007,1966,RnB,BritishBeat,AnnualFloor,1,0,0,0
2007,1966,RnB,BritishBeat,WeightedTransition,5,0,0,0
2007,1966,RnB,BritishBlues,WeightedTransition,10,0,0,0
2007,1966,RnB,BritishPop,WeightedTransition,9,0,0,0
2007,1966,RnB,Childrens,AnnualFloor,1,0,0,0
2007,1966,RnB,Childrens,WeightedTransition,2,0,0,0
2007,1966,RnB,Classical,WeightedTransition,4,0,0,0
2007,1966,RnB,Comedy,WeightedTransition,8,0,0,0
2007,1966,RnB,ContemporaryFolk,AnnualFloor,1,0,0,0
2007,1966,RnB,ContemporaryFolk,WeightedTransition,8,0,0,0
2007,1966,RnB,Country,AnnualFloor,1,0,0,0
2007,1966,RnB,Country,WeightedTransition,5,0,0,0
2007,1966,RnB,EasyListening,AnnualFloor,1,0,0,0
2007,1966,RnB,EasyListening,WeightedTransition,14,0,0,0
2007,1966,RnB,Folk,WeightedTransition,2,0,0,0
2007,1966,RnB,FolkRock,WeightedTransition,5,0,0,0
2007,1966,RnB,GarageRock,WeightedTransition,8,0,0,0
2007,1966,RnB,Gospel,AnnualFloor,1,0,0,0
2007,1966,RnB,Gospel,WeightedTransition,9,0,0,0
2007,1966,RnB,Jazz,AnnualFloor,1,0,0,0
2007,1966,RnB,Jazz,WeightedTransition,4,0,0,0
2007,1966,RnB,LatinPop,WeightedTransition,4,0,0,0
2007,1966,RnB,RnB,Retained,30,0,0,0
2007,1966,RnB,RockAndRoll,WeightedTransition,11,0,0,0
2007,1966,RnB,Rocksteady,AnnualFloor,1,0,0,0
2007,1966,RnB,Rocksteady,WeightedTransition,1,0,0,0
2007,1966,RnB,Ska,AnnualFloor,1,0,0,0
2007,1966,RnB,Ska,WeightedTransition,1,0,0,0
2007,1966,RnB,Soul,WeightedTransition,41,0,0,0
2007,1966,RnB,SunshinePop,WeightedTransition,7,0,0,0
2007,1966,RnB,SurfRock,WeightedTransition,2,0,0,0
2007,1966,RnB,TexMex,AnnualFloor,1,0,0,0
2007,1966,RnB,TexMex,WeightedTransition,3,0,0,0
2007,1966,RnB,TraditionalPop,WeightedTransition,6,0,0,0
2007,1966,RockAndRoll,AcidRock,AnnualFloor,1,0,0,0
2007,1966,RockAndRoll,AcidRock,WeightedTransition,1,0,0,0
2007,1966,RockAndRoll,BaroquePop,WeightedTransition,1,0,0,0
2007,1966,RockAndRoll,BluesRock,AnnualFloor,1,0,0,0
2007,1966,RockAndRoll,BluesRock,WeightedTransition,2,0,0,0
2007,1966,RockAndRoll,Boogaloo,AnnualFloor,1,0,0,0
2007,1966,RockAndRoll,Boogaloo,WeightedTransition,1,0,0,0
2007,1966,RockAndRoll,BossaNova,WeightedTransition,1,0,0,0
2007,1966,RockAndRoll,BritishBeat,WeightedTransition,5,0,0,0
2007,1966,RockAndRoll,BritishBlues,AnnualFloor,1,0,0,0
2007,1966,RockAndRoll,BritishBlues,WeightedTransition,8,0,0,0
2007,1966,RockAndRoll,Childrens,AnnualFloor,1,0,0,0
2007,1966,RockAndRoll,Comedy,WeightedTransition,1,0,0,0
2007,1966,RockAndRoll,ContemporaryFolk,WeightedTransition,1,0,0,0
2007,1966,RockAndRoll,Country,WeightedTransition,1,0,0,0
2007,1966,RockAndRoll,EasyListening,WeightedTransition,4,0,0,0
2007,1966,RockAndRoll,Folk,WeightedTransition,1,0,0,0
2007,1966,RockAndRoll,FolkRock,WeightedTransition,1,0,0,0
2007,1966,RockAndRoll,GarageRock,AnnualFloor,1,0,0,0
2007,1966,RockAndRoll,GarageRock,WeightedTransition,6,0,0,0
2007,1966,RockAndRoll,Gospel,WeightedTransition,2,0,0,0
2007,1966,RockAndRoll,PsychedelicRock,AnnualFloor,1,0,0,0
2007,1966,RockAndRoll,PsychedelicRock,WeightedTransition,3,0,0,0
2007,1966,RockAndRoll,RockAndRoll,AnnualFloor,1,0,0,0
2007,1966,RockAndRoll,RockAndRoll,Retained,198,0,0,0
2007,1966,RockAndRoll,RockAndRoll,WeightedTransition,12,0,0,0
2007,1966,RockAndRoll,Rocksteady,WeightedTransition,1,0,0,0
2007,1966,RockAndRoll,Ska,WeightedTransition,1,0,0,0
2007,1966,RockAndRoll,SunshinePop,WeightedTransition,4,0,0,0
2007,1966,RockAndRoll,SurfRock,WeightedTransition,1,0,0,0
2007,1966,RockAndRoll,TexMex,WeightedTransition,1,0,0,0
2007,1966,RockAndRoll,TraditionalPop,WeightedTransition,2,0,0,0
2007,1966,Rocksteady,Rocksteady,Retained,1,0,0,0
2007,1966,Ska,BritishBlues,WeightedTransition,1,0,0,0
2007,1966,Ska,Rocksteady,WeightedTransition,1,0,0,0
2007,1966,Ska,Ska,Retained,17,0,0,0
2007,1966,Ska,Ska,WeightedTransition,1,0,0,0
2007,1966,Soul,AcidRock,WeightedTransition,1,0,0,0
2007,1966,Soul,BaroquePop,AnnualFloor,1,0,0,0
2007,1966,Soul,BaroquePop,WeightedTransition,3,0,0,0
2007,1966,Soul,Blues,AnnualFloor,1,0,0,0
2007,1966,Soul,BluesRock,WeightedTransition,2,0,0,0
2007,1966,Soul,Boogaloo,WeightedTransition,3,0,0,0
2007,1966,Soul,BossaNova,WeightedTransition,2,0,0,0
2007,1966,Soul,BritishBeat,WeightedTransition,6,0,0,0
2007,1966,Soul,BritishBlues,WeightedTransition,1,0,0,0
2007,1966,Soul,BritishPop,WeightedTransition,2,0,0,0
2007,1966,Soul,Childrens,WeightedTransition,4,0,0,0
2007,1966,Soul,Classical,AnnualFloor,1,0,0,0
2007,1966,Soul,Comedy,AnnualFloor,1,0,0,0
2007,1966,Soul,Comedy,WeightedTransition,1,0,0,0
2007,1966,Soul,ContemporaryFolk,AnnualFloor,1,0,0,0
2007,1966,Soul,Country,AnnualFloor,1,0,0,0
2007,1966,Soul,Country,WeightedTransition,1,0,0,0
2007,1966,Soul,EasyListening,WeightedTransition,5,0,0,0
2007,1966,Soul,FolkRock,WeightedTransition,1,0,0,0
2007,1966,Soul,GarageRock,AnnualFloor,1,0,0,0
2007,1966,Soul,GarageRock,WeightedTransition,3,0,0,0
2007,1966,Soul,Gospel,AnnualFloor,1,0,0,0
2007,1966,Soul,Gospel,WeightedTransition,2,0,0,0
2007,1966,Soul,Jazz,WeightedTransition,2,0,0,0
2007,1966,Soul,RockAndRoll,WeightedTransition,1,0,0,0
2007,1966,Soul,Rocksteady,WeightedTransition,2,0,0,0
2007,1966,Soul,Ska,WeightedTransition,1,0,0,0
2007,1966,Soul,Soul,AnnualFloor,2,0,0,0
2007,1966,Soul,Soul,Retained,373,0,0,0
2007,1966,Soul,Soul,WeightedTransition,31,0,0,0
2007,1966,Soul,SunshinePop,AnnualFloor,1,0,0,0
2007,1966,Soul,SunshinePop,WeightedTransition,4,0,0,0
2007,1966,Soul,SurfRock,WeightedTransition,3,0,0,0
2007,1966,Soul,TexMex,WeightedTransition,2,0,0,0
2007,1966,Soul,TraditionalPop,WeightedTransition,8,0,0,0
2007,1966,SunshinePop,BritishBeat,WeightedTransition,2,0,0,0
2007,1966,SunshinePop,EasyListening,WeightedTransition,1,0,0,0
2007,1966,SunshinePop,FolkRock,WeightedTransition,1,0,0,0
2007,1966,SunshinePop,Soul,WeightedTransition,1,0,0,0
2007,1966,SunshinePop,SunshinePop,Retained,16,0,0,0
2007,1966,SurfRock,BaroquePop,WeightedTransition,4,0,0,0
2007,1966,SurfRock,Blues,WeightedTransition,2,0,0,0
2007,1966,SurfRock,BluesRock,AnnualFloor,1,0,0,0
2007,1966,SurfRock,BluesRock,WeightedTransition,1,0,0,0
2007,1966,SurfRock,BossaNova,WeightedTransition,1,0,0,0
2007,1966,SurfRock,BritishBeat,WeightedTransition,1,0,0,0
2007,1966,SurfRock,BritishBlues,WeightedTransition,3,0,0,0
2007,1966,SurfRock,BritishPop,WeightedTransition,7,0,0,0
2007,1966,SurfRock,Childrens,WeightedTransition,1,0,0,0
2007,1966,SurfRock,Classical,WeightedTransition,3,0,0,0
2007,1966,SurfRock,ContemporaryFolk,WeightedTransition,1,0,0,0
2007,1966,SurfRock,EasyListening,AnnualFloor,1,0,0,0
2007,1966,SurfRock,EasyListening,WeightedTransition,2,0,0,0
2007,1966,SurfRock,FolkRock,AnnualFloor,1,0,0,0
2007,1966,SurfRock,FolkRock,WeightedTransition,2,0,0,0
2007,1966,SurfRock,GarageRock,WeightedTransition,7,0,0,0
2007,1966,SurfRock,Gospel,WeightedTransition,1,0,0,0
2007,1966,SurfRock,LatinPop,WeightedTransition,1,0,0,0
2007,1966,SurfRock,PsychedelicRock,AnnualFloor,1,0,0,0
2007,1966,SurfRock,PsychedelicRock,WeightedTransition,1,0,0,0
2007,1966,SurfRock,RockAndRoll,WeightedTransition,1,0,0,0
2007,1966,SurfRock,Rocksteady,WeightedTransition,1,0,0,0
2007,1966,SurfRock,Soul,WeightedTransition,3,0,0,0
2007,1966,SurfRock,SunshinePop,WeightedTransition,2,0,0,0
2007,1966,SurfRock,SurfRock,Retained,16,0,0,0
2007,1966,SurfRock,SurfRock,WeightedTransition,4,0,0,0
2007,1966,SurfRock,TraditionalPop,WeightedTransition,3,0,0,0
2007,1966,TeenPop,AcidRock,WeightedTransition,4,0,0,0
2007,1966,TeenPop,BaroquePop,WeightedTransition,7,0,0,0
2007,1966,TeenPop,Blues,WeightedTransition,3,0,0,0
2007,1966,TeenPop,BluesRock,WeightedTransition,2,0,0,0
2007,1966,TeenPop,Boogaloo,AnnualFloor,1,0,0,0
2007,1966,TeenPop,Boogaloo,WeightedTransition,1,0,0,0
2007,1966,TeenPop,BossaNova,WeightedTransition,3,0,0,0
2007,1966,TeenPop,BritishBeat,AnnualFloor,2,0,0,0
2007,1966,TeenPop,BritishBeat,WeightedTransition,7,0,0,0
2007,1966,TeenPop,BritishBlues,AnnualFloor,1,0,0,0
2007,1966,TeenPop,BritishBlues,WeightedTransition,7,0,0,0
2007,1966,TeenPop,BritishPop,WeightedTransition,23,0,0,0
2007,1966,TeenPop,Classical,WeightedTransition,2,0,0,0
2007,1966,TeenPop,ContemporaryFolk,WeightedTransition,1,0,0,0
2007,1966,TeenPop,Country,WeightedTransition,7,0,0,0
2007,1966,TeenPop,EasyListening,AnnualFloor,1,0,0,0
2007,1966,TeenPop,EasyListening,WeightedTransition,16,0,0,0
2007,1966,TeenPop,Folk,AnnualFloor,1,0,0,0
2007,1966,TeenPop,Folk,WeightedTransition,2,0,0,0
2007,1966,TeenPop,FolkRock,WeightedTransition,5,0,0,0
2007,1966,TeenPop,GarageRock,AnnualFloor,1,0,0,0
2007,1966,TeenPop,GarageRock,WeightedTransition,8,0,0,0
2007,1966,TeenPop,Gospel,WeightedTransition,4,0,0,0
2007,1966,TeenPop,Jazz,WeightedTransition,2,0,0,0
2007,1966,TeenPop,LatinPop,WeightedTransition,2,0,0,0
2007,1966,TeenPop,RockAndRoll,WeightedTransition,9,0,0,0
2007,1966,TeenPop,Rocksteady,WeightedTransition,2,0,0,0
2007,1966,TeenPop,Ska,WeightedTransition,1,0,0,0
2007,1966,TeenPop,Soul,WeightedTransition,8,0,0,0
2007,1966,TeenPop,SunshinePop,WeightedTransition,20,0,0,0
2007,1966,TeenPop,SurfRock,WeightedTransition,1,0,0,0
2007,1966,TeenPop,TeenPop,Retained,28,0,0,0
2007,1966,TeenPop,TexMex,WeightedTransition,4,0,0,0
2007,1966,TeenPop,TraditionalPop,WeightedTransition,11,0,0,0
2007,1966,TexMex,AcidRock,WeightedTransition,1,0,0,0
2007,1966,TexMex,Blues,WeightedTransition,1,0,0,0
2007,1966,TexMex,BritishPop,WeightedTransition,1,0,0,0
2007,1966,TexMex,Childrens,WeightedTransition,1,0,0,0
2007,1966,TexMex,Classical,WeightedTransition,1,0,0,0
2007,1966,TexMex,FolkRock,WeightedTransition,1,0,0,0
2007,1966,TexMex,RockAndRoll,WeightedTransition,1,0,0,0
2007,1966,TexMex,Soul,WeightedTransition,1,0,0,0
2007,1966,TexMex,TexMex,Retained,17,0,0,0
2007,1966,TraditionalPop,AcidRock,AnnualFloor,1,0,0,0
2007,1966,TraditionalPop,AcidRock,WeightedTransition,2,0,0,0
2007,1966,TraditionalPop,BaroquePop,AnnualFloor,1,0,0,0
2007,1966,TraditionalPop,BaroquePop,WeightedTransition,1,0,0,0
2007,1966,TraditionalPop,BluesRock,WeightedTransition,1,0,0,0
2007,1966,TraditionalPop,Boogaloo,AnnualFloor,1,0,0,0
2007,1966,TraditionalPop,BossaNova,AnnualFloor,1,0,0,0
2007,1966,TraditionalPop,BritishBeat,WeightedTransition,3,0,0,0
2007,1966,TraditionalPop,BritishBlues,WeightedTransition,2,0,0,0
2007,1966,TraditionalPop,BritishPop,AnnualFloor,3,0,0,0
2007,1966,TraditionalPop,BritishPop,WeightedTransition,11,0,0,0
2007,1966,TraditionalPop,Classical,AnnualFloor,1,0,0,0
2007,1966,TraditionalPop,Comedy,AnnualFloor,1,0,0,0
2007,1966,TraditionalPop,ContemporaryFolk,WeightedTransition,2,0,0,0
2007,1966,TraditionalPop,Country,WeightedTransition,2,0,0,0
2007,1966,TraditionalPop,EasyListening,WeightedTransition,6,0,0,0
2007,1966,TraditionalPop,FolkRock,AnnualFloor,1,0,0,0
2007,1966,TraditionalPop,FolkRock,WeightedTransition,1,0,0,0
2007,1966,TraditionalPop,Gospel,WeightedTransition,2,0,0,0
2007,1966,TraditionalPop,Jazz,WeightedTransition,2,0,0,0
2007,1966,TraditionalPop,RockAndRoll,WeightedTransition,1,0,0,0
2007,1966,TraditionalPop,Rocksteady,AnnualFloor,1,0,0,0
2007,1966,TraditionalPop,Soul,WeightedTransition,1,0,0,0
2007,1966,TraditionalPop,SunshinePop,WeightedTransition,6,0,0,0
2007,1966,TraditionalPop,SurfRock,AnnualFloor,2,0,0,0
2007,1966,TraditionalPop,TexMex,AnnualFloor,1,0,0,0
2007,1966,TraditionalPop,TraditionalPop,AnnualFloor,1,0,0,0
2007,1966,TraditionalPop,TraditionalPop,Retained,198,0,0,0
2007,1966,TraditionalPop,TraditionalPop,WeightedTransition,12,0,0,0
2007,1967,AcidRock,AcidRock,Retained,11,0,0,0
2007,1967,AcidRock,BluesRock,WeightedTransition,1,0,0,0
2007,1967,AcidRock,RockAndRoll,WeightedTransition,1,0,0,0
2007,1967,BaroquePop,BaroquePop,Retained,17,0,0,0
2007,1967,BaroquePop,BaroquePop,WeightedTransition,2,0,0,0
2007,1967,BaroquePop,BritishPop,WeightedTransition,1,0,0,0
2007,1967,BaroquePop,EasyListening,AnnualFloor,1,0,0,0
2007,1967,BaroquePop,Gospel,WeightedTransition,1,0,0,0
2007,1967,BaroquePop,LatinPop,WeightedTransition,1,0,0,0
2007,1967,Blues,AcidRock,WeightedTransition,1,0,0,0
2007,1967,Blues,BaroquePop,WeightedTransition,1,0,0,0
2007,1967,Blues,Blues,Retained,24,0,0,0
2007,1967,Blues,Blues,WeightedTransition,2,0,0,0
2007,1967,Blues,BluesRock,WeightedTransition,1,0,0,0
2007,1967,Blues,BritishBlues,WeightedTransition,3,0,0,0
2007,1967,Blues,Bubblegum,WeightedTransition,1,0,0,0
2007,1967,Blues,Jazz,WeightedTransition,2,0,0,0
2007,1967,Blues,SunshinePop,WeightedTransition,1,0,0,0
2007,1967,Blues,TexMex,WeightedTransition,1,0,0,0
2007,1967,BluesRock,AcidRock,WeightedTransition,2,0,0,0
2007,1967,BluesRock,BaroquePop,WeightedTransition,1,0,0,0
2007,1967,BluesRock,BluesRock,Retained,41,0,0,0
2007,1967,BluesRock,BluesRock,WeightedTransition,2,0,0,0
2007,1967,BluesRock,EasyListening,WeightedTransition,1,0,0,0
2007,1967,BluesRock,Gospel,WeightedTransition,1,0,0,0
2007,1967,BluesRock,Jazz,WeightedTransition,1,0,0,0
2007,1967,BluesRock,PsychedelicRock,AnnualFloor,1,0,0,0
2007,1967,BluesRock,PsychedelicRock,WeightedTransition,1,0,0,0
2007,1967,Boogaloo,Blues,WeightedTransition,1,0,0,0
2007,1967,Boogaloo,Boogaloo,Retained,3,0,0,0
2007,1967,Boogaloo,Country,WeightedTransition,1,0,0,0
2007,1967,Boogaloo,SunshinePop,WeightedTransition,2,0,0,0
2007,1967,BossaNova,AcidRock,WeightedTransition,1,0,0,0
2007,1967,BossaNova,BaroquePop,WeightedTransition,2,0,0,0
2007,1967,BossaNova,Blues,WeightedTransition,1,0,0,0
2007,1967,BossaNova,BossaNova,Retained,6,0,0,0
2007,1967,BossaNova,BossaNova,WeightedTransition,2,0,0,0
2007,1967,BossaNova,Childrens,WeightedTransition,1,0,0,0
2007,1967,BossaNova,EasyListening,WeightedTransition,1,0,0,0
2007,1967,BossaNova,Funk,WeightedTransition,1,0,0,0
2007,1967,BossaNova,Gospel,WeightedTransition,1,0,0,0
2007,1967,BossaNova,SunshinePop,WeightedTransition,1,0,0,0
2007,1967,BossaNova,TraditionalPop,WeightedTransition,1,0,0,0
2007,1967,BritishBeat,AcidRock,WeightedTransition,3,0,0,0
2007,1967,BritishBeat,BaroquePop,WeightedTransition,2,0,0,0
2007,1967,BritishBeat,Blues,WeightedTransition,2,0,0,0
2007,1967,BritishBeat,BluesRock,AnnualFloor,2,0,0,0
2007,1967,BritishBeat,BluesRock,WeightedTransition,3,0,0,0
2007,1967,BritishBeat,Boogaloo,WeightedTransition,2,0,0,0
2007,1967,BritishBeat,BossaNova,WeightedTransition,1,0,0,0
2007,1967,BritishBeat,BritishBeat,AnnualFloor,1,0,0,0
2007,1967,BritishBeat,BritishBeat,Retained,16,0,0,0
2007,1967,BritishBeat,BritishBeat,WeightedTransition,2,0,0,0
2007,1967,BritishBeat,BritishBlues,WeightedTransition,7,0,0,0
2007,1967,BritishBeat,BritishPop,WeightedTransition,4,0,0,0
2007,1967,BritishBeat,Comedy,WeightedTransition,1,0,0,0
2007,1967,BritishBeat,ContemporaryFolk,WeightedTransition,1,0,0,0
2007,1967,BritishBeat,EasyListening,WeightedTransition,2,0,0,0
2007,1967,BritishBeat,GarageRock,WeightedTransition,5,0,0,0
2007,1967,BritishBeat,Gospel,AnnualFloor,1,0,0,0
2007,1967,BritishBeat,Gospel,WeightedTransition,1,0,0,0
2007,1967,BritishBeat,HardRock,WeightedTransition,5,0,0,0
2007,1967,BritishBeat,LatinPop,WeightedTransition,2,0,0,0
2007,1967,BritishBeat,PsychedelicRock,AnnualFloor,1,0,0,0
2007,1967,BritishBeat,PsychedelicRock,WeightedTransition,5,0,0,0
2007,1967,BritishBeat,RockAndRoll,WeightedTransition,1,0,0,0
2007,1967,BritishBeat,Soul,WeightedTransition,2,0,0,0
2007,1967,BritishBeat,SunshinePop,WeightedTransition,2,0,0,0
2007,1967,BritishBlues,AcidRock,WeightedTransition,3,0,0,0
2007,1967,BritishBlues,BritishBlues,Retained,52,0,0,0
2007,1967,BritishBlues,BritishBlues,WeightedTransition,3,0,0,0
2007,1967,BritishBlues,FolkRock,WeightedTransition,1,0,0,0
2007,1967,BritishBlues,GarageRock,WeightedTransition,1,0,0,0
2007,1967,BritishBlues,Gospel,WeightedTransition,1,0,0,0
2007,1967,BritishBlues,ProtoPunk,WeightedTransition,1,0,0,0
2007,1967,BritishBlues,PsychedelicRock,WeightedTransition,3,0,0,0
2007,1967,BritishBlues,RockAndRoll,WeightedTransition,2,0,0,0
2007,1967,BritishBlues,Ska,WeightedTransition,1,0,0,0
2007,1967,BritishBlues,Soul,AnnualFloor,1,0,0,0
2007,1967,BritishPop,BaroquePop,WeightedTransition,1,0,0,0
2007,1967,BritishPop,Blues,WeightedTransition,1,0,0,0
2007,1967,BritishPop,BritishBlues,WeightedTransition,1,0,0,0
2007,1967,BritishPop,BritishPop,AnnualFloor,1,0,0,0
2007,1967,BritishPop,BritishPop,Retained,36,0,0,0
2007,1967,BritishPop,BritishPop,WeightedTransition,3,0,0,0
2007,1967,BritishPop,Country,WeightedTransition,1,0,0,0
2007,1967,BritishPop,Funk,WeightedTransition,1,0,0,0
2007,1967,BritishPop,GarageRock,WeightedTransition,1,0,0,0
2007,1967,BritishPop,SunshinePop,AnnualFloor,1,0,0,0
2007,1967,BritishPop,SunshinePop,WeightedTransition,2,0,0,0
2007,1967,Bubblegum,Bubblegum,Retained,4,0,0,0
2007,1967,Bubblegum,Classical,WeightedTransition,1,0,0,0
2007,1967,Childrens,Childrens,Retained,25,0,0,0
2007,1967,Childrens,Childrens,WeightedTransition,1,0,0,0
2007,1967,Childrens,FolkRock,WeightedTransition,2,0,0,0
2007,1967,Childrens,Jazz,WeightedTransition,1,0,0,0
2007,1967,Classical,Boogaloo,AnnualFloor,1,0,0,0
2007,1967,Classical,Classical,Retained,22,0,0,0
2007,1967,Classical,EasyListening,WeightedTransition,1,0,0,0
2007,1967,Classical,LatinPop,AnnualFloor,1,0,0,0
2007,1967,Comedy,AcidRock,WeightedTransition,1,0,0,0
2007,1967,Comedy,BaroquePop,WeightedTransition,3,0,0,0
2007,1967,Comedy,Blues,WeightedTransition,1,0,0,0
2007,1967,Comedy,Boogaloo,WeightedTransition,1,0,0,0
2007,1967,Comedy,Comedy,Retained,31,0,0,0
2007,1967,Comedy,Comedy,WeightedTransition,1,0,0,0
2007,1967,Comedy,FolkRock,WeightedTransition,1,0,0,0
2007,1967,Comedy,GarageRock,WeightedTransition,1,0,0,0
2007,1967,Comedy,Soul,WeightedTransition,2,0,0,0
2007,1967,Comedy,TexMex,WeightedTransition,1,0,0,0
2007,1967,ContemporaryFolk,AcidRock,WeightedTransition,1,0,0,0
2007,1967,ContemporaryFolk,BritishBeat,WeightedTransition,2,0,0,0
2007,1967,ContemporaryFolk,Childrens,WeightedTransition,1,0,0,0
2007,1967,ContemporaryFolk,ContemporaryFolk,Retained,43,0,0,0
2007,1967,ContemporaryFolk,ContemporaryFolk,WeightedTransition,1,0,0,0
2007,1967,ContemporaryFolk,EasyListening,AnnualFloor,1,0,0,0
2007,1967,ContemporaryFolk,EasyListening,WeightedTransition,1,0,0,0
2007,1967,ContemporaryFolk,FolkRock,WeightedTransition,3,0,0,0
2007,1967,ContemporaryFolk,GarageRock,WeightedTransition,1,0,0,0
2007,1967,ContemporaryFolk,RockAndRoll,WeightedTransition,1,0,0,0
2007,1967,Country,AcidRock,WeightedTransition,1,0,0,0
2007,1967,Country,Blues,WeightedTransition,2,0,0,0
2007,1967,Country,BluesRock,WeightedTransition,3,0,0,0
2007,1967,Country,Boogaloo,AnnualFloor,2,0,0,0
2007,1967,Country,Boogaloo,WeightedTransition,2,0,0,0
2007,1967,Country,BossaNova,WeightedTransition,1,0,0,0
2007,1967,Country,BritishBeat,AnnualFloor,1,0,0,0
2007,1967,Country,Bubblegum,AnnualFloor,1,0,0,0
2007,1967,Country,Bubblegum,WeightedTransition,1,0,0,0
2007,1967,Country,Comedy,WeightedTransition,1,0,0,0
2007,1967,Country,ContemporaryFolk,WeightedTransition,1,0,0,0
2007,1967,Country,Country,Retained,101,0,0,0
2007,1967,Country,Country,WeightedTransition,10,0,0,0
2007,1967,Country,EasyListening,WeightedTransition,1,0,0,0
2007,1967,Country,FolkRock,WeightedTransition,2,0,0,0
2007,1967,Country,GarageRock,WeightedTransition,2,0,0,0
2007,1967,Country,HardRock,WeightedTransition,2,0,0,0
2007,1967,Country,LatinPop,WeightedTransition,1,0,0,0
2007,1967,Country,RockAndRoll,WeightedTransition,1,0,0,0
2007,1967,Country,Rocksteady,WeightedTransition,1,0,0,0
2007,1967,Country,SingerSongwriter,WeightedTransition,2,0,0,0
2007,1967,Country,Soul,WeightedTransition,3,0,0,0
2007,1967,DooWop,AcidRock,WeightedTransition,4,0,0,0
2007,1967,DooWop,BaroquePop,WeightedTransition,6,0,0,0
2007,1967,DooWop,Blues,WeightedTransition,4,0,0,0
2007,1967,DooWop,BluesRock,WeightedTransition,3,0,0,0
2007,1967,DooWop,Boogaloo,WeightedTransition,2,0,0,0
2007,1967,DooWop,BritishBlues,WeightedTransition,1,0,0,0
2007,1967,DooWop,BritishPop,WeightedTransition,4,0,0,0
2007,1967,DooWop,Bubblegum,WeightedTransition,3,0,0,0
2007,1967,DooWop,Childrens,AnnualFloor,1,0,0,0
2007,1967,DooWop,Childrens,WeightedTransition,2,0,0,0
2007,1967,DooWop,Classical,WeightedTransition,1,0,0,0
2007,1967,DooWop,Comedy,WeightedTransition,1,0,0,0
2007,1967,DooWop,ContemporaryFolk,WeightedTransition,1,0,0,0
2007,1967,DooWop,Country,WeightedTransition,4,0,0,0
2007,1967,DooWop,DooWop,Retained,14,0,0,0
2007,1967,DooWop,EasyListening,WeightedTransition,4,0,0,0
2007,1967,DooWop,FolkRock,WeightedTransition,2,0,0,0
2007,1967,DooWop,Funk,WeightedTransition,5,0,0,0
2007,1967,DooWop,GarageRock,WeightedTransition,2,0,0,0
2007,1967,DooWop,Gospel,WeightedTransition,3,0,0,0
2007,1967,DooWop,HardRock,WeightedTransition,2,0,0,0
2007,1967,DooWop,Jazz,WeightedTransition,4,0,0,0
2007,1967,DooWop,LatinPop,WeightedTransition,6,0,0,0
2007,1967,DooWop,ProtoPunk,WeightedTransition,1,0,0,0
2007,1967,DooWop,RockAndRoll,WeightedTransition,1,0,0,0
2007,1967,DooWop,Rocksteady,WeightedTransition,1,0,0,0
2007,1967,DooWop,SingerSongwriter,AnnualFloor,1,0,0,0
2007,1967,DooWop,SingerSongwriter,WeightedTransition,4,0,0,0
2007,1967,DooWop,Ska,AnnualFloor,1,0,0,0
2007,1967,DooWop,Ska,WeightedTransition,1,0,0,0
2007,1967,DooWop,Soul,WeightedTransition,23,0,0,0
2007,1967,DooWop,SunshinePop,WeightedTransition,10,0,0,0
2007,1967,DooWop,TexMex,AnnualFloor,1,0,0,0
2007,1967,DooWop,TraditionalPop,WeightedTransition,1,0,0,0
2007,1967,EasyListening,Blues,WeightedTransition,1,0,0,0
2007,1967,EasyListening,Boogaloo,WeightedTransition,1,0,0,0
2007,1967,EasyListening,BritishBeat,WeightedTransition,1,0,0,0
2007,1967,EasyListening,BritishBlues,WeightedTransition,1,0,0,0
2007,1967,EasyListening,BritishPop,WeightedTransition,1,0,0,0
2007,1967,EasyListening,Childrens,WeightedTransition,1,0,0,0
2007,1967,EasyListening,Comedy,AnnualFloor,1,0,0,0
2007,1967,EasyListening,Comedy,WeightedTransition,1,0,0,0
2007,1967,EasyListening,EasyListening,Retained,36,0,0,0
2007,1967,EasyListening,EasyListening,WeightedTransition,3,0,0,0
2007,1967,EasyListening,FolkRock,WeightedTransition,1,0,0,0
2007,1967,EasyListening,Funk,WeightedTransition,1,0,0,0
2007,1967,EasyListening,GarageRock,AnnualFloor,1,0,0,0
2007,1967,EasyListening,GarageRock,WeightedTransition,1,0,0,0
2007,1967,EasyListening,HardRock,WeightedTransition,1,0,0,0
2007,1967,EasyListening,TraditionalPop,WeightedTransition,1,0,0,0
2007,1967,Folk,AcidRock,WeightedTransition,3,0,0,0
2007,1967,Folk,BaroquePop,WeightedTransition,3,0,0,0
2007,1967,Folk,Blues,AnnualFloor,1,0,0,0
2007,1967,Folk,Blues,WeightedTransition,1,0,0,0
2007,1967,Folk,BluesRock,WeightedTransition,1,0,0,0
2007,1967,Folk,Boogaloo,WeightedTransition,1,0,0,0
2007,1967,Folk,BritishBlues,WeightedTransition,4,0,0,0
2007,1967,Folk,BritishPop,WeightedTransition,1,0,0,0
2007,1967,Folk,Bubblegum,WeightedTransition,1,0,0,0
2007,1967,Folk,Childrens,WeightedTransition,3,0,0,0
2007,1967,Folk,Classical,WeightedTransition,2,0,0,0
2007,1967,Folk,ContemporaryFolk,WeightedTransition,5,0,0,0
2007,1967,Folk,Country,WeightedTransition,4,0,0,0
2007,1967,Folk,EasyListening,WeightedTransition,1,0,0,0
2007,1967,Folk,Folk,Retained,9,0,0,0
2007,1967,Folk,FolkRock,AnnualFloor,1,0,0,0
2007,1967,Folk,FolkRock,WeightedTransition,5,0,0,0
2007,1967,Folk,Funk,WeightedTransition,2,0,0,0
2007,1967,Folk,GarageRock,WeightedTransition,1,0,0,0
2007,1967,Folk,Gospel,WeightedTransition,1,0,0,0
2007,1967,Folk,HardRock,WeightedTransition,1,0,0,0
2007,1967,Folk,Jazz,WeightedTransition,2,0,0,0
2007,1967,Folk,LatinPop,WeightedTransition,4,0,0,0
2007,1967,Folk,ProtoPunk,WeightedTransition,2,0,0,0
2007,1967,Folk,RockAndRoll,WeightedTransition,1,0,0,0
2007,1967,Folk,SingerSongwriter,AnnualFloor,1,0,0,0
2007,1967,Folk,SingerSongwriter,WeightedTransition,2,0,0,0
2007,1967,Folk,Soul,WeightedTransition,5,0,0,0
2007,1967,Folk,SunshinePop,WeightedTransition,3,0,0,0
2007,1967,Folk,TexMex,WeightedTransition,1,0,0,0
2007,1967,Folk,TraditionalPop,WeightedTransition,3,0,0,0
2007,1967,FolkRock,Boogaloo,WeightedTransition,1,0,0,0
2007,1967,FolkRock,BritishPop,WeightedTransition,1,0,0,0
2007,1967,FolkRock,ContemporaryFolk,AnnualFloor,2,0,0,0
2007,1967,FolkRock,FolkRock,Retained,24,0,0,0
2007,1967,FolkRock,FolkRock,WeightedTransition,2,0,0,0
2007,1967,FolkRock,TexMex,WeightedTransition,1,0,0,0
2007,1967,Funk,Funk,Retained,2,0,0,0
2007,1967,GarageRock,AcidRock,AnnualFloor,1,0,0,0
2007,1967,GarageRock,AcidRock,WeightedTransition,1,0,0,0
2007,1967,GarageRock,BluesRock,WeightedTransition,3,0,0,0
2007,1967,GarageRock,BritishBlues,WeightedTransition,2,0,0,0
2007,1967,GarageRock,Childrens,WeightedTransition,1,0,0,0
2007,1967,GarageRock,GarageRock,AnnualFloor,1,0,0,0
2007,1967,GarageRock,GarageRock,Retained,34,0,0,0
2007,1967,GarageRock,GarageRock,WeightedTransition,1,0,0,0
2007,1967,GarageRock,Gospel,WeightedTransition,1,0,0,0
2007,1967,GarageRock,ProtoPunk,WeightedTransition,1,0,0,0
2007,1967,GarageRock,PsychedelicRock,AnnualFloor,1,0,0,0
2007,1967,GarageRock,PsychedelicRock,WeightedTransition,1,0,0,0
2007,1967,GarageRock,RockAndRoll,WeightedTransition,3,0,0,0
2007,1967,GarageRock,SingerSongwriter,AnnualFloor,1,0,0,0
2007,1967,GarageRock,Ska,AnnualFloor,1,0,0,0
2007,1967,Gospel,AcidRock,AnnualFloor,1,0,0,0
2007,1967,Gospel,AcidRock,WeightedTransition,1,0,0,0
2007,1967,Gospel,BaroquePop,WeightedTransition,2,0,0,0
2007,1967,Gospel,Blues,AnnualFloor,1,0,0,0
2007,1967,Gospel,Blues,WeightedTransition,3,0,0,0
2007,1967,Gospel,BossaNova,WeightedTransition,1,0,0,0
2007,1967,Gospel,BritishBeat,WeightedTransition,1,0,0,0
2007,1967,Gospel,BritishPop,WeightedTransition,1,0,0,0
2007,1967,Gospel,Bubblegum,WeightedTransition,1,0,0,0
2007,1967,Gospel,Classical,WeightedTransition,1,0,0,0
2007,1967,Gospel,Comedy,WeightedTransition,1,0,0,0
2007,1967,Gospel,Country,AnnualFloor,1,0,0,0
2007,1967,Gospel,Country,WeightedTransition,1,0,0,0
2007,1967,Gospel,EasyListening,WeightedTransition,2,0,0,0
2007,1967,Gospel,FolkRock,AnnualFloor,1,0,0,0
2007,1967,Gospel,Funk,AnnualFloor,1,0,0,0
2007,1967,Gospel,GarageRock,WeightedTransition,1,0,0,0
2007,1967,Gospel,Gospel,AnnualFloor,2,0,0,0
2007,1967,Gospel,Gospel,Retained,125,0,0,0
2007,1967,Gospel,Gospel,WeightedTransition,12,0,0,0
2007,1967,Gospel,HardRock,WeightedTransition,2,0,0,0
2007,1967,Gospel,Jazz,WeightedTransition,2,0,0,0
2007,1967,Gospel,ProtoPunk,AnnualFloor,1,0,0,0
2007,1967,Gospel,Rocksteady,AnnualFloor,1,0,0,0
2007,1967,Gospel,SingerSongwriter,WeightedTransition,1,0,0,0
2007,1967,Gospel,Soul,AnnualFloor,1,0,0,0
2007,1967,Gospel,Soul,WeightedTransition,4,0,0,0
2007,1967,Gospel,SunshinePop,WeightedTransition,3,0,0,0
2007,1967,Gospel,TraditionalPop,WeightedTransition,2,0,0,0
2007,1967,HardRock,HardRock,Retained,9,0,0,0
2007,1967,Jazz,BaroquePop,WeightedTransition,1,0,0,0
2007,1967,Jazz,BluesRock,AnnualFloor,1,0,0,0
2007,1967,Jazz,BluesRock,WeightedTransition,1,0,0,0
2007,1967,Jazz,BossaNova,AnnualFloor,1,0,0,0
2007,1967,Jazz,BritishBeat,WeightedTransition,1,0,0,0
2007,1967,Jazz,BritishBlues,WeightedTransition,1,0,0,0
2007,1967,Jazz,BritishPop,AnnualFloor,1,0,0,0
2007,1967,Jazz,BritishPop,WeightedTransition,1,0,0,0
2007,1967,Jazz,Bubblegum,WeightedTransition,1,0,0,0
2007,1967,Jazz,Comedy,WeightedTransition,2,0,0,0
2007,1967,Jazz,Country,WeightedTransition,1,0,0,0
2007,1967,Jazz,EasyListening,WeightedTransition,3,0,0,0
2007,1967,Jazz,GarageRock,AnnualFloor,1,0,0,0
2007,1967,Jazz,Jazz,AnnualFloor,1,0,0,0
2007,1967,Jazz,Jazz,Retained,106,0,0,0
2007,1967,Jazz,Jazz,WeightedTransition,8,0,0,0
2007,1967,Jazz,LatinPop,AnnualFloor,1,0,0,0
2007,1967,Jazz,RockAndRoll,AnnualFloor,1,0,0,0
2007,1967,Jazz,RockAndRoll,WeightedTransition,3,0,0,0
2007,1967,Jazz,SingerSongwriter,WeightedTransition,1,0,0,0
2007,1967,Jazz,Soul,WeightedTransition,3,0,0,0
2007,1967,Jazz,SunshinePop,WeightedTransition,3,0,0,0
2007,1967,Jazz,TexMex,WeightedTransition,1,0,0,0
2007,1967,Jazz,TraditionalPop,WeightedTransition,3,0,0,0
2007,1967,LatinPop,BaroquePop,WeightedTransition,1,0,0,0
2007,1967,LatinPop,FolkRock,WeightedTransition,1,0,0,0
2007,1967,LatinPop,LatinPop,Retained,15,0,0,0
2007,1967,LatinPop,RockAndRoll,WeightedTransition,1,0,0,0
2007,1967,ProtoPunk,ProtoPunk,Retained,5,0,0,0
2007,1967,PsychedelicRock,AcidRock,WeightedTransition,2,0,0,0
2007,1967,PsychedelicRock,BaroquePop,WeightedTransition,1,0,0,0
2007,1967,PsychedelicRock,ContemporaryFolk,WeightedTransition,1,0,0,0
2007,1967,PsychedelicRock,EasyListening,WeightedTransition,1,0,0,0
2007,1967,PsychedelicRock,GarageRock,WeightedTransition,1,0,0,0
2007,1967,PsychedelicRock,PsychedelicRock,Retained,11,0,0,0
2007,1967,PsychedelicRock,PsychedelicRock,WeightedTransition,1,0,0,0
2007,1967,RnB,AcidRock,WeightedTransition,5,0,0,0
2007,1967,RnB,BaroquePop,AnnualFloor,1,0,0,0
2007,1967,RnB,BaroquePop,WeightedTransition,3,0,0,0
2007,1967,RnB,Blues,AnnualFloor,1,0,0,0
2007,1967,RnB,Blues,WeightedTransition,3,0,0,0
2007,1967,RnB,Boogaloo,WeightedTransition,1,0,0,0
2007,1967,RnB,BritishBeat,WeightedTransition,2,0,0,0
2007,1967,RnB,BritishBlues,WeightedTransition,3,0,0,0
2007,1967,RnB,BritishPop,WeightedTransition,5,0,0,0
2007,1967,RnB,Bubblegum,WeightedTransition,3,0,0,0
2007,1967,RnB,Childrens,WeightedTransition,3,0,0,0
2007,1967,RnB,Classical,WeightedTransition,2,0,0,0
2007,1967,RnB,Comedy,WeightedTransition,2,0,0,0
2007,1967,RnB,ContemporaryFolk,WeightedTransition,6,0,0,0
2007,1967,RnB,Country,WeightedTransition,8,0,0,0
2007,1967,RnB,EasyListening,AnnualFloor,1,0,0,0
2007,1967,RnB,EasyListening,WeightedTransition,7,0,0,0
2007,1967,RnB,FolkRock,WeightedTransition,3,0,0,0
2007,1967,RnB,Funk,AnnualFloor,1,0,0,0
2007,1967,RnB,Funk,WeightedTransition,6,0,0,0
2007,1967,RnB,GarageRock,WeightedTransition,4,0,0,0
2007,1967,RnB,Gospel,WeightedTransition,11,0,0,0
2007,1967,RnB,HardRock,WeightedTransition,2,0,0,0
2007,1967,RnB,Jazz,WeightedTransition,4,0,0,0
2007,1967,RnB,LatinPop,WeightedTransition,4,0,0,0
2007,1967,RnB,ProtoPunk,WeightedTransition,1,0,0,0
2007,1967,RnB,RnB,Retained,14,0,0,0
2007,1967,RnB,RockAndRoll,WeightedTransition,2,0,0,0
2007,1967,RnB,Rocksteady,AnnualFloor,1,0,0,0
2007,1967,RnB,Rocksteady,WeightedTransition,1,0,0,0
2007,1967,RnB,SingerSongwriter,WeightedTransition,2,0,0,0
2007,1967,RnB,Soul,WeightedTransition,24,0,0,0
2007,1967,RnB,SunshinePop,WeightedTransition,2,0,0,0
2007,1967,RockAndRoll,AcidRock,WeightedTransition,3,0,0,0
2007,1967,RockAndRoll,BaroquePop,AnnualFloor,1,0,0,0
2007,1967,RockAndRoll,BaroquePop,WeightedTransition,2,0,0,0
2007,1967,RockAndRoll,Blues,WeightedTransition,1,0,0,0
2007,1967,RockAndRoll,BluesRock,WeightedTransition,3,0,0,0
2007,1967,RockAndRoll,Boogaloo,WeightedTransition,1,0,0,0
2007,1967,RockAndRoll,BritishBeat,AnnualFloor,1,0,0,0
2007,1967,RockAndRoll,BritishBlues,AnnualFloor,1,0,0,0
2007,1967,RockAndRoll,BritishBlues,WeightedTransition,2,0,0,0
2007,1967,RockAndRoll,Childrens,WeightedTransition,1,0,0,0
2007,1967,RockAndRoll,Classical,AnnualFloor,1,0,0,0
2007,1967,RockAndRoll,Comedy,WeightedTransition,1,0,0,0
2007,1967,RockAndRoll,Country,AnnualFloor,1,0,0,0
2007,1967,RockAndRoll,EasyListening,WeightedTransition,1,0,0,0
2007,1967,RockAndRoll,FolkRock,WeightedTransition,1,0,0,0
2007,1967,RockAndRoll,Funk,WeightedTransition,1,0,0,0
2007,1967,RockAndRoll,GarageRock,WeightedTransition,4,0,0,0
2007,1967,RockAndRoll,HardRock,WeightedTransition,2,0,0,0
2007,1967,RockAndRoll,Jazz,AnnualFloor,1,0,0,0
2007,1967,RockAndRoll,Jazz,WeightedTransition,1,0,0,0
2007,1967,RockAndRoll,LatinPop,WeightedTransition,1,0,0,0
2007,1967,RockAndRoll,PsychedelicRock,WeightedTransition,5,0,0,0
2007,1967,RockAndRoll,RockAndRoll,AnnualFloor,1,0,0,0
2007,1967,RockAndRoll,RockAndRoll,Retained,196,0,0,0
2007,1967,RockAndRoll,RockAndRoll,WeightedTransition,10,0,0,0
2007,1967,RockAndRoll,Soul,WeightedTransition,2,0,0,0
2007,1967,RockAndRoll,SunshinePop,AnnualFloor,1,0,0,0
2007,1967,RockAndRoll,TraditionalPop,WeightedTransition,1,0,0,0
2007,1967,Rocksteady,Boogaloo,WeightedTransition,1,0,0,0
2007,1967,Rocksteady,Childrens,AnnualFloor,1,0,0,0
2007,1967,Rocksteady,HardRock,WeightedTransition,1,0,0,0
2007,1967,Rocksteady,Rocksteady,Retained,8,0,0,0
2007,1967,Rocksteady,Rocksteady,WeightedTransition,1,0,0,0
2007,1967,SingerSongwriter,SingerSongwriter,Retained,7,0,0,0
2007,1967,Ska,AcidRock,WeightedTransition,1,0,0,0
2007,1967,Ska,BaroquePop,WeightedTransition,2,0,0,0
2007,1967,Ska,BritishBlues,WeightedTransition,1,0,0,0
2007,1967,Ska,Bubblegum,WeightedTransition,1,0,0,0
2007,1967,Ska,Country,WeightedTransition,1,0,0,0
2007,1967,Ska,EasyListening,WeightedTransition,2,0,0,0
2007,1967,Ska,GarageRock,WeightedTransition,1,0,0,0
2007,1967,Ska,Gospel,WeightedTransition,1,0,0,0
2007,1967,Ska,HardRock,WeightedTransition,2,0,0,0
2007,1967,Ska,Ska,Retained,9,0,0,0
2007,1967,Ska,Soul,WeightedTransition,1,0,0,0
2007,1967,Soul,AcidRock,AnnualFloor,1,0,0,0
2007,1967,Soul,AcidRock,WeightedTransition,7,0,0,0
2007,1967,Soul,BaroquePop,AnnualFloor,1,0,0,0
2007,1967,Soul,BaroquePop,WeightedTransition,1,0,0,0
2007,1967,Soul,BluesRock,WeightedTransition,3,0,0,0
2007,1967,Soul,Boogaloo,WeightedTransition,2,0,0,0
2007,1967,Soul,BossaNova,AnnualFloor,1,0,0,0
2007,1967,Soul,BossaNova,WeightedTransition,2,0,0,0
2007,1967,Soul,BritishBlues,AnnualFloor,1,0,0,0
2007,1967,Soul,BritishBlues,WeightedTransition,1,0,0,0
2007,1967,Soul,BritishPop,AnnualFloor,1,0,0,0
2007,1967,Soul,BritishPop,WeightedTransition,5,0,0,0
2007,1967,Soul,Childrens,WeightedTransition,2,0,0,0
2007,1967,Soul,Classical,AnnualFloor,1,0,0,0
2007,1967,Soul,Comedy,AnnualFloor,1,0,0,0
2007,1967,Soul,Comedy,WeightedTransition,3,0,0,0
2007,1967,Soul,ContemporaryFolk,AnnualFloor,1,0,0,0
2007,1967,Soul,ContemporaryFolk,WeightedTransition,4,0,0,0
2007,1967,Soul,Country,AnnualFloor,1,0,0,0
2007,1967,Soul,Country,WeightedTransition,4,0,0,0
2007,1967,Soul,EasyListening,WeightedTransition,7,0,0,0
2007,1967,Soul,FolkRock,AnnualFloor,1,0,0,0
2007,1967,Soul,FolkRock,WeightedTransition,2,0,0,0
2007,1967,Soul,Funk,AnnualFloor,1,0,0,0
2007,1967,Soul,Funk,WeightedTransition,5,0,0,0
2007,1967,Soul,GarageRock,WeightedTransition,1,0,0,0
2007,1967,Soul,Gospel,WeightedTransition,3,0,0,0
2007,1967,Soul,HardRock,AnnualFloor,1,0,0,0
2007,1967,Soul,Jazz,WeightedTransition,2,0,0,0
2007,1967,Soul,LatinPop,WeightedTransition,1,0,0,0
2007,1967,Soul,ProtoPunk,AnnualFloor,1,0,0,0
2007,1967,Soul,RockAndRoll,AnnualFloor,1,0,0,0
2007,1967,Soul,RockAndRoll,WeightedTransition,3,0,0,0
2007,1967,Soul,Rocksteady,AnnualFloor,1,0,0,0
2007,1967,Soul,Ska,AnnualFloor,1,0,0,0
2007,1967,Soul,Soul,AnnualFloor,1,0,0,0
2007,1967,Soul,Soul,Retained,338,0,0,0
2007,1967,Soul,Soul,WeightedTransition,25,0,0,0
2007,1967,Soul,SunshinePop,AnnualFloor,1,0,0,0
2007,1967,Soul,SunshinePop,WeightedTransition,9,0,0,0
2007,1967,Soul,TexMex,WeightedTransition,2,0,0,0
2007,1967,Soul,TraditionalPop,WeightedTransition,3,0,0,0
2007,1967,SunshinePop,AcidRock,WeightedTransition,1,0,0,0
2007,1967,SunshinePop,BaroquePop,WeightedTransition,1,0,0,0
2007,1967,SunshinePop,BluesRock,WeightedTransition,1,0,0,0
2007,1967,SunshinePop,EasyListening,WeightedTransition,1,0,0,0
2007,1967,SunshinePop,FolkRock,WeightedTransition,1,0,0,0
2007,1967,SunshinePop,Funk,WeightedTransition,1,0,0,0
2007,1967,SunshinePop,Jazz,WeightedTransition,1,0,0,0
2007,1967,SunshinePop,LatinPop,WeightedTransition,1,0,0,0
2007,1967,SunshinePop,ProtoPunk,AnnualFloor,1,0,0,0
2007,1967,SunshinePop,RockAndRoll,WeightedTransition,1,0,0,0
2007,1967,SunshinePop,SingerSongwriter,WeightedTransition,1,0,0,0
2007,1967,SunshinePop,Soul,WeightedTransition,1,0,0,0
2007,1967,SunshinePop,SunshinePop,Retained,27,0,0,0
2007,1967,SunshinePop,SunshinePop,WeightedTransition,2,0,0,0
2007,1967,SunshinePop,TraditionalPop,WeightedTransition,1,0,0,0
2007,1967,SurfRock,AcidRock,WeightedTransition,2,0,0,0
2007,1967,SurfRock,BluesRock,WeightedTransition,2,0,0,0
2007,1967,SurfRock,BossaNova,AnnualFloor,1,0,0,0
2007,1967,SurfRock,BritishBlues,WeightedTransition,5,0,0,0
2007,1967,SurfRock,BritishPop,WeightedTransition,4,0,0,0
2007,1967,SurfRock,Bubblegum,WeightedTransition,1,0,0,0
2007,1967,SurfRock,Childrens,AnnualFloor,1,0,0,0
2007,1967,SurfRock,Comedy,WeightedTransition,1,0,0,0
2007,1967,SurfRock,ContemporaryFolk,WeightedTransition,1,0,0,0
2007,1967,SurfRock,Country,WeightedTransition,3,0,0,0
2007,1967,SurfRock,FolkRock,WeightedTransition,2,0,0,0
2007,1967,SurfRock,GarageRock,WeightedTransition,7,0,0,0
2007,1967,SurfRock,Gospel,WeightedTransition,3,0,0,0
2007,1967,SurfRock,HardRock,AnnualFloor,1,0,0,0
2007,1967,SurfRock,HardRock,WeightedTransition,1,0,0,0
2007,1967,SurfRock,Jazz,AnnualFloor,1,0,0,0
2007,1967,SurfRock,Jazz,WeightedTransition,1,0,0,0
2007,1967,SurfRock,ProtoPunk,WeightedTransition,2,0,0,0
2007,1967,SurfRock,PsychedelicRock,WeightedTransition,2,0,0,0
2007,1967,SurfRock,RockAndRoll,WeightedTransition,1,0,0,0
2007,1967,SurfRock,Soul,WeightedTransition,2,0,0,0
2007,1967,SurfRock,SunshinePop,WeightedTransition,2,0,0,0
2007,1967,SurfRock,SurfRock,Retained,3,0,0,0
2007,1967,SurfRock,TexMex,WeightedTransition,1,0,0,0
2007,1967,SurfRock,TraditionalPop,WeightedTransition,1,0,0,0
2007,1967,TeenPop,AcidRock,WeightedTransition,7,0,0,0
2007,1967,TeenPop,BaroquePop,WeightedTransition,4,0,0,0
2007,1967,TeenPop,Blues,WeightedTransition,2,0,0,0
2007,1967,TeenPop,BluesRock,WeightedTransition,6,0,0,0
2007,1967,TeenPop,Boogaloo,WeightedTransition,3,0,0,0
2007,1967,TeenPop,BritishBeat,WeightedTransition,1,0,0,0
2007,1967,TeenPop,BritishPop,WeightedTransition,5,0,0,0
2007,1967,TeenPop,Bubblegum,AnnualFloor,2,0,0,0
2007,1967,TeenPop,Bubblegum,WeightedTransition,3,0,0,0
2007,1967,TeenPop,Childrens,WeightedTransition,4,0,0,0
2007,1967,TeenPop,Classical,WeightedTransition,1,0,0,0
2007,1967,TeenPop,ContemporaryFolk,WeightedTransition,2,0,0,0
2007,1967,TeenPop,EasyListening,WeightedTransition,11,0,0,0
2007,1967,TeenPop,FolkRock,WeightedTransition,4,0,0,0
2007,1967,TeenPop,Funk,WeightedTransition,2,0,0,0
2007,1967,TeenPop,GarageRock,WeightedTransition,3,0,0,0
2007,1967,TeenPop,Gospel,WeightedTransition,3,0,0,0
2007,1967,TeenPop,HardRock,AnnualFloor,1,0,0,0
2007,1967,TeenPop,HardRock,WeightedTransition,2,0,0,0
2007,1967,TeenPop,Jazz,WeightedTransition,1,0,0,0
2007,1967,TeenPop,LatinPop,AnnualFloor,1,0,0,0
2007,1967,TeenPop,LatinPop,WeightedTransition,1,0,0,0
2007,1967,TeenPop,ProtoPunk,WeightedTransition,1,0,0,0
2007,1967,TeenPop,RockAndRoll,WeightedTransition,6,0,0,0
2007,1967,TeenPop,Soul,WeightedTransition,9,0,0,0
2007,1967,TeenPop,SunshinePop,WeightedTransition,11,0,0,0
2007,1967,TeenPop,TeenPop,Retained,24,0,0,0
2007,1967,TeenPop,TraditionalPop,WeightedTransition,7,0,0,0
2007,1967,TexMex,AcidRock,WeightedTransition,1,0,0,0
2007,1967,TexMex,Boogaloo,WeightedTransition,1,0,0,0
2007,1967,TexMex,Bubblegum,WeightedTransition,2,0,0,0
2007,1967,TexMex,Childrens,WeightedTransition,1,0,0,0
2007,1967,TexMex,Country,WeightedTransition,1,0,0,0
2007,1967,TexMex,EasyListening,WeightedTransition,1,0,0,0
2007,1967,TexMex,Gospel,WeightedTransition,1,0,0,0
2007,1967,TexMex,Soul,WeightedTransition,1,0,0,0
2007,1967,TexMex,TexMex,Retained,33,0,0,0
2007,1967,TexMex,TexMex,WeightedTransition,1,0,0,0
2007,1967,TraditionalPop,BaroquePop,WeightedTransition,4,0,0,0
2007,1967,TraditionalPop,BluesRock,WeightedTransition,2,0,0,0
2007,1967,TraditionalPop,BritishBlues,AnnualFloor,1,0,0,0
2007,1967,TraditionalPop,BritishBlues,WeightedTransition,1,0,0,0
2007,1967,TraditionalPop,BritishPop,WeightedTransition,1,0,0,0
2007,1967,TraditionalPop,Bubblegum,WeightedTransition,2,0,0,0
2007,1967,TraditionalPop,Childrens,WeightedTransition,1,0,0,0
2007,1967,TraditionalPop,Classical,AnnualFloor,1,0,0,0
2007,1967,TraditionalPop,Comedy,AnnualFloor,1,0,0,0
2007,1967,TraditionalPop,Country,WeightedTransition,3,0,0,0
2007,1967,TraditionalPop,EasyListening,WeightedTransition,4,0,0,0
2007,1967,TraditionalPop,Funk,WeightedTransition,2,0,0,0
2007,1967,TraditionalPop,GarageRock,WeightedTransition,3,0,0,0
2007,1967,TraditionalPop,ProtoPunk,WeightedTransition,1,0,0,0
2007,1967,TraditionalPop,RockAndRoll,WeightedTransition,2,0,0,0
2007,1967,TraditionalPop,Rocksteady,WeightedTransition,1,0,0,0
2007,1967,TraditionalPop,SingerSongwriter,WeightedTransition,1,0,0,0
2007,1967,TraditionalPop,Ska,WeightedTransition,1,0,0,0
2007,1967,TraditionalPop,Soul,WeightedTransition,3,0,0,0
2007,1967,TraditionalPop,SunshinePop,WeightedTransition,5,0,0,0
2007,1967,TraditionalPop,TexMex,AnnualFloor,2,0,0,0
2007,1967,TraditionalPop,TraditionalPop,AnnualFloor,3,0,0,0
2007,1967,TraditionalPop,TraditionalPop,Retained,163,0,0,0
2007,1967,TraditionalPop,TraditionalPop,WeightedTransition,14,0,0,0
2007,1968,AcidRock,AcidRock,Retained,28,0,0,0
2007,1968,AcidRock,BaroquePop,AnnualFloor,1,0,0,0
2007,1968,AcidRock,ContemporaryFolk,WeightedTransition,1,0,0,0
2007,1968,AcidRock,EasyListening,WeightedTransition,1,0,0,0
2007,1968,AcidRock,Jazz,WeightedTransition,1,0,0,0
2007,1968,BaroquePop,BaroquePop,Retained,22,0,0,0
2007,1968,BaroquePop,BaroquePop,WeightedTransition,1,0,0,0
2007,1968,BaroquePop,ContemporaryFolk,WeightedTransition,1,0,0,0
2007,1968,BaroquePop,EasyListening,WeightedTransition,1,0,0,0
2007,1968,BaroquePop,FolkRock,WeightedTransition,1,0,0,0
2007,1968,BaroquePop,HardRock,WeightedTransition,1,0,0,0
2007,1968,BaroquePop,Jazz,AnnualFloor,1,0,0,0
2007,1968,BaroquePop,Jazz,WeightedTransition,1,0,0,0
2007,1968,BaroquePop,ProtoMetal,WeightedTransition,1,0,0,0
2007,1968,Blues,Blues,Retained,43,0,0,0
2007,1968,Blues,Blues,WeightedTransition,3,0,0,0
2007,1968,Blues,Boogaloo,WeightedTransition,1,0,0,0
2007,1968,Blues,GarageRock,WeightedTransition,2,0,0,0
2007,1968,Blues,Gospel,WeightedTransition,2,0,0,0
2007,1968,Blues,HardRock,WeightedTransition,1,0,0,0
2007,1968,Blues,Jazz,WeightedTransition,1,0,0,0
2007,1968,Blues,ProgressiveRock,AnnualFloor,1,0,0,0
2007,1968,Blues,ProtoMetal,WeightedTransition,4,0,0,0
2007,1968,Blues,ProtoPunk,AnnualFloor,1,0,0,0
2007,1968,Blues,RockAndRoll,WeightedTransition,1,0,0,0
2007,1968,Blues,Soul,WeightedTransition,1,0,0,0
2007,1968,BluesRock,AcidRock,WeightedTransition,1,0,0,0
2007,1968,BluesRock,BluesRock,Retained,46,0,0,0
2007,1968,BluesRock,BritishBeat,WeightedTransition,1,0,0,0
2007,1968,BluesRock,BritishBlues,AnnualFloor,1,0,0,0
2007,1968,BluesRock,BritishPop,WeightedTransition,1,0,0,0
2007,1968,BluesRock,EasyListening,WeightedTransition,1,0,0,0
2007,1968,BluesRock,Funk,WeightedTransition,1,0,0,0
2007,1968,BluesRock,Gospel,WeightedTransition,1,0,0,0
2007,1968,BluesRock,HardRock,WeightedTransition,1,0,0,0
2007,1968,BluesRock,Jazz,WeightedTransition,1,0,0,0
2007,1968,BluesRock,PsychedelicRock,WeightedTransition,4,0,0,0
2007,1968,BluesRock,SingerSongwriter,WeightedTransition,1,0,0,0
2007,1968,BluesRock,Soul,WeightedTransition,1,0,0,0
2007,1968,BluesRock,TexMex,WeightedTransition,1,0,0,0
2007,1968,Boogaloo,AcidRock,WeightedTransition,1,0,0,0
2007,1968,Boogaloo,Boogaloo,AnnualFloor,1,0,0,0
2007,1968,Boogaloo,Boogaloo,Retained,22,0,0,0
2007,1968,Boogaloo,Boogaloo,WeightedTransition,2,0,0,0
2007,1968,Boogaloo,BritishBeat,WeightedTransition,1,0,0,0
2007,1968,Boogaloo,GarageRock,AnnualFloor,1,0,0,0
2007,1968,Boogaloo,ProgressiveRock,WeightedTransition,1,0,0,0
2007,1968,Boogaloo,Soul,WeightedTransition,2,0,0,0
2007,1968,BossaNova,BaroquePop,WeightedTransition,1,0,0,0
2007,1968,BossaNova,BossaNova,Retained,6,0,0,0
2007,1968,BossaNova,BritishBeat,AnnualFloor,1,0,0,0
2007,1968,BossaNova,Childrens,WeightedTransition,1,0,0,0
2007,1968,BossaNova,Classical,WeightedTransition,1,0,0,0
2007,1968,BossaNova,ContemporaryFolk,WeightedTransition,1,0,0,0
2007,1968,BossaNova,Country,WeightedTransition,1,0,0,0
2007,1968,BossaNova,EasyListening,WeightedTransition,2,0,0,0
2007,1968,BossaNova,FolkRock,WeightedTransition,1,0,0,0
2007,1968,BossaNova,Funk,AnnualFloor,1,0,0,0
2007,1968,BossaNova,Funk,WeightedTransition,1,0,0,0
2007,1968,BossaNova,Gospel,WeightedTransition,2,0,0,0
2007,1968,BossaNova,LatinPop,WeightedTransition,1,0,0,0
2007,1968,BossaNova,ProtoMetal,AnnualFloor,1,0,0,0
2007,1968,BossaNova,ProtoMetal,WeightedTransition,1,0,0,0
2007,1968,BossaNova,SingerSongwriter,WeightedTransition,1,0,0,0
2007,1968,BritishBeat,AcidRock,WeightedTransition,7,0,0,0
2007,1968,BritishBeat,Blues,WeightedTransition,1,0,0,0
2007,1968,BritishBeat,BluesRock,WeightedTransition,6,0,0,0
2007,1968,BritishBeat,BritishBeat,AnnualFloor,1,0,0,0
2007,1968,BritishBeat,BritishBeat,Retained,4,0,0,0
2007,1968,BritishBeat,BritishBeat,WeightedTransition,12,0,0,0
2007,1968,BritishBeat,BritishBlues,AnnualFloor,1,0,0,0
2007,1968,BritishBeat,BritishBlues,WeightedTransition,5,0,0,0
2007,1968,BritishBeat,BritishPop,WeightedTransition,1,0,0,0
2007,1968,BritishBeat,Bubblegum,WeightedTransition,2,0,0,0
2007,1968,BritishBeat,ContemporaryFolk,WeightedTransition,1,0,0,0
2007,1968,BritishBeat,Country,AnnualFloor,1,0,0,0
2007,1968,BritishBeat,Country,WeightedTransition,2,0,0,0
2007,1968,BritishBeat,CountryRock,WeightedTransition,2,0,0,0
2007,1968,BritishBeat,EasyListening,WeightedTransition,1,0,0,0
2007,1968,BritishBeat,FolkRock,WeightedTransition,1,0,0,0
2007,1968,BritishBeat,Funk,WeightedTransition,1,0,0,0
2007,1968,BritishBeat,GarageRock,WeightedTransition,2,0,0,0
2007,1968,BritishBeat,Gospel,WeightedTransition,4,0,0,0
2007,1968,BritishBeat,HardRock,WeightedTransition,4,0,0,0
2007,1968,BritishBeat,Jazz,WeightedTransition,3,0,0,0
2007,1968,BritishBeat,LatinPop,WeightedTransition,2,0,0,0
2007,1968,BritishBeat,ProtoMetal,WeightedTransition,2,0,0,0
2007,1968,BritishBeat,ProtoPunk,WeightedTransition,3,0,0,0
2007,1968,BritishBeat,PsychedelicRock,AnnualFloor,1,0,0,0
2007,1968,BritishBeat,PsychedelicRock,WeightedTransition,4,0,0,0
2007,1968,BritishBeat,RockAndRoll,WeightedTransition,3,0,0,0
2007,1968,BritishBeat,SingerSongwriter,WeightedTransition,2,0,0,0
2007,1968,BritishBeat,Soul,WeightedTransition,1,0,0,0
2007,1968,BritishBeat,TraditionalPop,WeightedTransition,1,0,0,0
2007,1968,BritishBlues,AcidRock,WeightedTransition,3,0,0,0
2007,1968,BritishBlues,BluesRock,WeightedTransition,1,0,0,0
2007,1968,BritishBlues,BritishBlues,Retained,61,0,0,0
2007,1968,BritishBlues,BritishBlues,WeightedTransition,2,0,0,0
2007,1968,BritishBlues,Country,WeightedTransition,1,0,0,0
2007,1968,BritishBlues,CountryRock,AnnualFloor,1,0,0,0
2007,1968,BritishBlues,CountryRock,WeightedTransition,1,0,0,0
2007,1968,BritishBlues,EasyListening,AnnualFloor,1,0,0,0
2007,1968,BritishBlues,EasyListening,WeightedTransition,1,0,0,0
2007,1968,BritishBlues,Funk,WeightedTransition,1,0,0,0
2007,1968,BritishBlues,Gospel,WeightedTransition,1,0,0,0
2007,1968,BritishBlues,HardRock,WeightedTransition,1,0,0,0
2007,1968,BritishBlues,Jazz,WeightedTransition,1,0,0,0
2007,1968,BritishBlues,LatinPop,WeightedTransition,1,0,0,0
2007,1968,BritishBlues,ProtoMetal,WeightedTransition,1,0,0,0
2007,1968,BritishBlues,PsychedelicRock,AnnualFloor,2,0,0,0
2007,1968,BritishPop,AcidRock,WeightedTransition,1,0,0,0
2007,1968,BritishPop,BaroquePop,WeightedTransition,3,0,0,0
2007,1968,BritishPop,BritishPop,Retained,6,0,0,0
2007,1968,BritishPop,BritishPop,WeightedTransition,5,0,0,0
2007,1968,BritishPop,Bubblegum,WeightedTransition,5,0,0,0
2007,1968,BritishPop,Country,WeightedTransition,2,0,0,0
2007,1968,BritishPop,EasyListening,WeightedTransition,2,0,0,0
2007,1968,BritishPop,HardRock,WeightedTransition,1,0,0,0
2007,1968,BritishPop,Jazz,WeightedTransition,1,0,0,0
2007,1968,BritishPop,LatinPop,WeightedTransition,1,0,0,0
2007,1968,BritishPop,ProtoMetal,AnnualFloor,2,0,0,0
2007,1968,BritishPop,ProtoPunk,WeightedTransition,1,0,0,0
2007,1968,BritishPop,RockAndRoll,WeightedTransition,2,0,0,0
2007,1968,BritishPop,Rocksteady,WeightedTransition,1,0,0,0
2007,1968,BritishPop,Soul,WeightedTransition,1,0,0,0
2007,1968,BritishPop,SunshinePop,WeightedTransition,3,0,0,0
2007,1968,BritishPop,TexMex,WeightedTransition,1,0,0,0
2007,1968,BritishPop,TraditionalPop,WeightedTransition,2,0,0,0
2007,1968,Bubblegum,Blues,WeightedTransition,1,0,0,0
2007,1968,Bubblegum,BritishBlues,WeightedTransition,1,0,0,0
2007,1968,Bubblegum,Bubblegum,Retained,20,0,0,0
2007,1968,Bubblegum,Bubblegum,WeightedTransition,1,0,0,0
2007,1968,Bubblegum,Gospel,WeightedTransition,1,0,0,0
2007,1968,Bubblegum,LatinPop,WeightedTransition,1,0,0,0
2007,1968,Bubblegum,SingerSongwriter,WeightedTransition,1,0,0,0
2007,1968,Childrens,BluesRock,WeightedTransition,1,0,0,0
2007,1968,Childrens,Boogaloo,WeightedTransition,1,0,0,0
2007,1968,Childrens,BritishPop,WeightedTransition,1,0,0,0
2007,1968,Childrens,Childrens,Retained,30,0,0,0
2007,1968,Childrens,Childrens,WeightedTransition,1,0,0,0
2007,1968,Childrens,Comedy,AnnualFloor,1,0,0,0
2007,1968,Childrens,Funk,WeightedTransition,1,0,0,0
2007,1968,Childrens,Gospel,WeightedTransition,1,0,0,0
2007,1968,Childrens,HardRock,WeightedTransition,1,0,0,0
2007,1968,Childrens,Soul,WeightedTransition,1,0,0,0
2007,1968,Childrens,TraditionalPop,WeightedTransition,3,0,0,0
2007,1968,Classical,BritishBlues,WeightedTransition,1,0,0,0
2007,1968,Classical,Bubblegum,AnnualFloor,1,0,0,0
2007,1968,Classical,Classical,Retained,20,0,0,0
2007,1968,Classical,EasyListening,WeightedTransition,1,0,0,0
2007,1968,Classical,FolkRock,WeightedTransition,1,0,0,0
2007,1968,Classical,LatinPop,WeightedTransition,1,0,0,0
2007,1968,Classical,SunshinePop,WeightedTransition,1,0,0,0
2007,1968,Comedy,AcidRock,WeightedTransition,2,0,0,0
2007,1968,Comedy,BaroquePop,WeightedTransition,1,0,0,0
2007,1968,Comedy,Boogaloo,AnnualFloor,1,0,0,0
2007,1968,Comedy,BritishBeat,WeightedTransition,1,0,0,0
2007,1968,Comedy,Childrens,AnnualFloor,1,0,0,0
2007,1968,Comedy,Childrens,WeightedTransition,3,0,0,0
2007,1968,Comedy,Comedy,Retained,39,0,0,0
2007,1968,Comedy,Comedy,WeightedTransition,1,0,0,0
2007,1968,Comedy,Country,WeightedTransition,1,0,0,0
2007,1968,Comedy,Funk,WeightedTransition,1,0,0,0
2007,1968,Comedy,Gospel,WeightedTransition,1,0,0,0
2007,1968,Comedy,ProtoMetal,WeightedTransition,2,0,0,0
2007,1968,Comedy,RockAndRoll,WeightedTransition,2,0,0,0
2007,1968,Comedy,Soul,WeightedTransition,2,0,0,0
2007,1968,Comedy,SunshinePop,WeightedTransition,1,0,0,0
2007,1968,ContemporaryFolk,BritishBeat,WeightedTransition,1,0,0,0
2007,1968,ContemporaryFolk,ContemporaryFolk,AnnualFloor,1,0,0,0
2007,1968,ContemporaryFolk,ContemporaryFolk,Retained,39,0,0,0
2007,1968,ContemporaryFolk,ContemporaryFolk,WeightedTransition,1,0,0,0
2007,1968,ContemporaryFolk,Gospel,WeightedTransition,1,0,0,0
2007,1968,Country,AcidRock,AnnualFloor,1,0,0,0
2007,1968,Country,AcidRock,WeightedTransition,2,0,0,0
2007,1968,Country,BluesRock,WeightedTransition,2,0,0,0
2007,1968,Country,Boogaloo,WeightedTransition,1,0,0,0
2007,1968,Country,BritishBeat,AnnualFloor,1,0,0,0
2007,1968,Country,BritishBeat,WeightedTransition,3,0,0,0
2007,1968,Country,Bubblegum,AnnualFloor,1,0,0,0
2007,1968,Country,Bubblegum,WeightedTransition,4,0,0,0
2007,1968,Country,Childrens,WeightedTransition,1,0,0,0
2007,1968,Country,ContemporaryFolk,WeightedTransition,2,0,0,0
2007,1968,Country,Country,AnnualFloor,1,0,0,0
2007,1968,Country,Country,Retained,137,0,0,0
2007,1968,Country,Country,WeightedTransition,7,0,0,0
2007,1968,Country,CountryRock,AnnualFloor,1,0,0,0
2007,1968,Country,CountryRock,WeightedTransition,2,0,0,0
2007,1968,Country,EasyListening,WeightedTransition,1,0,0,0
2007,1968,Country,FolkRock,WeightedTransition,2,0,0,0
2007,1968,Country,Gospel,WeightedTransition,2,0,0,0
2007,1968,Country,Jazz,WeightedTransition,2,0,0,0
2007,1968,Country,ProtoMetal,WeightedTransition,1,0,0,0
2007,1968,Country,Reggae,AnnualFloor,1,0,0,0
2007,1968,Country,RockAndRoll,WeightedTransition,1,0,0,0
2007,1968,Country,SingerSongwriter,AnnualFloor,1,0,0,0
2007,1968,Country,SingerSongwriter,WeightedTransition,2,0,0,0
2007,1968,Country,Soul,WeightedTransition,1,0,0,0
2007,1968,Country,SunshinePop,WeightedTransition,1,0,0,0
2007,1968,Country,TraditionalPop,AnnualFloor,1,0,0,0
2007,1968,Country,TraditionalPop,WeightedTransition,2,0,0,0
2007,1968,CountryRock,BaroquePop,WeightedTransition,1,0,0,0
2007,1968,CountryRock,BritishBeat,WeightedTransition,1,0,0,0
2007,1968,CountryRock,CountryRock,Retained,7,0,0,0
2007,1968,DooWop,AcidRock,WeightedTransition,4,0,0,0
2007,1968,DooWop,BaroquePop,WeightedTransition,3,0,0,0
2007,1968,DooWop,Blues,WeightedTransition,1,0,0,0
2007,1968,DooWop,BluesRock,WeightedTransition,3,0,0,0
2007,1968,DooWop,Boogaloo,WeightedTransition,2,0,0,0
2007,1968,DooWop,BritishBeat,WeightedTransition,2,0,0,0
2007,1968,DooWop,Bubblegum,WeightedTransition,5,0,0,0
2007,1968,DooWop,Childrens,WeightedTransition,5,0,0,0
2007,1968,DooWop,Classical,WeightedTransition,1,0,0,0
2007,1968,DooWop,Comedy,WeightedTransition,1,0,0,0
2007,1968,DooWop,ContemporaryFolk,AnnualFloor,1,0,0,0
2007,1968,DooWop,Country,WeightedTransition,2,0,0,0
2007,1968,DooWop,CountryRock,WeightedTransition,2,0,0,0
2007,1968,DooWop,DooWop,Retained,9,0,0,0
2007,1968,DooWop,EasyListening,WeightedTransition,3,0,0,0
2007,1968,DooWop,FolkRock,WeightedTransition,5,0,0,0
2007,1968,DooWop,Funk,WeightedTransition,11,0,0,0
2007,1968,DooWop,GarageRock,WeightedTransition,1,0,0,0
2007,1968,DooWop,Gospel,WeightedTransition,1,0,0,0
2007,1968,DooWop,HardRock,AnnualFloor,1,0,0,0
2007,1968,DooWop,Jazz,WeightedTransition,3,0,0,0
2007,1968,DooWop,LatinPop,WeightedTransition,1,0,0,0
2007,1968,DooWop,ProgressiveRock,WeightedTransition,1,0,0,0
2007,1968,DooWop,ProtoPunk,WeightedTransition,1,0,0,0
2007,1968,DooWop,Reggae,AnnualFloor,1,0,0,0
2007,1968,DooWop,RockAndRoll,WeightedTransition,1,0,0,0
2007,1968,DooWop,SingerSongwriter,WeightedTransition,2,0,0,0
2007,1968,DooWop,Soul,WeightedTransition,14,0,0,0
2007,1968,DooWop,SunshinePop,WeightedTransition,5,0,0,0
2007,1968,DooWop,TexMex,WeightedTransition,1,0,0,0
2007,1968,DooWop,TraditionalPop,WeightedTransition,3,0,0,0
2007,1968,EasyListening,AcidRock,WeightedTransition,1,0,0,0
2007,1968,EasyListening,BaroquePop,WeightedTransition,1,0,0,0
2007,1968,EasyListening,BluesRock,AnnualFloor,1,0,0,0
2007,1968,EasyListening,BritishBeat,WeightedTransition,1,0,0,0
2007,1968,EasyListening,BritishPop,AnnualFloor,2,0,0,0
2007,1968,EasyListening,Bubblegum,WeightedTransition,5,0,0,0
2007,1968,EasyListening,Childrens,WeightedTransition,1,0,0,0
2007,1968,EasyListening,Classical,AnnualFloor,1,0,0,0
2007,1968,EasyListening,Comedy,AnnualFloor,1,0,0,0
2007,1968,EasyListening,EasyListening,AnnualFloor,1,0,0,0
2007,1968,EasyListening,EasyListening,Retained,46,0,0,0
2007,1968,EasyListening,EasyListening,WeightedTransition,3,0,0,0
2007,1968,EasyListening,FolkRock,AnnualFloor,1,0,0,0
2007,1968,EasyListening,Funk,WeightedTransition,1,0,0,0
2007,1968,EasyListening,ProtoPunk,WeightedTransition,1,0,0,0
2007,1968,EasyListening,RockAndRoll,WeightedTransition,2,0,0,0
2007,1968,EasyListening,Rocksteady,AnnualFloor,1,0,0,0
2007,1968,EasyListening,Soul,WeightedTransition,1,0,0,0
2007,1968,Folk,AcidRock,WeightedTransition,2,0,0,0
2007,1968,Folk,BaroquePop,WeightedTransition,1,0,0,0
2007,1968,Folk,Blues,WeightedTransition,1,0,0,0
2007,1968,Folk,BluesRock,WeightedTransition,1,0,0,0
2007,1968,Folk,BritishBlues,WeightedTransition,1,0,0,0
2007,1968,Folk,Bubblegum,AnnualFloor,1,0,0,0
2007,1968,Folk,Bubblegum,WeightedTransition,2,0,0,0
2007,1968,Folk,Childrens,WeightedTransition,1,0,0,0
2007,1968,Folk,Classical,WeightedTransition,2,0,0,0
2007,1968,Folk,Comedy,WeightedTransition,4,0,0,0
2007,1968,Folk,ContemporaryFolk,WeightedTransition,5,0,0,0
2007,1968,Folk,Country,WeightedTransition,7,0,0,0
2007,1968,Folk,CountryRock,WeightedTransition,1,0,0,0
2007,1968,Folk,EasyListening,WeightedTransition,3,0,0,0
2007,1968,Folk,Folk,Retained,7,0,0,0
2007,1968,Folk,FolkRock,WeightedTransition,9,0,0,0
2007,1968,Folk,Funk,WeightedTransition,2,0,0,0
2007,1968,Folk,Gospel,WeightedTransition,1,0,0,0
2007,1968,Folk,HardRock,WeightedTransition,1,0,0,0
2007,1968,Folk,LatinPop,WeightedTransition,1,0,0,0
2007,1968,Folk,ProtoMetal,WeightedTransition,2,0,0,0
2007,1968,Folk,ProtoPunk,WeightedTransition,2,0,0,0
2007,1968,Folk,Reggae,WeightedTransition,2,0,0,0
2007,1968,Folk,SingerSongwriter,WeightedTransition,6,0,0,0
2007,1968,Folk,Soul,WeightedTransition,1,0,0,0
2007,1968,Folk,SunshinePop,WeightedTransition,3,0,0,0
2007,1968,Folk,TexMex,WeightedTransition,2,0,0,0
2007,1968,Folk,TraditionalPop,WeightedTransition,4,0,0,0
2007,1968,FolkRock,AcidRock,WeightedTransition,1,0,0,0
2007,1968,FolkRock,BluesRock,WeightedTransition,2,0,0,0
2007,1968,FolkRock,Comedy,WeightedTransition,1,0,0,0
2007,1968,FolkRock,ContemporaryFolk,WeightedTransition,1,0,0,0
2007,1968,FolkRock,FolkRock,Retained,42,0,0,0
2007,1968,FolkRock,FolkRock,WeightedTransition,2,0,0,0
2007,1968,FolkRock,RockAndRoll,WeightedTransition,1,0,0,0
2007,1968,FolkRock,SunshinePop,WeightedTransition,1,0,0,0
2007,1968,FolkRock,TraditionalPop,WeightedTransition,1,0,0,0
2007,1968,Funk,AcidRock,WeightedTransition,1,0,0,0
2007,1968,Funk,ContemporaryFolk,WeightedTransition,1,0,0,0
2007,1968,Funk,Funk,Retained,18,0,0,0
2007,1968,Funk,Soul,WeightedTransition,1,0,0,0
2007,1968,Funk,SunshinePop,WeightedTransition,1,0,0,0
2007,1968,Funk,TraditionalPop,WeightedTransition,1,0,0,0
2007,1968,GarageRock,AcidRock,WeightedTransition,2,0,0,0
2007,1968,GarageRock,BaroquePop,WeightedTransition,1,0,0,0
2007,1968,GarageRock,Blues,WeightedTransition,1,0,0,0
2007,1968,GarageRock,BluesRock,WeightedTransition,2,0,0,0
2007,1968,GarageRock,Boogaloo,WeightedTransition,1,0,0,0
2007,1968,GarageRock,BritishBlues,WeightedTransition,3,0,0,0
2007,1968,GarageRock,ContemporaryFolk,WeightedTransition,1,0,0,0
2007,1968,GarageRock,EasyListening,WeightedTransition,1,0,0,0
2007,1968,GarageRock,Funk,WeightedTransition,1,0,0,0
2007,1968,GarageRock,GarageRock,Retained,5,0,0,0
2007,1968,GarageRock,HardRock,WeightedTransition,1,0,0,0
2007,1968,GarageRock,ProgressiveRock,WeightedTransition,1,0,0,0
2007,1968,GarageRock,ProtoPunk,WeightedTransition,1,0,0,0
2007,1968,GarageRock,RockAndRoll,WeightedTransition,2,0,0,0
2007,1968,GarageRock,Soul,WeightedTransition,1,0,0,0
2007,1968,Gospel,AcidRock,WeightedTransition,1,0,0,0
2007,1968,Gospel,BaroquePop,WeightedTransition,1,0,0,0
2007,1968,Gospel,Blues,WeightedTransition,1,0,0,0
2007,1968,Gospel,Boogaloo,AnnualFloor,1,0,0,0
2007,1968,Gospel,BritishBeat,WeightedTransition,1,0,0,0
2007,1968,Gospel,Bubblegum,WeightedTransition,1,0,0,0
2007,1968,Gospel,Childrens,AnnualFloor,1,0,0,0
2007,1968,Gospel,Childrens,WeightedTransition,1,0,0,0
2007,1968,Gospel,ContemporaryFolk,WeightedTransition,1,0,0,0
2007,1968,Gospel,Country,WeightedTransition,2,0,0,0
2007,1968,Gospel,EasyListening,WeightedTransition,1,0,0,0
2007,1968,Gospel,FolkRock,AnnualFloor,1,0,0,0
2007,1968,Gospel,Funk,WeightedTransition,3,0,0,0
2007,1968,Gospel,Gospel,AnnualFloor,1,0,0,0
2007,1968,Gospel,Gospel,Retained,144,0,0,0
2007,1968,Gospel,Gospel,WeightedTransition,11,0,0,0
2007,1968,Gospel,HardRock,AnnualFloor,1,0,0,0
2007,1968,Gospel,Jazz,WeightedTransition,2,0,0,0
2007,1968,Gospel,LatinPop,AnnualFloor,1,0,0,0
2007,1968,Gospel,Reggae,AnnualFloor,1,0,0,0
2007,1968,Gospel,RockAndRoll,WeightedTransition,2,0,0,0
2007,1968,Gospel,Soul,AnnualFloor,1,0,0,0
2007,1968,Gospel,Soul,WeightedTransition,4,0,0,0
2007,1968,HardRock,BritishBlues,WeightedTransition,1,0,0,0
2007,1968,HardRock,Gospel,WeightedTransition,1,0,0,0
2007,1968,HardRock,HardRock,Retained,15,0,0,0
2007,1968,HardRock,Reggae,WeightedTransition,1,0,0,0
2007,1968,Jazz,BaroquePop,AnnualFloor,1,0,0,0
2007,1968,Jazz,BaroquePop,WeightedTransition,1,0,0,0
2007,1968,Jazz,Blues,AnnualFloor,1,0,0,0
2007,1968,Jazz,Boogaloo,WeightedTransition,2,0,0,0
2007,1968,Jazz,BritishBeat,WeightedTransition,1,0,0,0
2007,1968,Jazz,BritishBlues,WeightedTransition,1,0,0,0
2007,1968,Jazz,Comedy,WeightedTransition,1,0,0,0
2007,1968,Jazz,ContemporaryFolk,WeightedTransition,2,0,0,0
2007,1968,Jazz,Country,AnnualFloor,1,0,0,0
2007,1968,Jazz,CountryRock,WeightedTransition,1,0,0,0
2007,1968,Jazz,FolkRock,WeightedTransition,1,0,0,0
2007,1968,Jazz,Gospel,WeightedTransition,3,0,0,0
2007,1968,Jazz,Jazz,AnnualFloor,1,0,0,0
2007,1968,Jazz,Jazz,Retained,108,0,0,0
2007,1968,Jazz,Jazz,WeightedTransition,9,0,0,0
2007,1968,Jazz,LatinPop,AnnualFloor,1,0,0,0
2007,1968,Jazz,ProgressiveRock,AnnualFloor,1,0,0,0
2007,1968,Jazz,ProtoPunk,AnnualFloor,1,0,0,0
2007,1968,Jazz,ProtoPunk,WeightedTransition,1,0,0,0
2007,1968,Jazz,Reggae,WeightedTransition,1,0,0,0
2007,1968,Jazz,SingerSongwriter,WeightedTransition,1,0,0,0
2007,1968,Jazz,Soul,WeightedTransition,2,0,0,0
2007,1968,Jazz,SunshinePop,WeightedTransition,1,0,0,0
2007,1968,LatinPop,AcidRock,WeightedTransition,1,0,0,0
2007,1968,LatinPop,BluesRock,WeightedTransition,1,0,0,0
2007,1968,LatinPop,EasyListening,WeightedTransition,1,0,0,0
2007,1968,LatinPop,LatinPop,Retained,23,0,0,0
2007,1968,ProgressiveRock,ProgressiveRock,Retained,1,0,0,0
2007,1968,ProtoMetal,ProtoMetal,Retained,4,0,0,0
2007,1968,ProtoPunk,ProtoPunk,Retained,9,0,0,0
2007,1968,PsychedelicRock,BritishBeat,WeightedTransition,1,0,0,0
2007,1968,PsychedelicRock,Bubblegum,WeightedTransition,1,0,0,0
2007,1968,PsychedelicRock,FolkRock,WeightedTransition,1,0,0,0
2007,1968,PsychedelicRock,HardRock,WeightedTransition,1,0,0,0
2007,1968,PsychedelicRock,ProtoPunk,WeightedTransition,1,0,0,0
2007,1968,PsychedelicRock,PsychedelicRock,Retained,26,0,0,0
2007,1968,PsychedelicRock,RockAndRoll,AnnualFloor,1,0,0,0
2007,1968,Reggae,Reggae,Retained,3,0,0,0
2007,1968,RnB,AcidRock,WeightedTransition,4,0,0,0
2007,1968,RnB,BaroquePop,WeightedTransition,3,0,0,0
2007,1968,RnB,Blues,WeightedTransition,2,0,0,0
2007,1968,RnB,BluesRock,WeightedTransition,2,0,0,0
2007,1968,RnB,Boogaloo,WeightedTransition,4,0,0,0
2007,1968,RnB,BritishBeat,WeightedTransition,1,0,0,0
2007,1968,RnB,BritishBlues,WeightedTransition,1,0,0,0
2007,1968,RnB,Bubblegum,WeightedTransition,2,0,0,0
2007,1968,RnB,Childrens,AnnualFloor,1,0,0,0
2007,1968,RnB,Childrens,WeightedTransition,1,0,0,0
2007,1968,RnB,ContemporaryFolk,AnnualFloor,1,0,0,0
2007,1968,RnB,ContemporaryFolk,WeightedTransition,3,0,0,0
2007,1968,RnB,Country,WeightedTransition,3,0,0,0
2007,1968,RnB,CountryRock,WeightedTransition,2,0,0,0
2007,1968,RnB,EasyListening,AnnualFloor,1,0,0,0
2007,1968,RnB,EasyListening,WeightedTransition,3,0,0,0
2007,1968,RnB,FolkRock,WeightedTransition,1,0,0,0
2007,1968,RnB,Funk,AnnualFloor,1,0,0,0
2007,1968,RnB,Funk,WeightedTransition,10,0,0,0
2007,1968,RnB,Gospel,AnnualFloor,1,0,0,0
2007,1968,RnB,Gospel,WeightedTransition,10,0,0,0
2007,1968,RnB,HardRock,WeightedTransition,2,0,0,0
2007,1968,RnB,Jazz,WeightedTransition,2,0,0,0
2007,1968,RnB,Reggae,WeightedTransition,1,0,0,0
2007,1968,RnB,RnB,Retained,10,0,0,0
2007,1968,RnB,RockAndRoll,WeightedTransition,2,0,0,0
2007,1968,RnB,SingerSongwriter,AnnualFloor,1,0,0,0
2007,1968,RnB,SingerSongwriter,WeightedTransition,5,0,0,0
2007,1968,RnB,Soul,WeightedTransition,11,0,0,0
2007,1968,RnB,SunshinePop,WeightedTransition,1,0,0,0
2007,1968,RnB,TexMex,WeightedTransition,2,0,0,0
2007,1968,RnB,TraditionalPop,WeightedTransition,2,0,0,0
2007,1968,RockAndRoll,AcidRock,AnnualFloor,2,0,0,0
2007,1968,RockAndRoll,AcidRock,WeightedTransition,1,0,0,0
2007,1968,RockAndRoll,BluesRock,AnnualFloor,1,0,0,0
2007,1968,RockAndRoll,BluesRock,WeightedTransition,4,0,0,0
2007,1968,RockAndRoll,BritishBeat,WeightedTransition,4,0,0,0
2007,1968,RockAndRoll,BritishBlues,AnnualFloor,1,0,0,0
2007,1968,RockAndRoll,BritishBlues,WeightedTransition,6,0,0,0
2007,1968,RockAndRoll,Bubblegum,WeightedTransition,2,0,0,0
2007,1968,RockAndRoll,Childrens,WeightedTransition,1,0,0,0
2007,1968,RockAndRoll,ContemporaryFolk,WeightedTransition,1,0,0,0
2007,1968,RockAndRoll,EasyListening,WeightedTransition,1,0,0,0
2007,1968,RockAndRoll,FolkRock,WeightedTransition,1,0,0,0
2007,1968,RockAndRoll,Funk,WeightedTransition,1,0,0,0
2007,1968,RockAndRoll,GarageRock,WeightedTransition,1,0,0,0
2007,1968,RockAndRoll,Gospel,WeightedTransition,2,0,0,0
2007,1968,RockAndRoll,HardRock,WeightedTransition,5,0,0,0
2007,1968,RockAndRoll,Jazz,WeightedTransition,1,0,0,0
2007,1968,RockAndRoll,ProgressiveRock,AnnualFloor,1,0,0,0
2007,1968,RockAndRoll,ProgressiveRock,WeightedTransition,2,0,0,0
2007,1968,RockAndRoll,ProtoMetal,WeightedTransition,1,0,0,0
2007,1968,RockAndRoll,ProtoPunk,WeightedTransition,5,0,0,0
2007,1968,RockAndRoll,PsychedelicRock,WeightedTransition,2,0,0,0
2007,1968,RockAndRoll,RockAndRoll,AnnualFloor,2,0,0,0
2007,1968,RockAndRoll,RockAndRoll,Retained,206,0,0,0
2007,1968,RockAndRoll,RockAndRoll,WeightedTransition,4,0,0,0
2007,1968,RockAndRoll,SingerSongwriter,WeightedTransition,2,0,0,0
2007,1968,RockAndRoll,Soul,WeightedTransition,2,0,0,0
2007,1968,RockAndRoll,SunshinePop,WeightedTransition,2,0,0,0
2007,1968,RockAndRoll,TexMex,AnnualFloor,1,0,0,0
2007,1968,RockAndRoll,TexMex,WeightedTransition,1,0,0,0
2007,1968,RockAndRoll,TraditionalPop,WeightedTransition,2,0,0,0
2007,1968,Rocksteady,AcidRock,WeightedTransition,1,0,0,0
2007,1968,Rocksteady,BluesRock,WeightedTransition,1,0,0,0
2007,1968,Rocksteady,BritishBlues,WeightedTransition,1,0,0,0
2007,1968,Rocksteady,BritishPop,WeightedTransition,1,0,0,0
2007,1968,Rocksteady,Country,WeightedTransition,2,0,0,0
2007,1968,Rocksteady,ProtoPunk,WeightedTransition,1,0,0,0
2007,1968,Rocksteady,Rocksteady,Retained,7,0,0,0
2007,1968,Rocksteady,Soul,WeightedTransition,2,0,0,0
2007,1968,SingerSongwriter,BluesRock,WeightedTransition,1,0,0,0
2007,1968,SingerSongwriter,BritishBlues,WeightedTransition,2,0,0,0
2007,1968,SingerSongwriter,Bubblegum,WeightedTransition,1,0,0,0
2007,1968,SingerSongwriter,Classical,WeightedTransition,1,0,0,0
2007,1968,SingerSongwriter,CountryRock,WeightedTransition,1,0,0,0
2007,1968,SingerSongwriter,SingerSongwriter,Retained,17,0,0,0
2007,1968,SingerSongwriter,SingerSongwriter,WeightedTransition,1,0,0,0
2007,1968,SingerSongwriter,TraditionalPop,WeightedTransition,1,0,0,0
2007,1968,Ska,BluesRock,WeightedTransition,1,0,0,0
2007,1968,Ska,BritishBeat,WeightedTransition,1,0,0,0
2007,1968,Ska,BritishBlues,WeightedTransition,2,0,0,0
2007,1968,Ska,Bubblegum,WeightedTransition,1,0,0,0
2007,1968,Ska,Country,WeightedTransition,1,0,0,0
2007,1968,Ska,FolkRock,AnnualFloor,1,0,0,0
2007,1968,Ska,Funk,WeightedTransition,1,0,0,0
2007,1968,Ska,HardRock,WeightedTransition,1,0,0,0
2007,1968,Ska,LatinPop,WeightedTransition,2,0,0,0
2007,1968,Ska,RockAndRoll,WeightedTransition,1,0,0,0
2007,1968,Ska,SingerSongwriter,WeightedTransition,1,0,0,0
2007,1968,Ska,Ska,Retained,2,0,0,0
2007,1968,Ska,SunshinePop,WeightedTransition,1,0,0,0
2007,1968,Soul,AcidRock,WeightedTransition,3,0,0,0
2007,1968,Soul,BaroquePop,AnnualFloor,1,0,0,0
2007,1968,Soul,BaroquePop,WeightedTransition,1,0,0,0
2007,1968,Soul,Blues,AnnualFloor,1,0,0,0
2007,1968,Soul,Blues,WeightedTransition,3,0,0,0
2007,1968,Soul,BluesRock,AnnualFloor,1,0,0,0
2007,1968,Soul,BluesRock,WeightedTransition,2,0,0,0
2007,1968,Soul,Boogaloo,WeightedTransition,2,0,0,0
2007,1968,Soul,BritishBeat,WeightedTransition,2,0,0,0
2007,1968,Soul,BritishBlues,WeightedTransition,5,0,0,0
2007,1968,Soul,Bubblegum,WeightedTransition,2,0,0,0
2007,1968,Soul,Childrens,WeightedTransition,1,0,0,0
2007,1968,Soul,Classical,AnnualFloor,2,0,0,0
2007,1968,Soul,Classical,WeightedTransition,1,0,0,0
2007,1968,Soul,CountryRock,WeightedTransition,1,0,0,0
2007,1968,Soul,EasyListening,WeightedTransition,1,0,0,0
2007,1968,Soul,FolkRock,WeightedTransition,4,0,0,0
2007,1968,Soul,Funk,WeightedTransition,10,0,0,0
2007,1968,Soul,Gospel,AnnualFloor,1,0,0,0
2007,1968,Soul,Gospel,WeightedTransition,2,0,0,0
2007,1968,Soul,HardRock,AnnualFloor,1,0,0,0
2007,1968,Soul,HardRock,WeightedTransition,1,0,0,0
2007,1968,Soul,Jazz,WeightedTransition,3,0,0,0
2007,1968,Soul,LatinPop,WeightedTransition,2,0,0,0
2007,1968,Soul,ProtoMetal,WeightedTransition,1,0,0,0
2007,1968,Soul,ProtoPunk,AnnualFloor,1,0,0,0
2007,1968,Soul,ProtoPunk,WeightedTransition,1,0,0,0
2007,1968,Soul,RockAndRoll,WeightedTransition,3,0,0,0
2007,1968,Soul,SingerSongwriter,WeightedTransition,3,0,0,0
2007,1968,Soul,Soul,AnnualFloor,1,0,0,0
2007,1968,Soul,Soul,Retained,306,0,0,0
2007,1968,Soul,Soul,WeightedTransition,34,0,0,0
2007,1968,Soul,SunshinePop,AnnualFloor,1,0,0,0
2007,1968,Soul,SunshinePop,WeightedTransition,1,0,0,0
2007,1968,Soul,TexMex,AnnualFloor,2,0,0,0
2007,1968,Soul,TraditionalPop,AnnualFloor,1,0,0,0
2007,1968,SunshinePop,AcidRock,WeightedTransition,1,0,0,0
2007,1968,SunshinePop,BaroquePop,WeightedTransition,1,0,0,0
2007,1968,SunshinePop,Blues,AnnualFloor,1,0,0,0
2007,1968,SunshinePop,BluesRock,WeightedTransition,1,0,0,0
2007,1968,SunshinePop,Gospel,WeightedTransition,1,0,0,0
2007,1968,SunshinePop,SunshinePop,AnnualFloor,1,0,0,0
2007,1968,SunshinePop,SunshinePop,Retained,23,0,0,0
2007,1968,SurfRock,AcidRock,WeightedTransition,1,0,0,0
2007,1968,SurfRock,BaroquePop,WeightedTransition,1,0,0,0
2007,1968,SurfRock,Blues,WeightedTransition,1,0,0,0
2007,1968,SurfRock,BluesRock,WeightedTransition,3,0,0,0
2007,1968,SurfRock,BritishBlues,WeightedTransition,1,0,0,0
2007,1968,SurfRock,Bubblegum,WeightedTransition,2,0,0,0
2007,1968,SurfRock,Comedy,WeightedTransition,1,0,0,0
2007,1968,SurfRock,ContemporaryFolk,WeightedTransition,1,0,0,0
2007,1968,SurfRock,EasyListening,WeightedTransition,1,0,0,0
2007,1968,SurfRock,GarageRock,AnnualFloor,1,0,0,0
2007,1968,SurfRock,Gospel,WeightedTransition,2,0,0,0
2007,1968,SurfRock,ProtoMetal,WeightedTransition,3,0,0,0
2007,1968,SurfRock,ProtoPunk,WeightedTransition,1,0,0,0
2007,1968,SurfRock,RockAndRoll,WeightedTransition,1,0,0,0
2007,1968,SurfRock,SingerSongwriter,WeightedTransition,2,0,0,0
2007,1968,SurfRock,SunshinePop,WeightedTransition,2,0,0,0
2007,1968,SurfRock,SurfRock,Retained,2,0,0,0
2007,1968,TeenPop,AcidRock,WeightedTransition,5,0,0,0
2007,1968,TeenPop,BaroquePop,WeightedTransition,3,0,0,0
2007,1968,TeenPop,BluesRock,WeightedTransition,2,0,0,0
2007,1968,TeenPop,BritishBeat,WeightedTransition,4,0,0,0
2007,1968,TeenPop,Bubblegum,WeightedTransition,6,0,0,0
2007,1968,TeenPop,Childrens,WeightedTransition,2,0,0,0
2007,1968,TeenPop,Classical,WeightedTransition,2,0,0,0
2007,1968,TeenPop,ContemporaryFolk,WeightedTransition,1,0,0,0
2007,1968,TeenPop,CountryRock,AnnualFloor,1,0,0,0
2007,1968,TeenPop,EasyListening,WeightedTransition,6,0,0,0
2007,1968,TeenPop,FolkRock,WeightedTransition,4,0,0,0
2007,1968,TeenPop,Funk,WeightedTransition,4,0,0,0
2007,1968,TeenPop,HardRock,WeightedTransition,3,0,0,0
2007,1968,TeenPop,Jazz,WeightedTransition,1,0,0,0
2007,1968,TeenPop,LatinPop,WeightedTransition,2,0,0,0
2007,1968,TeenPop,ProgressiveRock,WeightedTransition,1,0,0,0
2007,1968,TeenPop,ProtoMetal,WeightedTransition,1,0,0,0
2007,1968,TeenPop,RockAndRoll,WeightedTransition,5,0,0,0
2007,1968,TeenPop,SingerSongwriter,WeightedTransition,1,0,0,0
2007,1968,TeenPop,Soul,WeightedTransition,8,0,0,0
2007,1968,TeenPop,SunshinePop,WeightedTransition,5,0,0,0
2007,1968,TeenPop,TeenPop,Retained,8,0,0,0
2007,1968,TeenPop,TraditionalPop,WeightedTransition,6,0,0,0
2007,1968,TexMex,BluesRock,WeightedTransition,2,0,0,0
2007,1968,TexMex,BritishBeat,WeightedTransition,2,0,0,0
2007,1968,TexMex,Country,WeightedTransition,1,0,0,0
2007,1968,TexMex,Gospel,WeightedTransition,1,0,0,0
2007,1968,TexMex,HardRock,WeightedTransition,2,0,0,0
2007,1968,TexMex,LatinPop,AnnualFloor,1,0,0,0
2007,1968,TexMex,LatinPop,WeightedTransition,1,0,0,0
2007,1968,TexMex,ProtoPunk,WeightedTransition,1,0,0,0
2007,1968,TexMex,Reggae,WeightedTransition,1,0,0,0
2007,1968,TexMex,Soul,WeightedTransition,1,0,0,0
2007,1968,TexMex,SunshinePop,WeightedTransition,1,0,0,0
2007,1968,TexMex,TexMex,Retained,35,0,0,0
2007,1968,TexMex,TexMex,WeightedTransition,3,0,0,0
2007,1968,TraditionalPop,AcidRock,WeightedTransition,1,0,0,0
2007,1968,TraditionalPop,BaroquePop,WeightedTransition,7,0,0,0
2007,1968,TraditionalPop,BluesRock,WeightedTransition,2,0,0,0
2007,1968,TraditionalPop,BritishBlues,WeightedTransition,3,0,0,0
2007,1968,TraditionalPop,BritishPop,AnnualFloor,1,0,0,0
2007,1968,TraditionalPop,BritishPop,WeightedTransition,3,0,0,0
2007,1968,TraditionalPop,Bubblegum,WeightedTransition,4,0,0,0
2007,1968,TraditionalPop,Childrens,WeightedTransition,1,0,0,0
2007,1968,TraditionalPop,Classical,WeightedTransition,1,0,0,0
2007,1968,TraditionalPop,Comedy,AnnualFloor,1,0,0,0
2007,1968,TraditionalPop,Comedy,WeightedTransition,2,0,0,0
2007,1968,TraditionalPop,ContemporaryFolk,WeightedTransition,1,0,0,0
2007,1968,TraditionalPop,EasyListening,WeightedTransition,8,0,0,0
2007,1968,TraditionalPop,FolkRock,WeightedTransition,1,0,0,0
2007,1968,TraditionalPop,Funk,AnnualFloor,1,0,0,0
2007,1968,TraditionalPop,GarageRock,AnnualFloor,1,0,0,0
2007,1968,TraditionalPop,Gospel,WeightedTransition,2,0,0,0
2007,1968,TraditionalPop,Jazz,AnnualFloor,1,0,0,0
2007,1968,TraditionalPop,Jazz,WeightedTransition,1,0,0,0
2007,1968,TraditionalPop,LatinPop,WeightedTransition,1,0,0,0
2007,1968,TraditionalPop,ProgressiveRock,WeightedTransition,1,0,0,0
2007,1968,TraditionalPop,ProtoMetal,WeightedTransition,1,0,0,0
2007,1968,TraditionalPop,RockAndRoll,WeightedTransition,2,0,0,0
2007,1968,TraditionalPop,Rocksteady,AnnualFloor,2,0,0,0
2007,1968,TraditionalPop,SingerSongwriter,AnnualFloor,1,0,0,0
2007,1968,TraditionalPop,SingerSongwriter,WeightedTransition,1,0,0,0
2007,1968,TraditionalPop,Soul,AnnualFloor,1,0,0,0
2007,1968,TraditionalPop,Soul,WeightedTransition,2,0,0,0
2007,1968,TraditionalPop,SunshinePop,AnnualFloor,1,0,0,0
2007,1968,TraditionalPop,SunshinePop,WeightedTransition,4,0,0,0
2007,1968,TraditionalPop,TraditionalPop,AnnualFloor,1,0,0,0
2007,1968,TraditionalPop,TraditionalPop,Retained,166,0,0,0
2007,1968,TraditionalPop,TraditionalPop,WeightedTransition,12,0,0,0
2007,1969,AcidRock,AcidRock,Retained,33,0,0,0
2007,1969,AcidRock,AcidRock,WeightedTransition,1,0,0,0
2007,1969,AcidRock,BluesRock,AnnualFloor,1,0,0,0
2007,1969,AcidRock,BritishBeat,WeightedTransition,3,0,0,0
2007,1969,AcidRock,BritishBlues,WeightedTransition,1,0,0,0
2007,1969,AcidRock,Classical,WeightedTransition,1,0,0,0
2007,1969,AcidRock,Funk,WeightedTransition,1,0,0,0
2007,1969,AcidRock,ProtoPunk,AnnualFloor,1,0,0,0
2007,1969,AcidRock,Reggae,WeightedTransition,1,0,0,0
2007,1969,AcidRock,RockAndRoll,WeightedTransition,1,0,0,0
2007,1969,BaroquePop,BaroquePop,Retained,35,0,0,0
2007,1969,BaroquePop,BaroquePop,WeightedTransition,2,0,0,0
2007,1969,BaroquePop,BritishPop,WeightedTransition,1,0,0,0
2007,1969,BaroquePop,Bubblegum,WeightedTransition,1,0,0,0
2007,1969,BaroquePop,EasyListening,WeightedTransition,1,0,0,0
2007,1969,BaroquePop,HardRock,WeightedTransition,1,0,0,0
2007,1969,BaroquePop,Jazz,WeightedTransition,1,0,0,0
2007,1969,BaroquePop,SingerSongwriter,WeightedTransition,1,0,0,0
2007,1969,Blues,BaroquePop,WeightedTransition,1,0,0,0
2007,1969,Blues,Blues,Retained,28,0,0,0
2007,1969,Blues,BluesRock,WeightedTransition,3,0,0,0
2007,1969,Blues,BritishBeat,AnnualFloor,1,0,0,0
2007,1969,Blues,BritishBeat,WeightedTransition,4,0,0,0
2007,1969,Blues,Bubblegum,WeightedTransition,1,0,0,0
2007,1969,Blues,Childrens,AnnualFloor,1,0,0,0
2007,1969,Blues,Comedy,WeightedTransition,1,0,0,0
2007,1969,Blues,HardRock,WeightedTransition,1,0,0,0
2007,1969,Blues,Jazz,WeightedTransition,1,0,0,0
2007,1969,Blues,LatinPop,WeightedTransition,1,0,0,0
2007,1969,Blues,ProtoPunk,AnnualFloor,1,0,0,0
2007,1969,Blues,Reggae,AnnualFloor,1,0,0,0
2007,1969,Blues,Reggae,WeightedTransition,1,0,0,0
2007,1969,Blues,SingerSongwriter,AnnualFloor,1,0,0,0
2007,1969,Blues,SunshinePop,WeightedTransition,1,0,0,0
2007,1969,BluesRock,AcidRock,WeightedTransition,1,0,0,0
2007,1969,BluesRock,BluesRock,Retained,53,0,0,0
2007,1969,BluesRock,BluesRock,WeightedTransition,5,0,0,0
2007,1969,BluesRock,BritishBeat,AnnualFloor,1,0,0,0
2007,1969,BluesRock,BritishBeat,WeightedTransition,1,0,0,0
2007,1969,BluesRock,BritishBlues,WeightedTransition,1,0,0,0
2007,1969,BluesRock,Bubblegum,WeightedTransition,1,0,0,0
2007,1969,BluesRock,ProgressiveRock,WeightedTransition,3,0,0,0
2007,1969,BluesRock,ProtoMetal,AnnualFloor,1,0,0,0
2007,1969,BluesRock,PsychedelicRock,AnnualFloor,1,0,0,0
2007,1969,BluesRock,PsychedelicRock,WeightedTransition,1,0,0,0
2007,1969,Boogaloo,AcidRock,WeightedTransition,1,0,0,0
2007,1969,Boogaloo,BaroquePop,WeightedTransition,1,0,0,0
2007,1969,Boogaloo,BluesRock,WeightedTransition,1,0,0,0
2007,1969,Boogaloo,Boogaloo,Retained,4,0,0,0
2007,1969,Boogaloo,Boogaloo,WeightedTransition,1,0,0,0
2007,1969,Boogaloo,BritishBlues,WeightedTransition,2,0,0,0
2007,1969,Boogaloo,BritishPop,WeightedTransition,1,0,0,0
2007,1969,Boogaloo,Childrens,WeightedTransition,1,0,0,0
2007,1969,Boogaloo,EasyListening,WeightedTransition,2,0,0,0
2007,1969,Boogaloo,FolkRock,WeightedTransition,1,0,0,0
2007,1969,Boogaloo,Funk,WeightedTransition,1,0,0,0
2007,1969,Boogaloo,Gospel,WeightedTransition,2,0,0,0
2007,1969,Boogaloo,LatinPop,WeightedTransition,1,0,0,0
2007,1969,Boogaloo,ProtoPunk,WeightedTransition,1,0,0,0
2007,1969,Boogaloo,RockAndRoll,WeightedTransition,1,0,0,0
2007,1969,Boogaloo,TexMex,WeightedTransition,1,0,0,0
2007,1969,BossaNova,AcidRock,WeightedTransition,2,0,0,0
2007,1969,BossaNova,BossaNova,Retained,1,0,0,0
2007,1969,BossaNova,Bubblegum,WeightedTransition,1,0,0,0
2007,1969,BossaNova,ContemporaryFolk,WeightedTransition,1,0,0,0
2007,1969,BossaNova,CountryRock,WeightedTransition,1,0,0,0
2007,1969,BossaNova,FolkRock,WeightedTransition,1,0,0,0
2007,1969,BossaNova,Funk,WeightedTransition,1,0,0,0
2007,1969,BossaNova,Gospel,WeightedTransition,1,0,0,0
2007,1969,BossaNova,Jazz,WeightedTransition,4,0,0,0
2007,1969,BossaNova,ProgressiveRock,WeightedTransition,1,0,0,0
2007,1969,BossaNova,ProtoMetal,WeightedTransition,1,0,0,0
2007,1969,BossaNova,Reggae,WeightedTransition,2,0,0,0
2007,1969,BossaNova,RockAndRoll,WeightedTransition,1,0,0,0
2007,1969,BritishBeat,AcidRock,WeightedTransition,1,0,0,0
2007,1969,BritishBeat,BaroquePop,WeightedTransition,1,0,0,0
2007,1969,BritishBeat,BluesRock,WeightedTransition,1,0,0,0
2007,1969,BritishBeat,BritishBeat,Retained,7,0,0,0
2007,1969,BritishBeat,BritishBeat,WeightedTransition,9,0,0,0
2007,1969,BritishBeat,BritishBlues,AnnualFloor,1,0,0,0
2007,1969,BritishBeat,BritishBlues,WeightedTransition,3,0,0,0
2007,1969,BritishBeat,Childrens,WeightedTransition,2,0,0,0
2007,1969,BritishBeat,Comedy,WeightedTransition,2,0,0,0
2007,1969,BritishBeat,Country,WeightedTransition,1,0,0,0
2007,1969,BritishBeat,CountryRock,WeightedTransition,2,0,0,0
2007,1969,BritishBeat,EasyListening,WeightedTransition,3,0,0,0
2007,1969,BritishBeat,Funk,WeightedTransition,2,0,0,0
2007,1969,BritishBeat,Gospel,WeightedTransition,3,0,0,0
2007,1969,BritishBeat,HardRock,WeightedTransition,6,0,0,0
2007,1969,BritishBeat,LatinPop,WeightedTransition,2,0,0,0
2007,1969,BritishBeat,ProgressiveRock,WeightedTransition,3,0,0,0
2007,1969,BritishBeat,ProtoMetal,WeightedTransition,3,0,0,0
2007,1969,BritishBeat,ProtoPunk,WeightedTransition,3,0,0,0
2007,1969,BritishBeat,PsychedelicRock,WeightedTransition,6,0,0,0
2007,1969,BritishBeat,RockAndRoll,WeightedTransition,2,0,0,0
2007,1969,BritishBeat,Soul,WeightedTransition,2,0,0,0
2007,1969,BritishBeat,SunshinePop,WeightedTransition,1,0,0,0
2007,1969,BritishBeat,TraditionalPop,WeightedTransition,2,0,0,0
2007,1969,BritishBlues,BluesRock,WeightedTransition,2,0,0,0
2007,1969,BritishBlues,BritishBlues,Retained,65,0,0,0
2007,1969,BritishBlues,Bubblegum,WeightedTransition,1,0,0,0
2007,1969,BritishBlues,FolkRock,WeightedTransition,1,0,0,0
2007,1969,BritishBlues,LatinPop,WeightedTransition,1,0,0,0
2007,1969,BritishBlues,ProgressiveRock,AnnualFloor,1,0,0,0
2007,1969,BritishBlues,ProgressiveRock,WeightedTransition,2,0,0,0
2007,1969,BritishBlues,ProtoPunk,WeightedTransition,1,0,0,0
2007,1969,BritishBlues,RockAndRoll,WeightedTransition,3,0,0,0
2007,1969,BritishBlues,Soul,WeightedTransition,1,0,0,0
2007,1969,BritishBlues,SunshinePop,WeightedTransition,1,0,0,0
2007,1969,BritishPop,AcidRock,AnnualFloor,1,0,0,0
2007,1969,BritishPop,AcidRock,WeightedTransition,1,0,0,0
2007,1969,BritishPop,BaroquePop,WeightedTransition,2,0,0,0
2007,1969,BritishPop,Blues,WeightedTransition,1,0,0,0
2007,1969,BritishPop,BluesRock,WeightedTransition,1,0,0,0
2007,1969,BritishPop,BritishBlues,WeightedTransition,1,0,0,0
2007,1969,BritishPop,BritishPop,AnnualFloor,1,0,0,0
2007,1969,BritishPop,BritishPop,Retained,6,0,0,0
2007,1969,BritishPop,BritishPop,WeightedTransition,5,0,0,0
2007,1969,BritishPop,Bubblegum,WeightedTransition,3,0,0,0
2007,1969,BritishPop,Childrens,WeightedTransition,1,0,0,0
2007,1969,BritishPop,CountryRock,WeightedTransition,2,0,0,0
2007,1969,BritishPop,EasyListening,WeightedTransition,3,0,0,0
2007,1969,BritishPop,Funk,WeightedTransition,2,0,0,0
2007,1969,BritishPop,Gospel,WeightedTransition,1,0,0,0
2007,1969,BritishPop,Jazz,WeightedTransition,1,0,0,0
2007,1969,BritishPop,LatinPop,WeightedTransition,1,0,0,0
2007,1969,BritishPop,ProtoMetal,WeightedTransition,1,0,0,0
2007,1969,BritishPop,SingerSongwriter,WeightedTransition,1,0,0,0
2007,1969,BritishPop,Soul,WeightedTransition,1,0,0,0
2007,1969,BritishPop,SunshinePop,WeightedTransition,3,0,0,0
2007,1969,BritishPop,TraditionalPop,WeightedTransition,4,0,0,0
2007,1969,Bubblegum,BritishPop,WeightedTransition,1,0,0,0
2007,1969,Bubblegum,Bubblegum,Retained,23,0,0,0
2007,1969,Bubblegum,Bubblegum,WeightedTransition,1,0,0,0
2007,1969,Bubblegum,EasyListening,WeightedTransition,1,0,0,0
2007,1969,Bubblegum,Gospel,WeightedTransition,1,0,0,0
2007,1969,Bubblegum,TraditionalPop,AnnualFloor,1,0,0,0
2007,1969,Bubblegum,TraditionalPop,WeightedTransition,1,0,0,0
2007,1969,Childrens,Boogaloo,AnnualFloor,1,0,0,0
2007,1969,Childrens,Childrens,AnnualFloor,1,0,0,0
2007,1969,Childrens,Childrens,Retained,32,0,0,0
2007,1969,Childrens,Country,WeightedTransition,1,0,0,0
2007,1969,Childrens,FolkRock,WeightedTransition,3,0,0,0
2007,1969,Childrens,Gospel,WeightedTransition,1,0,0,0
2007,1969,Childrens,Jazz,AnnualFloor,1,0,0,0
2007,1969,Childrens,ProgressiveRock,WeightedTransition,1,0,0,0
2007,1969,Childrens,ProtoPunk,WeightedTransition,1,0,0,0
2007,1969,Childrens,Reggae,AnnualFloor,1,0,0,0
2007,1969,Classical,Classical,Retained,31,0,0,0
2007,1969,Classical,EasyListening,WeightedTransition,1,0,0,0
2007,1969,Classical,LatinPop,AnnualFloor,1,0,0,0
2007,1969,Classical,ProtoPunk,WeightedTransition,1,0,0,0
2007,1969,Classical,Soul,WeightedTransition,1,0,0,0
2007,1969,Comedy,AcidRock,WeightedTransition,1,0,0,0
2007,1969,Comedy,Blues,WeightedTransition,1,0,0,0
2007,1969,Comedy,BluesRock,WeightedTransition,1,0,0,0
2007,1969,Comedy,Childrens,WeightedTransition,1,0,0,0
2007,1969,Comedy,Comedy,Retained,42,0,0,0
2007,1969,Comedy,Comedy,WeightedTransition,3,0,0,0
2007,1969,Comedy,Country,WeightedTransition,1,0,0,0
2007,1969,Comedy,FolkRock,WeightedTransition,1,0,0,0
2007,1969,Comedy,Funk,WeightedTransition,1,0,0,0
2007,1969,Comedy,ProtoMetal,WeightedTransition,1,0,0,0
2007,1969,Comedy,RockAndRoll,WeightedTransition,2,0,0,0
2007,1969,Comedy,Soul,WeightedTransition,1,0,0,0
2007,1969,ContemporaryFolk,AcidRock,AnnualFloor,1,0,0,0
2007,1969,ContemporaryFolk,BaroquePop,WeightedTransition,1,0,0,0
2007,1969,ContemporaryFolk,Blues,WeightedTransition,2,0,0,0
2007,1969,ContemporaryFolk,BluesRock,WeightedTransition,3,0,0,0
2007,1969,ContemporaryFolk,Bubblegum,WeightedTransition,2,0,0,0
2007,1969,ContemporaryFolk,Comedy,WeightedTransition,2,0,0,0
2007,1969,ContemporaryFolk,ContemporaryFolk,Retained,9,0,0,0
2007,1969,ContemporaryFolk,ContemporaryFolk,WeightedTransition,3,0,0,0
2007,1969,ContemporaryFolk,Country,WeightedTransition,1,0,0,0
2007,1969,ContemporaryFolk,EasyListening,WeightedTransition,1,0,0,0
2007,1969,ContemporaryFolk,FolkRock,WeightedTransition,1,0,0,0
2007,1969,ContemporaryFolk,Funk,WeightedTransition,1,0,0,0
2007,1969,ContemporaryFolk,HardRock,WeightedTransition,1,0,0,0
2007,1969,ContemporaryFolk,LatinPop,WeightedTransition,2,0,0,0
2007,1969,ContemporaryFolk,ProtoPunk,WeightedTransition,1,0,0,0
2007,1969,ContemporaryFolk,RockAndRoll,WeightedTransition,1,0,0,0
2007,1969,ContemporaryFolk,SingerSongwriter,WeightedTransition,2,0,0,0
2007,1969,ContemporaryFolk,Soul,WeightedTransition,4,0,0,0
2007,1969,ContemporaryFolk,SunshinePop,WeightedTransition,1,0,0,0
2007,1969,ContemporaryFolk,TexMex,WeightedTransition,1,0,0,0
2007,1969,Country,AcidRock,AnnualFloor,1,0,0,0
2007,1969,Country,Blues,AnnualFloor,1,0,0,0
2007,1969,Country,Blues,WeightedTransition,1,0,0,0
2007,1969,Country,BluesRock,WeightedTransition,2,0,0,0
2007,1969,Country,Boogaloo,WeightedTransition,1,0,0,0
2007,1969,Country,BritishBeat,WeightedTransition,1,0,0,0
2007,1969,Country,BritishBlues,WeightedTransition,1,0,0,0
2007,1969,Country,Childrens,WeightedTransition,1,0,0,0
2007,1969,Country,Classical,AnnualFloor,1,0,0,0
2007,1969,Country,Classical,WeightedTransition,3,0,0,0
2007,1969,Country,Comedy,AnnualFloor,1,0,0,0
2007,1969,Country,ContemporaryFolk,AnnualFloor,1,0,0,0
2007,1969,Country,Country,AnnualFloor,2,0,0,0
2007,1969,Country,Country,Retained,140,0,0,0
2007,1969,Country,Country,WeightedTransition,9,0,0,0
2007,1969,Country,CountryRock,AnnualFloor,1,0,0,0
2007,1969,Country,CountryRock,WeightedTransition,3,0,0,0
2007,1969,Country,EasyListening,WeightedTransition,1,0,0,0
2007,1969,Country,FolkRock,WeightedTransition,1,0,0,0
2007,1969,Country,Funk,WeightedTransition,2,0,0,0
2007,1969,Country,Gospel,AnnualFloor,2,0,0,0
2007,1969,Country,Gospel,WeightedTransition,2,0,0,0
2007,1969,Country,Jazz,WeightedTransition,1,0,0,0
2007,1969,Country,LatinPop,WeightedTransition,2,0,0,0
2007,1969,Country,ProtoMetal,WeightedTransition,1,0,0,0
2007,1969,Country,ProtoPunk,WeightedTransition,1,0,0,0
2007,1969,Country,RockAndRoll,WeightedTransition,1,0,0,0
2007,1969,Country,SingerSongwriter,AnnualFloor,1,0,0,0
2007,1969,Country,Soul,WeightedTransition,1,0,0,0
2007,1969,Country,SunshinePop,WeightedTransition,2,0,0,0
2007,1969,Country,TraditionalPop,WeightedTransition,1,0,0,0
2007,1969,CountryRock,BaroquePop,WeightedTransition,1,0,0,0
2007,1969,CountryRock,Country,WeightedTransition,1,0,0,0
2007,1969,CountryRock,CountryRock,Retained,26,0,0,0
2007,1969,CountryRock,CountryRock,WeightedTransition,1,0,0,0
2007,1969,CountryRock,Funk,WeightedTransition,1,0,0,0
2007,1969,CountryRock,Soul,WeightedTransition,1,0,0,0
2007,1969,CountryRock,TraditionalPop,WeightedTransition,1,0,0,0
2007,1969,DooWop,AcidRock,WeightedTransition,1,0,0,0
2007,1969,DooWop,BaroquePop,WeightedTransition,1,0,0,0
2007,1969,DooWop,Blues,WeightedTransition,1,0,0,0
2007,1969,DooWop,BluesRock,WeightedTransition,2,0,0,0
2007,1969,DooWop,BritishBlues,AnnualFloor,1,0,0,0
2007,1969,DooWop,BritishBlues,WeightedTransition,1,0,0,0
2007,1969,DooWop,Bubblegum,WeightedTransition,1,0,0,0
2007,1969,DooWop,Classical,AnnualFloor,1,0,0,0
2007,1969,DooWop,Comedy,WeightedTransition,1,0,0,0
2007,1969,DooWop,Country,WeightedTransition,1,0,0,0
2007,1969,DooWop,CountryRock,WeightedTransition,1,0,0,0
2007,1969,DooWop,DooWop,Retained,6,0,0,0
2007,1969,DooWop,EasyListening,WeightedTransition,1,0,0,0
2007,1969,DooWop,FolkRock,WeightedTransition,1,0,0,0
2007,1969,DooWop,Funk,AnnualFloor,1,0,0,0
2007,1969,DooWop,Funk,WeightedTransition,3,0,0,0
2007,1969,DooWop,Gospel,WeightedTransition,1,0,0,0
2007,1969,DooWop,HardRock,AnnualFloor,1,0,0,0
2007,1969,DooWop,HardRock,WeightedTransition,2,0,0,0
2007,1969,DooWop,Jazz,WeightedTransition,1,0,0,0
2007,1969,DooWop,LatinPop,AnnualFloor,1,0,0,0
2007,1969,DooWop,ProtoMetal,WeightedTransition,3,0,0,0
2007,1969,DooWop,Reggae,WeightedTransition,1,0,0,0
2007,1969,DooWop,RockAndRoll,WeightedTransition,1,0,0,0
2007,1969,DooWop,Soul,WeightedTransition,5,0,0,0
2007,1969,DooWop,SunshinePop,AnnualFloor,1,0,0,0
2007,1969,DooWop,SunshinePop,WeightedTransition,1,0,0,0
2007,1969,DooWop,TexMex,WeightedTransition,1,0,0,0
2007,1969,EasyListening,AcidRock,WeightedTransition,1,0,0,0
2007,1969,EasyListening,Boogaloo,AnnualFloor,1,0,0,0
2007,1969,EasyListening,BritishBeat,WeightedTransition,1,0,0,0
2007,1969,EasyListening,BritishPop,WeightedTransition,1,0,0,0
2007,1969,EasyListening,Childrens,WeightedTransition,2,0,0,0
2007,1969,EasyListening,Country,WeightedTransition,1,0,0,0
2007,1969,EasyListening,CountryRock,WeightedTransition,1,0,0,0
2007,1969,EasyListening,EasyListening,AnnualFloor,1,0,0,0
2007,1969,EasyListening,EasyListening,Retained,56,0,0,0
2007,1969,EasyListening,EasyListening,WeightedTransition,3,0,0,0
2007,1969,EasyListening,Funk,WeightedTransition,1,0,0,0
2007,1969,EasyListening,Gospel,WeightedTransition,1,0,0,0
2007,1969,EasyListening,LatinPop,WeightedTransition,1,0,0,0
2007,1969,EasyListening,ProgressiveRock,WeightedTransition,1,0,0,0
2007,1969,EasyListening,SingerSongwriter,WeightedTransition,1,0,0,0
2007,1969,EasyListening,SunshinePop,WeightedTransition,1,0,0,0
2007,1969,EasyListening,TraditionalPop,WeightedTransition,1,0,0,0
2007,1969,Folk,BaroquePop,WeightedTransition,1,0,0,0
2007,1969,Folk,BritishBlues,WeightedTransition,1,0,0,0
2007,1969,Folk,BritishPop,WeightedTransition,1,0,0,0
2007,1969,Folk,Bubblegum,WeightedTransition,4,0,0,0
2007,1969,Folk,ContemporaryFolk,WeightedTransition,1,0,0,0
2007,1969,Folk,Country,WeightedTransition,1,0,0,0
2007,1969,Folk,CountryRock,WeightedTransition,3,0,0,0
2007,1969,Folk,EasyListening,WeightedTransition,3,0,0,0
2007,1969,Folk,Folk,Retained,5,0,0,0
2007,1969,Folk,FolkRock,WeightedTransition,6,0,0,0
2007,1969,Folk,Jazz,WeightedTransition,2,0,0,0
2007,1969,Folk,ProtoMetal,WeightedTransition,1,0,0,0
2007,1969,Folk,Reggae,WeightedTransition,1,0,0,0
2007,1969,Folk,RockAndRoll,WeightedTransition,1,0,0,0
2007,1969,Folk,SingerSongwriter,WeightedTransition,4,0,0,0
2007,1969,Folk,Soul,WeightedTransition,2,0,0,0
2007,1969,Folk,SunshinePop,WeightedTransition,3,0,0,0
2007,1969,Folk,TexMex,WeightedTransition,1,0,0,0
2007,1969,Folk,TraditionalPop,WeightedTransition,1,0,0,0
2007,1969,FolkRock,BaroquePop,WeightedTransition,1,0,0,0
2007,1969,FolkRock,Blues,WeightedTransition,1,0,0,0
2007,1969,FolkRock,BritishBeat,WeightedTransition,1,0,0,0
2007,1969,FolkRock,Bubblegum,AnnualFloor,1,0,0,0
2007,1969,FolkRock,Bubblegum,WeightedTransition,1,0,0,0
2007,1969,FolkRock,Childrens,WeightedTransition,1,0,0,0
2007,1969,FolkRock,Comedy,AnnualFloor,1,0,0,0
2007,1969,FolkRock,Comedy,WeightedTransition,1,0,0,0
2007,1969,FolkRock,Country,WeightedTransition,1,0,0,0
2007,1969,FolkRock,CountryRock,WeightedTransition,1,0,0,0
2007,1969,FolkRock,FolkRock,Retained,34,0,0,0
2007,1969,FolkRock,FolkRock,WeightedTransition,3,0,0,0
2007,1969,FolkRock,SunshinePop,WeightedTransition,1,0,0,0
2007,1969,FolkRock,TraditionalPop,WeightedTransition,1,0,0,0
2007,1969,Funk,AcidRock,WeightedTransition,1,0,0,0
2007,1969,Funk,Blues,AnnualFloor,1,0,0,0
2007,1969,Funk,ContemporaryFolk,AnnualFloor,1,0,0,0
2007,1969,Funk,Funk,AnnualFloor,1,0,0,0
2007,1969,Funk,Funk,Retained,19,0,0,0
2007,1969,Funk,Funk,WeightedTransition,4,0,0,0
2007,1969,Funk,HardRock,WeightedTransition,2,0,0,0
2007,1969,Funk,Reggae,WeightedTransition,1,0,0,0
2007,1969,Funk,RockAndRoll,WeightedTransition,1,0,0,0
2007,1969,Funk,SingerSongwriter,WeightedTransition,1,0,0,0
2007,1969,Funk,Soul,WeightedTransition,1,0,0,0
2007,1969,GarageRock,Blues,WeightedTransition,2,0,0,0
2007,1969,GarageRock,BritishBeat,WeightedTransition,1,0,0,0
2007,1969,GarageRock,BritishBlues,WeightedTransition,1,0,0,0
2007,1969,GarageRock,BritishPop,WeightedTransition,1,0,0,0
2007,1969,GarageRock,Bubblegum,WeightedTransition,1,0,0,0
2007,1969,GarageRock,Childrens,AnnualFloor,1,0,0,0
2007,1969,GarageRock,HardRock,WeightedTransition,3,0,0,0
2007,1969,GarageRock,Jazz,WeightedTransition,2,0,0,0
2007,1969,GarageRock,LatinPop,WeightedTransition,1,0,0,0
2007,1969,GarageRock,ProgressiveRock,AnnualFloor,1,0,0,0
2007,1969,GarageRock,ProgressiveRock,WeightedTransition,1,0,0,0
2007,1969,GarageRock,ProtoMetal,WeightedTransition,1,0,0,0
2007,1969,GarageRock,PsychedelicRock,WeightedTransition,3,0,0,0
2007,1969,GarageRock,TexMex,WeightedTransition,2,0,0,0
2007,1969,Gospel,AcidRock,WeightedTransition,1,0,0,0
2007,1969,Gospel,BaroquePop,WeightedTransition,1,0,0,0
2007,1969,Gospel,Comedy,AnnualFloor,1,0,0,0
2007,1969,Gospel,Country,WeightedTransition,3,0,0,0
2007,1969,Gospel,CountryRock,WeightedTransition,3,0,0,0
2007,1969,Gospel,Funk,WeightedTransition,1,0,0,0
2007,1969,Gospel,Gospel,AnnualFloor,1,0,0,0
2007,1969,Gospel,Gospel,Retained,121,0,0,0
2007,1969,Gospel,Gospel,WeightedTransition,10,0,0,0
2007,1969,Gospel,HardRock,WeightedTransition,1,0,0,0
2007,1969,Gospel,LatinPop,WeightedTransition,1,0,0,0
2007,1969,Gospel,ProgressiveRock,AnnualFloor,1,0,0,0
2007,1969,Gospel,ProgressiveRock,WeightedTransition,4,0,0,0
2007,1969,Gospel,ProtoMetal,WeightedTransition,1,0,0,0
2007,1969,Gospel,ProtoPunk,WeightedTransition,1,0,0,0
2007,1969,Gospel,Reggae,WeightedTransition,1,0,0,0
2007,1969,Gospel,RockAndRoll,WeightedTransition,2,0,0,0
2007,1969,Gospel,SingerSongwriter,WeightedTransition,2,0,0,0
2007,1969,Gospel,Soul,WeightedTransition,6,0,0,0
2007,1969,Gospel,TraditionalPop,WeightedTransition,1,0,0,0
2007,1969,HardRock,BritishBlues,WeightedTransition,1,0,0,0
2007,1969,HardRock,Bubblegum,WeightedTransition,1,0,0,0
2007,1969,HardRock,Funk,WeightedTransition,1,0,0,0
2007,1969,HardRock,Gospel,WeightedTransition,1,0,0,0
2007,1969,HardRock,HardRock,Retained,15,0,0,0
2007,1969,HardRock,HardRock,WeightedTransition,1,0,0,0
2007,1969,HardRock,PsychedelicRock,WeightedTransition,1,0,0,0
2007,1969,Jazz,BaroquePop,AnnualFloor,1,0,0,0
2007,1969,Jazz,BaroquePop,WeightedTransition,3,0,0,0
2007,1969,Jazz,Blues,WeightedTransition,1,0,0,0
2007,1969,Jazz,BritishPop,WeightedTransition,1,0,0,0
2007,1969,Jazz,Bubblegum,AnnualFloor,2,0,0,0
2007,1969,Jazz,Bubblegum,WeightedTransition,1,0,0,0
2007,1969,Jazz,Childrens,WeightedTransition,2,0,0,0
2007,1969,Jazz,ContemporaryFolk,WeightedTransition,1,0,0,0
2007,1969,Jazz,Country,WeightedTransition,1,0,0,0
2007,1969,Jazz,EasyListening,AnnualFloor,1,0,0,0
2007,1969,Jazz,EasyListening,WeightedTransition,1,0,0,0
2007,1969,Jazz,Funk,WeightedTransition,1,0,0,0
2007,1969,Jazz,Gospel,WeightedTransition,2,0,0,0
2007,1969,Jazz,Jazz,AnnualFloor,2,0,0,0
2007,1969,Jazz,Jazz,Retained,110,0,0,0
2007,1969,Jazz,Jazz,WeightedTransition,6,0,0,0
2007,1969,Jazz,LatinPop,WeightedTransition,1,0,0,0
2007,1969,Jazz,ProgressiveRock,WeightedTransition,1,0,0,0
2007,1969,Jazz,ProtoMetal,WeightedTransition,3,0,0,0
2007,1969,Jazz,Soul,WeightedTransition,1,0,0,0
2007,1969,Jazz,SunshinePop,WeightedTransition,2,0,0,0
2007,1969,Jazz,TexMex,AnnualFloor,1,0,0,0
2007,1969,Jazz,TexMex,WeightedTransition,1,0,0,0
2007,1969,Jazz,TraditionalPop,WeightedTransition,1,0,0,0
2007,1969,LatinPop,BritishBlues,WeightedTransition,1,0,0,0
2007,1969,LatinPop,Bubblegum,WeightedTransition,1,0,0,0
2007,1969,LatinPop,Classical,WeightedTransition,1,0,0,0
2007,1969,LatinPop,Funk,WeightedTransition,1,0,0,0
2007,1969,LatinPop,Gospel,WeightedTransition,1,0,0,0
2007,1969,LatinPop,LatinPop,Retained,26,0,0,0
2007,1969,LatinPop,LatinPop,WeightedTransition,1,0,0,0
2007,1969,LatinPop,Soul,WeightedTransition,1,0,0,0
2007,1969,ProgressiveRock,FolkRock,WeightedTransition,1,0,0,0
2007,1969,ProgressiveRock,ProgressiveRock,Retained,10,0,0,0
2007,1969,ProtoMetal,HardRock,WeightedTransition,1,0,0,0
2007,1969,ProtoMetal,ProtoMetal,Retained,6,0,0,0
2007,1969,ProtoPunk,BritishBlues,WeightedTransition,1,0,0,0
2007,1969,ProtoPunk,ProtoPunk,AnnualFloor,1,0,0,0
2007,1969,ProtoPunk,ProtoPunk,Retained,16,0,0,0
2007,1969,ProtoPunk,SingerSongwriter,WeightedTransition,1,0,0,0
2007,1969,PsychedelicRock,AcidRock,WeightedTransition,1,0,0,0
2007,1969,PsychedelicRock,Bubblegum,WeightedTransition,1,0,0,0
2007,1969,PsychedelicRock,Classical,AnnualFloor,1,0,0,0
2007,1969,PsychedelicRock,Comedy,WeightedTransition,1,0,0,0
2007,1969,PsychedelicRock,Gospel,WeightedTransition,2,0,0,0
2007,1969,PsychedelicRock,HardRock,WeightedTransition,2,0,0,0
2007,1969,PsychedelicRock,LatinPop,WeightedTransition,2,0,0,0
2007,1969,PsychedelicRock,PsychedelicRock,Retained,37,0,0,0
2007,1969,PsychedelicRock,PsychedelicRock,WeightedTransition,3,0,0,0
2007,1969,PsychedelicRock,RockAndRoll,WeightedTransition,1,0,0,0
2007,1969,PsychedelicRock,Soul,WeightedTransition,1,0,0,0
2007,1969,Reggae,Country,WeightedTransition,1,0,0,0
2007,1969,Reggae,Reggae,Retained,7,0,0,0
2007,1969,RnB,BaroquePop,WeightedTransition,1,0,0,0
2007,1969,RnB,Boogaloo,WeightedTransition,1,0,0,0
2007,1969,RnB,BritishBeat,WeightedTransition,1,0,0,0
2007,1969,RnB,BritishPop,WeightedTransition,1,0,0,0
2007,1969,RnB,Bubblegum,WeightedTransition,5,0,0,0
2007,1969,RnB,Childrens,WeightedTransition,2,0,0,0
2007,1969,RnB,Classical,WeightedTransition,1,0,0,0
2007,1969,RnB,CountryRock,WeightedTransition,3,0,0,0
2007,1969,RnB,EasyListening,WeightedTransition,1,0,0,0
2007,1969,RnB,Funk,WeightedTransition,4,0,0,0
2007,1969,RnB,Gospel,WeightedTransition,3,0,0,0
2007,1969,RnB,LatinPop,WeightedTransition,1,0,0,0
2007,1969,RnB,ProgressiveRock,WeightedTransition,2,0,0,0
2007,1969,RnB,ProtoMetal,WeightedTransition,1,0,0,0
2007,1969,RnB,Reggae,AnnualFloor,1,0,0,0
2007,1969,RnB,RnB,Retained,9,0,0,0
2007,1969,RnB,RockAndRoll,WeightedTransition,3,0,0,0
2007,1969,RnB,SingerSongwriter,AnnualFloor,1,0,0,0
2007,1969,RnB,SingerSongwriter,WeightedTransition,3,0,0,0
2007,1969,RnB,Soul,WeightedTransition,15,0,0,0
2007,1969,RnB,SunshinePop,WeightedTransition,1,0,0,0
2007,1969,RnB,TraditionalPop,WeightedTransition,1,0,0,0
2007,1969,RockAndRoll,AcidRock,WeightedTransition,4,0,0,0
2007,1969,RockAndRoll,Blues,WeightedTransition,1,0,0,0
2007,1969,RockAndRoll,BluesRock,AnnualFloor,1,0,0,0
2007,1969,RockAndRoll,BluesRock,WeightedTransition,4,0,0,0
2007,1969,RockAndRoll,BritishBeat,WeightedTransition,2,0,0,0
2007,1969,RockAndRoll,BritishBlues,WeightedTransition,3,0,0,0
2007,1969,RockAndRoll,BritishPop,WeightedTransition,2,0,0,0
2007,1969,RockAndRoll,Childrens,WeightedTransition,2,0,0,0
2007,1969,RockAndRoll,CountryRock,WeightedTransition,1,0,0,0
2007,1969,RockAndRoll,EasyListening,WeightedTransition,4,0,0,0
2007,1969,RockAndRoll,FolkRock,WeightedTransition,1,0,0,0
2007,1969,RockAndRoll,Funk,WeightedTransition,1,0,0,0
2007,1969,RockAndRoll,Gospel,WeightedTransition,1,0,0,0
2007,1969,RockAndRoll,HardRock,WeightedTransition,5,0,0,0
2007,1969,RockAndRoll,LatinPop,AnnualFloor,1,0,0,0
2007,1969,RockAndRoll,LatinPop,WeightedTransition,1,0,0,0
2007,1969,RockAndRoll,ProgressiveRock,WeightedTransition,3,0,0,0
2007,1969,RockAndRoll,ProtoMetal,AnnualFloor,1,0,0,0
2007,1969,RockAndRoll,ProtoMetal,WeightedTransition,2,0,0,0
2007,1969,RockAndRoll,ProtoPunk,WeightedTransition,3,0,0,0
2007,1969,RockAndRoll,PsychedelicRock,AnnualFloor,2,0,0,0
2007,1969,RockAndRoll,PsychedelicRock,WeightedTransition,3,0,0,0
2007,1969,RockAndRoll,RockAndRoll,AnnualFloor,3,0,0,0
2007,1969,RockAndRoll,RockAndRoll,Retained,174,0,0,0
2007,1969,RockAndRoll,RockAndRoll,WeightedTransition,12,0,0,0
2007,1969,RockAndRoll,SingerSongwriter,WeightedTransition,1,0,0,0
2007,1969,RockAndRoll,Soul,WeightedTransition,1,0,0,0
2007,1969,RockAndRoll,SunshinePop,WeightedTransition,1,0,0,0
2007,1969,RockAndRoll,TraditionalPop,AnnualFloor,1,0,0,0
2007,1969,RockAndRoll,TraditionalPop,WeightedTransition,1,0,0,0
2007,1969,Rocksteady,BaroquePop,WeightedTransition,1,0,0,0
2007,1969,Rocksteady,Blues,WeightedTransition,1,0,0,0
2007,1969,Rocksteady,Boogaloo,AnnualFloor,1,0,0,0
2007,1969,Rocksteady,Bubblegum,WeightedTransition,1,0,0,0
2007,1969,Rocksteady,Funk,WeightedTransition,1,0,0,0
2007,1969,Rocksteady,ProgressiveRock,WeightedTransition,1,0,0,0
2007,1969,Rocksteady,Rocksteady,Retained,1,0,0,0
2007,1969,SingerSongwriter,AcidRock,WeightedTransition,2,0,0,0
2007,1969,SingerSongwriter,Blues,WeightedTransition,1,0,0,0
2007,1969,SingerSongwriter,BluesRock,WeightedTransition,1,0,0,0
2007,1969,SingerSongwriter,BritishBeat,WeightedTransition,1,0,0,0
2007,1969,SingerSongwriter,Classical,WeightedTransition,1,0,0,0
2007,1969,SingerSongwriter,ContemporaryFolk,AnnualFloor,1,0,0,0
2007,1969,SingerSongwriter,Country,WeightedTransition,1,0,0,0
2007,1969,SingerSongwriter,FolkRock,WeightedTransition,1,0,0,0
2007,1969,SingerSongwriter,Gospel,WeightedTransition,1,0,0,0
2007,1969,SingerSongwriter,HardRock,WeightedTransition,1,0,0,0
2007,1969,SingerSongwriter,SingerSongwriter,Retained,30,0,0,0
2007,1969,SingerSongwriter,Soul,WeightedTransition,1,0,0,0
2007,1969,Ska,BritishBeat,WeightedTransition,1,0,0,0
2007,1969,Ska,BritishBlues,WeightedTransition,1,0,0,0
2007,1969,Ska,Bubblegum,WeightedTransition,1,0,0,0
2007,1969,Ska,HardRock,AnnualFloor,1,0,0,0
2007,1969,Ska,Ska,Retained,2,0,0,0
2007,1969,Soul,AcidRock,WeightedTransition,1,0,0,0
2007,1969,Soul,BaroquePop,AnnualFloor,2,0,0,0
2007,1969,Soul,Blues,AnnualFloor,1,0,0,0
2007,1969,Soul,BluesRock,WeightedTransition,1,0,0,0
2007,1969,Soul,BritishBeat,AnnualFloor,1,0,0,0
2007,1969,Soul,BritishBeat,WeightedTransition,1,0,0,0
2007,1969,Soul,BritishBlues,AnnualFloor,1,0,0,0
2007,1969,Soul,BritishPop,WeightedTransition,2,0,0,0
2007,1969,Soul,Bubblegum,WeightedTransition,4,0,0,0
2007,1969,Soul,Classical,WeightedTransition,1,0,0,0
2007,1969,Soul,Comedy,WeightedTransition,2,0,0,0
2007,1969,Soul,Country,WeightedTransition,1,0,0,0
2007,1969,Soul,CountryRock,WeightedTransition,2,0,0,0
2007,1969,Soul,EasyListening,WeightedTransition,2,0,0,0
2007,1969,Soul,FolkRock,AnnualFloor,3,0,0,0
2007,1969,Soul,FolkRock,WeightedTransition,2,0,0,0
2007,1969,Soul,Funk,AnnualFloor,1,0,0,0
2007,1969,Soul,Funk,WeightedTransition,16,0,0,0
2007,1969,Soul,Gospel,WeightedTransition,8,0,0,0
2007,1969,Soul,HardRock,WeightedTransition,2,0,0,0
2007,1969,Soul,LatinPop,WeightedTransition,1,0,0,0
2007,1969,Soul,ProgressiveRock,WeightedTransition,1,0,0,0
2007,1969,Soul,ProtoMetal,WeightedTransition,1,0,0,0
2007,1969,Soul,ProtoPunk,WeightedTransition,2,0,0,0
2007,1969,Soul,Reggae,WeightedTransition,1,0,0,0
2007,1969,Soul,RockAndRoll,WeightedTransition,2,0,0,0
2007,1969,Soul,SingerSongwriter,WeightedTransition,1,0,0,0
2007,1969,Soul,Soul,AnnualFloor,3,0,0,0
2007,1969,Soul,Soul,Retained,300,0,0,0
2007,1969,Soul,Soul,WeightedTransition,24,0,0,0
2007,1969,Soul,SunshinePop,WeightedTransition,1,0,0,0
2007,1969,Soul,TexMex,AnnualFloor,2,0,0,0
2007,1969,Soul,TexMex,WeightedTransition,1,0,0,0
2007,1969,Soul,TraditionalPop,WeightedTransition,1,0,0,0
2007,1969,SunshinePop,BritishBeat,WeightedTransition,2,0,0,0
2007,1969,SunshinePop,Childrens,WeightedTransition,1,0,0,0
2007,1969,SunshinePop,Jazz,WeightedTransition,1,0,0,0
2007,1969,SunshinePop,ProtoMetal,AnnualFloor,1,0,0,0
2007,1969,SunshinePop,ProtoPunk,WeightedTransition,1,0,0,0
2007,1969,SunshinePop,Soul,WeightedTransition,1,0,0,0
2007,1969,SunshinePop,SunshinePop,AnnualFloor,2,0,0,0
2007,1969,SunshinePop,SunshinePop,Retained,23,0,0,0
2007,1969,SunshinePop,SunshinePop,WeightedTransition,1,0,0,0
2007,1969,SunshinePop,TraditionalPop,WeightedTransition,1,0,0,0
2007,1969,SurfRock,BluesRock,WeightedTransition,1,0,0,0
2007,1969,SurfRock,BritishBeat,WeightedTransition,1,0,0,0
2007,1969,SurfRock,BritishBlues,WeightedTransition,1,0,0,0
2007,1969,SurfRock,BritishPop,WeightedTransition,1,0,0,0
2007,1969,SurfRock,Country,AnnualFloor,1,0,0,0
2007,1969,SurfRock,EasyListening,WeightedTransition,1,0,0,0
2007,1969,SurfRock,LatinPop,WeightedTransition,1,0,0,0
2007,1969,SurfRock,ProgressiveRock,WeightedTransition,2,0,0,0
2007,1969,SurfRock,RockAndRoll,WeightedTransition,2,0,0,0
2007,1969,SurfRock,SunshinePop,WeightedTransition,1,0,0,0
2007,1969,SurfRock,TraditionalPop,WeightedTransition,2,0,0,0
2007,1969,TeenPop,AcidRock,WeightedTransition,1,0,0,0
2007,1969,TeenPop,BaroquePop,WeightedTransition,2,0,0,0
2007,1969,TeenPop,Blues,WeightedTransition,2,0,0,0
2007,1969,TeenPop,BritishBeat,WeightedTransition,3,0,0,0
2007,1969,TeenPop,BritishBlues,WeightedTransition,1,0,0,0
2007,1969,TeenPop,BritishPop,WeightedTransition,1,0,0,0
2007,1969,TeenPop,Bubblegum,WeightedTransition,2,0,0,0
2007,1969,TeenPop,Childrens,WeightedTransition,2,0,0,0
2007,1969,TeenPop,Country,WeightedTransition,1,0,0,0
2007,1969,TeenPop,CountryRock,AnnualFloor,1,0,0,0
2007,1969,TeenPop,CountryRock,WeightedTransition,3,0,0,0
2007,1969,TeenPop,EasyListening,WeightedTransition,3,0,0,0
2007,1969,TeenPop,FolkRock,WeightedTransition,2,0,0,0
2007,1969,TeenPop,Funk,WeightedTransition,5,0,0,0
2007,1969,TeenPop,HardRock,WeightedTransition,4,0,0,0
2007,1969,TeenPop,Jazz,WeightedTransition,1,0,0,0
2007,1969,TeenPop,ProtoMetal,WeightedTransition,1,0,0,0
2007,1969,TeenPop,RockAndRoll,WeightedTransition,1,0,0,0
2007,1969,TeenPop,SingerSongwriter,WeightedTransition,1,0,0,0
2007,1969,TeenPop,Soul,WeightedTransition,5,0,0,0
2007,1969,TeenPop,SunshinePop,WeightedTransition,2,0,0,0
2007,1969,TeenPop,TeenPop,Retained,7,0,0,0
2007,1969,TeenPop,TraditionalPop,WeightedTransition,2,0,0,0
2007,1969,TexMex,AcidRock,WeightedTransition,1,0,0,0
2007,1969,TexMex,BritishBeat,WeightedTransition,1,0,0,0
2007,1969,TexMex,Bubblegum,WeightedTransition,1,0,0,0
2007,1969,TexMex,CountryRock,WeightedTransition,1,0,0,0
2007,1969,TexMex,EasyListening,WeightedTransition,1,0,0,0
2007,1969,TexMex,LatinPop,WeightedTransition,1,0,0,0
2007,1969,TexMex,ProgressiveRock,WeightedTransition,2,0,0,0
2007,1969,TexMex,SunshinePop,WeightedTransition,2,0,0,0
2007,1969,TexMex,TexMex,Retained,25,0,0,0
2007,1969,TraditionalPop,BaroquePop,WeightedTransition,3,0,0,0
2007,1969,TraditionalPop,BluesRock,AnnualFloor,1,0,0,0
2007,1969,TraditionalPop,BritishBlues,WeightedTransition,2,0,0,0
2007,1969,TraditionalPop,BritishPop,AnnualFloor,2,0,0,0
2007,1969,TraditionalPop,BritishPop,WeightedTransition,2,0,0,0
2007,1969,TraditionalPop,Bubblegum,WeightedTransition,2,0,0,0
2007,1969,TraditionalPop,Comedy,WeightedTransition,2,0,0,0
2007,1969,TraditionalPop,Country,WeightedTransition,1,0,0,0
2007,1969,TraditionalPop,CountryRock,AnnualFloor,1,0,0,0
2007,1969,TraditionalPop,EasyListening,AnnualFloor,1,0,0,0
2007,1969,TraditionalPop,EasyListening,WeightedTransition,3,0,0,0
2007,1969,TraditionalPop,FolkRock,WeightedTransition,2,0,0,0
2007,1969,TraditionalPop,Funk,WeightedTransition,2,0,0,0
2007,1969,TraditionalPop,HardRock,AnnualFloor,1,0,0,0
2007,1969,TraditionalPop,HardRock,WeightedTransition,1,0,0,0
2007,1969,TraditionalPop,ProgressiveRock,WeightedTransition,2,0,0,0
2007,1969,TraditionalPop,ProtoMetal,WeightedTransition,1,0,0,0
2007,1969,TraditionalPop,RockAndRoll,WeightedTransition,2,0,0,0
2007,1969,TraditionalPop,SingerSongwriter,WeightedTransition,2,0,0,0
2007,1969,TraditionalPop,Soul,WeightedTransition,3,0,0,0
2007,1969,TraditionalPop,SunshinePop,WeightedTransition,5,0,0,0
2007,1969,TraditionalPop,TexMex,WeightedTransition,1,0,0,0
2007,1969,TraditionalPop,TraditionalPop,AnnualFloor,1,0,0,0
2007,1969,TraditionalPop,TraditionalPop,Retained,193,0,0,0
2007,1969,TraditionalPop,TraditionalPop,WeightedTransition,11,0,0,0
