seed,year,genre,family,emergenceYear,deathYear,singleOrientation,authoredBaseline,supply,retainedSupply,transitionSupply,floorSupply,unavailableIdentityTransitions,annualFloorRequested,annualFloorReroutes,albumCapacityReroutes,decisions,singleDecisions,albumDecisions,decisionSingleSharePct,orphanDecisions,standaloneDecisions,promoDecisions,fulfilledUnits,marketSharePct,backorders,backorderRatePct,unitsPerSupply,settlementSingleUnits,settlementAlbumUnits,settlementSingleSharePct,meanAcceptance,meanEligible,meanCharted,meanRadio
1001,1960,AcidRock,Rock,1966,1971,0.4,0.02,0,0,0,0,0,0,0,0,0,0,0,0,0,0,0,0,0,0,0,0,0,0,0,0.019999999999999817,0,0,0
1001,1960,BaroquePop,Pop,1966,1970,0.5,0.02,0,0,0,0,0,0,0,0,0,0,0,0,0,0,0,0,0,0,0,0,0,0,0,0.019999999999999817,0,0,0
1001,1960,Blues,Blues,1945,,0.5,0.3,97,73,21,3,0,3,0,0,98,59,39,60.204081632653065,59,0,39,2094778,1.400176029134341,1132855,35.09863110211105,21595.649484536083,2058334,38926,98.14395926113119,0.3790842060439562,51.17307692307692,1.5,1.721313829670328
1001,1960,BluesRock,Rock,1966,,0.45,0.02,0,0,0,0,0,0,0,0,0,0,0,0,0,0,0,0,0,0,0,0,0,0,0,0.0355250989010989,0,0,0
1001,1960,Boogaloo,Latin,1966,1969,0.7,0.02,0,0,0,0,0,0,0,0,0,0,0,0,0,0,0,0,0,0,0,0,0,0,0,0.023631664835164882,0,0,0
1001,1960,BossaNova,Jazz,1962,1967,0.45,0.05,0,0,0,0,0,0,0,0,0,0,0,0,0,0,0,0,0,0,0,0,0,0,0,0.16403656593406568,0,0,0
1001,1960,BritishBeat,Rock,1963,1967,0.75,0.01,0,0,0,0,0,0,0,0,0,0,0,0,0,0,0,0,0,0,0,0,0,0,0,0.012534181318681344,0,0,0
1001,1960,BritishBlues,Rock,1964,,0.65,0.01,0,0,0,0,0,0,0,0,0,0,0,0,0,0,0,0,0,0,0,0,0,0,0,0.012534178571428595,0,0,0
1001,1960,BritishPop,Pop,1964,1968,0.8,0.01,0,0,0,0,0,0,0,0,0,0,0,0,0,0,0,0,0,0,0,0,0,0,0,0.0125341730769231,0,0,0
1001,1960,Bubblegum,Pop,1967,1971,0.9,0.01,0,0,0,0,0,0,0,0,0,0,0,0,0,0,0,0,0,0,0,0,0,0,0,0.012534175824175847,0,0,0
1001,1960,Childrens,NonMusic,1950,,0.3,0.35,58,34,21,3,0,3,0,0,58,18,40,31.03448275862069,18,0,40,890233,0.5950429625212561,466375,34.37802224371373,15348.844827586207,884472,7035,99.21088673448442,0.4175997197802211,31.75,0.40384615384615385,0.9750852747252751
1001,1960,Classical,Classical,1945,,0.15,0.3,83,70,10,3,0,3,0,0,81,28,53,34.5679012345679,28,0,53,1321432,0.8832618112902897,981005,42.607246148320236,15920.867469879518,1309268,14306,98.91913863524064,0.3632822939560443,51.86538461538461,0.6923076923076923,1.5648189093406604
1001,1960,Comedy,NonMusic,1955,,0.15,0.4,68,37,28,3,0,3,0,0,67,15,52,22.388059701492537,15,0,52,894196,0.5976918816923852,523616,36.93127156491834,13149.941176470587,887637,7828,99.12581731279279,0.5257851126373605,35.44230769230769,0.40384615384615385,1.1319412609890105
1001,1960,ContemporaryFolk,Folk,1961,1969,0.5,0.1,0,0,0,0,0,0,0,0,0,0,0,0,0,0,0,0,0,0,0,0,0,0,0,0.1760244065934061,0,0,0
1001,1960,Country,Country,1950,,0.65,0.65,316,257,56,3,0,3,0,0,327,285,42,87.1559633027523,285,0,42,12957084,8.66067832690629,183699,1.397930397298243,41003.43037974684,12934443,33332,99.74296284443554,0.8213246236263748,167.8653846153846,8.596153846153847,10.57527417582418
1001,1960,CountryRock,Country,1968,,0.4,0.01,0,0,0,0,0,0,0,0,0,0,0,0,0,0,0,0,0,0,0,0,0,0,0,0.012534175824175847,0,0,0
1001,1960,DooWop,RhythmAndSoul,1954,1965,0.85,0.75,341,225,113,3,0,3,0,0,347,326,21,93.94812680115274,326,0,21,8378960,5.600602517820732,5110734,37.88621150338918,24571.730205278593,8385110,2563,99.96944325321219,0.8545870576923081,122.98076923076923,5.538461538461538,9.30371517307692
1001,1960,EasyListening,Pop,1950,,0.35,0.8,292,224,65,3,0,3,0,0,290,82,208,28.275862068965516,82,0,208,10450324,6.985128334118127,4783707,31.401452445514913,35788.78082191781,9982674,475011,95.45778056998275,0.9123422554945045,199.75,16.442307692307693,9.6434277445055
1001,1960,Folk,Folk,1958,1966,0.5,0.4,172,126,43,3,0,3,0,0,176,59,117,33.52272727272727,59,0,117,6133974,4.100025567450723,2609324,29.843704286414578,35662.63953488372,5992589,146568,97.6125712373865,0.5529439780219783,121.61538461538461,6.230769230769231,4.284673843406591
1001,1960,FolkRock,Folk,1965,,0.55,0.02,0,0,0,0,0,0,0,0,0,0,0,0,0,0,0,0,0,0,0,0,0,0,0,0.022287096153846164,0,0,0
1001,1960,Funk,RhythmAndSoul,1967,,0.7,0.02,0,0,0,0,0,0,0,0,0,0,0,0,0,0,0,0,0,0,0,0,0,0,0,0.025401873626373618,0,0,0
1001,1960,GarageRock,Rock,1963,1968,0.85,0.1,0,0,0,0,0,0,0,0,0,0,0,0,0,0,0,0,0,0,0,0,0,0,0,0.12534148351648328,0,0,0
1001,1960,Gospel,Gospel,1950,,0.5,0.35,81,35,43,3,0,3,0,0,81,43,38,53.08641975308642,43,0,38,1394734,0.9322577923859502,956249,40.67443277982019,17218.938271604937,1386073,10627,99.23913510417412,0.452213428571429,41.90384615384615,0.6923076923076923,1.543029991758243
1001,1960,HardRock,Rock,1967,,0.4,0.01,0,0,0,0,0,0,0,0,0,0,0,0,0,0,0,0,0,0,0,0,0,0,0,0.012534181318681344,0,0,0
1001,1960,Jazz,Jazz,1945,,0.3,0.5,301,248,50,3,0,3,0,0,306,61,245,19.934640522875817,61,0,245,13410183,8.963535411821608,3408140,20.264446104406485,44552.10299003322,12757032,661465,95.07049858117493,0.6334721016483518,224.3846153846154,22.153846153846153,8.107851590659344
1001,1960,LatinPop,Latin,1958,,0.6,0.2,40,24,13,3,0,3,0,0,40,21,19,52.5,21,0,19,263016,0.17580321087905154,110474,29.57883745214062,6575.4,261970,2046,99.2250469668505,0.2497239642857139,20.634615384615383,0.019230769230769232,0.532962175824176
1001,1960,ProgressiveRock,Rock,1968,,0.25,0.01,0,0,0,0,0,0,0,0,0,0,0,0,0,0,0,0,0,0,0,0,0,0,0,0.009999999999999908,0,0,0
1001,1960,ProtoMetal,Rock,1968,,0.4,0.01,0,0,0,0,0,0,0,0,0,0,0,0,0,0,0,0,0,0,0,0,0,0,0,0.009999999999999908,0,0,0
1001,1960,ProtoPunk,Rock,1967,,0.4,0.01,0,0,0,0,0,0,0,0,0,0,0,0,0,0,0,0,0,0,0,0,0,0,0,0.009999999999999908,0,0,0
1001,1960,PsychedelicRock,Rock,1966,1971,0.45,0.02,0,0,0,0,0,0,0,0,0,0,0,0,0,0,0,0,0,0,0,0,0,0,0,0.019999999999999817,0,0,0
1001,1960,Reggae,Caribbean,1968,,0.8,0.01,0,0,0,0,0,0,0,0,0,0,0,0,0,0,0,0,0,0,0,0,0,0,0,0.009999999999999908,0,0,0
1001,1960,RnB,RhythmAndSoul,1949,1965,0.8,0.4,413,321,89,3,0,3,0,0,422,398,24,94.31279620853081,398,0,24,11035393,7.376195831098523,4963889,31.025698528221454,26720.0799031477,11042519,4517,99.95911120412751,0.5076700769230769,161.34615384615384,7.6923076923076925,8.908282604395602
1001,1960,RockAndRoll,Rock,1955,,0.85,0.6,556,465,88,3,0,3,0,0,574,552,22,96.16724738675958,552,0,22,13505441,9.027207060169681,6821539,33.559038283109444,24290.36151079137,13514309,6814,99.94960477765049,0.7634025549450557,213.01923076923077,6.538461538461538,14.097551865384633
1001,1960,Rocksteady,Caribbean,1966,1968,0.8,0.01,0,0,0,0,0,0,0,0,0,0,0,0,0,0,0,0,0,0,0,0,0,0,0,0.009999999999999908,0,0,0
1001,1960,SingerSongwriter,Folk,1967,,0.35,0.02,0,0,0,0,0,0,0,0,0,0,0,0,0,0,0,0,0,0,0,0,0,0,0,0.027602442307692324,0,0,0
1001,1960,Ska,Caribbean,1964,1967,0.8,0.01,0,0,0,0,0,0,0,0,0,0,0,0,0,0,0,0,0,0,0,0,0,0,0,0.012534181318681344,0,0,0
1001,1960,Soul,RhythmAndSoul,1960,,0.7,0.2,268,228,37,3,0,3,0,0,272,127,145,46.69117647058823,127,0,145,4281991,2.8621367778203637,2690725,38.58933878850078,15977.578358208955,4283180,7294,99.82999547369359,0.34472043956043963,156.78846153846155,1.6538461538461537,4.762885296703299
1001,1960,SunshinePop,Pop,1965,1971,0.55,0.02,0,0,0,0,0,0,0,0,0,0,0,0,0,0,0,0,0,0,0,0,0,0,0,0.027602442307692324,0,0,0
1001,1960,SurfRock,Rock,1961,1966,0.8,0.05,0,0,0,0,0,0,0,0,0,0,0,0,0,0,0,0,0,0,0,0,0,0,0,0.189378021978022,0,0,0
1001,1960,TeenPop,Pop,1957,1965,0.9,0.7,554,462,89,3,0,3,0,0,570,539,31,94.56140350877193,539,0,31,18792945,12.56144140612517,9038364,32.475526034366546,33922.283393501806,18794607,14046,99.92532160596508,0.8424082472527471,229.73076923076923,12.961538461538462,17.50189067857143
1001,1960,TexMex,Latin,1959,,0.75,0.15,25,13,9,3,0,3,0,0,25,17,8,68,17,0,8,174100,0.11637063529991663,1189,0.6783083935671947,6964,174037,460,99.73638515275334,0.20303415934065916,8.98076923076923,0.07692307692307693,0.2959744423076923
1001,1960,TraditionalPop,Pop,1950,1971,0.45,0.9,666,549,114,3,0,3,0,0,678,261,417,38.49557522123894,261,0,417,43629405,29.162444443465592,10331185,19.145796960337165,65509.617117117115,42775136,873359,97.99910856032952,0.9524334890109881,468.59615384615387,45.26923076923077,27.369516675824183
1001,1961,AcidRock,Rock,1966,1971,0.4,0.02,0,0,0,0,0,0,0,0,0,0,0,0,0,0,0,0,0,0,0,0,0,0,0,0.019999999999999817,0,0,0
1001,1961,BaroquePop,Pop,1966,1970,0.5,0.02,0,0,0,0,0,0,0,0,0,0,0,0,0,0,0,0,0,0,0,0,0,0,0,0.019999999999999817,0,0,0
1001,1961,Blues,Blues,1945,,0.5,0.3,98,75,20,3,0,3,0,0,98,47,51,47.95918367346939,47,0,51,2148726,1.4256977831035977,1139234,34.64865752624728,21925.775510204083,2047457,104680,95.13599738306623,0.38792753846153777,95.46153846153847,1.1538461538461537,2.068849763736264
1001,1961,BluesRock,Rock,1966,,0.45,0.035,0,0,0,0,0,0,0,0,0,0,0,0,0,0,0,0,0,0,0,0,0,0,0,0.05475753846153844,0,0,0
1001,1961,Boogaloo,Latin,1966,1969,0.7,0.035,0,0,0,0,0,0,0,0,0,0,0,0,0,0,0,0,0,0,0,0,0,0,0,0.036421274725274747,0,0,0
1001,1961,BossaNova,Jazz,1962,1967,0.45,0.275,0,0,0,0,0,0,0,0,0,0,0,0,0,0,0,0,0,0,0,0,0,0,0,0.3881164670329676,0,0,0
1001,1961,BritishBeat,Rock,1963,1967,0.75,0.015,0,0,0,0,0,0,0,0,0,0,0,0,0,0,0,0,0,0,0,0,0,0,0,0.01751363461538458,0,0,0
1001,1961,BritishBlues,Rock,1964,,0.65,0.015,0,0,0,0,0,0,0,0,0,0,0,0,0,0,0,0,0,0,0,0,0,0,0,0.01751363461538458,0,0,0
1001,1961,BritishPop,Pop,1964,1968,0.8,0.015,0,0,0,0,0,0,0,0,0,0,0,0,0,0,0,0,0,0,0,0,0,0,0,0.01751363461538458,0,0,0
1001,1961,Bubblegum,Pop,1967,1971,0.9,0.015,0,0,0,0,0,0,0,0,0,0,0,0,0,0,0,0,0,0,0,0,0,0,0,0.01751363461538458,0,0,0
1001,1961,Childrens,NonMusic,1950,,0.3,0.35,49,32,14,3,0,3,0,0,49,19,30,38.775510204081634,19,0,30,965556,0.6406545314118121,535497,35.67475632106262,19705.224489795917,956262,11374,98.82455799494852,0.45029712087912144,43.40384615384615,0.5384615384615384,1.1121865109890092
1001,1961,Classical,Classical,1945,,0.15,0.3,84,64,17,3,0,3,0,0,84,34,50,40.476190476190474,34,0,50,1582794,1.0501971386345563,799343,33.55571069170245,18842.785714285714,1559208,26417,98.33396925502562,0.3841286538461532,66.63461538461539,0.9230769230769231,1.614163736263736
1001,1961,Comedy,NonMusic,1955,,0.15,0.47500000000000003,56,38,15,3,0,3,0,0,56,25,31,44.642857142857146,25,0,31,2262204,1.5009913910512978,645048,22.187550305236698,40396.5,2247854,17272,99.23748171183414,0.6648633956043941,56.80769230769231,1.5192307692307692,1.8774397912087908
1001,1961,ContemporaryFolk,Folk,1961,1969,0.5,0.25,16,3,10,3,0,3,0,0,16,7,9,43.75,7,0,9,230332,0.15282722030534274,177310,43.496499379357374,14395.75,229925,722,99.68696753046864,0.3912201236263733,7.711538461538462,0.019230769230769232,0.2791070027472527
1001,1961,Country,Country,1950,,0.65,0.625,312,252,57,3,0,3,0,0,312,275,37,88.14102564102564,275,0,37,13641784,9.051438483258512,260967,1.8770889300973599,43723.666666666664,13583166,70427,99.48418705611043,0.8016089642857132,190.01923076923077,9.076923076923077,10.112727310439556
1001,1961,CountryRock,Country,1968,,0.4,0.015,0,0,0,0,0,0,0,0,0,0,0,0,0,0,0,0,0,0,0,0,0,0,0,0.01751363461538458,0,0,0
1001,1961,DooWop,RhythmAndSoul,1954,1965,0.85,0.625,259,172,84,3,0,3,0,0,259,236,23,91.11969111969113,236,0,23,7822028,5.189981402456278,4900555,38.518553976028294,30200.88030888031,7821193,12745,99.83731043059059,0.7270994065934067,137.30769230769232,4.769230769230769,8.579463942307695
1001,1961,EasyListening,Pop,1950,,0.35,0.75,261,184,74,3,0,3,0,0,261,60,201,22.988505747126435,60,0,201,10800090,7.165950600643979,4672143,30.196953471422,41379.65517241379,9645998,1165108,89.22304526474905,0.8643148846153837,404.5576923076923,17.78846153846154,9.586826494505493
1001,1961,Folk,Folk,1958,1966,0.5,0.45,165,112,50,3,0,3,0,0,165,60,105,36.36363636363637,60,0,105,7316508,4.854564628370363,3034513,29.316074230744967,44342.472727272725,6935663,388005,94.70204001601384,0.6176781346153862,230.19230769230768,5.769230769230769,4.999318148351649
1001,1961,FolkRock,Folk,1965,,0.55,0.02,0,0,0,0,0,0,0,0,0,0,0,0,0,0,0,0,0,0,0,0,0,0,0,0.024756538461538448,0,0,0
1001,1961,Funk,RhythmAndSoul,1967,,0.7,0.035,0,0,0,0,0,0,0,0,0,0,0,0,0,0,0,0,0,0,0,0,0,0,0,0.039149587912087926,0,0,0
1001,1961,GarageRock,Rock,1963,1968,0.85,0.15000000000000002,0,0,0,0,0,0,0,0,0,0,0,0,0,0,0,0,0,0,0,0,0,0,0,0.17513707967032988,0,0,0
1001,1961,Gospel,Gospel,1950,,0.5,0.35,83,44,36,3,0,3,0,0,83,40,43,48.19277108433735,40,0,43,1546049,1.0258165219155602,962876,38.378030431360045,18627.09638554217,1515255,33419,97.84208942618008,0.452213428571429,66.88461538461539,0.7884615384615384,1.652528082417582
1001,1961,HardRock,Rock,1967,,0.4,0.015,0,0,0,0,0,0,0,0,0,0,0,0,0,0,0,0,0,0,0,0,0,0,0,0.01751363461538458,0,0,0
1001,1961,Jazz,Jazz,1945,,0.3,0.475,273,210,60,3,0,3,0,0,272,70,202,25.735294117647058,70,0,202,13012719,8.6340485620084,3548008,21.424228537793056,47665.63736263736,11449921,1574573,87.91067814227563,0.6011610219780219,456.1923076923077,27.442307692307693,8.316907035714296
1001,1961,LatinPop,Latin,1958,,0.6,0.225,43,26,14,3,0,3,0,0,43,24,19,55.81395348837209,24,0,19,420616,0.2790822555960615,307104,42.20084647941516,9781.767441860466,416528,5145,98.77986022344328,0.2882407197802199,24.365384615384617,0.07692307692307693,0.6532345357142854
1001,1961,ProgressiveRock,Rock,1968,,0.25,0.01,0,0,0,0,0,0,0,0,0,0,0,0,0,0,0,0,0,0,0,0,0,0,0,0.009999999999999908,0,0,0
1001,1961,ProtoMetal,Rock,1968,,0.4,0.01,0,0,0,0,0,0,0,0,0,0,0,0,0,0,0,0,0,0,0,0,0,0,0,0.009999999999999908,0,0,0
1001,1961,ProtoPunk,Rock,1967,,0.4,0.01,0,0,0,0,0,0,0,0,0,0,0,0,0,0,0,0,0,0,0,0,0,0,0,0.009999999999999908,0,0,0
1001,1961,PsychedelicRock,Rock,1966,1971,0.45,0.02,0,0,0,0,0,0,0,0,0,0,0,0,0,0,0,0,0,0,0,0,0,0,0,0.019999999999999817,0,0,0
1001,1961,Reggae,Caribbean,1968,,0.8,0.01,0,0,0,0,0,0,0,0,0,0,0,0,0,0,0,0,0,0,0,0,0,0,0,0.009999999999999908,0,0,0
1001,1961,RnB,RhythmAndSoul,1949,1965,0.8,0.45,389,313,73,3,0,3,0,0,389,356,33,91.51670951156812,356,0,33,11123602,7.380603535083926,5514928,33.1455242740795,28595.377892030847,11120484,17263,99.8450045597193,0.5652589450549448,177.78846153846155,7.711538461538462,9.56403678571429
1001,1961,RockAndRoll,Rock,1955,,0.85,0.625,446,375,68,3,0,3,0,0,444,420,24,94.5945945945946,420,0,24,12996801,8.623486835054177,6739102,34.14640819829729,29140.80941704036,12991908,23778,99.81731274094965,0.7879371016483517,213.1346153846154,7.769230769230769,13.672390961538465
1001,1961,Rocksteady,Caribbean,1966,1968,0.8,0.01,0,0,0,0,0,0,0,0,0,0,0,0,0,0,0,0,0,0,0,0,0,0,0,0.009999999999999908,0,0,0
1001,1961,SingerSongwriter,Folk,1967,,0.35,0.035,0,0,0,0,0,0,0,0,0,0,0,0,0,0,0,0,0,0,0,0,0,0,0,0.042541096153846165,0,0,0
1001,1961,Ska,Caribbean,1964,1967,0.8,0.015,0,0,0,0,0,0,0,0,0,0,0,0,0,0,0,0,0,0,0,0,0,0,0,0.01751363461538458,0,0,0
1001,1961,Soul,RhythmAndSoul,1960,,0.7,0.375,190,112,75,3,0,3,0,0,190,85,105,44.73684210526316,85,0,105,4621128,3.0661573160272466,2938275,38.869140856758136,24321.726315789474,4619342,9582,99.79299724946877,0.5526395000000001,128.98076923076923,2.730769230769231,4.653757167582412
1001,1961,SunshinePop,Pop,1965,1971,0.55,0.035,0,0,0,0,0,0,0,0,0,0,0,0,0,0,0,0,0,0,0,0,0,0,0,0.042541096153846165,0,0,0
1001,1961,SurfRock,Rock,1961,1966,0.8,0.32499999999999996,25,8,14,3,0,3,0,0,25,24,1,96,24,0,1,394918,0.26203141634052296,517862,56.73459102960187,15796.72,395358,0,100,0.5295704642857143,7.788461538461538,0.07692307692307693,0.504968879120879
1001,1961,TeenPop,Pop,1957,1965,0.9,0.725,458,381,74,3,0,3,0,0,458,404,54,88.20960698689956,404,0,54,15630495,10.370964967293116,8184491,34.36697800284241,34127.718340611355,15593518,57085,99.63525367041768,0.8638738956043959,251.90384615384616,10.673076923076923,16.647560274725265
1001,1961,TexMex,Latin,1959,,0.75,0.175,22,11,8,3,0,3,0,0,22,10,12,45.45454545454545,10,0,12,248536,0.16490572749686827,2255,0.8991550733479272,11297.09090909091,247647,1576,99.36763460836279,0.26298045054945046,13.865384615384615,0.11538461538461539,0.35021364835164853
1001,1961,TraditionalPop,Pop,1950,1971,0.45,0.825,646,520,123,3,0,3,0,0,646,281,365,43.4984520123839,281,0,365,43949103,29.160599683948384,10983223,19.994097828662852,68032.66718266254,41934728,2040153,95.36064008905447,0.9201554368131861,868.6730769230769,48.36538461538461,27.615168049450553
1001,1962,AcidRock,Rock,1966,1971,0.4,0.02,0,0,0,0,0,0,0,0,0,0,0,0,0,0,0,0,0,0,0,0,0,0,0,0.027500008241758217,0,0,0
1001,1962,BaroquePop,Pop,1966,1970,0.5,0.02,0,0,0,0,0,0,0,0,0,0,0,0,0,0,0,0,0,0,0,0,0,0,0,0.04000000000000009,0,0,0
1001,1962,Blues,Blues,1945,,0.5,0.3,86,69,14,3,0,3,0,0,86,50,36,58.13953488372093,50,0,36,1667371,1.1062456275037005,803777,32.526461385558456,19388.03488372093,1541817,128882,92.28574387127783,0.3859120164835157,117.21153846153847,0.8076923076923077,1.7500087829670343
1001,1962,BluesRock,Rock,1966,,0.45,0.05,0,0,0,0,0,0,0,0,0,0,0,0,0,0,0,0,0,0,0,0,0,0,0,0.09329457967032959,0,0,0
1001,1962,Boogaloo,Latin,1966,1969,0.7,0.05,0,0,0,0,0,0,0,0,0,0,0,0,0,0,0,0,0,0,0,0,0,0,0,0.053508964285714306,0,0,0
1001,1962,BossaNova,Jazz,1962,1967,0.45,0.5,28,9,16,3,0,3,0,0,28,28,0,100,28,0,0,536053,0.35565347325834573,218120,28.9217460715247,19144.75,536619,0,100,0.5888569285714289,8.461538461538462,0.28846153846153844,0.5803757912087912
1001,1962,BritishBeat,Rock,1963,1967,0.75,0.02,0,0,0,0,0,0,0,0,0,0,0,0,0,0,0,0,0,0,0,0,0,0,0,0.2525000686813185,0,0,0
1001,1962,BritishBlues,Rock,1964,,0.65,0.02,0,0,0,0,0,0,0,0,0,0,0,0,0,0,0,0,0,0,0,0,0,0,0,0.1650000659340659,0,0,0
1001,1962,BritishPop,Pop,1964,1968,0.8,0.02,0,0,0,0,0,0,0,0,0,0,0,0,0,0,0,0,0,0,0,0,0,0,0,0.2150000576923075,0,0,0
1001,1962,Bubblegum,Pop,1967,1971,0.9,0.02,0,0,0,0,0,0,0,0,0,0,0,0,0,0,0,0,0,0,0,0,0,0,0,0.02749999999999997,0,0,0
1001,1962,Childrens,NonMusic,1950,,0.3,0.35,44,29,12,3,0,3,0,0,44,23,21,52.27272727272727,23,0,21,1177440,0.7811925790048868,650324,35.580304678284506,26760,1165852,13579,98.84868211875049,0.4523321868131874,35.46153846153846,0.8846153846153846,1.0878342307692308
1001,1962,Classical,Classical,1945,,0.15,0.3,71,56,12,3,0,3,0,0,71,24,47,33.80281690140845,24,0,47,1211293,0.8036529271984699,738309,37.869729308853806,17060.464788732395,1192651,21698,98.2131990062165,0.3596309038461534,69.3076923076923,0.46153846153846156,1.5036738049450546
1001,1962,Comedy,NonMusic,1955,,0.15,0.55,67,45,19,3,0,3,0,0,67,31,36,46.26865671641791,31,0,36,1920054,1.2738924582897209,1054294,35.44622216364729,28657.5223880597,1903013,19744,98.97314117176533,0.6627552115384643,52.32692307692308,1.3846153846153846,1.8678294890109892
1001,1962,ContemporaryFolk,Folk,1961,1969,0.5,0.4,35,10,22,3,0,3,0,0,35,15,20,42.857142857142854,15,0,20,1055789,0.7004811555535657,453156,30.03131326854193,30165.4,1049745,7193,99.31944920137227,0.5679580192307712,22.576923076923077,0.5961538461538461,0.8255530961538459
1001,1962,Country,Country,1950,,0.65,0.6,295,238,54,3,0,3,0,0,295,262,33,88.8135593220339,262,0,33,13753032,9.1246828179922,228886,1.6370143209250692,46620.44745762712,13687448,79814,99.42026235863021,0.7816910576923078,214.1153846153846,8.826923076923077,10.417851390109897
1001,1962,CountryRock,Country,1968,,0.4,0.02,0,0,0,0,0,0,0,0,0,0,0,0,0,0,0,0,0,0,0,0,0,0,0,0.027500010989010962,0,0,0
1001,1962,DooWop,RhythmAndSoul,1954,1965,0.85,0.5,181,118,60,3,0,3,0,0,181,160,21,88.39779005524862,160,0,21,5233794,3.4724495794607817,2518222,32.48473687360811,28915.98895027624,5227747,13586,99.74079113080585,0.5525000659340671,93.32692307692308,3.4038461538461537,4.85152238461539
1001,1962,EasyListening,Pop,1950,,0.35,0.7,245,176,66,3,0,3,0,0,243,74,169,30.45267489711934,74,0,169,10953800,7.267484773664671,4085862,27.16724617880375,44709.38775510204,9640784,1323437,87.92949357733669,0.8007193461538457,566.1538461538462,15.153846153846153,8.638374552197801
1001,1962,Folk,Folk,1958,1966,0.5,0.5,174,123,48,3,0,3,0,0,174,65,109,37.35632183908046,65,0,109,7210060,4.783636844493116,2591995,26.443383555795187,41437.12643678161,6697029,519191,92.80522212460264,0.6801265686813187,310.03846153846155,8.48076923076923,5.058070708791211
1001,1962,FolkRock,Folk,1965,,0.55,0.02,0,0,0,0,0,0,0,0,0,0,0,0,0,0,0,0,0,0,0,0,0,0,0,0.04911150549450547,0,0,0
1001,1962,Funk,RhythmAndSoul,1967,,0.7,0.05,0,0,0,0,0,0,0,0,0,0,0,0,0,0,0,0,0,0,0,0,0,0,0,0.05751731043956044,0,0,0
1001,1962,GarageRock,Rock,1963,1968,0.85,0.2,0,0,0,0,0,0,0,0,0,0,0,0,0,0,0,0,0,0,0,0,0,0,0,0.27500010439560435,0,0,0
1001,1962,Gospel,Gospel,1950,,0.5,0.35,63,37,23,3,0,3,0,0,63,35,28,55.55555555555556,35,0,28,1235506,0.8197174535568791,1007818,44.92520919849295,19611.20634920635,1205375,33198,97.31965737990413,0.452213428571429,65.42307692307692,0.46153846153846156,1.5396040439560443
1001,1962,HardRock,Rock,1967,,0.4,0.02,0,0,0,0,0,0,0,0,0,0,0,0,0,0,0,0,0,0,0,0,0,0,0,0.027500005494505465,0,0,0
1001,1962,Jazz,Jazz,1945,,0.3,0.45,262,210,49,3,0,3,0,0,261,64,197,24.521072796934867,64,0,197,13075703,8.67529738149879,3833507,22.671118284059396,49907.263358778626,11155088,1931570,85.24015833530608,0.5687500357142848,636.8076923076923,26.03846153846154,7.803337799450547
1001,1962,LatinPop,Latin,1958,,0.6,0.25,45,27,15,3,0,3,0,0,45,32,13,71.11111111111111,32,0,13,585135,0.3882177603241137,374922,39.05205628415813,13003,581571,5081,99.13389880201551,0.3093271538461538,28.78846153846154,0.21153846153846154,0.7928442582417585
1001,1962,ProgressiveRock,Rock,1968,,0.25,0.01,0,0,0,0,0,0,0,0,0,0,0,0,0,0,0,0,0,0,0,0,0,0,0,0.012499999999999982,0,0,0
1001,1962,ProtoMetal,Rock,1968,,0.4,0.01,0,0,0,0,0,0,0,0,0,0,0,0,0,0,0,0,0,0,0,0,0,0,0,0.012499999999999982,0,0,0
1001,1962,ProtoPunk,Rock,1967,,0.4,0.01,0,0,0,0,0,0,0,0,0,0,0,0,0,0,0,0,0,0,0,0,0,0,0,0.012499999999999982,0,0,0
1001,1962,PsychedelicRock,Rock,1966,1971,0.45,0.02,0,0,0,0,0,0,0,0,0,0,0,0,0,0,0,0,0,0,0,0,0,0,0,0.04000000000000009,0,0,0
1001,1962,Reggae,Caribbean,1968,,0.8,0.01,0,0,0,0,0,0,0,0,0,0,0,0,0,0,0,0,0,0,0,0,0,0,0,0.012499999999999982,0,0,0
1001,1962,RnB,RhythmAndSoul,1949,1965,0.8,0.5,358,292,63,3,0,3,0,0,357,310,47,86.83473389355743,310,0,47,12386513,8.218042562973533,5477752,30.66318149669186,34599.19832402235,12374754,26058,99.78986859892723,0.6073216346153841,190.84615384615384,8.288461538461538,10.271480579670344
1001,1962,RockAndRoll,Rock,1955,,0.85,0.65,471,416,52,3,0,3,0,0,471,448,23,95.11677282377919,448,0,23,12451582,8.261213696893963,6928972,35.752187476168125,26436.47983014862,12433362,35283,99.71702618849122,0.7632342719780215,219.78846153846155,7.076923076923077,13.767000140109891
1001,1962,Rocksteady,Caribbean,1966,1968,0.8,0.01,0,0,0,0,0,0,0,0,0,0,0,0,0,0,0,0,0,0,0,0,0,0,0,0.012499999999999982,0,0,0
1001,1962,SingerSongwriter,Folk,1967,,0.35,0.05,0,0,0,0,0,0,0,0,0,0,0,0,0,0,0,0,0,0,0,0,0,0,0,0.06249999999999999,0,0,0
1001,1962,Ska,Caribbean,1964,1967,0.8,0.02,0,0,0,0,0,0,0,0,0,0,0,0,0,0,0,0,0,0,0,0,0,0,0,0.02750000274725272,0,0,0
1001,1962,Soul,RhythmAndSoul,1960,,0.7,0.55,207,135,69,3,0,3,0,0,207,107,100,51.690821256038646,107,0,100,5307424,3.521300654328401,2952115,35.741885836485544,25639.729468599035,5305906,9137,99.82809170123365,0.7113295439560441,133.42307692307693,3.3076923076923075,5.795420835164839
1001,1962,SunshinePop,Pop,1965,1971,0.55,0.05,0,0,0,0,0,0,0,0,0,0,0,0,0,0,0,0,0,0,0,0,0,0,0,0.08750001923076915,0,0,0
1001,1962,SurfRock,Rock,1961,1966,0.8,0.6,49,13,33,3,0,3,0,0,49,45,4,91.83673469387755,45,0,4,1037356,0.6882514684282794,720840,40.998841994862914,21170.530612244896,1038523,232,99.97766557080351,0.7444926703296707,18.01923076923077,0.4807692307692308,1.349395054945056
1001,1962,TeenPop,Pop,1957,1965,0.9,0.75,468,385,80,3,0,3,0,0,467,436,31,93.36188436830835,436,0,31,16536306,10.971293256007936,7758723,31.93543419931707,35333.98717948718,16471138,83301,99.49680566040323,0.8178294313186815,267.6923076923077,11.788461538461538,16.511201346153833
1001,1962,TexMex,Latin,1959,,0.75,0.2,27,17,7,3,0,3,0,0,27,18,9,66.66666666666667,18,0,9,375121,0.24888040276268186,999,0.2656067212591726,13893.37037037037,373199,2754,99.26746162419239,0.2867307939560439,15.923076923076923,0.07692307692307693,0.462704857142857
1001,1962,TraditionalPop,Pop,1950,1971,0.45,0.75,547,420,124,3,0,3,0,0,546,268,278,49.08424908424909,268,0,278,43014066,28.538413126805967,9585619,18.223719400600974,78636.3180987203,40454785,2584268,93.99552773617022,0.8420674423076916,1144.5961538461538,51.98076923076923,24.609268791208788
1001,1963,AcidRock,Rock,1966,1971,0.4,0.035,0,0,0,0,0,0,0,0,0,0,0,0,0,0,0,0,0,0,0,0,0,0,0,0.04245891758241752,0,0,0
1001,1963,BaroquePop,Pop,1966,1970,0.5,0.06,0,0,0,0,0,0,0,0,0,0,0,0,0,0,0,0,0,0,0,0,0,0,0,0.07989042307692291,0,0,0
1001,1963,Blues,Blues,1945,,0.5,0.3,84,65,16,3,0,3,0,0,84,51,33,60.714285714285715,51,0,33,2157571,1.4315384093366859,1034458,32.40753765081708,25685.369047619046,2037205,123773,94.27236186578484,0.38770046153846077,115.86538461538461,1.3846153846153846,1.8518426730769229
1001,1963,BluesRock,Rock,1966,,0.45,0.1,0,0,0,0,0,0,0,0,0,0,0,0,0,0,0,0,0,0,0,0,0,0,0,0.16090225000000016,0,0,0
1001,1963,Boogaloo,Latin,1966,1969,0.7,0.07500000000000001,0,0,0,0,0,0,0,0,0,0,0,0,0,0,0,0,0,0,0,0,0,0,0,0.07485388461538461,0,0,0
1001,1963,BossaNova,Jazz,1962,1967,0.45,0.525,55,24,28,3,0,3,0,0,55,55,0,100,55,0,0,1104229,0.7326508495912484,790429,41.71882207765201,20076.890909090907,1106044,0,100,0.6734988186813191,20.76923076923077,0.40384615384615385,1.4183683269230771
1001,1963,BritishBeat,Rock,1963,1967,0.75,0.485,91,14,74,3,0,3,0,0,90,47,43,52.22222222222222,47,0,43,3774703,2.5044980342887517,1061550,21.94984422857944,41480.25274725275,3767860,8748,99.76836356857794,0.8283803598901099,46.5,2.769230769230769,2.594647920329672
1001,1963,BritishBlues,Rock,1964,,0.65,0.31,0,0,0,0,0,0,0,0,0,0,0,0,0,0,0,0,0,0,0,0,0,0,0,0.45420560714285746,0,0,0
1001,1963,BritishPop,Pop,1964,1968,0.8,0.41000000000000003,0,0,0,0,0,0,0,0,0,0,0,0,0,0,0,0,0,0,0,0,0,0,0,0.5887751236263736,0,0,0
1001,1963,Bubblegum,Pop,1967,1971,0.9,0.035,0,0,0,0,0,0,0,0,0,0,0,0,0,0,0,0,0,0,0,0,0,0,0,0.04245891758241752,0,0,0
1001,1963,Childrens,NonMusic,1950,,0.3,0.35,55,30,22,3,0,3,0,0,55,18,37,32.72727272727273,18,0,37,1240586,0.8231230903109849,801068,39.236227098225264,22556.109090909093,1226460,16223,98.69451823192239,0.4366557225274726,48.03846153846154,0.5961538461538461,1.2624780934065942
1001,1963,Classical,Classical,1945,,0.15,0.3,83,69,11,3,0,3,0,0,83,27,56,32.53012048192771,27,0,56,1623939,1.077476038063085,952333,36.965545563511924,19565.530120481926,1609107,17866,98.9018871241256,0.3824575192307687,64.48076923076923,0.8653846153846154,1.6441115027472506
1001,1963,Comedy,NonMusic,1955,,0.15,0.47500000000000003,56,36,17,3,0,3,0,0,56,17,39,30.357142857142858,17,0,39,1712105,1.1359737725050005,852746,33.24738941950234,30573.303571428572,1688977,25662,98.50335843288296,0.5596767802197802,59.65384615384615,1.1538461538461537,1.502370950549451
1001,1963,ContemporaryFolk,Folk,1961,1969,0.5,0.47500000000000003,62,25,34,3,0,3,0,0,62,22,40,35.483870967741936,22,0,40,1453986,0.9647130062639008,826468,36.241380005911104,23451.387096774193,1445456,10130,99.30406035782153,0.6395746510989009,39.5,0.7884615384615384,1.4772490082417595
1001,1963,Country,Country,1950,,0.65,0.575,299,238,58,3,0,3,0,0,298,264,34,88.59060402684564,264,0,34,13458794,8.929847756736688,249846,1.822544030625941,45012.688963210705,13357168,114204,99.15224670508691,0.7607392197802217,214.55769230769232,9.596153846153847,9.903673532967034
1001,1963,CountryRock,Country,1968,,0.4,0.035,0,0,0,0,0,0,0,0,0,0,0,0,0,0,0,0,0,0,0,0,0,0,0,0.042458909340659275,0,0,0
1001,1963,DooWop,RhythmAndSoul,1954,1965,0.85,0.35,126,75,48,3,0,3,0,0,126,105,21,83.33333333333333,105,0,21,3704630,2.4580049219149527,1812981,32.85807933904728,29401.825396825396,3689518,20579,99.44532447534391,0.3580342335164824,76.88461538461539,2.2884615384615383,3.10110020054945
1001,1963,EasyListening,Pop,1950,,0.35,0.625,179,115,61,3,0,3,0,0,178,74,104,41.57303370786517,74,0,104,10491989,6.961386320004304,3529507,25.172114302211405,58614.46368715084,9127849,1373579,86.92007410801655,0.7244466126373627,608.0192307692307,21.634615384615383,6.60853946978022
1001,1963,Folk,Folk,1958,1966,0.5,0.55,179,131,45,3,0,3,0,0,179,59,120,32.960893854748605,59,0,120,9500752,6.3037051413753415,3187209,25.119946380667468,53076.82681564246,8821523,686912,92.7757617315573,0.7359305741758242,380.53846153846155,13.192307692307692,6.038763447802196
1001,1963,FolkRock,Folk,1965,,0.55,0.06,0,0,0,0,0,0,0,0,0,0,0,0,0,0,0,0,0,0,0,0,0,0,0,0.09747858516483517,0,0,0
1001,1963,Funk,RhythmAndSoul,1967,,0.7,0.07500000000000001,0,0,0,0,0,0,0,0,0,0,0,0,0,0,0,0,0,0,0,0,0,0,0,0.08046123076923078,0,0,0
1001,1963,GarageRock,Rock,1963,1968,0.85,0.35,32,8,21,3,0,3,0,0,32,30,2,93.75,30,0,2,940591,0.6240777911718329,368370,28.1421677192827,29393.46875,941263,0,100,0.5333543956043953,10.423076923076923,0.5,0.6447646565934065
1001,1963,Gospel,Gospel,1950,,0.5,0.35,67,27,37,3,0,3,0,0,65,36,29,55.38461538461539,36,0,29,1762370,1.1693243682190273,780497,30.69358326644689,26304.02985074627,1727930,36555,97.9282906910515,0.452213428571429,54.75,1.3076923076923077,1.3005185906593406
1001,1963,HardRock,Rock,1967,,0.4,0.035,0,0,0,0,0,0,0,0,0,0,0,0,0,0,0,0,0,0,0,0,0,0,0,0.042458912087912026,0,0,0
1001,1963,Jazz,Jazz,1945,,0.3,0.42500000000000004,216,162,51,3,0,3,0,0,215,53,162,24.651162790697676,53,0,162,14769330,9.799382349488658,3534500,19.31016623296873,68376.52777777778,12707024,2072401,85.97779683580383,0.5363390851648345,701.2115384615385,40.09615384615385,6.65619643131868
1001,1963,LatinPop,Latin,1958,,0.6,0.275,54,34,17,3,0,3,0,0,54,29,25,53.7037037037037,29,0,25,1297534,0.8609078257078295,580551,30.911859686861884,24028.40740740741,1291006,8371,99.35576818736979,0.3714378626373627,32.57692307692308,0.9230769230769231,1.0775074999999992
1001,1963,ProgressiveRock,Rock,1968,,0.25,0.015,0,0,0,0,0,0,0,0,0,0,0,0,0,0,0,0,0,0,0,0,0,0,0,0.017486368131868137,0,0,0
1001,1963,ProtoMetal,Rock,1968,,0.4,0.015,0,0,0,0,0,0,0,0,0,0,0,0,0,0,0,0,0,0,0,0,0,0,0,0.017486368131868137,0,0,0
1001,1963,ProtoPunk,Rock,1967,,0.4,0.015,0,0,0,0,0,0,0,0,0,0,0,0,0,0,0,0,0,0,0,0,0,0,0,0.01748636538461539,0,0,0
1001,1963,PsychedelicRock,Rock,1966,1971,0.45,0.06,0,0,0,0,0,0,0,0,0,0,0,0,0,0,0,0,0,0,0,0,0,0,0,0.07989042307692291,0,0,0
1001,1963,Reggae,Caribbean,1968,,0.8,0.015,0,0,0,0,0,0,0,0,0,0,0,0,0,0,0,0,0,0,0,0,0,0,0,0.01748636538461539,0,0,0
1001,1963,RnB,RhythmAndSoul,1949,1965,0.8,0.525,328,247,78,3,0,3,0,0,328,298,30,90.85365853658537,298,0,30,11519782,7.643322236063326,5233658,31.239303689272173,35121.28658536585,11489416,42991,99.62721572348254,0.6353889560439564,176.80769230769232,8.057692307692308,9.158563686813183
1001,1963,RockAndRoll,Rock,1955,,0.85,0.575,367,303,61,3,0,3,0,0,367,346,21,94.27792915531334,346,0,21,13740380,9.116678769264887,6002476,30.403281065312942,37439.72752043597,13704066,51322,99.62689529368419,0.6894135604395599,200.48076923076923,9.192307692307692,11.475391074175812
1001,1963,Rocksteady,Caribbean,1966,1968,0.8,0.015,0,0,0,0,0,0,0,0,0,0,0,0,0,0,0,0,0,0,0,0,0,0,0,0.017486368131868137,0,0,0
1001,1963,SingerSongwriter,Folk,1967,,0.35,0.07500000000000001,0,0,0,0,0,0,0,0,0,0,0,0,0,0,0,0,0,0,0,0,0,0,0,0.08743151923076922,0,0,0
1001,1963,Ska,Caribbean,1964,1967,0.8,0.035,0,0,0,0,0,0,0,0,0,0,0,0,0,0,0,0,0,0,0,0,0,0,0,0.04245891483516477,0,0,0
1001,1963,Soul,RhythmAndSoul,1960,,0.7,0.65,259,156,100,3,0,3,0,0,259,142,117,54.826254826254825,142,0,117,7241236,4.8045266946355625,4191079,36.659932830752126,27958.440154440155,7241047,9212,99.87294247005521,0.8089790439560446,156.23076923076923,4.903846153846154,7.825860288461543
1001,1963,SunshinePop,Pop,1965,1971,0.55,0.125,0,0,0,0,0,0,0,0,0,0,0,0,0,0,0,0,0,0,0,0,0,0,0,0.1622945714285714,0,0,0
1001,1963,SurfRock,Rock,1961,1966,0.8,0.625,72,24,45,3,0,3,0,0,72,62,10,86.11111111111111,62,0,10,1991839,1.32157599157329,932547,31.888642607371256,27664.430555555555,1991098,3235,99.837790379039,0.7714359478021976,35.09615384615385,1.4038461538461537,2.1635445054945057
1001,1963,TeenPop,Pop,1957,1965,0.9,0.625,426,312,111,3,0,3,0,0,426,404,22,94.83568075117371,404,0,22,14860003,9.859543466870097,7021364,32.08832428065394,34882.63615023474,14802552,74584,99.49866694772435,0.6988725961538459,240.30769230769232,10.346153846153847,13.011168574175827
1001,1963,TexMex,Latin,1959,,0.75,0.225,27,14,10,3,0,3,0,0,27,12,15,44.44444444444444,12,0,15,422882,0.2805802569728256,3104,0.7286624443056814,15662.296296296296,419789,4341,98.97649305637422,0.3353053846153844,21.865384615384617,0.09615384615384616,0.5320212170329669
1001,1963,TraditionalPop,Pop,1950,1971,0.45,0.625,422,320,99,3,0,3,0,0,422,198,224,46.91943127962085,198,0,224,31947717,21.197162909641722,7048932,18.075737738388753,75705.49052132701,29291601,2678683,91.62133498720249,0.7126584505494505,1124.076923076923,58.88461538461539,16.41578758241758
1001,1964,AcidRock,Rock,1966,1971,0.4,0.05,0,0,0,0,0,0,0,0,0,0,0,0,0,0,0,0,0,0,0,0,0,0,0,0.11164644230769231,0,0,0
1001,1964,BaroquePop,Pop,1966,1970,0.5,0.1,0,0,0,0,0,0,0,0,0,0,0,0,0,0,0,0,0,0,0,0,0,0,0,0.19863429120879184,0,0,0
1001,1964,Blues,Blues,1945,,0.5,0.3,65,47,15,3,0,3,0,0,65,34,31,52.30769230769231,34,0,31,2627230,1.6243540921400257,970973,26.98494220587332,40418.92307692308,2422339,207604,92.10614070342969,0.39918740109890133,122.82692307692308,3.769230769230769,1.5494139148351636
1001,1964,BluesRock,Rock,1966,,0.45,0.15,0,0,0,0,0,0,0,0,0,0,0,0,0,0,0,0,0,0,0,0,0,0,0,0.2836904972527473,0,0,0
1001,1964,Boogaloo,Latin,1966,1969,0.7,0.1,0,0,0,0,0,0,0,0,0,0,0,0,0,0,0,0,0,0,0,0,0,0,0,0.13839248901098922,0,0,0
1001,1964,BossaNova,Jazz,1962,1967,0.45,0.55,55,23,29,3,0,3,0,0,55,55,0,100,55,0,0,2032632,1.2567282297380757,838708,29.2096373121957,36956.94545454546,2034512,0,100,0.6624931236263742,22.192307692307693,1.0961538461538463,1.58058404120879
1001,1964,BritishBeat,Rock,1963,1967,0.75,0.95,197,59,135,3,0,3,0,0,197,110,87,55.83756345177665,110,0,87,9345849,5.778317112575894,3272807,25.936256602921897,47440.857868020306,9301066,49760,99.4678544975599,0.9507789148351647,120.09615384615384,5.538461538461538,6.888069005494505
1001,1964,BritishBlues,Rock,1964,,0.65,0.6,61,6,52,3,0,3,0,0,61,29,32,47.540983606557376,29,0,32,2171719,1.3427224280433172,788723,26.64206898834701,35601.95081967213,2165011,7848,99.63881687675087,0.7979017335164841,31.423076923076923,1.0961538461538463,1.6526351016483518
1001,1964,BritishPop,Pop,1964,1968,0.8,0.8,139,38,98,3,0,3,0,0,139,83,56,59.71223021582734,83,0,56,7600078,4.698948245826738,1809212,19.227933244697528,54676.82014388489,7576129,26463,99.65192134472032,0.8770877032967034,67.40384615384616,4.634615384615385,4.1903274505494545
1001,1964,Bubblegum,Pop,1967,1971,0.9,0.05,0,0,0,0,0,0,0,0,0,0,0,0,0,0,0,0,0,0,0,0,0,0,0,0.08698784340659331,0,0,0
1001,1964,Childrens,NonMusic,1950,,0.3,0.35,42,22,17,3,0,3,0,0,42,12,30,28.571428571428573,12,0,30,989118,0.6115482355596419,627081,38.799739388528266,23550.428571428572,969894,20819,97.89858415101044,0.4482788351648364,43.90384615384615,0.6153846153846154,0.8614980906593404
1001,1964,Classical,Classical,1945,,0.15,0.3,67,48,16,3,0,3,0,0,67,19,48,28.35820895522388,19,0,48,2284826,1.4126538075950434,710881,23.729990950383332,34101.880597014926,2246311,41338,98.19299201931764,0.3891058461538455,69.92307692307692,1.3846153846153846,1.4288713241758244
1001,1964,Comedy,NonMusic,1955,,0.15,0.4,44,28,13,3,0,3,0,0,43,17,26,39.53488372093023,17,0,26,1203469,0.744076382697238,839554,41.09371260137551,27351.56818181818,1173445,32054,97.34101811780847,0.5012028653846156,55.88461538461539,0.5961538461538461,1.062449186813186
1001,1964,ContemporaryFolk,Folk,1961,1969,0.5,0.55,50,17,30,3,0,3,0,0,50,19,31,38,19,0,31,1845072,1.1407643234482636,903139,32.86279692498138,36901.44,1824762,22864,98.76252012041398,0.6605492967032965,51.44230769230769,0.8653846153846154,1.5704373406593406
1001,1964,Country,Country,1950,,0.65,0.55,228,183,42,3,0,3,0,0,228,218,10,95.6140350877193,218,0,10,11396762,7.046348051691684,192448,1.6605791076354643,49985.79824561404,11269825,138633,98.78482262896529,0.7500914285714272,197.17307692307693,6.9423076923076925,7.8640668736263795
1001,1964,CountryRock,Country,1968,,0.4,0.05,0,0,0,0,0,0,0,0,0,0,0,0,0,0,0,0,0,0,0,0,0,0,0,0.06232929395604411,0,0,0
1001,1964,DooWop,RhythmAndSoul,1954,1965,0.85,0.2,102,52,47,3,0,3,0,0,102,87,15,85.29411764705883,87,0,15,1862732,1.1516830832322158,882881,32.15606132401034,18262.07843137255,1836956,30184,98.38340992105573,0.2279439780219783,73.40384615384616,0.8076923076923077,2.01291462087912
1001,1964,EasyListening,Pop,1950,,0.35,0.55,160,92,65,3,0,3,0,0,160,72,88,45,72,0,88,10234313,6.327633363577556,2967093,22.47558328256854,63964.45625,8762678,1478845,85.56030191993905,0.6985689065934068,551.5192307692307,33.28846153846154,5.241355703296703
1001,1964,Folk,Folk,1958,1966,0.5,0.6,153,119,31,3,0,3,0,0,152,82,70,53.94736842105263,82,0,70,8879273,5.489844221015458,3031040,25.448869395791696,58034.464052287585,7881306,1004428,88.69617298919819,0.7227637087912091,394.84615384615387,20.01923076923077,5.24383842307692
1001,1964,FolkRock,Folk,1965,,0.55,0.1,0,0,0,0,0,0,0,0,0,0,0,0,0,0,0,0,0,0,0,0,0,0,0,0.3043145741758241,0,0,0
1001,1964,Funk,RhythmAndSoul,1967,,0.7,0.1,0,0,0,0,0,0,0,0,0,0,0,0,0,0,0,0,0,0,0,0,0,0,0,0.12606682417582427,0,0,0
1001,1964,GarageRock,Rock,1963,1968,0.85,0.5,58,20,35,3,0,3,0,0,58,55,3,94.82758620689656,55,0,3,1899817,1.1746118605021971,885566,31.79332967853972,32755.46551724138,1901417,0,100,0.6679335192307696,23.96153846153846,1.0769230769230769,1.5620737884615374
1001,1964,Gospel,Gospel,1950,,0.5,0.35,51,20,28,3,0,3,0,0,50,25,25,50,25,0,25,1566694,0.9686497984688152,1044795,40.00763549071047,30719.49019607843,1514112,54426,96.5301446314976,0.46798473351648373,59.53846153846154,1.0576923076923077,1.2305853571428582
1001,1964,HardRock,Rock,1967,,0.4,0.05,0,0,0,0,0,0,0,0,0,0,0,0,0,0,0,0,0,0,0,0,0,0,0,0.07465856868131877,0,0,0
1001,1964,Jazz,Jazz,1945,,0.3,0.4,195,141,51,3,0,3,0,0,194,90,104,46.391752577319586,90,0,104,15053337,9.307121780853924,4069973,21.28278525004301,77196.6,12530672,2531581,83.19254762219171,0.5200000000000025,691.2692307692307,61.44230769230769,6.126375499999994
1001,1964,LatinPop,Latin,1958,,0.6,0.3,52,32,17,3,0,3,0,0,52,17,35,32.69230769230769,17,0,35,2130600,1.31729952410468,620690,22.559962781095415,40973.07692307692,2105946,26611,98.75215527650609,0.40057925,46.61538461538461,1.3461538461538463,1.1801877719780225
1001,1964,ProgressiveRock,Rock,1968,,0.25,0.02,0,0,0,0,0,0,0,0,0,0,0,0,0,0,0,0,0,0,0,0,0,0,0,0.02739759340659344,0,0,0
1001,1964,ProtoMetal,Rock,1968,,0.4,0.02,0,0,0,0,0,0,0,0,0,0,0,0,0,0,0,0,0,0,0,0,0,0,0,0.02739759340659344,0,0,0
1001,1964,ProtoPunk,Rock,1967,,0.4,0.02,0,0,0,0,0,0,0,0,0,0,0,0,0,0,0,0,0,0,0,0,0,0,0,0.027397596153846186,0,0,0
1001,1964,PsychedelicRock,Rock,1966,1971,0.45,0.1,0,0,0,0,0,0,0,0,0,0,0,0,0,0,0,0,0,0,0,0,0,0,0,0.19863429120879184,0,0,0
1001,1964,Reggae,Caribbean,1968,,0.8,0.02,0,0,0,0,0,0,0,0,0,0,0,0,0,0,0,0,0,0,0,0,0,0,0,0.022465846153846145,0,0,0
1001,1964,RnB,RhythmAndSoul,1949,1965,0.8,0.55,315,260,52,3,0,3,0,0,315,288,27,91.42857142857143,288,0,27,12415256,7.676058772382321,4687779,27.409047575474176,39413.51111111111,12369149,57537,99.5369883812949,0.6217782087912087,179.23076923076923,8.153846153846153,8.732773409340655
1001,1964,RockAndRoll,Rock,1955,,0.85,0.5,247,195,49,3,0,3,0,0,247,224,23,90.68825910931174,224,0,23,9670725,5.979180249810961,4244773,30.50392447327433,39152.732793522264,9594696,86521,99.1063003752524,0.6179439642857143,161,6.538461538461538,7.191427631868126
1001,1964,Rocksteady,Caribbean,1966,1968,0.8,0.02,0,0,0,0,0,0,0,0,0,0,0,0,0,0,0,0,0,0,0,0,0,0,0,0.03479513461538463,0,0,0
1001,1964,SingerSongwriter,Folk,1967,,0.35,0.1,0,0,0,0,0,0,0,0,0,0,0,0,0,0,0,0,0,0,0,0,0,0,0,0.12465863736263763,0,0,0
1001,1964,Ska,Caribbean,1964,1967,0.8,0.05,10,2,5,3,0,3,0,0,10,5,5,50,5,0,5,39346,0.02432670002601274,8645,18.01379425308912,3934.6,38216,1326,96.64660361134996,0.06232928846153861,5.0576923076923075,0,0.1041030082417582
1001,1964,Soul,RhythmAndSoul,1960,,0.7,0.75,231,163,65,3,0,3,0,0,230,99,131,43.04347826086956,99,0,131,7873825,4.868199533175412,3984543,33.60110767350111,34085.82251082251,7860060,23315,99.70425103461397,0.874623697802198,183.21153846153845,5.019230769230769,7.9630576785714275
1001,1964,SunshinePop,Pop,1965,1971,0.55,0.2,0,0,0,0,0,0,0,0,0,0,0,0,0,0,0,0,0,0,0,0,0,0,0,0.286305041208791,0,0,0
1001,1964,SurfRock,Rock,1961,1966,0.8,0.65,70,31,36,3,0,3,0,0,70,55,15,78.57142857142857,55,0,15,2913598,1.8014086449039461,1269686,30.35141769002535,41622.828571428574,2904697,11416,99.60851997161976,0.7291513791208794,39.25,2.1538461538461537,2.18485676923077
1001,1964,TeenPop,Pop,1957,1965,0.9,0.5,288,228,57,3,0,3,0,0,288,250,38,86.80555555555556,250,0,38,12514396,7.737354686594157,5076872,28.860182222225255,43452.76388888889,12413150,114171,99.08862397634738,0.5993446565934057,205.57692307692307,8.423076923076923,8.33662307417582
1001,1964,TexMex,Latin,1959,,0.75,0.25,24,12,9,3,0,3,0,0,24,12,12,50,12,0,12,747750,0.4623161171262905,17480,2.2842805431046873,31156.25,741094,7547,98.99190666821615,0.36969398076923055,17.442307692307693,0.46153846153846156,0.4547434890109892
1001,1964,TraditionalPop,Pop,1950,1971,0.45,0.5,367,282,82,3,0,3,0,0,366,237,129,64.75409836065573,237,0,129,32441564,20.05785075491013,7041352,17.833920878589616,88396.63215258856,29647501,2812179,91.33639333474636,0.6175791868131867,997.5,73.67307692307692,13.04527891208792
1001,1965,AcidRock,Rock,1966,1971,0.4,0.175,0,0,0,0,0,0,0,0,0,0,0,0,0,0,0,0,0,0,0,0,0,0,0,0.23732848787061994,0,0,0
1001,1965,BaroquePop,Pop,1966,1970,0.5,0.30000000000000004,0,0,0,0,0,0,0,0,0,0,0,0,0,0,0,0,0,0,0,0,0,0,0,0.39972567385444685,0,0,0
1001,1965,Blues,Blues,1945,,0.5,0.32499999999999996,69,51,15,3,0,3,0,0,68,22,46,32.35294117647059,22,0,46,2214283,1.2943292919179386,1038997,31.936906752569715,32091.057971014492,1853950,362544,83.64335748258286,0.43151605390835623,134.88679245283018,6.584905660377358,1.4047213827493257
1001,1965,BluesRock,Rock,1966,,0.45,0.30000000000000004,0,0,0,0,0,0,0,0,0,0,0,0,0,0,0,0,0,0,0,0,0,0,0,0.4739315983827487,0,0,0
1001,1965,Boogaloo,Latin,1966,1969,0.7,0.22499999999999998,0,0,0,0,0,0,0,0,0,0,0,0,0,0,0,0,0,0,0,0,0,0,0,0.24599426954177936,0,0,0
1001,1965,BossaNova,Jazz,1962,1967,0.45,0.47500000000000003,56,31,22,3,0,3,0,0,56,56,0,100,56,0,0,1900142,1.1107024031722843,847487,30.844302487708493,33931.107142857145,1902421,0,100,0.5641431132075492,22.641509433962263,1.0754716981132075,1.4115692614555262
1001,1965,BritishBeat,Rock,1963,1967,0.75,0.825,158,69,86,3,0,3,0,0,157,37,120,23.56687898089172,37,1,119,6812581,3.98220242934783,2986357,30.4763332516238,43117.601265822785,6683625,136153,98.0035567140162,0.8847519811320751,175.9245283018868,3.7358490566037736,5.801250824797842
1001,1965,BritishBlues,Rock,1964,,0.65,0.6499999999999999,108,31,74,3,0,3,0,0,108,17,91,15.74074074074074,17,2,89,5114225,2.9894513135669736,1668853,24.603181623445874,47353.93518518518,5062013,55440,98.91664857498446,0.8536172506738546,86.62264150943396,3.3207547169811322,3.4220689353099742
1001,1965,BritishPop,Pop,1964,1968,0.8,0.775,173,54,116,3,0,3,0,0,172,38,134,22.093023255813954,38,3,131,11039574,6.4530342320722704,2958002,21.13224461149559,63812.56647398844,10898566,147632,98.6635039495037,0.8669726415094341,158.24528301886792,6.60377358490566,6.501439215633423
1001,1965,Bubblegum,Pop,1967,1971,0.9,0.125,0,0,0,0,0,0,0,0,0,0,0,0,0,0,0,0,0,0,0,0,0,0,0,0.16239711320754713,0,0,0
1001,1965,Childrens,NonMusic,1950,,0.3,0.35,36,17,16,3,0,3,0,0,36,1,35,2.7777777777777777,1,0,35,882748,0.5159984490609268,620615,41.28177958350711,24520.777777777777,832870,51355,94.19208911758885,0.4354706981132083,61.924528301886795,0.3018867924528302,0.8674602318059285
1001,1965,Classical,Classical,1945,,0.15,0.3,45,26,16,3,0,3,0,0,45,0,45,0,0,1,44,1605434,0.9384348127321501,593512,26.99074920439156,35676.311111111114,1488649,118573,92.62248774593678,0.37898973315363826,93.01886792452831,1.2075471698113207,1.0447006981132074
1001,1965,Comedy,NonMusic,1955,,0.15,0.375,48,24,21,3,0,3,0,0,47,3,44,6.382978723404255,3,0,44,1476437,0.8630313545158614,709802,32.466807151459655,30759.104166666668,1416431,61683,95.82691186200793,0.4567067142857144,72.43396226415095,0.7735849056603774,1.0495072614555252
1001,1965,ContemporaryFolk,Folk,1961,1969,0.5,0.5,60,24,33,3,0,3,0,0,59,11,48,18.64406779661017,11,1,47,1660015,0.9703394008458525,799079,32.49485379574754,27666.916666666668,1615353,46542,97.19946205987743,0.6061302048517525,64.26415094339623,0.7547169811320755,1.3742821778975736
1001,1965,Country,Country,1950,,0.65,0.55,228,193,32,3,0,3,0,0,226,141,85,62.389380530973455,141,0,85,15101964,8.827649569043432,228096,1.4879002430518864,66236.68421052632,14825890,285423,98.11119655849892,0.7500914285714274,223.41509433962264,11.18867924528302,7.7797676819406965
1001,1965,CountryRock,Country,1968,,0.4,0.07500000000000001,0,0,0,0,0,0,0,0,0,0,0,0,0,0,0,0,0,0,0,0,0,0,0,0.08746570889487873,0,0,0
1001,1965,DooWop,RhythmAndSoul,1954,1965,0.85,0.15000000000000002,62,48,11,3,0,3,0,0,62,47,15,75.80645161290323,47,0,15,1136597,0.6643824615941382,632364,35.747763800332514,18332.209677419356,1076231,62805,94.4861268651737,0.16258926684636132,62.867924528301884,0.39622641509433965,1.1938656037735842
1001,1965,EasyListening,Pop,1950,,0.35,0.575,186,137,46,3,0,3,0,0,183,74,109,40.43715846994535,74,14,95,10716360,6.264103843428197,4146077,27.896347012269924,57614.83870967742,8845664,1878395,82.48429069627461,0.7242021293800535,522.9433962264151,30.132075471698112,5.785379428571428
1001,1965,Folk,Folk,1958,1966,0.5,0.525,143,107,33,3,0,3,0,0,142,43,99,30.281690140845072,43,5,94,9206482,5.381525002953663,3281829,26.27920621131232,64380.993006993005,7742804,1469370,84.04969337313864,0.633726819407009,396.49056603773585,20.07547169811321,4.298566784366575
1001,1965,FolkRock,Folk,1965,,0.55,0.42500000000000004,18,5,10,3,0,3,0,0,18,17,1,94.44444444444444,17,0,1,510565,0.29844389128583937,414491,44.80712519025875,28364.722222222223,511084,0,100,0.7199616981132079,6.811320754716981,0.09433962264150944,0.45195529649595567
1001,1965,Funk,RhythmAndSoul,1967,,0.7,0.175,0,0,0,0,0,0,0,0,0,0,0,0,0,0,0,0,0,0,0,0,0,0,0,0.19546416172506736,0,0,0
1001,1965,GarageRock,Rock,1963,1968,0.85,0.575,55,24,28,3,0,3,0,0,55,7,48,12.727272727272727,7,0,48,2098255,1.2265066879045154,758360,26.547504651484363,38150.09090909091,2081431,18877,99.10122705812671,0.761657016172507,40.9811320754717,1.3018867924528301,1.622869412398922
1001,1965,Gospel,Gospel,1950,,0.5,0.375,56,26,27,3,0,3,0,0,56,7,49,12.5,7,0,49,2404932,1.4057705960217333,902236,27.281226717239644,42945.21428571428,2283162,123869,94.85386769011284,0.5006207789757413,90.90566037735849,1.6981132075471699,1.4672927762803232
1001,1965,HardRock,Rock,1967,,0.4,0.1,0,0,0,0,0,0,0,0,0,0,0,0,0,0,0,0,0,0,0,0,0,0,0,0.12493141509433969,0,0,0
1001,1965,Jazz,Jazz,1945,,0.3,0.4,223,177,43,3,0,3,0,0,220,44,176,20,44,5,171,20167544,11.788666103313744,5204909,20.514015731943616,90437.41704035875,16784865,3391668,83.19003567163892,0.5200000000000026,671.9433962264151,61.22641509433962,6.7579272210242625
1001,1965,LatinPop,Latin,1958,,0.6,0.32499999999999996,37,25,9,3,0,3,0,0,37,5,32,13.513513513513514,5,0,32,1410141,0.8242789210026241,675886,32.40063527461533,38111.91891891892,1348061,63572,95.49656320020856,0.4369900673854445,58.113207547169814,0.8679245283018868,0.9415187762803233
1001,1965,ProgressiveRock,Rock,1968,,0.25,0.035,0,0,0,0,0,0,0,0,0,0,0,0,0,0,0,0,0,0,0,0,0,0,0,0.04247942318059301,0,0,0
1001,1965,ProtoMetal,Rock,1968,,0.4,0.035,0,0,0,0,0,0,0,0,0,0,0,0,0,0,0,0,0,0,0,0,0,0,0,0.04247941509433965,0,0,0
1001,1965,ProtoPunk,Rock,1967,,0.4,0.035,0,0,0,0,0,0,0,0,0,0,0,0,0,0,0,0,0,0,0,0,0,0,0,0.04247941509433965,0,0,0
1001,1965,PsychedelicRock,Rock,1966,1971,0.45,0.30000000000000004,0,0,0,0,0,0,0,0,0,0,0,0,0,0,0,0,0,0,0,0,0,0,0,0.39972567115902896,0,0,0
1001,1965,Reggae,Caribbean,1968,,0.8,0.025,0,0,0,0,0,0,0,0,0,0,0,0,0,0,0,0,0,0,0,0,0,0,0,0.027493132075471678,0,0,0
1001,1965,RnB,RhythmAndSoul,1949,1965,0.8,0.5,206,187,16,3,0,3,0,0,205,152,53,74.14634146341463,152,0,53,9047552,5.2886246129111445,3557137,28.220743883486534,43920.155339805824,8898480,158821,98.24648645330436,0.5651817601078168,177.52830188679246,5.716981132075472,5.934140366576821
1001,1965,RockAndRoll,Rock,1955,,0.85,0.45,186,135,48,3,0,3,0,0,185,145,40,78.37837837837837,145,1,39,7869067,4.599757085325054,3264478,29.321101230560437,42306.81182795699,7629682,246817,96.86641234893828,0.5525892884097026,159.0188679245283,5.716981132075472,4.972735886792457
1001,1965,Rocksteady,Caribbean,1966,1968,0.8,0.05,0,0,0,0,0,0,0,0,0,0,0,0,0,0,0,0,0,0,0,0,0,0,0,0.06495881940700803,0,0,0
1001,1965,SingerSongwriter,Folk,1967,,0.35,0.15000000000000002,0,0,0,0,0,0,0,0,0,0,0,0,0,0,0,0,0,0,0,0,0,0,0,0.17493141509433965,0,0,0
1001,1965,Ska,Caribbean,1964,1967,0.8,0.07500000000000001,13,5,5,3,0,3,0,0,13,1,12,7.6923076923076925,1,0,12,172159,0.10063322374208733,13638,7.340269218555735,13243,162792,9653,94.40227318855287,0.09545728032345023,13,0.09433962264150944,0.206713334231806
1001,1965,Soul,RhythmAndSoul,1960,,0.7,0.8,216,146,67,3,0,3,0,0,216,47,169,21.75925925925926,47,4,165,8437140,4.931816503135559,3639868,30.138822463312106,39060.833333333336,8363937,81491,99.03508738692699,0.9137910700808624,196.67924528301887,6.037735849056604,7.4196242830188615
1001,1965,SunshinePop,Pop,1965,1971,0.55,0.375,25,7,15,3,0,3,0,0,25,18,7,72,18,0,7,1594549,0.9320721326490141,291177,15.441108623416127,63781.96,1594857,0,100,0.5752757978436654,10.924528301886792,1.0754716981132075,0.6399039380053909
1001,1965,SurfRock,Rock,1961,1966,0.8,0.525,66,24,39,3,0,3,0,0,66,16,50,24.242424242424242,16,0,50,2701076,1.5788775809128903,986001,26.74207780309443,40925.393939393936,2647785,55726,97.93875445670463,0.597779711590296,61.39622641509434,1.7358490566037736,1.8431415768194064
1001,1965,TeenPop,Pop,1957,1965,0.9,0.425,187,172,12,3,0,3,0,0,187,144,43,77.00534759358288,144,0,43,7789575,4.553291107817598,3984234,33.839804943328026,41655.48128342246,7483556,314900,95.96202120009397,0.5038838894878731,191.37735849056602,6.169811320754717,5.170058803234499
1001,1965,TexMex,Latin,1959,,0.75,0.275,32,18,11,3,0,3,0,0,32,7,25,21.875,7,1,24,1201203,0.702147028378804,17628,1.4463038764192904,37537.59375,1170782,31549,97.37601375993799,0.41265670350404293,33,0.6226415094339622,0.7368885929919141
1001,1965,TraditionalPop,Pop,1950,1971,0.45,0.45,364,288,73,3,0,3,0,0,364,151,213,41.48351648351648,151,1,212,36805108,21.513929961347873,8006885,17.867727953987675,101112.93406593407,32958882,3861206,89.51331675252922,0.5525892991913739,935.6792452830189,71.49056603773585,12.119785447439348
1001,1966,AcidRock,Rock,1966,1971,0.4,0.3,24,4,17,3,6,3,0,0,23,16,7,69.56521739130434,16,0,7,1687252,1.030490675928647,354916,17.379373293480263,70302.16666666667,1687623,0,100,0.6090154010989015,10.461538461538462,1.4230769230769231,0.4770881840659342
1001,1966,BaroquePop,Pop,1966,1970,0.5,0.5,25,4,18,3,6,3,0,0,25,18,7,72,18,0,7,1368579,0.8358608546747918,408811,23.00063576367595,54743.16,1369030,0,100,0.7276657719780218,10.923076923076923,1.3461538461538463,0.6536553131868136
1001,1966,Blues,Blues,1945,,0.5,0.35,55,44,8,3,1,4,1,0,53,6,47,11.320754716981131,6,8,39,2266263,1.384122164740112,783562,25.69203151000467,41204.781818181815,1687825,580466,74.4095444543932,0.48282193956044017,151.34615384615384,3.4615384615384617,1.0547118104395605
1001,1966,BluesRock,Rock,1966,,0.45,0.45,34,5,26,3,8,5,2,0,34,29,5,85.29411764705883,29,0,5,2348513,1.4343564261872055,503581,17.656535864526205,69073.91176470589,2349102,0,100,0.6829456401098914,12.403846153846153,2,0.8836423324175825
1001,1966,Boogaloo,Latin,1966,1969,0.7,0.35,20,6,11,3,2,3,0,0,20,2,18,10,2,1,17,1338017,0.81719508569794,34695,2.5274784514158832,66900.85,1319283,19185,98.56664485068004,0.3984187472527471,17.442307692307693,0.9807692307692307,0.42754734615384626
1001,1966,BossaNova,Jazz,1962,1967,0.45,0.4,52,22,27,3,10,3,0,0,52,52,0,100,52,0,0,3365236,2.0553209125248726,864222,20.43339832195993,64716.07692307692,3367000,0,100,0.45356047802197824,21.807692307692307,2.5576923076923075,1.295144975274725
1001,1966,BritishBeat,Rock,1963,1967,0.75,0.7,91,46,42,3,8,4,1,0,91,9,82,9.89010989010989,9,50,32,2462201,1.5037914743987209,1137558,31.60094884129743,27057.153846153848,2233723,232277,90.5808191403082,0.733575467032967,187.5,1.3461538461538463,1.830232241758241
1001,1966,BritishBlues,Rock,1964,,0.65,0.7,89,42,44,3,5,3,0,0,89,3,86,3.3707865168539324,3,53,33,1579332,0.9645784389028681,894801,36.16624490275988,17745.303370786518,1402685,179373,88.66204652421087,0.80285976923077,123.78846153846153,0.75,1.377205607142857
1001,1966,BritishPop,Pop,1964,1968,0.8,0.75,98,51,44,3,11,4,1,0,97,7,90,7.216494845360825,7,43,47,4565137,2.788161527049235,1348956,22.809178009206146,46583.0306122449,4229843,339520,92.56964263946638,0.7714705549450547,189.96153846153845,2.1923076923076925,2.475577771978024
1001,1966,Bubblegum,Pop,1967,1971,0.9,0.2,0,0,0,0,0,0,0,0,0,0,0,0,0,0,0,0,0,0,0,0,0,0,0,0.3010961978021968,0,0,0
1001,1966,Childrens,NonMusic,1950,,0.3,0.35,45,33,9,3,6,3,0,0,45,3,42,6.666666666666667,3,6,36,1268261,0.7745915459836124,665034,34.3989923938147,28183.577777777777,1174656,95095,92.51073635697078,0.45007656868131946,83.15384615384616,1.0576923076923077,0.8321524807692307
1001,1966,Classical,Classical,1945,,0.15,0.3,44,33,8,3,0,3,0,0,44,0,44,0,0,17,27,1150555,0.7027025006597026,424775,26.964191629690287,26148.977272727272,971002,180998,84.28836805555555,0.3558733763736275,112.3076923076923,0.6153846153846154,0.6145843296703296
1001,1966,Comedy,NonMusic,1955,,0.15,0.35,36,15,18,3,4,3,0,0,35,1,34,2.857142857142857,1,11,23,764843,0.46712854988424624,449312,37.00614830890619,21245.63888888889,656397,109779,85.67182997118155,0.4411543653846163,81.13461538461539,0.34615384615384615,0.5806429340659346
1001,1966,ContemporaryFolk,Folk,1961,1969,0.5,0.45,54,29,22,3,9,4,1,0,54,3,51,5.555555555555555,3,18,33,961327,0.587131329533738,672791,41.17150658642766,17802.35185185185,874437,88824,90.77882318499347,0.5512055879120878,87.9423076923077,0.2692307692307692,0.9715338406593408
1001,1966,Country,Country,1950,,0.65,0.55,235,187,45,3,6,5,2,0,232,81,151,34.91379310344828,81,31,120,26068361,15.921274917583135,778641,2.900290319194672,110929.19574468085,24753066,1324502,94.92091440428801,0.7500914285714272,349.09615384615387,27.846153846153847,8.24801918956044
1001,1966,CountryRock,Country,1968,,0.4,0.1,0,0,0,0,0,0,0,0,0,0,0,0,0,0,0,0,0,0,0,0,0,0,0,0.15054824175824155,0,0,0
1001,1966,DooWop,RhythmAndSoul,1954,1965,0.85,0.1,31,31,0,0,0,0,0,0,31,14,17,45.16129032258065,14,0,17,789635,0.48227028617356343,157089,16.59290352837786,25472.09677419355,702926,88062,88.86683489509322,0.09707532967032975,65.6923076923077,0.36538461538461536,0.5593547582417575
1001,1966,EasyListening,Pop,1950,,0.35,0.6,161,123,35,3,8,3,0,0,158,27,131,17.088607594936708,27,71,60,7275826,4.44371727085179,3135669,30.117375074376927,45191.46583850931,4900591,2379938,67.31091930270452,0.7369841428571432,455.5576923076923,19.192307692307693,3.009076873626373
1001,1966,Folk,Folk,1958,1966,0.5,0.45,110,93,14,3,2,3,0,0,110,16,94,14.545454545454545,16,41,53,8141115,4.972193305542294,2569848,23.992688612592538,74010.13636363637,5862042,2283354,71.96755074891387,0.5192874697802198,376.63461538461536,24.403846153846153,2.438852873626374
1001,1966,FolkRock,Folk,1965,,0.55,0.75,66,24,39,3,4,4,1,0,66,55,11,83.33333333333333,55,0,11,7138635,4.359927744259836,1256963,14.971691117178311,108161.13636363637,7139743,0,100,0.8966607582417587,26.692307692307693,4.730769230769231,2.2545680412087905
1001,1966,Funk,RhythmAndSoul,1967,,0.7,0.25,0,0,0,0,0,0,0,0,0,0,0,0,0,0,0,0,0,0,0,0,0,0,0,0.29984673076923063,0,0,0
1001,1966,GarageRock,Rock,1963,1968,0.85,0.65,82,35,44,3,12,3,0,0,82,7,75,8.536585365853659,7,30,45,1762237,1.0762878320941218,892910,33.62939980347604,21490.69512195122,1691820,72661,95.8820185652325,0.7549834258241749,82.25,1.0192307692307692,1.5000558351648363
1001,1966,Gospel,Gospel,1950,,0.5,0.4,67,43,21,3,9,4,1,0,67,5,62,7.462686567164179,5,16,46,1847268,1.1282205917914812,922363,33.30273960682849,27571.16417910448,1640321,209239,88.68709314647808,0.5494707142857139,121.98076923076923,1.0192307692307692,1.2308274752747255
1001,1966,HardRock,Rock,1967,,0.4,0.15,0,0,0,0,0,0,0,0,0,0,0,0,0,0,0,0,0,0,0,0,0,0,0,0.2258222774725275,0,0,0
1001,1966,Jazz,Jazz,1945,,0.3,0.4,216,180,33,3,4,4,1,0,216,33,183,15.277777777777779,33,68,115,17035565,10.404486639622535,4911107,22.37745659114056,78868.35648148147,12495746,4548151,73.31507577169705,0.5200000000000025,668.8269230769231,45.09615384615385,4.915336326923075
1001,1966,LatinPop,Latin,1958,,0.6,0.35,53,35,15,3,8,3,0,0,53,1,52,1.8867924528301887,1,16,36,1169749,0.7144252534161222,619743,34.63234258661117,22070.735849056604,1071808,99682,91.49100717889183,0.44753674175824365,80.0576923076923,0.75,0.7579587857142859
1001,1966,ProgressiveRock,Rock,1968,,0.25,0.05,0,0,0,0,0,0,0,0,0,0,0,0,0,0,0,0,0,0,0,0,0,0,0,0.07527403296703286,0,0,0
1001,1966,ProtoMetal,Rock,1968,,0.4,0.05,0,0,0,0,0,0,0,0,0,0,0,0,0,0,0,0,0,0,0,0,0,0,0,0.07527403296703286,0,0,0
1001,1966,ProtoPunk,Rock,1967,,0.4,0.05,0,0,0,0,0,0,0,0,0,0,0,0,0,0,0,0,0,0,0,0,0,0,0,0.10054813736263732,0,0,0
1001,1966,PsychedelicRock,Rock,1966,1971,0.45,0.5,16,9,4,3,0,3,0,0,16,0,16,0,0,3,13,220141,0.13445131366838403,247939,52.96936421124594,13758.8125,214378,6039,97.26019317929197,0.7056291593406592,10.01923076923077,0.07692307692307693,0.21451505219780223
1001,1966,Reggae,Caribbean,1968,,0.8,0.03,0,0,0,0,0,0,0,0,0,0,0,0,0,0,0,0,0,0,0,0,0,0,0,0.040109626373626375,0,0,0
1001,1966,RnB,RhythmAndSoul,1949,1965,0.8,0.45,80,80,0,0,0,0,0,0,79,24,55,30.379746835443036,24,7,48,5665139,3.459988737509121,1662077,22.683608617515848,70814.2375,5372746,296989,94.76185394908228,0.5069372912087917,173.1153846153846,4.384615384615385,2.5012119340659336
1001,1966,RockAndRoll,Rock,1955,,0.85,0.4,156,111,42,3,3,4,1,0,154,53,101,34.41558441558441,53,7,94,8927992,5.45277914073627,2937290,24.75533240592175,57230.717948717946,8354454,579140,93.51727871224055,0.4871437609890119,204.8846153846154,6.961538461538462,3.7028763351648357
1001,1966,Rocksteady,Caribbean,1966,1968,0.8,0.08,11,4,4,3,1,4,1,0,11,0,11,0,0,0,11,58952,0.03600498700096109,11914,16.812011401800582,5359.272727272727,55229,3982,93.27489824525848,0.10040938736263733,7.884615384615385,0.019230769230769232,0.10199498076923084
1001,1966,SingerSongwriter,Folk,1967,,0.35,0.2,0,0,0,0,0,0,0,0,0,0,0,0,0,0,0,0,0,0,0,0,0,0,0,0.25054830769230874,0,0,0
1001,1966,Ska,Caribbean,1964,1967,0.8,0.1,17,9,5,3,0,3,0,0,17,2,15,11.764705882352942,2,3,12,453265,0.27683200625917065,56226,11.035719963649996,26662.647058823528,415305,38450,91.52626417339754,0.12404934065934092,24.057692307692307,0.34615384615384615,0.22951829670329676
1001,1966,Soul,RhythmAndSoul,1960,,0.7,0.85,194,134,57,3,26,3,0,0,191,17,174,8.900523560209423,17,125,49,3425796,2.0923079869715107,1747854,33.783769679046706,17658.74226804124,3202946,227726,93.36205851215155,0.9513826263736264,233.09615384615384,1.9615384615384615,2.851861755494503
1001,1966,SunshinePop,Pop,1965,1971,0.55,0.55,69,14,52,3,14,4,1,0,69,59,10,85.5072463768116,59,0,10,6160185,3.762338527081617,1081121,14.929917338115528,89278.04347826086,6162238,0,100,0.8046302142857141,30.76923076923077,4.423076923076923,2.2153328516483546
1001,1966,SurfRock,Rock,1961,1966,0.8,0.4,22,10,9,3,2,3,0,0,22,19,3,86.36363636363636,19,0,3,1258224,0.7684614392098192,488338,27.95995790587451,57192,1258235,1460,99.88409892870894,0.44813921153846153,21.846153846153847,0.8653846153846154,0.7115984230769229
1001,1966,TeenPop,Pop,1957,1965,0.9,0.35,69,69,0,0,0,0,0,0,69,21,48,30.434782608695652,21,5,43,4674109,2.8547162740208174,1494385,24.226091490078453,67740.71014492754,4209863,468500,89.98581341379453,0.4221437664835173,182.09615384615384,3.576923076923077,1.8637184862637373
1001,1966,TexMex,Latin,1959,,0.75,0.3,35,14,18,3,4,3,0,0,35,2,33,5.714285714285714,2,10,23,1461021,0.8923198892850315,22442,1.5128115766958798,41743.45714285714,1396397,65874,95.49508948751634,0.41510405494505587,51.84615384615385,0.8846153846153846,0.6000398296703298
1001,1966,TraditionalPop,Pop,1950,1971,0.45,0.4,329,250,76,3,10,4,1,0,328,63,265,19.20731707317073,63,79,186,35074143,21.421564370756723,8093669,18.74931488304295,106608.33738601823,28275432,6812020,80.58559510106348,0.4871437582417591,917.5961538461538,83.73076923076923,7.9722115137362595
1001,1967,AcidRock,Rock,1966,1971,0.4,0.65,65,33,29,3,6,3,0,0,65,57,8,87.6923076923077,57,0,8,4569490,3.0550581246221076,997764,17.922013258241854,70299.84615384616,4570672,0,100,0.8606983296703307,23.615384615384617,4.384615384615385,1.5407487939560438
1001,1967,BaroquePop,Pop,1966,1970,0.5,0.65,67,16,48,3,12,3,0,0,67,44,23,65.67164179104478,44,0,23,6370476,4.259156812140993,887265,12.225084912784846,95081.73134328358,6371504,0,100,0.779481467032968,28.634615384615383,5.519230769230769,1.9575766840659334
1001,1967,Blues,Blues,1945,,0.5,0.4,78,62,13,3,3,3,0,0,77,7,70,9.090909090909092,7,33,37,2342289,1.5660016850158314,721787,23.556432673341,30029.346153846152,1529664,814066,65.26622093841867,0.516968711538464,171.84615384615384,4.903846153846154,0.8393408434065935
1001,1967,BluesRock,Rock,1966,,0.45,0.6,51,11,37,3,6,3,0,0,51,39,12,76.47058823529412,39,0,12,5511270,3.684711026938692,895739,13.980610921570424,108064.11764705883,5512274,0,100,0.8416649587912091,23.365384615384617,4.673076923076923,1.8091611016483518
1001,1967,Boogaloo,Latin,1966,1969,0.7,0.4,24,13,8,3,1,3,0,0,24,3,21,12.5,3,16,5,256570,0.17153692491597403,2907,1.1203305109894133,10690.416666666666,189155,67964,73.56710317012745,0.36454682417582457,33.73076923076923,0.038461538461538464,0.19980753296703307
1001,1967,BossaNova,Jazz,1962,1967,0.45,0.3,24,14,7,3,1,3,0,0,24,24,0,100,24,0,0,1063828,0.7112514470106045,362269,25.402830242262624,44326.166666666664,1064921,0,100,0.3551036071428578,11.173076923076923,1.1730769230769231,0.6113874697802197
1001,1967,BritishBeat,Rock,1963,1967,0.75,0.5,36,23,10,3,5,3,0,0,35,4,31,11.428571428571429,4,30,1,896287,0.5992373068642616,256423,22.245230803931605,24896.86111111111,614578,282566,68.50382993142684,0.5828508956043947,171.69230769230768,0.6730769230769231,0.2934952747252751
1001,1967,BritishBlues,Rock,1964,,0.65,0.65,106,58,45,3,8,3,0,0,106,15,91,14.150943396226415,15,82,9,2842334,1.9003205127026546,334807,10.537996267713647,26814.471698113208,2530059,312857,88.99520773740765,0.7910168681318682,171.25,1.6538461538461537,0.6697871456043956
1001,1967,BritishPop,Pop,1964,1968,0.8,0.55,83,37,43,3,10,3,0,0,83,6,77,7.228915662650603,6,68,9,1519553,1.0159389206331335,227184,13.006193834561241,18307.86746987952,1089775,430673,71.67459853937787,0.6043984670329643,209.76923076923077,0.75,0.38469039285714274
1001,1967,Bubblegum,Pop,1967,1971,0.9,0.4,27,5,19,3,2,3,0,0,27,17,10,62.96296296296296,17,0,10,4507744,3.0137761393320823,412086,8.376021122681069,166953.4814814815,4508123,0,100,0.6483993763736262,13.153846153846153,3.4423076923076925,0.8743626291208793
1001,1967,Childrens,NonMusic,1950,,0.3,0.35,46,28,15,3,2,3,0,0,46,6,40,13.043478260869565,6,33,7,719369,0.4809539156560756,124711,14.774784380627429,15638.45652173913,524079,195819,72.79906320062008,0.41702797802197916,94.25,1.1923076923076923,0.24835320329670332
1001,1967,Classical,Classical,1945,,0.15,0.3,54,42,9,3,1,3,0,0,54,1,53,1.8518518518518519,1,40,13,348596,0.23306343640335533,136468,28.13401942836409,6455.481481481482,128117,221142,36.68251927652545,0.31691236813186796,121.38461538461539,0.038461538461538464,0.21780971703296703
1001,1967,Comedy,NonMusic,1955,,0.15,0.35,50,34,13,3,1,3,0,0,50,3,47,6,3,35,12,458257,0.30638031181049813,276555,37.636157275602464,9165.14,285844,172971,62.30049148349553,0.4646129203296704,93.09615384615384,0.5576923076923077,0.29306800549450546
1001,1967,ContemporaryFolk,Folk,1961,1969,0.5,0.4,69,34,32,3,10,3,0,0,69,7,62,10.144927536231885,7,58,4,872752,0.5835023357924393,157822,15.313990067671027,12648.579710144928,659480,213753,75.52165344186488,0.5197692307692332,111.46153846153847,0.6538461538461539,0.28050691208791206
1001,1967,Country,Country,1950,,0.65,0.55,224,189,32,3,8,3,0,0,221,41,180,18.552036199095024,41,104,76,12541237,8.384788672184726,806987,6.045650717278943,55987.66517857143,9375716,3172394,74.71815277360496,0.7500914285714272,435.6730769230769,34.53846153846154,4.149482343406593
1001,1967,CountryRock,Country,1968,,0.4,0.2,0,0,0,0,0,0,0,0,0,0,0,0,0,0,0,0,0,0,0,0,0,0,0,0.3005478461538464,0,0,0
1001,1967,DooWop,RhythmAndSoul,1954,1965,0.85,0.05,10,10,0,0,0,0,0,0,10,2,8,20,2,4,4,373335,0.2496033747651914,67521,15.315885459197562,37333.5,271216,102704,72.533162173727,0.05192876923076925,56.5,0.19230769230769232,0.1335578873626373
1001,1967,EasyListening,Pop,1950,,0.35,0.6,163,118,42,3,8,3,0,0,163,36,127,22.085889570552148,36,103,24,7152925,4.7822845954499495,1991969,21.782308247640707,43882.975460122696,4359007,2795980,60.92264039054159,0.7113503708791209,430.71153846153845,19.73076923076923,1.8447781208791199
1001,1967,Folk,Folk,1958,1966,0.5,0.35,50,50,0,0,0,0,0,0,50,9,41,18,9,19,22,3907525,2.6124832308231336,1341263,25.553765936059907,78150.5,1939854,1969965,49.6149310236612,0.4223219972527471,302.84615384615387,14.307692307692308,0.8727221126373621
1001,1967,FolkRock,Folk,1965,,0.55,0.7,69,39,27,3,6,3,0,0,67,60,7,89.55223880597015,60,0,7,5195850,3.4738283171246196,1360667,20.75289364764859,75302.17391304347,5197714,0,100,0.8290638131868129,31.846153846153847,5.269230769230769,2.4765258681318696
1001,1967,Funk,RhythmAndSoul,1967,,0.7,0.4,26,2,21,3,7,3,0,0,26,16,10,61.53846153846154,16,0,10,3408791,2.279040908217048,382467,10.08812905900891,131107.34615384616,3409164,0,100,0.5631224642857141,12,2.4038461538461537,0.6820741373626372
1001,1967,GarageRock,Rock,1963,1968,0.85,0.55,77,49,25,3,8,3,0,0,74,5,69,6.756756756756757,5,56,13,776973,0.5194666530098573,226120,22.542276738049214,10090.558441558442,575515,202184,74.0022810881845,0.5852898021977991,115.46153846153847,0.5192307692307693,0.4165895906593408
1001,1967,Gospel,Gospel,1950,,0.5,0.45,73,37,33,3,4,3,0,0,72,10,62,13.88888888888889,10,42,20,878939,0.5876388246822359,727981,45.302877554576455,12040.260273972603,530504,349568,60.27961348616931,0.579925019230769,153.69230769230768,0.23076923076923078,0.72099367032967
1001,1967,HardRock,Rock,1967,,0.4,0.3,19,5,11,3,3,3,0,0,19,13,6,68.42105263157895,13,0,6,1280714,0.8562565430753274,255582,16.636247181532724,67406,1280988,0,100,0.4716934725274722,7.153846153846154,1.0961538461538463,0.3226611950549451
1001,1967,Jazz,Jazz,1945,,0.3,0.4,189,147,39,3,9,3,0,0,188,23,165,12.23404255319149,23,111,54,10942559,7.315948558177556,3013527,21.59292368934958,57897.137566137564,5761101,5185164,52.630746651940186,0.5200000000000025,639.3846153846154,41.19230769230769,2.265276151098902
1001,1967,LatinPop,Latin,1958,,0.6,0.35,50,37,10,3,4,3,0,0,50,3,47,6,3,34,13,570732,0.3815785642559289,274899,32.50815071822107,11414.64,376553,194811,65.904222177106,0.4456464038461557,106.38461538461539,0.2692307692307692,0.30385025824175826
1001,1967,ProgressiveRock,Rock,1968,,0.25,0.1,0,0,0,0,0,0,0,0,0,0,0,0,0,0,0,0,0,0,0,0,0,0,0,0.175410978021978,0,0,0
1001,1967,ProtoMetal,Rock,1968,,0.4,0.1,0,0,0,0,0,0,0,0,0,0,0,0,0,0,0,0,0,0,0,0,0,0,0,0.15027393131868164,0,0,0
1001,1967,ProtoPunk,Rock,1967,,0.4,0.15,18,2,13,3,5,3,0,0,18,15,3,83.33333333333333,15,0,3,609205,0.40730074577478254,205701,25.242297884663998,33844.72222222222,609581,0,100,0.2424372829670329,6.538461538461538,0.5,0.2683599642857141
1001,1967,PsychedelicRock,Rock,1966,1971,0.45,0.85,57,39,15,3,1,3,0,0,57,9,48,15.789473684210526,9,45,3,263158,0.17594151337661415,130951,33.227102146868,4616.80701754386,202425,60942,76.86042670494025,0.9140288873626375,44.44230769230769,0.09615384615384616,0.17721879945054933
1001,1967,Reggae,Caribbean,1968,,0.8,0.05,0,0,0,0,0,0,0,0,0,0,0,0,0,0,0,0,0,0,0,0,0,0,0,0.07513694230769234,0,0,0
1001,1967,RnB,RhythmAndSoul,1949,1965,0.8,0.4,37,37,0,0,0,0,0,0,37,7,30,18.91891891891892,7,14,16,3128465,2.09162125660542,400572,11.350745259967521,84553.1081081081,2712255,417447,86.66176524154696,0.44742696978022,159.46153846153845,2.3076923076923075,0.6622385247252752
1001,1967,RockAndRoll,Rock,1955,,0.85,0.35,112,66,43,3,7,3,0,0,112,12,100,10.714285714285714,12,17,83,8113325,5.424386410507444,2027721,19.99518590094158,72440.40178571429,6667517,1449319,82.14428627115295,0.45500000000000174,271.0192307692308,14.403846153846153,2.277379456043957
1001,1967,Rocksteady,Caribbean,1966,1968,0.8,0.12,19,10,6,3,2,3,0,0,19,0,19,0,0,6,13,92673,0.06195908111914121,17361,15.777850482578112,4877.526315789473,59890,33063,64.43041106795907,0.12081144505494505,20.403846153846153,0,0.14954866483516488
1001,1967,SingerSongwriter,Folk,1967,,0.35,0.3,17,4,10,3,2,3,0,0,17,2,15,11.764705882352942,2,10,5,186715,0.1248334448130572,86106,31.56135341487642,10983.235294117647,169636,17189,90.79941121370267,0.3749452500000002,9,0.11538461538461539,0.10534073626373627
1001,1967,Ska,Caribbean,1964,1967,0.8,0.12,15,10,2,3,1,3,0,0,15,1,14,6.666666666666667,1,10,4,79102,0.052885816091917906,2301,2.826677149490805,5273.466666666666,20498,58839,25.836620996508564,0.11029510164835188,29.03846153846154,0,0.0589611181318681
1001,1967,Soul,RhythmAndSoul,1960,,0.7,0.9,195,138,54,3,14,3,0,0,194,22,172,11.34020618556701,22,162,10,3066768,2.0503720316120817,617521,16.760927277963265,15727.015384615384,2568871,499402,83.72367778225731,0.9660768571428571,305.63461538461536,2.826923076923077,1.1955172554945062
1001,1967,SunshinePop,Pop,1965,1971,0.55,0.7,89,31,55,3,13,3,0,0,89,74,15,83.14606741573034,74,0,15,10636894,7.1115878217140525,1716042,13.891774392743555,119515.66292134831,10639359,0,100,0.8315250384615379,42.98076923076923,9.038461538461538,3.637410263736264
1001,1967,SurfRock,Rock,1961,1966,0.8,0.3,4,4,0,0,0,0,0,0,4,3,1,75,3,0,1,356746,0.23851234289306647,92334,20.56070187939788,89186.5,356958,0,100,0.3502885796703295,3.3846153846153846,0.4423076923076923,0.1444497472527473
1001,1967,TeenPop,Pop,1957,1965,0.9,0.3,27,27,0,0,0,0,0,0,27,7,20,25.925925925925927,7,7,13,2154883,1.4407062531617447,453042,17.371741902086907,79810.48148148147,1532074,624007,71.05827656753155,0.3769288571428572,174.6346153846154,2.6538461538461537,0.5221728928571423
1001,1967,TexMex,Latin,1959,,0.75,0.3,45,30,12,3,2,3,0,0,45,2,43,4.444444444444445,2,32,11,788637,0.5272649407762365,63484,7.450115652589245,17525.266666666666,626919,162579,79.40729425533694,0.4135545659340659,78.5576923076923,0.5192307692307693,0.3036595192307693
1001,1967,TraditionalPop,Pop,1950,1971,0.45,0.35,269,205,61,3,8,3,0,0,268,50,218,18.65671641791045,50,96,122,40786329,27.268821199950164,5719116,12.297734168547361,151622.0408921933,31657752,9135965,77.60448012128927,0.4353931840659338,876.8846153846154,100.38461538461539,5.839722895604393
1001,1968,AcidRock,Rock,1966,1971,0.4,0.7,64,31,30,3,2,3,0,0,64,9,55,14.0625,9,51,4,1311782,0.9281312000154639,412550,23.925206978702477,20496.59375,1257749,55121,95.80148834233397,0.8602921620879119,42.23076923076923,1.0769230769230769,0.6039694835164828
1001,1968,BaroquePop,Pop,1966,1970,0.5,0.55,74,28,43,3,7,3,0,0,74,55,19,74.32432432432432,55,0,19,8904065,6.299934389605659,1306279,12.793682563486598,120325.2027027027,8906840,0,100,0.6501772774725276,45.82692307692308,7.461538461538462,2.7933458983516486
1001,1968,Blues,Blues,1945,,0.5,0.4,76,59,14,3,1,3,0,0,75,8,67,10.666666666666666,8,24,43,3337839,2.3616367022328526,1015599,23.32866575795957,43918.93421052631,2289802,1049750,68.56614300361247,0.5153179807692333,209.48076923076923,3.730769230769231,1.256230837912088
1001,1968,BluesRock,Rock,1966,,0.45,0.7,59,30,26,3,3,3,0,0,59,48,11,81.35593220338983,48,0,11,5086385,3.598793560050874,1039739,16.972216037416153,86209.91525423729,5087937,0,100,0.8959469423076916,27.903846153846153,3.75,2.091347752747253
1001,1968,Boogaloo,Latin,1966,1969,0.7,0.35,23,13,7,3,2,3,0,0,23,1,22,4.3478260869565215,1,15,7,382782,0.2708315230764863,14923,3.7522786990357173,16642.695652173912,296680,86546,77.41645921727648,0.32263038186813137,50.07692307692308,0.25,0.1662905906593406
1001,1968,BossaNova,Jazz,1962,1967,0.45,0.25,10,10,0,0,0,0,0,0,10,10,0,100,10,0,0,436428,0.3087879261648268,127854,22.657820026157133,43642.8,437119,0,100,0.29138229945054916,5.519230769230769,0.4807692307692308,0.2759586978021979
1001,1968,BritishBeat,Rock,1963,1967,0.75,0.4,63,38,22,3,2,3,0,0,62,3,59,4.838709677419355,3,55,4,711553,0.5034483929224546,107124,13.085013992087234,11294.492063492064,428670,283561,60.18693373357801,0.4857498324175825,154.5,0.40384615384615385,0.1658757994505495
1001,1968,BritishBlues,Rock,1964,,0.65,0.6,84,54,27,3,1,3,0,0,82,2,80,2.4390243902439024,2,77,3,1567998,1.1094128943390344,197397,11.181463638449186,18666.64285714286,1169797,399068,74.5632670752423,0.726985895604394,209.71153846153845,1.3846153846153846,0.44371764560439636
1001,1968,BritishPop,Pop,1964,1968,0.8,0.4,59,42,14,3,2,3,0,0,59,2,57,3.389830508474576,2,47,10,733229,0.5187849136946067,226447,23.596192881764264,12427.610169491525,337556,396765,45.96845248876173,0.45191699999999974,210.28846153846155,0.4807692307692308,0.25893370604395594
1001,1968,Bubblegum,Pop,1967,1971,0.9,0.65,57,14,40,3,8,3,0,0,57,40,17,70.17543859649123,40,0,17,10193003,7.211902668394004,950069,8.526095855792729,178824.61403508772,10194312,0,100,0.7480257499999999,30.076923076923077,7.519230769230769,2.237576167582417
1001,1968,Childrens,NonMusic,1950,,0.3,0.35,51,32,16,3,3,3,0,0,51,5,46,9.803921568627452,5,40,6,586442,0.4149280270650677,186234,24.10246985799999,11498.862745098038,302327,284716,51.499975299935436,0.4145211895604407,107.26923076923077,0.38461538461538464,0.21183465109890096
1001,1968,Classical,Classical,1945,,0.15,0.3,67,49,15,3,3,3,0,0,67,5,62,7.462686567164179,5,51,11,685045,0.48469306478865654,133385,16.297667485307233,10224.55223880597,382350,303300,55.76460293152483,0.32238084340659323,135.46153846153845,0.34615384615384615,0.20750151373626377
1001,1968,Comedy,NonMusic,1955,,0.15,0.4,61,46,12,3,2,3,0,0,61,2,59,3.278688524590164,2,51,8,581409,0.41136700524156516,102298,14.962257224220316,9531.295081967213,276259,305721,47.46881336128389,0.5016167307692336,116.4423076923077,1.5,0.17224661263736266
1001,1968,ContemporaryFolk,Folk,1961,1969,0.5,0.4,60,42,15,3,4,3,0,0,60,5,55,8.333333333333334,5,50,5,683214,0.48339756886995333,199416,22.593385676897455,11386.9,368472,315466,53.87505885036363,0.5164677692307725,137.44230769230768,0.2692307692307692,0.255585164835165
1001,1968,Country,Country,1950,,0.65,0.55,234,193,38,3,3,3,0,0,231,39,192,16.883116883116884,39,145,47,12099219,8.560616512286265,680535,5.325102501973043,51706.0641025641,7027265,5076614,58.05795811408888,0.7711304890109891,570.5192307692307,36.86538461538461,3.3525239560439584
1001,1968,CountryRock,Country,1968,,0.4,0.4,22,4,15,3,10,3,0,0,22,14,8,63.63636363636363,14,0,8,3163941,2.238597844083946,305533,8.806320496997527,143815.5,3164272,0,100,0.6117785137362638,9.134615384615385,2.5384615384615383,0.5959599615384615
1001,1968,DooWop,RhythmAndSoul,1954,1965,0.85,0.03,4,4,0,0,0,0,0,0,4,0,4,0,0,0,4,130531,0.09235520358506102,29178,18.269477612407567,32632.75,58825,72116,44.92481346560665,0.030951365384615463,39.05769230769231,0.038461538461538464,0.08015524175824172
1001,1968,EasyListening,Pop,1950,,0.35,0.55,134,83,48,3,7,3,0,0,134,22,112,16.417910447761194,22,97,15,7227472,5.113686771459102,1510131,17.28312673395667,53936.35820895522,3649920,3579651,50.48598319319362,0.685995857142859,440.88461538461536,19.134615384615383,1.3413879368131871
1001,1968,Folk,Folk,1958,1966,0.5,0.3,27,27,0,0,0,0,0,0,27,2,25,7.407407407407407,2,10,15,3225449,2.282116884481322,849876,20.85418954316527,119461.07407407407,1636975,1589873,50.72984534753419,0.3899999999999992,238.90384615384616,10.5,0.5110143241758242
1001,1968,FolkRock,Folk,1965,,0.55,0.6,51,20,28,3,4,3,0,0,51,46,5,90.19607843137256,46,0,5,3345095,2.3667705735524103,1073326,24.292071760477327,65590.09803921569,3346640,0,100,0.7475887582417572,21.307692307692307,3.730769230769231,1.6369073159340661
1001,1968,Funk,RhythmAndSoul,1967,,0.7,0.55,41,14,24,3,2,3,0,0,41,31,10,75.60975609756098,31,0,10,3811145,2.6965170907078577,841821,18.092137359267184,92954.75609756098,3812142,0,100,0.7327689807692308,19.73076923076923,4,1.356108208791208
1001,1968,GarageRock,Rock,1963,1968,0.85,0.4,32,20,9,3,0,3,0,0,32,29,3,90.625,29,0,3,1738981,1.2303892890237031,498754,22.28834066589654,54343.15625,1735862,3960,99.77239050891413,0.4523232884615387,20.884615384615383,1.2884615384615385,0.6864022582417584
1001,1968,Gospel,Gospel,1950,,0.5,0.45,67,45,19,3,3,3,0,0,67,8,59,11.940298507462687,8,43,16,1075736,0.7611204793020754,459757,29.941979546634208,16055.76119402985,621879,454838,57.756959349578395,0.6132226318681319,177.5,0.5,0.5256467609890111
1001,1968,HardRock,Rock,1967,,0.4,0.5,34,11,20,3,3,3,0,0,33,28,5,84.84848484848484,28,0,5,3387802,2.3969872552564286,588050,14.790540492955975,99641.23529411765,3388366,0,100,0.7470763049450554,16.076923076923077,2.8076923076923075,0.8683086401098888
1001,1968,Jazz,Jazz,1945,,0.3,0.4,183,139,41,3,4,3,0,0,180,22,158,12.222222222222221,22,120,38,11631156,8.229445727908343,2584489,18.180596096765218,63558.229508196724,5150288,6484026,44.26808490814327,0.5200000000000025,633.8269230769231,43.71153846153846,1.8434916126373637
1001,1968,LatinPop,Latin,1958,,0.6,0.35,65,51,11,3,0,3,0,0,63,5,58,7.936507936507937,5,52,6,612043,0.4330416212839211,167485,21.485437341570798,9416.046153846153,289750,322850,47.29840026118185,0.45182767582417666,125.86538461538461,0.7692307692307693,0.19837238461538467
1001,1968,ProgressiveRock,Rock,1968,,0.25,0.25,20,2,15,3,1,3,0,0,20,15,5,75,15,0,5,1186632,0.8395832403072689,234602,16.506922857179042,59331.6,1187039,0,100,0.4050630247252754,7.961538461538462,1.0192307692307692,0.3393568736263737
1001,1968,ProtoMetal,Rock,1968,,0.4,0.2,19,7,9,3,2,3,0,0,19,15,4,78.94736842105263,15,0,4,764879,0.5411783849272425,207483,21.338040770824033,40256.78947368421,765255,0,100,0.3461273626373629,7.538461538461538,0.8461538461538461,0.299875934065934
1001,1968,ProtoPunk,Rock,1967,,0.4,0.25,22,2,17,3,1,3,0,0,22,14,8,63.63636363636363,14,0,8,1373199,0.9715858547609549,282288,17.05165911903869,62418.13636363636,1373862,0,100,0.35732327197802216,10.961538461538462,1.3653846153846154,0.4043402170329671
1001,1968,PsychedelicRock,Rock,1966,1971,0.45,0.75,45,33,9,3,0,3,0,0,44,2,42,4.545454545454546,2,39,3,352006,0.24905643711580383,150058,29.88822142197011,7822.355555555556,219856,132489,62.39793384325022,0.8775197637362634,80.36538461538461,0.2692307692307692,0.19139276098901103
1001,1968,Reggae,Caribbean,1968,,0.8,0.1,9,3,3,3,0,3,0,0,9,0,9,0,0,4,5,78185,0.055318595523653355,1317,1.65656209906669,8687.222222222223,32143,46128,41.06629530732966,0.1498636703296703,6.538461538461538,0.057692307692307696,0.05446074175824175
1001,1968,RnB,RhythmAndSoul,1949,1965,0.8,0.35,20,20,0,0,0,0,0,0,20,3,17,15,3,9,8,2052580,1.4522714433707284,275789,11.84472907859536,102629,1568487,485014,76.38111693152328,0.3879931456043954,149.6346153846154,2.3076923076923075,0.4653489450549455
1001,1968,RockAndRoll,Rock,1955,,0.85,0.35,152,118,31,3,7,3,0,0,149,18,131,12.080536912751677,18,28,103,9824938,6.951483932557035,2697427,21.54087506633132,64637.75,7291234,2537747,74.1809756270767,0.45500000000000174,380.21153846153845,21.48076923076923,2.8344313763736264
1001,1968,Rocksteady,Caribbean,1966,1968,0.8,0.12,16,12,1,3,0,3,0,0,16,0,16,0,0,7,9,92135,0.06518870369727955,32465,26.0553772070626,5758.4375,36261,56186,39.22355511806765,0.1101845137362637,36.09615384615385,0,0.11877713186813199
1001,1968,SingerSongwriter,Folk,1967,,0.35,0.4,36,10,23,3,4,3,0,0,36,3,33,8.333333333333334,3,25,8,475550,0.3364680961984185,202653,29.880876374772743,13209.722222222223,377344,98438,79.31027235162323,0.5208519670329664,35.15384615384615,0.28846153846153844,0.22637536813186804
1001,1968,Ska,Caribbean,1964,1967,0.8,0.1,2,2,0,0,0,0,0,0,2,0,2,0,0,1,1,51450,0.03640265702746006,547,1.0519837682943247,25725,5124,46457,9.933890385994843,0.09002846153846111,27.653846153846153,0,0.028830351648351665
1001,1968,Soul,RhythmAndSoul,1960,,0.7,0.9,196,143,50,3,8,3,0,0,195,25,170,12.820512820512821,25,165,5,3798859,2.6878243201687058,478430,11.18535595794439,19381.933673469386,3022583,777958,79.53033528647632,0.9660768571428571,375.8076923076923,3.673076923076923,1.2623207692307699
1001,1968,SunshinePop,Pop,1965,1971,0.55,0.6,80,30,47,3,8,3,0,0,80,64,16,80,64,0,16,8318094,5.885339611354196,1400446,14.410045130235611,103976.175,8320395,0,100,0.7151742005494508,40.90384615384615,8.153846153846153,2.7633091593406602
1001,1968,SurfRock,Rock,1961,1966,0.8,0.25,2,2,0,0,0,0,0,0,2,0,2,0,0,0,2,271683,0.1922251325401639,36630,11.880783489505795,135841.5,271837,0,100,0.28462704395604366,2.2115384615384617,0.28846153846153844,0.05964588736263734
1001,1968,TeenPop,Pop,1957,1965,0.9,0.28,10,10,0,0,0,0,0,0,10,2,8,20,2,1,7,1932902,1.367595113191285,372903,16.172356292054186,193290.2,1433025,500620,74.11003570976058,0.34455323076923067,156.8653846153846,2.730769230769231,0.3290048681318681
1001,1968,TexMex,Latin,1959,,0.75,0.3,30,24,3,3,0,3,0,0,30,1,29,3.3333333333333335,1,20,9,420844,0.29776170639580957,12613,2.9098618778794667,14028.133333333333,235078,186420,55.77203213301131,0.396943060439561,93.40384615384616,0.17307692307692307,0.17759978571428564
1001,1968,TraditionalPop,Pop,1950,1971,0.45,0.32,209,146,60,3,9,3,0,0,209,38,171,18.181818181818183,38,95,76,23692157,16.763021681472054,4858491,17.017095373807276,113359.6028708134,12640352,11057462,53.33973842481842,0.4030355302197809,861.8269230769231,102.42307692307692,3.442023763736268
1001,1969,AcidRock,Rock,1966,1971,0.4,0.65,84,51,30,3,6,3,0,0,83,6,77,7.228915662650603,6,74,3,1056654,0.7809494725054204,153665,12.696239586423083,12579.214285714286,736292,320713,69.65832706562409,0.8279835247252734,98.73076923076923,0.75,0.2870716923076925
1001,1969,BaroquePop,Pop,1966,1970,0.5,0.45,42,18,21,3,3,3,0,0,42,27,15,64.28571428571429,27,0,15,3820788,2.8238594404176203,753777,16.477566719458572,90971.14285714286,3822328,0,100,0.5850000000000015,26.48076923076923,3.7884615384615383,1.3060521318681315
1001,1969,Blues,Blues,1945,,0.5,0.4,71,59,9,3,1,3,0,0,71,2,69,2.816901408450704,2,30,39,2085671,1.5414730529292018,758132,26.65908995805968,29375.647887323943,785454,1302011,37.62716979685887,0.5070317005494497,228.42307692307693,2,0.8665669203296702
1001,1969,BluesRock,Rock,1966,,0.45,0.7,73,37,33,3,5,3,0,0,73,58,15,79.45205479452055,58,0,15,8477331,6.265406815006472,1230148,12.672167511256012,116127.82191780822,8479503,0,100,0.8962362857142849,39.78846153846154,8.48076923076923,3.1135606538461507
1001,1969,Boogaloo,Latin,1966,1969,0.7,0.25,19,14,2,3,0,3,0,0,18,0,18,0,0,15,3,176848,0.13070442388297265,1768,0.9898329376987504,9307.78947368421,41145,136030,23.22280231409623,0.27603316483516444,57.63461538461539,0,0.056815609890109885
1001,1969,BossaNova,Jazz,1962,1967,0.45,0.2,3,3,0,0,0,0,0,0,3,3,0,100,3,0,0,45672,0.03375515950184976,26167,36.42450479544537,15224,45762,0,100,0.2413859972527472,1.3076923076923077,0.057692307692307696,0.0502980961538461
1001,1969,BritishBeat,Rock,1963,1967,0.75,0.35,51,25,23,3,2,3,0,0,51,1,50,1.9607843137254901,1,40,10,574547,0.4246349103676055,133081,18.806632863594995,11265.627450980392,193392,381904,33.616086327733896,0.4527050384615399,145.1153846153846,0.23076923076923078,0.18617566208791195
1001,1969,BritishBlues,Rock,1964,,0.65,0.55,72,40,29,3,4,3,0,0,72,8,64,11.11111111111111,8,62,2,1503458,1.1111723724455256,134940,8.236094038200731,20881.36111111111,1013678,490499,67.39087221783075,0.7087172609890134,218.48076923076923,1.1923076923076923,0.3017265659340658
1001,1969,BritishPop,Pop,1964,1968,0.8,0.3,45,19,23,3,4,3,0,0,45,4,41,8.88888888888889,4,29,12,1363895,1.008024462882628,250724,15.528369231379044,30308.777777777777,949625,415268,69.57505093805888,0.38870632692307605,178.55769230769232,0.7307692307692307,0.339968991758242
1001,1969,Bubblegum,Pop,1967,1971,0.9,0.6,51,18,30,3,3,3,0,0,51,36,15,70.58823529411765,36,0,15,8172079,6.039801850295956,901144,9.931906225604727,160236.8431372549,8173427,0,100,0.7244297142857122,29.903846153846153,7.326923076923077,1.9748228708791211
1001,1969,Childrens,NonMusic,1950,,0.3,0.35,51,39,9,3,2,3,0,0,51,3,48,5.882352941176471,3,38,10,492600,0.36406970508432285,124440,20.16725009723843,9658.823529411764,179900,313273,36.478071589482795,0.44196369780219813,117.42307692307692,0.15384615384615385,0.2294753873626373
1001,1969,Classical,Classical,1945,,0.15,0.3,62,51,8,3,0,3,0,0,62,1,61,1.6129032258064515,1,48,13,682141,0.5041552429880737,178312,20.72303774872073,11002.274193548386,276753,406299,40.51712021925124,0.37493788736263717,163.98076923076923,0.6923076923076923,0.3183374725274725
1001,1969,Comedy,NonMusic,1955,,0.15,0.4,86,66,17,3,2,3,0,0,86,11,75,12.790697674418604,11,61,14,762952,0.563880855934824,193657,20.244112275757388,8871.53488372093,369689,393830,48.41909631587426,0.503160989010992,156.40384615384616,0.25,0.3525424862637361
1001,1969,ContemporaryFolk,Folk,1961,1969,0.5,0.4,56,47,6,3,0,3,0,0,56,7,49,12.5,7,46,3,1015938,0.7508571823872449,156517,13.349510215743887,18141.75,623436,392984,61.33645540229433,0.519595538461541,152.07692307692307,0.9423076923076923,0.27135441208791217
1001,1969,Country,Country,1950,,0.65,0.6,238,201,34,3,5,3,0,0,235,34,201,14.46808510638298,34,181,20,13144462,9.714779544929128,718808,5.184981609677948,55228.83193277311,5654001,7493649,43.00389042908809,0.7917648571428534,710.2115384615385,44.55769230769231,2.1709410412087897
1001,1969,CountryRock,Country,1968,,0.4,0.55,40,9,28,3,7,3,0,0,40,33,7,82.5,33,0,7,3678318,2.718563031803403,793706,17.74825000939172,91957.95,3679283,0,100,0.7141001208791238,20.307692307692307,4.173076923076923,1.4392435412087898
1001,1969,DooWop,RhythmAndSoul,1954,1965,0.85,0.02,2,2,0,0,0,0,0,0,2,0,2,0,0,2,0,58669,0.0433609531619816,5640,8.770156587724891,29334.5,0,58776,0,0.024801615384615304,23.115384615384617,0,0
1001,1969,EasyListening,Pop,1950,,0.35,0.55,141,106,32,3,2,3,0,0,140,19,121,13.571428571428571,19,109,12,6712275,4.960893178430518,1374735,16.99929887560421,47604.78723404255,2826589,3887587,42.098821955218334,0.685995857142859,444,13.75,1.0168787609890106
1001,1969,Folk,Folk,1958,1966,0.5,0.3,23,23,0,0,0,0,0,0,23,5,18,21.73913043478261,5,11,7,2552263,1.8863208236046065,995220,28.054257060569423,110967.95652173914,1198987,1354453,46.95575380662949,0.3899999999999992,177.05769230769232,8,0.40356007417582407
1001,1969,FolkRock,Folk,1965,,0.55,0.55,59,30,26,3,7,3,0,0,59,49,10,83.05084745762711,49,0,10,5271907,3.8963492219284963,1137175,17.743180692648338,89354.35593220338,5273465,0,100,0.7150000000000025,28.46153846153846,6.461538461538462,1.9651768021978
1001,1969,Funk,RhythmAndSoul,1967,,0.7,0.7,51,19,29,3,5,3,0,0,51,41,10,80.3921568627451,41,0,10,4475355,3.307635353223,983322,18.013925352241944,87752.05882352941,4476394,0,100,0.8159484285714279,23.365384615384617,5.596153846153846,1.7758177445054943
1001,1969,GarageRock,Rock,1963,1968,0.85,0.3,9,9,0,0,0,0,0,0,9,7,2,77.77777777777777,7,0,2,282796,0.2090082345087823,200033,41.429367332948104,31421.777777777777,283215,0,100,0.38050221428571307,6.846153846153846,0.38461538461538464,0.24110582692307694
1001,1969,Gospel,Gospel,1950,,0.5,0.5,63,41,19,3,1,3,0,0,63,7,56,11.11111111111111,7,47,9,1530984,1.1315162268956902,385838,20.12904693289205,24301.333333333332,927080,604823,60.51819207874128,0.6316049862637372,184.80769230769232,1.4615384615384615,0.48002278021978023
1001,1969,HardRock,Rock,1967,,0.4,0.65,66,36,27,3,4,3,0,0,66,53,13,80.3030303030303,53,0,13,5228793,3.8644846233393664,828967,13.684381685639575,79224.13636363637,5230469,0,100,0.8422212857142825,28.826923076923077,6.0576923076923075,1.8137060631868134
1001,1969,Jazz,Jazz,1945,,0.3,0.4,158,115,40,3,3,3,0,0,158,21,137,13.291139240506329,21,100,37,11186163,8.267444304578085,3041476,21.37723623715783,70798.5,3954052,7235610,35.33665270675736,0.5200000000000025,617.7307692307693,43.19230769230769,1.572155052197803
1001,1969,LatinPop,Latin,1958,,0.6,0.35,61,52,6,3,0,3,0,0,61,5,56,8.19672131147541,5,50,6,782772,0.5785293771584766,144094,15.546368083412274,12832.327868852459,407956,375361,52.08057529710194,0.446316596153848,137.57692307692307,0.4230769230769231,0.1870059752747253
1001,1969,ProgressiveRock,Rock,1968,,0.25,0.4,30,10,17,3,2,3,0,0,30,24,6,80,24,0,6,2627609,1.9420073765873174,470345,15.182439765083664,87586.96666666666,2628349,0,100,0.519538461538464,14.98076923076923,2.9423076923076925,0.7497852692307688
1001,1969,ProtoMetal,Rock,1968,,0.4,0.35,24,11,10,3,1,3,0,0,24,18,6,75,18,0,6,1505394,1.1126032269908834,288214,16.068951521179656,62724.75,1506047,0,100,0.4521319615384633,12.884615384615385,2.3461538461538463,0.5345905851648358
1001,1969,ProtoPunk,Rock,1967,,0.4,0.3,31,6,22,3,4,3,0,0,31,22,9,70.96774193548387,22,0,9,2505198,1.8515361287816392,363564,12.673201889874447,80812.83870967742,2506205,0,100,0.38998753846153794,17.153846153846153,2.5576923076923075,0.6341641208791207
1001,1969,PsychedelicRock,Rock,1966,1971,0.45,0.65,74,54,17,3,1,3,0,0,74,11,63,14.864864864864865,11,60,3,635952,0.4700179802837704,134921,17.502364202663735,8593.945945945947,425520,210886,66.86297740750402,0.8405184917582387,115.25,0.6153846153846154,0.24125809065934067
1001,1969,Reggae,Caribbean,1968,,0.8,0.2,16,9,4,3,1,3,0,0,16,0,16,0,0,10,6,105954,0.07830824509237586,17530,14.196171163875482,6622.125,37745,68465,35.53808492608982,0.20000000000000137,20.25,0,0.0812634285714286
1001,1969,RnB,RhythmAndSoul,1949,1965,0.8,0.3,9,9,0,0,0,0,0,0,9,0,9,0,0,8,1,522859,0.3864334590553877,47462,8.321980077885963,58095.444444444445,86761,436613,16.577246863619514,0.3580724285714275,110.42307692307692,0.8846153846153846,0.039048766483516455
1001,1969,RockAndRoll,Rock,1955,,0.85,0.35,125,92,30,3,4,3,0,0,125,14,111,11.2,14,42,69,7221462,5.3372219663370775,1966066,21.3992926062375,57771.696,3846517,3378364,53.23986651129617,0.45500000000000174,425.4230769230769,16.596153846153847,1.9077078104395613
1001,1969,Rocksteady,Caribbean,1966,1968,0.8,0.1,15,15,0,0,0,0,0,0,15,2,13,13.333333333333334,2,11,2,78691,0.058158768093362664,5511,6.5449751787368475,5246.066666666667,20867,57932,26.481300524118325,0.12082804945054923,34.57692307692308,0,0.04377535989010987
1001,1969,SingerSongwriter,Folk,1967,,0.35,0.5,40,19,18,3,5,3,0,0,40,5,35,12.5,5,35,0,677963,0.5010673761024823,56556,7.699732750276031,16949.075,468392,209673,69.07774328419842,0.6469385961538487,66.92307692307692,0.4807692307692308,0.14950773626373623
1001,1969,Ska,Caribbean,1964,1967,0.8,0.08,1,1,0,0,0,0,0,0,1,0,1,0,0,1,0,23808,0.017595963334647906,1046,4.208578096081114,23808,0,23906,0,0.08258542857142843,17.365384615384617,0,0
1001,1969,Soul,RhythmAndSoul,1960,,0.7,0.9,180,141,36,3,6,3,0,0,180,18,162,10,18,158,4,2746019,2.0295215742711066,481042,14.906504711252747,15255.66111111111,1697913,1049675,61.796492050482094,0.9660768571428571,423.6730769230769,1.9615384615384615,0.8885594752747251
1001,1969,SunshinePop,Pop,1965,1971,0.55,0.5,65,23,39,3,5,3,0,0,64,49,15,76.5625,49,0,15,8237434,6.088104277368197,1172787,12.462906025267632,126729.75384615385,8239539,0,100,0.6500000000000039,34.36538461538461,8,2.3113641373626392
1001,1969,SurfRock,Rock,1961,1966,0.8,0.2,1,1,0,0,0,0,0,0,1,0,1,0,0,0,1,30951,0.022875195781698898,605,1.917226517936367,30951,30951,0,100,0.24941166758241806,0.7115384615384616,0.038461538461538464,0.01938323076923077
1001,1969,TeenPop,Pop,1957,1965,0.9,0.25,12,12,0,0,0,0,0,0,12,2,10,16.666666666666668,2,7,3,1068263,0.78952942623324,232257,17.858779565097038,89021.91666666667,641692,427330,60.02607991229367,0.32500000000000195,105.34615384615384,1.9423076923076923,0.1423828626373627
1001,1969,TexMex,Latin,1959,,0.75,0.3,41,32,6,3,0,3,0,0,41,5,36,12.195121951219512,5,31,5,353796,0.2614827555420485,3307,0.9260633486697115,8629.170731707318,113683,240609,32.087374256263196,0.37840242032967075,105.38461538461539,0.038461538461538464,0.15076576098901112
1001,1969,TraditionalPop,Pop,1950,1971,0.45,0.3,198,158,37,3,3,3,0,0,198,25,173,12.626262626262626,25,106,67,21827076,16.131906459953516,5418744,19.88834984595802,110237.75757575757,9198239,12633854,42.13173239963754,0.3899999999999992,821.4423076923077,100.9423076923077,2.6441103104395607
1002,1960,AcidRock,Rock,1966,1971,0.4,0.02,0,0,0,0,0,0,0,0,0,0,0,0,0,0,0,0,0,0,0,0,0,0,0,0.019999999999999817,0,0,0
1002,1960,BaroquePop,Pop,1966,1970,0.5,0.02,0,0,0,0,0,0,0,0,0,0,0,0,0,0,0,0,0,0,0,0,0,0,0,0.019999999999999817,0,0,0
1002,1960,Blues,Blues,1945,,0.5,0.3,21,13,5,3,0,0,0,0,21,11,10,52.38095238095238,11,0,10,169434,0.11415356372840951,62072,26.812264044992354,8068.285714285715,162037,7777,95.4202833688624,0.3002322115384596,9.73076923076923,0.23076923076923078,0.2668463186813187
1002,1960,BluesRock,Rock,1966,,0.45,0.02,22,22,0,0,0,0,0,0,22,22,0,100,22,0,0,207845,0.14003238696561066,163292,43.99776901790983,9447.5,208515,0,100,0.035789829670329745,6.980769230769231,0.019230769230769232,0.2831907032967033
1002,1960,Boogaloo,Latin,1966,1969,0.7,0.02,0,0,0,0,0,0,0,0,0,0,0,0,0,0,0,0,0,0,0,0,0,0,0,0.023631664835164882,0,0,0
1002,1960,BossaNova,Jazz,1962,1967,0.45,0.05,0,0,0,0,0,0,0,0,0,0,0,0,0,0,0,0,0,0,0,0,0,0,0,0.16403656593406568,0,0,0
1002,1960,BritishBeat,Rock,1963,1967,0.75,0.01,0,0,0,0,0,0,0,0,0,0,0,0,0,0,0,0,0,0,0,0,0,0,0,0.012534181318681344,0,0,0
1002,1960,BritishBlues,Rock,1964,,0.65,0.01,0,0,0,0,0,0,0,0,0,0,0,0,0,0,0,0,0,0,0,0,0,0,0,0.012534178571428595,0,0,0
1002,1960,BritishPop,Pop,1964,1968,0.8,0.01,0,0,0,0,0,0,0,0,0,0,0,0,0,0,0,0,0,0,0,0,0,0,0,0.0125341730769231,0,0,0
1002,1960,Bubblegum,Pop,1967,1971,0.9,0.01,0,0,0,0,0,0,0,0,0,0,0,0,0,0,0,0,0,0,0,0,0,0,0,0.012534175824175847,0,0,0
1002,1960,Childrens,NonMusic,1950,,0.3,0.35,21,13,5,3,0,0,0,0,21,10,11,47.61904761904762,10,0,11,587184,0.39560623112422777,236051,28.67358652146714,27961.14285714286,584585,3012,99.48740378184368,0.4276898131868135,10.096153846153847,0.5576923076923077,0.39773758516483537
1002,1960,Classical,Classical,1945,,0.15,0.3,14,8,3,3,0,0,0,0,14,4,10,28.571428571428573,4,0,10,128397,0.08650551319119301,72264,36.0129771106493,9171.214285714286,126858,1739,98.64771339922393,0.29999999999999816,6.096153846153846,0.019230769230769232,0.1664191456043955
1002,1960,Comedy,NonMusic,1955,,0.15,0.4,19,13,3,3,0,0,0,0,17,8,9,47.05882352941177,8,0,9,555987,0.3745877299518823,184994,24.96609224797937,29262.473684210527,553561,2676,99.51891010486537,0.5236564038461532,7.019230769230769,0.5384615384615384,0.3023903214285714
1002,1960,ContemporaryFolk,Folk,1961,1969,0.5,0.1,0,0,0,0,0,0,0,0,0,0,0,0,0,0,0,0,0,0,0,0,0,0,0,0.1760244065934061,0,0,0
1002,1960,Country,Country,1950,,0.65,0.65,222,203,16,3,0,0,0,0,226,197,29,87.16814159292035,197,0,29,12114378,8.161876725173473,188269,1.5303129480997057,54569.27027027027,12102500,19010,99.84317135406397,0.8213246236263748,112.98076923076923,8.288461538461538,7.347295123626373
1002,1960,CountryRock,Country,1968,,0.4,0.01,0,0,0,0,0,0,0,0,0,0,0,0,0,0,0,0,0,0,0,0,0,0,0,0.012534175824175847,0,0,0
1002,1960,DooWop,RhythmAndSoul,1954,1965,0.85,0.75,693,649,41,3,0,0,0,0,711,635,76,89.31082981715893,635,0,76,20775901,13.99744525194841,10450392,33.46664299857815,29979.655122655124,20782790,13080,99.93710289591155,0.8545870576923081,294.21153846153845,13.134615384615385,21.417988851648364
1002,1960,EasyListening,Pop,1950,,0.35,0.8,38,21,14,3,0,0,0,0,38,9,29,23.68421052631579,9,0,29,878083,0.5915949791619923,542848,38.20368476724063,23107.447368421053,833201,45545,94.81704610888698,0.8474537280219769,22.057692307692307,1.0961538461538463,1.0008690576923078
1002,1960,Folk,Folk,1958,1966,0.5,0.4,224,211,10,3,0,0,0,0,226,78,148,34.51327433628319,78,0,148,6046928,4.074025170916722,2627319,30.28872707913436,26995.214285714286,5881684,170946,97.17567404582802,0.5529439780219783,138.03846153846155,4.961538461538462,4.755070802197801
1002,1960,FolkRock,Folk,1965,,0.55,0.02,0,0,0,0,0,0,0,0,0,0,0,0,0,0,0,0,0,0,0,0,0,0,0,0.022453826923076854,0,0,0
1002,1960,Funk,RhythmAndSoul,1967,,0.7,0.02,0,0,0,0,0,0,0,0,0,0,0,0,0,0,0,0,0,0,0,0,0,0,0,0.025401873626373618,0,0,0
1002,1960,GarageRock,Rock,1963,1968,0.85,0.1,0,0,0,0,0,0,0,0,0,0,0,0,0,0,0,0,0,0,0,0,0,0,0,0.12534148351648328,0,0,0
1002,1960,Gospel,Gospel,1950,,0.5,0.35,262,242,17,3,0,0,0,0,267,136,131,50.93632958801498,136,0,131,4825306,3.2509760495536715,2966139,38.06917715520035,18417.198473282442,4778203,54070,98.88106487361124,0.452213428571429,149.15384615384616,2.230769230769231,5.102018332417582
1002,1960,HardRock,Rock,1967,,0.4,0.01,0,0,0,0,0,0,0,0,0,0,0,0,0,0,0,0,0,0,0,0,0,0,0,0.012534181318681344,0,0,0
1002,1960,Jazz,Jazz,1945,,0.3,0.5,175,163,9,3,0,0,0,0,177,38,139,21.468926553672315,38,0,139,8561970,5.768496217026868,2290915,21.108811159429038,48925.54285714286,8091609,475094,94.45417916320899,0.6334721016483518,128.8653846153846,17.403846153846153,4.6066773269230765
1002,1960,LatinPop,Latin,1958,,0.6,0.2,17,12,2,3,0,0,0,0,16,4,12,25,4,0,12,127738,0.08606152202946028,16060,11.168444623708258,7514,124818,3199,97.50111313341196,0.21323249450549467,9.153846153846153,0.019230769230769232,0.19359981318681327
1002,1960,ProgressiveRock,Rock,1968,,0.25,0.01,0,0,0,0,0,0,0,0,0,0,0,0,0,0,0,0,0,0,0,0,0,0,0,0.009999999999999908,0,0,0
1002,1960,ProtoMetal,Rock,1968,,0.4,0.01,0,0,0,0,0,0,0,0,0,0,0,0,0,0,0,0,0,0,0,0,0,0,0,0.009999999999999908,0,0,0
1002,1960,ProtoPunk,Rock,1967,,0.4,0.01,0,0,0,0,0,0,0,0,0,0,0,0,0,0,0,0,0,0,0,0,0,0,0,0.009999999999999908,0,0,0
1002,1960,PsychedelicRock,Rock,1966,1971,0.45,0.02,0,0,0,0,0,0,0,0,0,0,0,0,0,0,0,0,0,0,0,0,0,0,0,0.019999999999999817,0,0,0
1002,1960,Reggae,Caribbean,1968,,0.8,0.01,0,0,0,0,0,0,0,0,0,0,0,0,0,0,0,0,0,0,0,0,0,0,0,0.009999999999999908,0,0,0
1002,1960,RnB,RhythmAndSoul,1949,1965,0.8,0.4,542,512,27,3,0,0,0,0,555,513,42,92.43243243243244,513,0,42,17736411,11.949635394323238,7446655,29.570088884332034,32724.005535055352,17737961,12796,99.92791293351601,0.5076700769230769,208.19230769230768,13.153846153846153,12.200433054945057
1002,1960,RockAndRoll,Rock,1955,,0.85,0.6,660,630,27,3,0,0,0,0,675,641,34,94.96296296296296,641,0,34,17427336,11.741400844531826,8219224,32.04805634751795,26405.054545454546,17430724,14060,99.91940284270645,0.7634025549450557,248.21153846153845,10.73076923076923,16.82463960989011
1002,1960,Rocksteady,Caribbean,1966,1968,0.8,0.01,0,0,0,0,0,0,0,0,0,0,0,0,0,0,0,0,0,0,0,0,0,0,0,0.009999999999999908,0,0,0
1002,1960,SingerSongwriter,Folk,1967,,0.35,0.02,0,0,0,0,0,0,0,0,0,0,0,0,0,0,0,0,0,0,0,0,0,0,0,0.027602442307692324,0,0,0
1002,1960,Ska,Caribbean,1964,1967,0.8,0.01,0,0,0,0,0,0,0,0,0,0,0,0,0,0,0,0,0,0,0,0,0,0,0,0.012534181318681344,0,0,0
1002,1960,Soul,RhythmAndSoul,1960,,0.7,0.2,540,540,0,0,0,0,0,0,556,266,290,47.84172661870504,266,0,290,10700723,7.209448309787631,5823773,35.2432715648332,19816.153703703705,10695158,24373,99.77262997793467,0.34472043956043963,324.4423076923077,5.134615384615385,10.373548997252747
1002,1960,SunshinePop,Pop,1965,1971,0.55,0.02,0,0,0,0,0,0,0,0,0,0,0,0,0,0,0,0,0,0,0,0,0,0,0,0.027602442307692324,0,0,0
1002,1960,SurfRock,Rock,1961,1966,0.8,0.05,57,57,0,0,0,0,0,0,61,60,1,98.36065573770492,60,0,1,372861,0.25120939082674376,292258,43.940708354444844,6541.421052631579,374456,0,100,0.18989311538461504,20.807692307692307,0,0.817402750000001
1002,1960,TeenPop,Pop,1957,1965,0.9,0.7,391,364,24,3,0,0,0,0,404,372,32,92.07920792079207,372,0,32,19545839,13.168709809788663,5249029,21.169820303136923,49989.358056265984,19544085,12560,99.93577630518936,0.8424082472527471,170.3653846153846,15.884615384615385,13.374422115384611
1002,1960,TexMex,Latin,1959,,0.75,0.15,7,1,3,3,0,0,0,0,7,4,3,57.142857142857146,4,0,3,47841,0.03223214137853583,152,0.31671285395786886,6834.428571428572,47791,201,99.58118019669945,0.18260690934065907,2.5576923076923075,0,0.08192820054945056
1002,1960,TraditionalPop,Pop,1950,1971,0.45,0.9,396,368,25,3,0,0,0,0,403,148,255,36.72456575682382,148,0,255,27616216,18.60600276859144,5472163,16.53802079576035,69737.9191919192,26931779,694636,97.4856093343997,0.9524334890109881,278.1923076923077,43.61538461538461,16.325127299450543
1002,1961,AcidRock,Rock,1966,1971,0.4,0.02,0,0,0,0,0,0,0,0,0,0,0,0,0,0,0,0,0,0,0,0,0,0,0,0.019999999999999817,0,0,0
1002,1961,BaroquePop,Pop,1966,1970,0.5,0.02,0,0,0,0,0,0,0,0,0,0,0,0,0,0,0,0,0,0,0,0,0,0,0,0.019999999999999817,0,0,0
1002,1961,Blues,Blues,1945,,0.5,0.3,38,20,15,3,0,0,0,0,38,23,15,60.526315789473685,23,0,15,515878,0.3424810363037812,291183,36.07942894031554,13575.736842105263,490501,26659,94.84511563152603,0.3215870000000001,31.903846153846153,0.1346153846153846,0.6948830000000004
1002,1961,BluesRock,Rock,1966,,0.45,0.035,11,11,0,0,0,0,0,0,11,11,0,100,11,0,0,149527,0.09926797017007023,111077,42.62290678577458,13593.363636363636,149978,0,100,0.05499582692307697,4.9423076923076925,0,0.20306109340659337
1002,1961,Boogaloo,Latin,1966,1969,0.7,0.035,0,0,0,0,0,0,0,0,0,0,0,0,0,0,0,0,0,0,0,0,0,0,0,0.036421274725274747,0,0,0
1002,1961,BossaNova,Jazz,1962,1967,0.45,0.275,0,0,0,0,0,0,0,0,0,0,0,0,0,0,0,0,0,0,0,0,0,0,0,0.3881164670329676,0,0,0
1002,1961,BritishBeat,Rock,1963,1967,0.75,0.015,0,0,0,0,0,0,0,0,0,0,0,0,0,0,0,0,0,0,0,0,0,0,0,0.01751363461538458,0,0,0
1002,1961,BritishBlues,Rock,1964,,0.65,0.015,0,0,0,0,0,0,0,0,0,0,0,0,0,0,0,0,0,0,0,0,0,0,0,0.01751363461538458,0,0,0
1002,1961,BritishPop,Pop,1964,1968,0.8,0.015,0,0,0,0,0,0,0,0,0,0,0,0,0,0,0,0,0,0,0,0,0,0,0,0.01751363461538458,0,0,0
1002,1961,Bubblegum,Pop,1967,1971,0.9,0.015,0,0,0,0,0,0,0,0,0,0,0,0,0,0,0,0,0,0,0,0,0,0,0,0.01751363461538458,0,0,0
1002,1961,Childrens,NonMusic,1950,,0.3,0.35,42,22,17,3,0,0,0,0,41,15,26,36.58536585365854,15,0,26,784462,0.5207885560169978,583747,42.66504605656007,18677.666666666668,773664,12100,98.4600974338351,0.4478888708791217,32.94230769230769,0.3269230769230769,0.8852728818681312
1002,1961,Classical,Classical,1945,,0.15,0.3,30,14,13,3,0,0,0,0,30,7,23,23.333333333333332,7,0,23,352076,0.23373618052657813,115842,24.7569018503242,11735.866666666667,344177,8826,97.4997379625669,0.318425725274725,27.134615384615383,0.09615384615384616,0.49729518131868083
1002,1961,Comedy,NonMusic,1955,,0.15,0.47500000000000003,64,38,23,3,0,0,0,0,64,24,40,37.5,24,0,40,2021357,1.3419382879283517,964726,32.307407396244514,31583.703125,2012958,10392,99.48639632292979,0.6639591181318666,41.59615384615385,1.2307692307692308,1.6432039010989008
1002,1961,ContemporaryFolk,Folk,1961,1969,0.5,0.25,20,8,9,3,0,0,0,0,20,8,12,40,8,0,12,317056,0.21048710634361545,143677,31.184438709621407,15852.8,316400,1035,99.67394899743255,0.3551332307692311,9.461538461538462,0.17307692307692307,0.28246035714285717
1002,1961,Country,Country,1950,,0.65,0.625,222,168,51,3,0,0,0,0,222,195,27,87.83783783783784,195,0,27,10563445,7.01285883588367,174465,1.62475751799,47583.085585585584,10516337,56457,99.4660162677907,0.8016089642857132,142.25,6.0576923076923075,7.4020774780219805
1002,1961,CountryRock,Country,1968,,0.4,0.015,0,0,0,0,0,0,0,0,0,0,0,0,0,0,0,0,0,0,0,0,0,0,0,0.01751363461538458,0,0,0
1002,1961,DooWop,RhythmAndSoul,1954,1965,0.85,0.625,473,371,99,3,0,0,0,0,473,412,61,87.10359408033827,412,0,61,16649954,11.053569836919362,8023867,32.51975849220921,35200.74841437632,16647830,25655,99.84613294701138,0.7270994065934067,259.65384615384613,11.711538461538462,15.572228280219786
1002,1961,EasyListening,Pop,1950,,0.35,0.75,102,44,55,3,0,0,0,0,102,38,64,37.254901960784316,38,0,64,4334950,2.8778861830221025,1490386,25.58454997273977,42499.509803921566,4105568,232746,94.6351047895565,0.8643148846153837,95.90384615384616,6.3076923076923075,3.5459696043956033
1002,1961,Folk,Folk,1958,1966,0.5,0.45,195,146,46,3,0,0,0,0,194,75,119,38.65979381443299,75,0,119,6599545,4.381305290656779,3226182,32.83402846425511,33843.820512820515,6071131,535928,91.88855434770599,0.6176781346153862,274.8076923076923,6.846153846153846,5.256642851648351
1002,1961,FolkRock,Folk,1965,,0.55,0.02,0,0,0,0,0,0,0,0,0,0,0,0,0,0,0,0,0,0,0,0,0,0,0,0.02310461538461534,0,0,0
1002,1961,Funk,RhythmAndSoul,1967,,0.7,0.035,0,0,0,0,0,0,0,0,0,0,0,0,0,0,0,0,0,0,0,0,0,0,0,0.039149587912087926,0,0,0
1002,1961,GarageRock,Rock,1963,1968,0.85,0.15000000000000002,0,0,0,0,0,0,0,0,0,0,0,0,0,0,0,0,0,0,0,0,0,0,0,0.17513707967032988,0,0,0
1002,1961,Gospel,Gospel,1950,,0.5,0.35,200,154,43,3,0,0,0,0,197,100,97,50.76142131979695,100,0,97,3800280,2.52292951559193,2145913,36.08885550805364,19001.4,3696496,112151,97.05535850395167,0.452213428571429,203.34615384615384,1.5192307692307692,4.338448678571424
1002,1961,HardRock,Rock,1967,,0.4,0.015,0,0,0,0,0,0,0,0,0,0,0,0,0,0,0,0,0,0,0,0,0,0,0,0.01751363461538458,0,0,0
1002,1961,Jazz,Jazz,1945,,0.3,0.475,167,118,46,3,0,0,0,0,167,39,128,23.353293413173652,39,0,128,8243642,5.472788246595853,2510662,23.345648402723224,49363.12574850299,7205031,1045762,87.32531527575591,0.6011610219780219,269.61538461538464,24.73076923076923,5.074873876373625
1002,1961,LatinPop,Latin,1958,,0.6,0.225,33,16,14,3,0,0,0,0,33,16,17,48.484848484848484,16,0,17,889409,0.5904607601369117,206258,18.82488018713715,26951.78787878788,883127,7252,99.18551538165208,0.2885269368131865,23.23076923076923,0.5384615384615384,0.5911683324175824
1002,1961,ProgressiveRock,Rock,1968,,0.25,0.01,0,0,0,0,0,0,0,0,0,0,0,0,0,0,0,0,0,0,0,0,0,0,0,0.009999999999999908,0,0,0
1002,1961,ProtoMetal,Rock,1968,,0.4,0.01,0,0,0,0,0,0,0,0,0,0,0,0,0,0,0,0,0,0,0,0,0,0,0,0.009999999999999908,0,0,0
1002,1961,ProtoPunk,Rock,1967,,0.4,0.01,0,0,0,0,0,0,0,0,0,0,0,0,0,0,0,0,0,0,0,0,0,0,0,0.009999999999999908,0,0,0
1002,1961,PsychedelicRock,Rock,1966,1971,0.45,0.02,0,0,0,0,0,0,0,0,0,0,0,0,0,0,0,0,0,0,0,0,0,0,0,0.019999999999999817,0,0,0
1002,1961,Reggae,Caribbean,1968,,0.8,0.01,0,0,0,0,0,0,0,0,0,0,0,0,0,0,0,0,0,0,0,0,0,0,0,0.009999999999999908,0,0,0
1002,1961,RnB,RhythmAndSoul,1949,1965,0.8,0.45,479,379,97,3,0,0,0,0,479,423,56,88.3089770354906,423,0,56,19985962,13.268278502452114,7523129,27.347792044455414,41724.34655532359,19961372,43554,99.78228362354352,0.5652589450549448,246.44230769230768,14.403846153846153,13.296477307692303
1002,1961,RockAndRoll,Rock,1955,,0.85,0.625,458,391,64,3,0,0,0,0,458,408,50,89.08296943231441,408,0,50,15492644,10.285254987042592,6683162,30.137177426606275,33826.73362445415,15456073,57258,99.63091098874897,0.7879371016483517,250.07692307692307,9.942307692307692,14.62012804945054
1002,1961,Rocksteady,Caribbean,1966,1968,0.8,0.01,0,0,0,0,0,0,0,0,0,0,0,0,0,0,0,0,0,0,0,0,0,0,0,0.009999999999999908,0,0,0
1002,1961,SingerSongwriter,Folk,1967,,0.35,0.035,0,0,0,0,0,0,0,0,0,0,0,0,0,0,0,0,0,0,0,0,0,0,0,0.042541096153846165,0,0,0
1002,1961,Ska,Caribbean,1964,1967,0.8,0.015,0,0,0,0,0,0,0,0,0,0,0,0,0,0,0,0,0,0,0,0,0,0,0,0.01751363461538458,0,0,0
1002,1961,Soul,RhythmAndSoul,1960,,0.7,0.375,486,437,46,3,0,0,0,0,486,267,219,54.93827160493827,267,0,219,13191616,8.757648742922825,7618684,36.61015939222404,27143.24279835391,13182000,28909,99.7811732712715,0.5526395000000001,303.25,8.403846153846153,11.90992214835165
1002,1961,SunshinePop,Pop,1965,1971,0.55,0.035,0,0,0,0,0,0,0,0,0,0,0,0,0,0,0,0,0,0,0,0,0,0,0,0.042541096153846165,0,0,0
1002,1961,SurfRock,Rock,1961,1966,0.8,0.32499999999999996,72,60,9,3,0,0,0,0,71,67,4,94.36619718309859,67,0,4,1483077,0.9845850140504206,911908,38.07572907554744,20598.291666666668,1484597,0,100,0.5597071703296697,24.134615384615383,0.6923076923076923,1.5290908104395609
1002,1961,TeenPop,Pop,1957,1965,0.9,0.725,338,252,83,3,0,0,0,0,338,278,60,82.24852071005917,278,0,60,16414761,10.897429931028057,5210515,24.094559533020526,48564.38165680473,16351216,78582,99.52171049211925,0.8638738956043959,214.78846153846155,12.48076923076923,13.081225164835157
1002,1961,TexMex,Latin,1959,,0.75,0.175,37,20,14,3,0,0,0,0,37,28,9,75.67567567567568,28,0,9,289602,0.1922609475024088,2038,0.6988067480455356,7827.081081081081,288248,2069,99.28733074535766,0.2112692527472528,16.28846153846154,0.019230769230769232,0.5138662115384617
1002,1961,TraditionalPop,Pop,1950,1971,0.45,0.825,386,298,85,3,0,0,0,0,386,165,221,42.74611398963731,165,0,221,28550411,18.95404406890558,6690323,18.98463011581995,73964.79533678756,26968876,1598119,94.40571540688826,0.9201554368131861,529.6153846153846,41.69230769230769,17.21964032967034
1002,1962,AcidRock,Rock,1966,1971,0.4,0.02,0,0,0,0,0,0,0,0,0,0,0,0,0,0,0,0,0,0,0,0,0,0,0,0.027500008241758217,0,0,0
1002,1962,BaroquePop,Pop,1966,1970,0.5,0.02,0,0,0,0,0,0,0,0,0,0,0,0,0,0,0,0,0,0,0,0,0,0,0,0.04000000000000009,0,0,0
1002,1962,Blues,Blues,1945,,0.5,0.3,40,29,8,3,0,0,0,0,40,25,15,62.5,25,0,15,655284,0.434904369541047,368399,35.98760553804254,16382.1,619724,36815,94.39256464581693,0.3508495741758244,40.59615384615385,0.23076923076923078,0.7436034065934068
1002,1962,BluesRock,Rock,1966,,0.45,0.05,2,2,0,0,0,0,0,0,2,2,0,100,2,0,0,30208,0.020048698266852155,15406,33.774718288244834,15104,30351,0,100,0.09744702197802182,0.9807692307692307,0,0.03818738736263735
1002,1962,Boogaloo,Latin,1966,1969,0.7,0.05,0,0,0,0,0,0,0,0,0,0,0,0,0,0,0,0,0,0,0,0,0,0,0,0.053508964285714306,0,0,0
1002,1962,BossaNova,Jazz,1962,1967,0.45,0.5,33,18,12,3,0,0,0,0,33,33,0,100,33,0,0,1004042,0.6663709979226289,427876,29.881320019721798,30425.515151515152,1004536,0,100,0.6334306675824183,9.846153846153847,0.7307692307692307,0.7590813873626371
1002,1962,BritishBeat,Rock,1963,1967,0.75,0.02,0,0,0,0,0,0,0,0,0,0,0,0,0,0,0,0,0,0,0,0,0,0,0,0.2525000686813185,0,0,0
1002,1962,BritishBlues,Rock,1964,,0.65,0.02,0,0,0,0,0,0,0,0,0,0,0,0,0,0,0,0,0,0,0,0,0,0,0,0.1650000659340659,0,0,0
1002,1962,BritishPop,Pop,1964,1968,0.8,0.02,0,0,0,0,0,0,0,0,0,0,0,0,0,0,0,0,0,0,0,0,0,0,0,0.2150000576923075,0,0,0
1002,1962,Bubblegum,Pop,1967,1971,0.9,0.02,0,0,0,0,0,0,0,0,0,0,0,0,0,0,0,0,0,0,0,0,0,0,0,0.02749999999999997,0,0,0
1002,1962,Childrens,NonMusic,1950,,0.3,0.35,36,23,10,3,0,0,0,0,36,15,21,41.666666666666664,15,0,21,727602,0.4829009850489328,397017,35.30235573114095,20211.166666666668,717522,11490,98.42389425688467,0.44644350549450607,33.13461538461539,0.36538461538461536,0.7706022115384619
1002,1962,Classical,Classical,1945,,0.15,0.3,36,17,16,3,0,0,0,0,36,9,27,25,9,0,27,925809,0.6144486657089555,430724,31.751826162725123,25716.916666666668,914832,12398,98.66289917280503,0.3819789917582413,32.46153846153846,0.6153846153846154,0.7946679670329672
1002,1962,Comedy,NonMusic,1955,,0.15,0.55,59,24,32,3,0,0,0,0,58,26,32,44.827586206896555,26,0,32,1903422,1.2632790437131973,927364,32.75994723726908,32261.389830508473,1882730,23313,98.77689013311871,0.6577791318681341,54.32692307692308,1.2115384615384615,1.7389194010988998
1002,1962,ContemporaryFolk,Folk,1961,1969,0.5,0.4,39,19,17,3,0,0,0,0,39,19,20,48.717948717948715,19,0,20,998438,0.6626516882997661,378690,27.498533179196123,25600.97435897436,995163,4448,99.55502690546622,0.5472208296703307,22.692307692307693,0.6346153846153846,0.8486672115384619
1002,1962,Country,Country,1950,,0.65,0.6,217,159,55,3,0,0,0,0,217,192,25,88.47926267281106,192,0,25,12182074,8.085100830590067,218874,1.7649779678134285,56138.589861751156,12113008,78786,99.35377845130914,0.7816910576923078,161.48076923076923,7.384615384615385,7.487363280219775
1002,1962,CountryRock,Country,1968,,0.4,0.02,0,0,0,0,0,0,0,0,0,0,0,0,0,0,0,0,0,0,0,0,0,0,0,0.027500010989010962,0,0,0
1002,1962,DooWop,RhythmAndSoul,1954,1965,0.85,0.5,347,275,69,3,0,0,0,0,347,302,45,87.03170028818444,302,0,45,10000173,6.636998513417695,5267044,34.499044586842516,28818.942363112394,9993769,22359,99.7767700253032,0.5525000659340671,189.40384615384616,6.115384615384615,9.617414071428577
1002,1962,EasyListening,Pop,1950,,0.35,0.7,104,58,43,3,0,0,0,0,101,39,62,38.613861386138616,39,0,62,4940730,3.279105038002663,1397659,22.050697740387974,47507.019230769234,4546724,398030,91.95045901171221,0.8007193461538457,158.92307692307693,6.923076923076923,3.569038609890112
1002,1962,Folk,Folk,1958,1966,0.5,0.5,195,159,33,3,0,0,0,0,195,79,116,40.51282051282051,79,0,116,7405926,4.915226951821879,3041796,29.114442363608067,37979.10769230769,6691059,722675,90.25221298740958,0.6801265686813187,371.96153846153845,9.23076923076923,5.832655197802196
1002,1962,FolkRock,Folk,1965,,0.55,0.02,0,0,0,0,0,0,0,0,0,0,0,0,0,0,0,0,0,0,0,0,0,0,0,0.05127190384615374,0,0,0
1002,1962,Funk,RhythmAndSoul,1967,,0.7,0.05,0,0,0,0,0,0,0,0,0,0,0,0,0,0,0,0,0,0,0,0,0,0,0,0.05751731043956044,0,0,0
1002,1962,GarageRock,Rock,1963,1968,0.85,0.2,0,0,0,0,0,0,0,0,0,0,0,0,0,0,0,0,0,0,0,0,0,0,0,0.27500010439560435,0,0,0
1002,1962,Gospel,Gospel,1950,,0.5,0.35,166,120,43,3,0,0,0,0,166,100,66,60.24096385542169,100,0,66,3021183,2.0051240193307467,1901625,38.628867914409824,18199.897590361445,2935522,92690,96.93911786889426,0.452213428571429,164.19230769230768,1.1346153846153846,3.5409761153846127
1002,1962,HardRock,Rock,1967,,0.4,0.02,0,0,0,0,0,0,0,0,0,0,0,0,0,0,0,0,0,0,0,0,0,0,0,0.027500005494505465,0,0,0
1002,1962,Jazz,Jazz,1945,,0.3,0.45,155,121,31,3,0,0,0,0,154,42,112,27.272727272727273,42,0,112,8774123,5.823283387951789,2277846,20.61031839665855,56607.245161290324,7519498,1260594,85.64258779976338,0.5687500357142848,381.0769230769231,21.903846153846153,4.6624882115384585
1002,1962,LatinPop,Latin,1958,,0.6,0.25,21,12,6,3,0,0,0,0,21,15,6,71.42857142857143,15,0,6,222650,0.14777021547651722,82691,27.081525245545144,10602.380952380952,214306,9229,95.87134005860379,0.2791661785714289,15.538461538461538,0.038461538461538464,0.35926514010988997
1002,1962,ProgressiveRock,Rock,1968,,0.25,0.01,0,0,0,0,0,0,0,0,0,0,0,0,0,0,0,0,0,0,0,0,0,0,0,0.012499999999999982,0,0,0
1002,1962,ProtoMetal,Rock,1968,,0.4,0.01,0,0,0,0,0,0,0,0,0,0,0,0,0,0,0,0,0,0,0,0,0,0,0,0.012499999999999982,0,0,0
1002,1962,ProtoPunk,Rock,1967,,0.4,0.01,0,0,0,0,0,0,0,0,0,0,0,0,0,0,0,0,0,0,0,0,0,0,0,0.012499999999999982,0,0,0
1002,1962,PsychedelicRock,Rock,1966,1971,0.45,0.02,0,0,0,0,0,0,0,0,0,0,0,0,0,0,0,0,0,0,0,0,0,0,0,0.04000000000000009,0,0,0
1002,1962,Reggae,Caribbean,1968,,0.8,0.01,0,0,0,0,0,0,0,0,0,0,0,0,0,0,0,0,0,0,0,0,0,0,0,0.012499999999999982,0,0,0
1002,1962,RnB,RhythmAndSoul,1949,1965,0.8,0.5,432,342,87,3,0,0,0,0,430,362,68,84.18604651162791,362,0,68,17848655,11.84594473530661,7548249,29.721138450576497,41316.33101851852,17800313,65448,99.63366799768563,0.6073216346153841,250.8653846153846,12.711538461538462,12.605315219780216
1002,1962,RockAndRoll,Rock,1955,,0.85,0.65,452,388,61,3,0,0,0,0,452,407,45,90.04424778761062,407,0,45,16966423,11.260417617676794,6589369,27.973455530597317,37536.33407079646,16890467,92980,99.45252574462651,0.7632342719780215,264.9230769230769,11.5,14.25195563186812
1002,1962,Rocksteady,Caribbean,1966,1968,0.8,0.01,0,0,0,0,0,0,0,0,0,0,0,0,0,0,0,0,0,0,0,0,0,0,0,0.012499999999999982,0,0,0
1002,1962,SingerSongwriter,Folk,1967,,0.35,0.05,0,0,0,0,0,0,0,0,0,0,0,0,0,0,0,0,0,0,0,0,0,0,0,0.06249999999999999,0,0,0
1002,1962,Ska,Caribbean,1964,1967,0.8,0.02,0,0,0,0,0,0,0,0,0,0,0,0,0,0,0,0,0,0,0,0,0,0,0,0.02750000274725272,0,0,0
1002,1962,Soul,RhythmAndSoul,1960,,0.7,0.55,425,354,68,3,0,0,0,0,425,238,187,56,238,0,187,13676810,9.077139729312309,6598065,32.54306130124107,32180.729411764707,13671108,24087,99.82412079565133,0.7113295439560441,287.61538461538464,9.326923076923077,13.172115771978019
1002,1962,SunshinePop,Pop,1965,1971,0.55,0.05,0,0,0,0,0,0,0,0,0,0,0,0,0,0,0,0,0,0,0,0,0,0,0,0.08750001923076915,0,0,0
1002,1962,SurfRock,Rock,1961,1966,0.8,0.6,100,62,35,3,0,0,0,0,100,93,7,93,93,0,7,2990099,1.9844939300521838,1673971,35.89077779707423,29900.99,2987394,6685,99.7767259982118,0.752484197802198,47.71153846153846,2.076923076923077,3.2728921923076912
1002,1962,TeenPop,Pop,1957,1965,0.9,0.75,312,227,82,3,0,0,0,0,311,260,51,83.60128617363344,260,0,51,14795598,9.819666312885369,4806791,24.521455012447717,47421.78846153846,14703624,105902,99.28490621509425,0.8178294313186815,227.65384615384616,11.538461538461538,11.63971679395604
1002,1962,TexMex,Latin,1959,,0.75,0.2,34,24,7,3,0,0,0,0,34,26,8,76.47058823529412,26,0,8,376904,0.250146801230457,3632,0.9544432064246221,11085.411764705883,374548,3593,99.04982532970506,0.24709802747252768,19.423076923076923,0.038461538461538464,0.5717753461538463
1002,1962,TraditionalPop,Pop,1950,1971,0.45,0.75,387,305,79,3,0,0,0,0,385,175,210,45.45454545454545,175,0,210,31226971,20.724977468443544,6318195,16.828251605013545,80689.84754521964,29184595,2057646,93.41389754979484,0.8420674423076916,720.7884615384615,46.28846153846154,16.587951923076915
1002,1963,AcidRock,Rock,1966,1971,0.4,0.035,0,0,0,0,0,0,0,0,0,0,0,0,0,0,0,0,0,0,0,0,0,0,0,0.04245891758241752,0,0,0
1002,1963,BaroquePop,Pop,1966,1970,0.5,0.06,0,0,0,0,0,0,0,0,0,0,0,0,0,0,0,0,0,0,0,0,0,0,0,0.07989042307692291,0,0,0
1002,1963,Blues,Blues,1945,,0.5,0.3,42,29,10,3,0,0,0,0,42,22,20,52.38095238095238,22,0,20,868342,0.5769725901840188,362505,29.45167027258465,20674.809523809523,819090,50707,94.17024892015033,0.3559308516483515,53.82692307692308,0.7307692307692307,0.8739987472527466
1002,1963,BluesRock,Rock,1966,,0.45,0.1,2,2,0,0,0,0,0,0,2,2,0,100,2,0,0,25029,0.016630598266254317,18320,42.26164386721724,12514.5,25135,0,100,0.1615742829670331,0.7307692307692307,0,0.030866686813186807
1002,1963,Boogaloo,Latin,1966,1969,0.7,0.07500000000000001,0,0,0,0,0,0,0,0,0,0,0,0,0,0,0,0,0,0,0,0,0,0,0,0.07485388461538461,0,0,0
1002,1963,BossaNova,Jazz,1962,1967,0.45,0.525,49,30,16,3,0,0,0,0,49,48,1,97.95918367346938,48,0,1,1207648,0.8024255357803146,733193,37.77707705061878,24645.877551020407,1209525,0,100,0.674832700549451,19.673076923076923,0.6346153846153846,1.2904238736263725
1002,1963,BritishBeat,Rock,1963,1967,0.75,0.485,0,0,0,0,0,0,0,0,0,0,0,0,0,0,0,0,0,0,0,0,0,0,0,0.687042986263736,0,0,0
1002,1963,BritishBlues,Rock,1964,,0.65,0.31,0,0,0,0,0,0,0,0,0,0,0,0,0,0,0,0,0,0,0,0,0,0,0,0.45420560714285746,0,0,0
1002,1963,BritishPop,Pop,1964,1968,0.8,0.41000000000000003,0,0,0,0,0,0,0,0,0,0,0,0,0,0,0,0,0,0,0,0,0,0,0,0.5887751236263736,0,0,0
1002,1963,Bubblegum,Pop,1967,1971,0.9,0.035,0,0,0,0,0,0,0,0,0,0,0,0,0,0,0,0,0,0,0,0,0,0,0,0.04245891758241752,0,0,0
1002,1963,Childrens,NonMusic,1950,,0.3,0.35,39,24,12,3,0,0,0,0,38,12,26,31.57894736842105,12,0,26,1121109,0.7449244233362144,451921,28.729331290566613,28746.384615384617,1110913,11646,98.96254896179177,0.44978129395604477,33.38461538461539,0.8269230769230769,0.882970134615385
1002,1963,Classical,Classical,1945,,0.15,0.3,29,17,9,3,0,0,0,0,29,5,24,17.24137931034483,5,0,24,493004,0.32757806814720697,264889,34.9507120398262,17000.137931034482,475872,18130,96.32997437257339,0.35274504120879113,30.826923076923077,0.23076923076923078,0.5461867417582417
1002,1963,Comedy,NonMusic,1955,,0.15,0.47500000000000003,68,48,17,3,0,0,0,0,68,25,43,36.76470588235294,25,0,43,2133679,1.4177297645987952,967019,31.187139153829236,31377.632352941175,2112307,23741,98.88855493884033,0.5662223736263736,61.21153846153846,1.3461538461538463,1.676953659340661
1002,1963,ContemporaryFolk,Folk,1961,1969,0.5,0.47500000000000003,60,23,34,3,0,0,0,0,60,27,33,45,27,0,33,2228169,1.4805139441576418,705591,24.05074034685864,37136.15,2212736,17625,99.20976918086355,0.6550489395604395,48.51923076923077,1.6153846153846154,1.7519797087912101
1002,1963,Country,Country,1950,,0.65,0.575,157,125,29,3,0,0,0,0,156,129,27,82.6923076923077,129,0,27,11627099,7.725662730071809,270464,2.273272265925383,74057.95541401274,11522692,112451,99.0335228368057,0.7607392197802217,144.80769230769232,9.942307692307692,6.308550881868133
1002,1963,CountryRock,Country,1968,,0.4,0.035,0,0,0,0,0,0,0,0,0,0,0,0,0,0,0,0,0,0,0,0,0,0,0,0.042458909340659275,0,0,0
1002,1963,DooWop,RhythmAndSoul,1954,1965,0.85,0.35,259,207,49,3,0,0,0,0,259,206,53,79.53667953667954,206,0,53,6016838,3.9979070522646967,2838575,32.05468790670746,23231.03474903475,6002159,24705,99.59008532463982,0.3580342335164824,138.65384615384616,3.4423076923076925,5.730056310439561
1002,1963,EasyListening,Pop,1950,,0.35,0.625,68,41,24,3,0,0,0,0,67,23,44,34.32835820895522,23,0,44,4009599,2.6641907458458207,1085266,21.301172847563183,58964.69117647059,3452234,560977,86.02174169262469,0.7242971648351649,194.90384615384616,10.403846153846153,2.6277334093406632
1002,1963,Folk,Folk,1958,1966,0.5,0.55,204,164,37,3,0,0,0,0,204,84,120,41.1764705882353,84,0,120,8586407,5.7052653069460995,3435143,28.574875951936313,42090.23039215686,7793802,800693,90.68365273352303,0.7359305741758242,436.0769230769231,13.326923076923077,6.340195651098902
1002,1963,FolkRock,Folk,1965,,0.55,0.06,0,0,0,0,0,0,0,0,0,0,0,0,0,0,0,0,0,0,0,0,0,0,0,0.10306055769230768,0,0,0
1002,1963,Funk,RhythmAndSoul,1967,,0.7,0.07500000000000001,0,0,0,0,0,0,0,0,0,0,0,0,0,0,0,0,0,0,0,0,0,0,0,0.08046123076923078,0,0,0
1002,1963,GarageRock,Rock,1963,1968,0.85,0.35,16,3,10,3,0,0,0,0,16,13,3,81.25,13,0,3,248172,0.16489867085911808,185285,42.74587790715111,15510.75,248550,0,100,0.45280830219780294,5.269230769230769,0.09615384615384616,0.24269106318681322
1002,1963,Gospel,Gospel,1950,,0.5,0.35,175,136,36,3,0,0,0,0,175,92,83,52.57142857142857,92,0,83,3901875,2.5926131931016445,1989829,33.7734040949783,22296.428571428572,3824291,84385,97.84108480723395,0.452213428571429,159.6153846153846,1.9615384615384615,4.050103164835164
1002,1963,HardRock,Rock,1967,,0.4,0.035,0,0,0,0,0,0,0,0,0,0,0,0,0,0,0,0,0,0,0,0,0,0,0,0.042458912087912026,0,0,0
1002,1963,Jazz,Jazz,1945,,0.3,0.42500000000000004,145,115,27,3,0,0,0,0,145,36,109,24.82758620689655,36,0,109,8923511,5.929255126673112,2396926,21.173440565942816,61541.45517241379,7493252,1436704,83.91141008981455,0.5363390851648345,435.4807692307692,33.57692307692308,4.265268711538459
1002,1963,LatinPop,Latin,1958,,0.6,0.275,31,15,13,3,0,0,0,0,31,15,16,48.38709677419355,15,0,16,647733,0.4303882419112113,261759,28.780791914607274,20894.612903225807,642056,6717,98.96466098311735,0.3389508956043961,22.057692307692307,0.4807692307692308,0.5623665027472525
1002,1963,ProgressiveRock,Rock,1968,,0.25,0.015,0,0,0,0,0,0,0,0,0,0,0,0,0,0,0,0,0,0,0,0,0,0,0,0.017486368131868137,0,0,0
1002,1963,ProtoMetal,Rock,1968,,0.4,0.015,0,0,0,0,0,0,0,0,0,0,0,0,0,0,0,0,0,0,0,0,0,0,0,0.017486368131868137,0,0,0
1002,1963,ProtoPunk,Rock,1967,,0.4,0.015,0,0,0,0,0,0,0,0,0,0,0,0,0,0,0,0,0,0,0,0,0,0,0,0.01748636538461539,0,0,0
1002,1963,PsychedelicRock,Rock,1966,1971,0.45,0.06,0,0,0,0,0,0,0,0,0,0,0,0,0,0,0,0,0,0,0,0,0,0,0,0.07989042307692291,0,0,0
1002,1963,Reggae,Caribbean,1968,,0.8,0.015,0,0,0,0,0,0,0,0,0,0,0,0,0,0,0,0,0,0,0,0,0,0,0,0.01748636538461539,0,0,0
1002,1963,RnB,RhythmAndSoul,1949,1965,0.8,0.525,424,355,66,3,0,0,0,0,424,372,52,87.73584905660377,372,0,52,17598203,11.693181681289365,6854929,28.032928460861374,41505.19575471698,17540655,73610,99.5821000762734,0.6353889560439564,253.84615384615384,12.461538461538462,12.167366590659343
1002,1963,RockAndRoll,Rock,1955,,0.85,0.575,389,337,49,3,0,0,0,0,388,344,44,88.65979381443299,344,0,44,13894648,9.232342839866316,6117844,30.57012589936326,35718.88946015424,13798159,113963,99.18083668328958,0.6894135604395599,255.69230769230768,8.576923076923077,12.15086517307691
1002,1963,Rocksteady,Caribbean,1966,1968,0.8,0.015,0,0,0,0,0,0,0,0,0,0,0,0,0,0,0,0,0,0,0,0,0,0,0,0.017486368131868137,0,0,0
1002,1963,SingerSongwriter,Folk,1967,,0.35,0.07500000000000001,0,0,0,0,0,0,0,0,0,0,0,0,0,0,0,0,0,0,0,0,0,0,0,0.08743151923076922,0,0,0
1002,1963,Ska,Caribbean,1964,1967,0.8,0.035,0,0,0,0,0,0,0,0,0,0,0,0,0,0,0,0,0,0,0,0,0,0,0,0.04245891483516477,0,0,0
1002,1963,Soul,RhythmAndSoul,1960,,0.7,0.65,463,360,100,3,0,0,0,0,457,219,238,47.921225382932164,219,0,238,15185913,10.090327955942662,6054299,28.50394807735441,32798.94816414687,15176193,26243,99.8273763494219,0.8089790439560446,291.59615384615387,10.173076923076923,14.308403384615394
1002,1963,SunshinePop,Pop,1965,1971,0.55,0.125,0,0,0,0,0,0,0,0,0,0,0,0,0,0,0,0,0,0,0,0,0,0,0,0.1622945714285714,0,0,0
1002,1963,SurfRock,Rock,1961,1966,0.8,0.625,103,59,41,3,0,0,0,0,103,82,21,79.6116504854369,82,0,21,3921038,2.6053461091021335,1452324,27.02821808767025,38068.330097087375,3913890,10675,99.72799533196672,0.7764199532967028,55.30769230769231,2.6346153846153846,3.1781897252747253
1002,1963,TeenPop,Pop,1957,1965,0.9,0.625,284,219,62,3,0,0,0,0,283,234,49,82.68551236749117,234,0,49,14411359,9.575673099195674,4226321,22.67621828467921,50744.221830985916,14321551,101833,99.29397289845434,0.6988725961538459,219.03846153846155,11.173076923076923,9.492585629120876
1002,1963,TexMex,Latin,1959,,0.75,0.225,40,18,19,3,0,0,0,0,40,32,8,80,32,0,8,562310,0.3736286591992275,8412,1.473922505177652,14057.75,561658,1967,99.65100909292526,0.2974529945054943,19.03846153846154,0.19230769230769232,0.6585377747252745
1002,1963,TraditionalPop,Pop,1950,1971,0.45,0.625,389,296,90,3,0,0,0,0,389,164,225,42.159383033419026,164,0,225,32888012,21.852543663260665,6246890,15.962452135436546,84545.01799485862,30385047,2520659,92.33975104500114,0.7126584505494505,844.9615384615385,66.5576923076923,15.086710357142854
1002,1964,AcidRock,Rock,1966,1971,0.4,0.05,0,0,0,0,0,0,0,0,0,0,0,0,0,0,0,0,0,0,0,0,0,0,0,0.11164644230769231,0,0,0
1002,1964,BaroquePop,Pop,1966,1970,0.5,0.1,0,0,0,0,0,0,0,0,0,0,0,0,0,0,0,0,0,0,0,0,0,0,0,0.19863429120879184,0,0,0
1002,1964,Blues,Blues,1945,,0.5,0.3,28,22,3,3,0,0,0,0,28,18,10,64.28571428571429,18,0,10,754591,0.46982162018865886,308305,29.00613042103837,26949.678571428572,667135,88864,88.24548709720516,0.35359775549450495,51.78846153846154,0.9230769230769231,0.5686793241758243
1002,1964,BluesRock,Rock,1966,,0.45,0.15,0,0,0,0,0,0,0,0,0,0,0,0,0,0,0,0,0,0,0,0,0,0,0,0.2899513846153847,0,0,0
1002,1964,Boogaloo,Latin,1966,1969,0.7,0.1,0,0,0,0,0,0,0,0,0,0,0,0,0,0,0,0,0,0,0,0,0,0,0,0.13839248901098922,0,0,0
1002,1964,BossaNova,Jazz,1962,1967,0.45,0.55,51,30,18,3,0,0,0,0,51,51,0,100,51,0,0,1836669,1.1435424028782266,842203,31.43871749004805,36013.117647058825,1838660,0,100,0.6572691236263746,21.403846153846153,1,1.5126987719780203
1002,1964,BritishBeat,Rock,1963,1967,0.75,0.95,129,37,89,3,0,0,0,0,127,82,45,64.56692913385827,82,0,45,5995025,3.732607940687756,1621027,21.28434784846532,46473.06201550388,5989218,8074,99.86537257148727,0.948640054945055,52.86538461538461,4.326923076923077,3.984636252747256
1002,1964,BritishBlues,Rock,1964,,0.65,0.6,0,0,0,0,0,0,0,0,0,0,0,0,0,0,0,0,0,0,0,0,0,0,0,0.6246586620879123,0,0,0
1002,1964,BritishPop,Pop,1964,1968,0.8,0.8,112,28,81,3,0,0,0,0,111,67,44,60.36036036036036,67,0,44,6132016,3.8179009452044608,1497886,19.63178557208205,54750.142857142855,6113426,20591,99.66431459188979,0.8770877032967034,51.57692307692308,4.269230769230769,3.3798791291208796
1002,1964,Bubblegum,Pop,1967,1971,0.9,0.05,0,0,0,0,0,0,0,0,0,0,0,0,0,0,0,0,0,0,0,0,0,0,0,0.08698784340659331,0,0,0
1002,1964,Childrens,NonMusic,1950,,0.3,0.35,35,23,9,3,0,0,0,0,35,8,27,22.857142857142858,8,0,27,660854,0.41145931635568933,448287,40.41749425907076,18881.542857142857,641118,21016,96.82602011073287,0.45238989010989117,37.57692307692308,0.25,0.6870594230769237
1002,1964,Classical,Classical,1945,,0.15,0.3,33,26,4,3,0,0,0,0,33,11,22,33.333333333333336,11,0,22,859982,0.5354399092661896,308651,26.411285664532834,26060.060606060608,832626,28479,96.69273781942968,0.3559308681318681,42.59615384615385,0.4230769230769231,0.6891503131868132
1002,1964,Comedy,NonMusic,1955,,0.15,0.4,50,31,16,3,0,0,0,0,49,15,34,30.612244897959183,15,0,34,2144406,1.3351448682296518,754981,26.03933176219663,42888.12,2105075,41672,98.05883040712297,0.49918631868131885,65.57692307692308,1.4423076923076923,1.3308698928571432
1002,1964,ContemporaryFolk,Folk,1961,1969,0.5,0.55,43,26,14,3,0,0,0,0,43,19,24,44.18604651162791,19,0,24,1625745,1.0122174130272044,829242,33.77785707215558,37808.023255813954,1603026,24401,98.50063935279432,0.6731923763736261,42.34615384615385,1.0576923076923077,1.3457622252747248
1002,1964,Country,Country,1950,,0.65,0.55,162,131,28,3,0,0,0,0,162,158,4,97.53086419753086,158,0,4,13419538,8.355240236556327,240045,1.757337687394996,82836.65432098765,13272299,153771,98.85468346284505,0.7500914285714272,141.75,11.942307692307692,5.953056450549451
1002,1964,CountryRock,Country,1968,,0.4,0.05,0,0,0,0,0,0,0,0,0,0,0,0,0,0,0,0,0,0,0,0,0,0,0,0.06232929395604411,0,0,0
1002,1964,DooWop,RhythmAndSoul,1954,1965,0.85,0.2,294,260,31,3,0,0,0,0,293,246,47,83.95904436860069,246,0,47,6504578,4.049864594997166,3161654,32.70823626000286,22124.414965986394,6465594,49704,99.2371185477625,0.2279439780219783,172.32692307692307,2.923076923076923,5.742422997252746
1002,1964,EasyListening,Pop,1950,,0.35,0.55,63,33,27,3,0,0,0,0,63,32,31,50.79365079365079,32,0,31,4734905,2.9480350793202965,1005765,17.519993310885315,75157.22222222222,4156517,580970,87.73674735149669,0.6985689065934068,189.67307692307693,15.73076923076923,2.1218412362637356
1002,1964,Folk,Folk,1958,1966,0.5,0.6,169,132,34,3,0,0,0,0,167,95,72,56.88622754491018,95,0,72,9226157,5.74436751810575,3225674,25.90521827673376,54592.6449704142,8203509,1030602,88.83918549387158,0.7227637087912091,426.88461538461536,20.596153846153847,5.508291145604392
1002,1964,FolkRock,Folk,1965,,0.55,0.1,0,0,0,0,0,0,0,0,0,0,0,0,0,0,0,0,0,0,0,0,0,0,0,0.3340254258241758,0,0,0
1002,1964,Funk,RhythmAndSoul,1967,,0.7,0.1,0,0,0,0,0,0,0,0,0,0,0,0,0,0,0,0,0,0,0,0,0,0,0,0.12606682417582427,0,0,0
1002,1964,GarageRock,Rock,1963,1968,0.85,0.5,28,8,17,3,0,0,0,0,28,24,4,85.71428571428571,24,0,4,1039665,0.6473137033882488,452297,30.31558444518024,37130.892857142855,1040376,0,100,0.666385005494505,11.384615384615385,0.8269230769230769,0.7651138406593408
1002,1964,Gospel,Gospel,1950,,0.5,0.35,116,98,15,3,0,0,0,0,116,59,57,50.86206896551724,59,0,57,2787943,1.7358223160011583,1414824,33.664107479667564,24033.991379310344,2661769,131077,95.306687157115,0.46814361813186833,152.42307692307693,1.3653846153846154,2.6270147829670325
1002,1964,HardRock,Rock,1967,,0.4,0.05,0,0,0,0,0,0,0,0,0,0,0,0,0,0,0,0,0,0,0,0,0,0,0,0.07465856868131877,0,0,0
1002,1964,Jazz,Jazz,1945,,0.3,0.4,137,115,19,3,0,0,0,0,136,58,78,42.64705882352941,58,0,78,10423799,6.490040478485593,2794681,21.142226640279368,76086.12408759125,8800175,1629420,84.37695806980041,0.5200000000000025,422.9423076923077,49.53846153846154,4.184918620879122
1002,1964,LatinPop,Latin,1958,,0.6,0.3,28,14,11,3,0,0,0,0,28,18,10,64.28571428571429,18,0,10,1189451,0.7405730998050871,427815,26.452976813956393,42480.392857142855,1175764,14582,98.77497803159754,0.3947141181318683,21.865384615384617,0.5961538461538461,0.5972659807692307
1002,1964,ProgressiveRock,Rock,1968,,0.25,0.02,0,0,0,0,0,0,0,0,0,0,0,0,0,0,0,0,0,0,0,0,0,0,0,0.02739759340659344,0,0,0
1002,1964,ProtoMetal,Rock,1968,,0.4,0.02,0,0,0,0,0,0,0,0,0,0,0,0,0,0,0,0,0,0,0,0,0,0,0,0.02739759340659344,0,0,0
1002,1964,ProtoPunk,Rock,1967,,0.4,0.02,0,0,0,0,0,0,0,0,0,0,0,0,0,0,0,0,0,0,0,0,0,0,0,0.027397596153846186,0,0,0
1002,1964,PsychedelicRock,Rock,1966,1971,0.45,0.1,0,0,0,0,0,0,0,0,0,0,0,0,0,0,0,0,0,0,0,0,0,0,0,0.19863429120879184,0,0,0
1002,1964,Reggae,Caribbean,1968,,0.8,0.02,0,0,0,0,0,0,0,0,0,0,0,0,0,0,0,0,0,0,0,0,0,0,0,0.022465846153846145,0,0,0
1002,1964,RnB,RhythmAndSoul,1949,1965,0.8,0.55,353,296,54,3,0,0,0,0,352,298,54,84.6590909090909,298,0,54,16722566,10.411763527303904,5909957,26.112674225493993,47372.70821529745,16637949,98954,99.40876755992431,0.6217782087912087,247.6153846153846,11.134615384615385,10.62925281593406
1002,1964,RockAndRoll,Rock,1955,,0.85,0.5,320,284,33,3,0,0,0,0,318,279,39,87.73584905660377,279,0,39,11644620,7.2501450916871,4886536,29.559554092889815,36389.4375,11487136,169909,98.54243506823556,0.6179439642857143,236.6153846153846,6.903846153846154,8.845921986263741
1002,1964,Rocksteady,Caribbean,1966,1968,0.8,0.02,0,0,0,0,0,0,0,0,0,0,0,0,0,0,0,0,0,0,0,0,0,0,0,0.03479513461538463,0,0,0
1002,1964,SingerSongwriter,Folk,1967,,0.35,0.1,0,0,0,0,0,0,0,0,0,0,0,0,0,0,0,0,0,0,0,0,0,0,0,0.12465863736263763,0,0,0
1002,1964,Ska,Caribbean,1964,1967,0.8,0.05,9,2,4,3,0,0,0,0,9,5,4,55.55555555555556,5,0,4,217701,0.13554446917163235,13950,6.0219899763005555,24189,210380,7564,96.52938369489411,0.06955637637362627,6.1923076923076925,0.11538461538461539,0.15916146703296705
1002,1964,Soul,RhythmAndSoul,1960,,0.7,0.75,430,333,94,3,0,0,0,0,429,228,201,53.14685314685315,228,0,201,18160617,11.307119356798188,7543819,29.348315598132555,42233.99302325581,18122630,56195,99.69087661056201,0.874623697802198,324.63461538461536,12.23076923076923,16.198126730769218
1002,1964,SunshinePop,Pop,1965,1971,0.55,0.2,0,0,0,0,0,0,0,0,0,0,0,0,0,0,0,0,0,0,0,0,0,0,0,0.286305041208791,0,0,0
1002,1964,SurfRock,Rock,1961,1966,0.8,0.65,92,67,22,3,0,0,0,0,91,77,14,84.61538461538461,77,0,14,3208877,1.997903223237652,1707820,34.73510773594549,34879.09782608696,3190183,22248,99.30744037770772,0.727291370879121,60.76923076923077,2.1153846153846154,2.8774734862637352
1002,1964,TeenPop,Pop,1957,1965,0.9,0.5,255,200,52,3,0,0,0,0,254,203,51,79.92125984251969,203,0,51,12016373,7.48160504385986,4150885,25.674638210140518,47123.03137254902,11859409,168035,98.60290349304474,0.5993446565934057,236.76923076923077,7.75,7.695594813186811
1002,1964,TexMex,Latin,1959,,0.75,0.25,28,18,7,3,0,0,0,0,28,19,9,67.85714285714286,19,0,9,1134327,0.7062519284801182,24581,2.1210484352511156,40511.67857142857,1128694,7059,99.37847401679767,0.3632360082417582,17.96153846153846,0.6346153846153846,0.6312897994505499
1002,1964,TraditionalPop,Pop,1950,1971,0.45,0.5,291,242,46,3,0,0,0,0,291,198,93,68.04123711340206,198,0,93,28171829,17.540275916964085,5561968,16.48782080475554,96810.4089347079,25166968,3019166,89.28847070690858,0.6175791868131867,796.3846153846154,91.90384615384616,10.560527054945052
1002,1965,AcidRock,Rock,1966,1971,0.4,0.175,0,0,0,0,0,0,0,0,0,0,0,0,0,0,0,0,0,0,0,0,0,0,0,0.23732848787061994,0,0,0
1002,1965,BaroquePop,Pop,1966,1970,0.5,0.30000000000000004,0,0,0,0,0,0,0,0,0,0,0,0,0,0,0,0,0,0,0,0,0,0,0,0.39972567385444685,0,0,0
1002,1965,Blues,Blues,1945,,0.5,0.32499999999999996,43,23,17,3,0,0,0,0,43,17,26,39.53488372093023,17,0,26,1332941,0.7830530237776556,563251,29.7043231909005,30998.627906976744,1185346,148695,88.85379085050609,0.4234120566037746,62.20754716981132,2.2830188679245285,0.8178365336927215
1002,1965,BluesRock,Rock,1966,,0.45,0.30000000000000004,0,0,0,0,0,0,0,0,0,0,0,0,0,0,0,0,0,0,0,0,0,0,0,0.47434315094339546,0,0,0
1002,1965,Boogaloo,Latin,1966,1969,0.7,0.22499999999999998,0,0,0,0,0,0,0,0,0,0,0,0,0,0,0,0,0,0,0,0,0,0,0,0.24599426954177936,0,0,0
1002,1965,BossaNova,Jazz,1962,1967,0.45,0.47500000000000003,60,33,24,3,0,0,0,0,60,60,0,100,60,0,0,1894942,1.1132076085762823,881879,31.758582926303134,31582.366666666665,1896932,0,100,0.5625532345013499,22.528301886792452,1.1132075471698113,1.4330133288409692
1002,1965,BritishBeat,Rock,1963,1967,0.75,0.825,157,59,95,3,0,0,0,0,153,32,121,20.915032679738562,32,1,120,6611758,3.8841607350858776,2677959,28.827132193585662,42113.108280254775,6544963,72988,98.89712087623495,0.8845633773584899,146.16981132075472,3.9245283018867925,5.70020023180593
1002,1965,BritishBlues,Rock,1964,,0.65,0.6499999999999999,122,32,87,3,0,0,0,0,120,27,93,22.5,27,1,92,4576785,2.6886901471484617,1535754,25.1246495114387,37514.63114754098,4541003,38155,99.16676821371964,0.847962835579515,66.58490566037736,2.9245283018867925,3.1539451644204877
1002,1965,BritishPop,Pop,1964,1968,0.8,0.775,183,59,121,3,0,0,0,0,183,41,142,22.404371584699454,41,0,142,9800341,5.757334086131444,2801165,22.22881138175072,53553.77595628415,9695564,110667,98.87146244056457,0.8669726415094341,157.9433962264151,5.830188679245283,6.3830648490566
1002,1965,Bubblegum,Pop,1967,1971,0.9,0.125,0,0,0,0,0,0,0,0,0,0,0,0,0,0,0,0,0,0,0,0,0,0,0,0.16239711320754713,0,0,0
1002,1965,Childrens,NonMusic,1950,,0.3,0.35,35,19,13,3,0,0,0,0,35,2,33,5.714285714285714,2,0,33,917858,0.5392072734641004,620946,40.35250753182341,26224.514285714286,872578,46673,94.92271425323443,0.4435931994609167,54.83018867924528,0.39622641509433965,0.7870157115902963
1002,1965,Classical,Classical,1945,,0.15,0.3,36,20,13,3,0,0,0,0,36,1,35,2.7777777777777777,1,1,34,767808,0.4510585060259038,221046,22.353754952702825,21328,708572,60609,92.12032018471595,0.34154768733153557,56.9811320754717,0.3018867924528302,0.6679950323450133
1002,1965,Comedy,NonMusic,1955,,0.15,0.375,51,25,23,3,0,0,0,0,49,1,48,2.0408163265306123,1,0,48,1711574,1.005485761274668,693793,28.843540299671528,33560.27450980392,1614506,99176,94.21269523750614,0.46306114824797895,93.0754716981132,0.8113207547169812,1.226168873315363
1002,1965,ContemporaryFolk,Folk,1961,1969,0.5,0.5,60,29,28,3,0,0,0,0,60,16,44,26.666666666666668,16,0,44,2497599,1.4672460740078135,1079134,30.170940911720276,41626.65,2442666,56931,97.72239284972737,0.6147304420485187,66.79245283018868,1.6415094339622642,1.632246628032343
1002,1965,Country,Country,1950,,0.65,0.55,191,132,56,3,0,0,0,0,191,131,60,68.58638743455498,131,0,60,14075917,8.26907520234827,318663,2.213770738708597,73695.90052356021,13853280,230089,98.36623609024232,0.7500914285714274,173.9245283018868,11.566037735849056,6.509085862533693
1002,1965,CountryRock,Country,1968,,0.4,0.07500000000000001,0,0,0,0,0,0,0,0,0,0,0,0,0,0,0,0,0,0,0,0,0,0,0,0.08746570889487873,0,0,0
1002,1965,DooWop,RhythmAndSoul,1954,1965,0.85,0.15000000000000002,124,98,23,3,0,0,0,0,124,101,23,81.45161290322581,101,1,22,2259149,1.327165610191499,1074636,32.23471219649738,18218.9435483871,2160097,105737,95.33341807034408,0.16253258760107822,127.9245283018868,0.4528301886792453,2.5131295229110506
1002,1965,EasyListening,Pop,1950,,0.35,0.575,98,44,51,3,0,0,0,0,97,25,72,25.77319587628866,25,0,72,5057593,2.971146878734096,1917897,27.494799648483475,51608.0918367347,4433862,627241,87.6066343640902,0.7242021293800535,205.03773584905662,11.773584905660377,2.945858902964959
1002,1965,Folk,Folk,1958,1966,0.5,0.525,183,127,53,3,0,0,0,0,175,69,106,39.42857142857143,69,0,106,11676067,6.859253012834402,3645635,23.793929682224597,63803.64480874317,10275719,1407418,87.95342381074535,0.633726819407009,421.5660377358491,22.11320754716981,5.469512644204849
1002,1965,FolkRock,Folk,1965,,0.55,0.42500000000000004,27,1,23,3,0,0,0,0,27,21,6,77.77777777777777,21,1,5,1091432,0.641175511780112,461631,29.72390688594088,40423.40740740741,1092012,0,100,0.7508479029649605,10.69811320754717,0.8301886792452831,0.6885751132075473
1002,1965,Funk,RhythmAndSoul,1967,,0.7,0.175,0,0,0,0,0,0,0,0,0,0,0,0,0,0,0,0,0,0,0,0,0,0,0,0.19546416172506736,0,0,0
1002,1965,GarageRock,Rock,1963,1968,0.85,0.575,52,21,28,3,0,0,0,0,52,13,39,25,13,0,39,1818766,1.068457055371537,738390,28.875438182105434,34976.269230769234,1808783,11548,99.36560988084035,0.771544385444744,35.77358490566038,1.2452830188679245,1.479272938005391
1002,1965,Gospel,Gospel,1950,,0.5,0.375,136,83,50,3,0,0,0,0,135,26,109,19.25925925925926,26,0,109,4018926,2.360968832557959,2009852,33.337634923694324,29550.926470588234,3792788,230734,94.26537247714813,0.5006207789757413,202.1509433962264,2.2830188679245285,3.191851110512126
1002,1965,HardRock,Rock,1967,,0.4,0.1,0,0,0,0,0,0,0,0,0,0,0,0,0,0,0,0,0,0,0,0,0,0,0,0.12493141509433969,0,0,0
1002,1965,Jazz,Jazz,1945,,0.3,0.4,151,113,35,3,0,0,0,0,150,29,121,19.333333333333332,29,0,121,12131067,7.126548508898243,2831330,18.922970697809983,80338.19205298013,9924756,2212657,81.76994553946545,0.5200000000000026,413.0943396226415,48.15094339622642,4.398869229110514
1002,1965,LatinPop,Latin,1958,,0.6,0.32499999999999996,33,15,15,3,0,0,0,0,31,9,22,29.032258064516128,9,0,22,830573,0.48793059791699617,362921,30.408280225958404,25168.878787878788,804440,27224,96.72656265030108,0.392371668463612,32.58490566037736,0.3584905660377358,0.6629176819407007
1002,1965,ProgressiveRock,Rock,1968,,0.25,0.035,0,0,0,0,0,0,0,0,0,0,0,0,0,0,0,0,0,0,0,0,0,0,0,0.04247942318059301,0,0,0
1002,1965,ProtoMetal,Rock,1968,,0.4,0.035,0,0,0,0,0,0,0,0,0,0,0,0,0,0,0,0,0,0,0,0,0,0,0,0.04247941509433965,0,0,0
1002,1965,ProtoPunk,Rock,1967,,0.4,0.035,0,0,0,0,0,0,0,0,0,0,0,0,0,0,0,0,0,0,0,0,0,0,0,0.04247941509433965,0,0,0
1002,1965,PsychedelicRock,Rock,1966,1971,0.45,0.30000000000000004,0,0,0,0,0,0,0,0,0,0,0,0,0,0,0,0,0,0,0,0,0,0,0,0.39972567115902896,0,0,0
1002,1965,Reggae,Caribbean,1968,,0.8,0.025,0,0,0,0,0,0,0,0,0,0,0,0,0,0,0,0,0,0,0,0,0,0,0,0.027493132075471678,0,0,0
1002,1965,RnB,RhythmAndSoul,1949,1965,0.8,0.5,155,112,40,3,0,0,0,0,155,98,57,63.225806451612904,98,4,53,8415197,4.94361375074715,3010404,26.34788314417771,54291.5935483871,8190775,233126,97.23256481765395,0.5651817601078168,214.41509433962264,5.415094339622642,5.260221628032347
1002,1965,RockAndRoll,Rock,1955,,0.85,0.45,284,234,47,3,0,0,0,0,284,216,68,76.05633802816901,216,2,66,12612338,7.409277235680971,4424134,25.96860429788515,44409.640845070426,12205676,417056,96.69599259494696,0.5525892884097026,261.54716981132077,12.018867924528301,7.324367043126689
1002,1965,Rocksteady,Caribbean,1966,1968,0.8,0.05,0,0,0,0,0,0,0,0,0,0,0,0,0,0,0,0,0,0,0,0,0,0,0,0.06495881940700803,0,0,0
1002,1965,SingerSongwriter,Folk,1967,,0.35,0.15000000000000002,0,0,0,0,0,0,0,0,0,0,0,0,0,0,0,0,0,0,0,0,0,0,0,0.17493141509433965,0,0,0
1002,1965,Ska,Caribbean,1964,1967,0.8,0.07500000000000001,18,10,5,3,0,0,0,0,18,3,15,16.666666666666668,3,0,15,115600,0.06791067987907716,5745,4.73443487576744,6422.222222222223,101303,14609,87.39647318655531,0.08864620754716986,14.81132075471698,0.018867924528301886,0.22031461994609167
1002,1965,Soul,RhythmAndSoul,1960,,0.7,0.8,478,342,133,3,0,0,0,0,478,125,353,26.15062761506276,125,1,352,20902207,12.279265470096936,8269640,28.348016496864254,43728.46652719665,20747963,172470,99.17559067730578,0.9137910700808624,429.2830188679245,14.018867924528301,17.37293644204853
1002,1965,SunshinePop,Pop,1965,1971,0.55,0.375,34,2,29,3,0,0,0,0,33,28,5,84.84848484848484,28,0,5,1599513,0.9396541116386017,536612,25.12081455907309,47044.5,1600282,0,100,0.5813650781671165,13.150943396226415,1.2264150943396226,0.791442692722372
1002,1965,SurfRock,Rock,1961,1966,0.8,0.525,92,61,28,3,0,0,0,0,91,33,58,36.26373626373626,33,1,57,2602019,1.5285889216978934,1332818,33.87225442883657,28282.815217391304,2554256,50876,98.04708552196203,0.5961943665768182,82.24528301886792,1.6037735849056605,2.338558935309972
1002,1965,TeenPop,Pop,1957,1965,0.9,0.425,105,77,25,3,0,0,0,0,105,72,33,68.57142857142857,72,0,33,5674749,3.333702964819319,2418513,29.883043450218217,54045.22857142857,5371801,309205,94.55721398639606,0.5038838894878731,200.79245283018867,4.283018867924528,3.3149985444743946
1002,1965,TexMex,Latin,1959,,0.75,0.275,33,17,13,3,0,0,0,0,33,8,25,24.242424242424242,8,0,25,629248,0.36965968419160505,11842,1.8471665444789342,19068.121212121212,611252,19371,96.92827568927869,0.3707600700808625,27.07547169811321,0.2830188679245283,0.5614788221024261
1002,1965,TraditionalPop,Pop,1950,1971,0.45,0.45,271,223,45,3,0,0,0,0,269,100,169,37.174721189591075,100,0,169,34601627,20.327162755123123,5357796,13.408091503223158,127681.28044280443,30556318,4057674,88.27735905179617,0.5525892991913739,745.0754716981132,93.13207547169812,9.463235832884092
1002,1966,AcidRock,Rock,1966,1971,0.4,0.3,21,2,16,3,0,0,0,0,21,15,6,71.42857142857143,15,4,2,728076,0.49040674919462973,283519,28.026927772478118,34670.28571428572,728570,0,100,0.5812184505494498,8.75,0.7115384615384616,0.35930311263736253
1002,1966,BaroquePop,Pop,1966,1970,0.5,0.5,46,10,33,3,0,0,0,0,46,37,9,80.43478260869566,37,2,7,1780104,1.1990163332788846,543926,23.40443109598413,38697.913043478264,1780985,0,100,0.7378055521978023,16.673076923076923,1.75,1.0610948818681316
1002,1966,Blues,Blues,1945,,0.5,0.35,44,26,15,3,0,0,0,0,42,3,39,7.142857142857143,3,15,24,1146913,0.7725208301592971,392965,25.519229445449575,26066.204545454544,832107,316286,72.45838314932257,0.45989130769230735,87.57692307692308,1.5384615384615385,0.7006605467032962
1002,1966,BluesRock,Rock,1966,,0.45,0.45,69,42,24,3,0,0,0,0,69,61,8,88.40579710144928,61,3,5,3875220,2.6102138274218802,828837,17.61962068061675,56162.608695652176,3876702,0,100,0.6835689642857155,25.21153846153846,2.519230769230769,1.7261940054945064
1002,1966,Boogaloo,Latin,1966,1969,0.7,0.35,25,3,19,3,0,0,0,0,25,0,25,0,0,7,18,1081813,0.7286717273560589,20931,1.8980833266832555,43272.52,1053909,28370,97.37867961958054,0.38882851098901133,20.5,0.75,0.4116695329670329
1002,1966,BossaNova,Jazz,1962,1967,0.45,0.4,52,27,22,3,0,0,0,0,52,52,0,100,52,0,0,3094396,2.0842778543460647,895369,22.441647565708756,59507.61538461538,3096278,0,100,0.4540742472527474,21.942307692307693,2.4423076923076925,1.375938917582417
1002,1966,BritishBeat,Rock,1963,1967,0.75,0.7,103,54,46,3,0,0,0,0,102,9,93,8.823529411764707,9,56,37,1482387,0.9984844847493662,755552,33.76106319251776,14392.106796116504,1310682,175136,88.21282283563667,0.7120452115384622,162.6153846153846,0.6346153846153846,1.6429472005494512
1002,1966,BritishBlues,Rock,1964,,0.65,0.7,113,41,69,3,0,0,0,0,113,6,107,5.3097345132743365,6,80,27,2071520,1.395304046681472,831893,28.652244789149872,18332.035398230088,1856877,217584,89.51129956166928,0.8158406346153848,147.15384615384616,1.3846153846153846,1.7676951813186816
1002,1966,BritishPop,Pop,1964,1968,0.8,0.75,109,52,54,3,0,0,0,0,108,13,95,12.037037037037036,13,64,31,3900096,2.62696943850227,1266806,24.517709064348423,35780.69724770642,3589519,315359,91.9239730408991,0.7715646071428572,209.28846153846155,2.019230769230769,2.359104445054944
1002,1966,Bubblegum,Pop,1967,1971,0.9,0.2,0,0,0,0,0,0,0,0,0,0,0,0,0,0,0,0,0,0,0,0,0,0,0,0.3010961978021968,0,0,0
1002,1966,Childrens,NonMusic,1950,,0.3,0.35,62,31,28,3,0,0,0,0,61,6,55,9.836065573770492,6,39,16,900656,0.6066506533694812,219217,19.57516611258598,14526.709677419354,750055,151575,83.18878032008695,0.4267654697802195,83.90384615384616,0.9615384615384616,0.4433002939560434
1002,1966,Classical,Classical,1945,,0.15,0.3,51,23,25,3,0,0,0,0,51,4,47,7.8431372549019605,4,24,23,1429648,0.9629613229561255,339689,19.19866028913655,28032.313725490196,1307996,122879,91.41231763780904,0.3586701071428568,85.4423076923077,0.8076923076923077,0.5721027115384612
1002,1966,Comedy,NonMusic,1955,,0.15,0.35,44,25,16,3,0,0,0,0,44,1,43,2.272727272727273,1,25,18,1231157,0.8292646675871925,169814,12.121164535168822,27980.840909090908,1052622,179945,85.40079362825712,0.4319091263736276,110.36538461538461,0.5769230769230769,0.5018729615384613
1002,1966,ContemporaryFolk,Folk,1961,1969,0.5,0.45,71,28,40,3,0,0,0,0,71,4,67,5.633802816901408,4,34,33,1494692,1.0067727061010383,512940,25.549503096184957,21052,1361748,134839,90.99023311040388,0.5476455879120885,102.28846153846153,0.8269230769230769,0.9697881236263745
1002,1966,Country,Country,1950,,0.65,0.55,181,120,58,3,0,0,0,0,181,55,126,30.386740331491712,55,43,83,19205566,12.93620334759408,497543,2.525200464556127,106108.09944751381,18154281,1058671,94.48980562695415,0.7500914285714272,252.94230769230768,22.634615384615383,6.15054317307692
1002,1966,CountryRock,Country,1968,,0.4,0.1,0,0,0,0,0,0,0,0,0,0,0,0,0,0,0,0,0,0,0,0,0,0,0,0.15054824175824155,0,0,0
1002,1966,DooWop,RhythmAndSoul,1954,1965,0.85,0.1,29,29,0,0,0,0,0,0,29,10,19,34.48275862068966,10,7,12,609092,0.41026325229846256,197972,24.52990097439608,21003.172413793105,456321,154660,74.68661054926422,0.0971437335164836,104.78846153846153,0.17307692307692307,0.5494597087912086
1002,1966,EasyListening,Pop,1950,,0.35,0.6,88,33,52,3,0,0,0,0,88,19,69,21.59090909090909,19,41,28,3926439,2.6447131699177184,1305565,24.9534404025685,44618.625,2992488,936658,76.16128288437233,0.7369519642857144,217,5.480769230769231,1.7172180549450549
1002,1966,Folk,Folk,1958,1966,0.5,0.45,71,47,21,3,0,0,0,0,71,20,51,28.169014084507044,20,26,25,4903250,3.3026591907830616,1639239,25.05528094888658,69059.85915492958,3224619,1682847,65.70843282459828,0.5192874697802198,373.4230769230769,12.884615384615385,1.903054252747252
1002,1966,FolkRock,Folk,1965,,0.55,0.75,67,17,47,3,0,0,0,0,67,59,8,88.05970149253731,59,2,6,4637908,3.1239340197228955,1120586,19.45970595784245,69222.50746268657,4639271,0,100,0.896939722527473,26.46153846153846,4.346153846153846,2.226991964285714
1002,1966,Funk,RhythmAndSoul,1967,,0.7,0.25,0,0,0,0,0,0,0,0,0,0,0,0,0,0,0,0,0,0,0,0,0,0,0,0.29984673076923063,0,0,0
1002,1966,GarageRock,Rock,1963,1968,0.85,0.65,61,23,35,3,0,0,0,0,61,7,54,11.475409836065573,7,32,22,1418175,0.955233507956716,501893,26.13933464856453,23248.77049180328,1368687,51121,96.39944274155378,0.7342643983516477,62.15384615384615,0.8269230769230769,0.9977367582417583
1002,1966,Gospel,Gospel,1950,,0.5,0.4,154,106,45,3,0,0,0,0,150,12,138,8,12,72,66,4018671,2.7068374471795966,1466106,26.730457774308782,26095.266233766233,3485402,537391,86.64134595043792,0.5494707142857139,279.11538461538464,3.519230769230769,2.283148151098899
1002,1966,HardRock,Rock,1967,,0.4,0.15,0,0,0,0,0,0,0,0,0,0,0,0,0,0,0,0,0,0,0,0,0,0,0,0.2258222774725275,0,0,0
1002,1966,Jazz,Jazz,1945,,0.3,0.4,158,116,39,3,0,0,0,0,156,24,132,15.384615384615385,24,68,64,11575846,7.797088499054573,2557753,18.096968790468726,73264.84810126582,8117529,3463479,70.09345818602318,0.5200000000000025,447.03846153846155,43.36538461538461,3.0850489890109865
1002,1966,LatinPop,Latin,1958,,0.6,0.35,44,27,14,3,0,0,0,0,44,2,42,4.545454545454546,2,20,22,895929,0.603466710067624,320651,26.35675417974979,20362.022727272728,838587,58447,93.48441642122818,0.43160878021977955,51.73076923076923,0.5576923076923077,0.5668522967032965
1002,1966,ProgressiveRock,Rock,1968,,0.25,0.05,0,0,0,0,0,0,0,0,0,0,0,0,0,0,0,0,0,0,0,0,0,0,0,0.07527403296703286,0,0,0
1002,1966,ProtoMetal,Rock,1968,,0.4,0.05,0,0,0,0,0,0,0,0,0,0,0,0,0,0,0,0,0,0,0,0,0,0,0,0.07527403296703286,0,0,0
1002,1966,ProtoPunk,Rock,1967,,0.4,0.05,0,0,0,0,0,0,0,0,0,0,0,0,0,0,0,0,0,0,0,0,0,0,0,0.10054813736263732,0,0,0
1002,1966,PsychedelicRock,Rock,1966,1971,0.45,0.5,9,5,1,3,0,0,0,0,9,0,9,0,0,3,6,168550,0.11352943590607964,66933,28.423707868508554,18727.777777777777,162293,6471,96.16565144225072,0.7346481565934069,6.769230769230769,0.11538461538461539,0.11832374175824178
1002,1966,Reggae,Caribbean,1968,,0.8,0.03,0,0,0,0,0,0,0,0,0,0,0,0,0,0,0,0,0,0,0,0,0,0,0,0.040109626373626375,0,0,0
1002,1966,RnB,RhythmAndSoul,1949,1965,0.8,0.45,27,27,0,0,0,0,0,0,27,9,18,33.333333333333336,9,7,11,2029720,1.3671490160028952,679106,25.070122628769806,75174.81481481482,1668433,363950,82.09245009429817,0.5069372912087917,169.90384615384616,1.4615384615384615,0.9750754175824167
1002,1966,RockAndRoll,Rock,1955,,0.85,0.4,254,209,42,3,0,0,0,0,254,69,185,27.165354330708663,69,66,119,11594339,7.809544742651198,2970399,20.394455430643518,45647.003937007874,10413906,1188639,89.7553597077193,0.4871437609890119,354.88461538461536,15.942307692307692,4.976026505494508
1002,1966,Rocksteady,Caribbean,1966,1968,0.8,0.08,7,0,4,3,0,0,0,0,7,0,7,0,0,2,5,40005,0.026945980916183422,16948,29.75787052481871,5715,35146,4963,87.62621855443915,0.10021927197802191,5.096153846153846,0,0.051444269230769224
1002,1966,SingerSongwriter,Folk,1967,,0.35,0.2,0,0,0,0,0,0,0,0,0,0,0,0,0,0,0,0,0,0,0,0,0,0,0,0.25054830769230874,0,0,0
1002,1966,Ska,Caribbean,1964,1967,0.8,0.1,23,10,10,3,0,0,0,0,22,2,20,9.090909090909092,2,8,12,166803,0.11235271727939367,42180,20.183459898652043,7252.304347826087,123023,44382,73.48824706549983,0.1129324368131865,30.423076923076923,0.038461538461538464,0.2105826923076922
1002,1966,Soul,RhythmAndSoul,1960,,0.7,0.85,506,356,147,3,0,0,0,0,505,59,446,11.683168316831683,59,373,73,11045108,7.4396017844065705,3225403,22.601874592998108,21828.276679841896,10442696,613129,94.45424470810636,0.9513826263736264,576.3461538461538,8.192307692307692,6.631678307692308
1002,1966,SunshinePop,Pop,1965,1971,0.55,0.55,71,18,50,3,0,0,0,0,71,64,7,90.14084507042253,64,1,6,6062923,4.083774714517924,1187479,16.378112551552313,85393.28169014085,6064303,0,100,0.8043114725274725,27.98076923076923,5.576923076923077,2.3260761730769226
1002,1966,SurfRock,Rock,1961,1966,0.8,0.4,29,14,12,3,0,0,0,0,29,27,2,93.10344827586206,27,0,2,1318283,0.8879497202881897,677399,33.943233440999116,45458.03448275862,1318341,1397,99.89414565618327,0.44733703846153866,24.326923076923077,1.0961538461538463,0.8030739285714288
1002,1966,TeenPop,Pop,1957,1965,0.9,0.35,23,23,0,0,0,0,0,0,23,9,14,39.130434782608695,9,3,11,2625432,1.768399964222904,673857,20.42430960125045,114149.21739130435,2143812,483884,81.58523664837942,0.4221437664835173,185.46153846153845,2.5,0.9473140192307703
1002,1966,TexMex,Latin,1959,,0.75,0.3,38,18,17,3,0,0,0,0,37,4,33,10.81081081081081,4,17,16,1486240,1.001079731955217,33287,2.1906158956043558,39111.57894736842,1426321,61198,95.88590128932807,0.43542677197802304,43.75,1.0576923076923077,0.6302986978021982
1002,1966,TraditionalPop,Pop,1950,1971,0.45,0.4,297,207,87,3,0,0,0,0,293,71,222,24.2320819112628,71,90,132,36518742,24.597758405574954,5392996,12.86750742715561,122958.72727272728,28922339,7606000,79.17781041180109,0.4871437582417591,770.6730769230769,103.3076923076923,7.198362969780219
1002,1967,AcidRock,Rock,1966,1971,0.4,0.65,55,12,40,3,0,0,0,0,55,42,13,76.36363636363636,42,8,5,2756307,2.182645493446367,710076,20.484637733337603,50114.67272727273,2757242,0,100,0.8595121675824182,20.46153846153846,3.0961538461538463,1.0983849670329673
1002,1967,BaroquePop,Pop,1966,1970,0.5,0.65,64,10,51,3,0,0,0,0,64,49,15,76.5625,49,7,8,6981988,5.528848797864901,1000108,12.529390776557937,109093.5625,6983300,0,100,0.779481467032968,29.98076923076923,6.326923076923077,2.134158162087913
1002,1967,Blues,Blues,1945,,0.5,0.4,58,34,21,3,0,0,0,0,57,10,47,17.54385964912281,10,44,3,1616740,1.280252988899451,200221,11.019554079586738,27874.827586206895,988736,628453,61.13917420907513,0.4987749010989028,110.21153846153847,3.576923076923077,0.300998173076923
1002,1967,BluesRock,Rock,1966,,0.45,0.6,57,22,32,3,0,0,0,0,57,49,8,85.96491228070175,49,5,3,3158825,2.5013886881380483,808158,20.372106459745353,55417.98245614035,3160326,0,100,0.8416649587912091,23.51923076923077,4,1.6531311318681317
1002,1967,Boogaloo,Latin,1966,1969,0.7,0.4,38,18,17,3,0,0,0,0,37,4,33,10.81081081081081,4,32,1,345461,0.2735612886414595,18645,5.120761536475642,9091.078947368422,232729,113028,67.30998938560897,0.37916340659340664,42.34615384615385,0.3269230769230769,0.1024171978021978
1002,1967,BossaNova,Jazz,1962,1967,0.45,0.3,17,6,8,3,0,0,0,0,17,17,0,100,17,0,0,1064100,0.8426322138920951,310713,22.600382742962132,62594.117647058825,1065290,0,100,0.3549557390109894,10.211538461538462,1.4230769230769231,0.5447111208791203
1002,1967,BritishBeat,Rock,1963,1967,0.75,0.5,31,19,9,3,0,0,0,0,31,2,29,6.451612903225806,2,29,0,405361,0.3209944900437116,72524,15.17603607562489,13076.161290322581,158706,247419,39.07811634349031,0.5830440879120874,162.75,0.19230769230769232,0.15391476923076913
1002,1967,BritishBlues,Rock,1964,,0.65,0.65,101,67,31,3,0,0,0,0,101,10,91,9.900990099009901,10,91,0,970367,0.7684075683655959,165168,14.54539049875169,9607.594059405941,566606,404178,58.36581567063322,0.7648397967032969,199.67307692307693,0.6923076923076923,0.33825042582417586
1002,1967,BritishPop,Pop,1964,1968,0.8,0.55,97,55,39,3,0,0,0,0,97,11,86,11.34020618556701,11,85,1,1733967,1.3730819021011507,252606,12.71566662790645,17875.94845360825,1270366,464490,73.22601991173907,0.6008635714285694,224.8653846153846,1,0.38871978846153826
1002,1967,Bubblegum,Pop,1967,1971,0.9,0.4,25,0,22,3,0,0,0,0,25,14,11,56,14,7,4,1424941,1.128372511507956,262979,15.580063036162851,56997.64,1425196,0,100,0.6496531346153845,9.615384615384615,1.75,0.44875815384615403
1002,1967,Childrens,NonMusic,1950,,0.3,0.35,67,39,25,3,0,0,0,0,65,8,57,12.307692307692308,8,57,0,988960,0.7831308657557808,154073,13.47931337065509,14760.597014925374,690139,299181,69.7589253224437,0.4513601098901106,121.38461538461539,1.1923076923076923,0.24208196978021992
1002,1967,Classical,Classical,1945,,0.15,0.3,40,29,8,3,0,0,0,0,40,5,35,12.5,5,35,0,757611,0.5999318054684748,72641,8.74927130557951,18940.275,494012,263937,65.17747236291623,0.3746098846153847,103.53846153846153,1.75,0.13749272527472522
1002,1967,Comedy,NonMusic,1955,,0.15,0.35,70,43,24,3,0,0,0,0,69,6,63,8.695652173913043,6,62,1,817564,0.6474069761474268,70080,7.8950570273668275,11679.485714285714,516989,300990,63.20321181839632,0.4666893104395597,125.28846153846153,1,0.13387454120879116
1002,1967,ContemporaryFolk,Folk,1961,1969,0.5,0.4,62,32,27,3,0,0,0,0,62,11,51,17.741935483870968,11,50,1,1453706,1.1511507425319256,157469,9.773550359209894,23446.870967741936,1172106,282017,80.60569841753414,0.4920737719780238,130.1346153846154,1.2307692307692308,0.2955944093406592
1002,1967,Country,Country,1950,,0.65,0.55,155,103,49,3,0,0,0,0,155,27,128,17.419354838709676,27,117,11,7495053,5.935131193147814,428045,5.402495337051239,48355.180645161294,4864068,2634614,64.86563905496993,0.7500914285714272,309.63461538461536,30.192307692307693,1.8714578324175832
1002,1967,CountryRock,Country,1968,,0.4,0.2,0,0,0,0,0,0,0,0,0,0,0,0,0,0,0,0,0,0,0,0,0,0,0,0.3005478461538464,0,0,0
1002,1967,DooWop,RhythmAndSoul,1954,1965,0.85,0.05,10,10,0,0,0,0,0,0,10,4,6,40,4,6,0,367002,0.29061902806392886,44833,10.886155863391892,36700.2,216949,150571,59.0305289508054,0.05192876923076925,85.51923076923077,0.2692307692307692,0.07092796978021973
1002,1967,EasyListening,Pop,1950,,0.35,0.6,87,41,43,3,0,0,0,0,87,13,74,14.942528735632184,13,73,1,3601891,2.8522407551245297,490059,11.976172729383302,41401.0459770115,2222611,1380224,61.69061308663871,0.7113503708791209,222.25,10.173076923076923,0.6456339505494504
1002,1967,Folk,Folk,1958,1966,0.5,0.35,19,19,0,0,0,0,0,0,19,6,13,31.57894736842105,6,10,3,2424529,1.919919405051769,414119,14.588599925034735,127606.78947368421,1482552,943402,61.11212331313784,0.4223219972527471,247.84615384615384,2.480769230769231,0.3450324725274725
1002,1967,FolkRock,Folk,1965,,0.55,0.7,68,27,38,3,0,0,0,0,68,58,10,85.29411764705883,58,4,6,7707883,6.1036655546576855,1281640,14.257041224545507,113351.2205882353,7709424,0,100,0.8300733516483517,31.173076923076923,7.538461538461538,2.6407167554945055
1002,1967,Funk,RhythmAndSoul,1967,,0.7,0.4,41,3,35,3,0,0,0,0,41,30,11,73.17073170731707,30,7,4,1808937,1.4324486318027674,471091,20.66163222556916,44120.41463414634,1809476,0,100,0.5521741895604395,14.211538461538462,2.230769230769231,0.7100153021978015
1002,1967,GarageRock,Rock,1963,1968,0.85,0.55,71,29,39,3,0,0,0,0,71,3,68,4.225352112676056,3,68,0,507564,0.4019263011107296,105903,17.263031263295336,7148.788732394366,349559,158515,68.80080460720289,0.6025502582417545,98.6923076923077,0.46153846153846156,0.1933596978021978
1002,1967,Gospel,Gospel,1950,,0.5,0.45,155,108,44,3,0,0,0,0,154,18,136,11.688311688311689,18,134,2,2082808,1.6493197219736555,365791,14.938787445392242,13437.470967741936,1337726,746162,64.19375705412192,0.5814177142857142,318.0769230769231,2.4038461538461537,0.5625026978021973
1002,1967,HardRock,Rock,1967,,0.4,0.3,22,5,14,3,0,0,0,0,22,20,2,90.9090909090909,20,1,1,654487,0.5182706792346543,235442,26.45626785957082,29749.409090909092,654972,0,100,0.5093693049450544,7.326923076923077,0.8461538461538461,0.3439685412087914
1002,1967,Jazz,Jazz,1945,,0.3,0.4,130,106,21,3,0,0,0,0,127,16,111,12.598425196850394,16,95,16,9071450,7.183437643747247,1405901,13.418477628553248,69780.38461538461,4891152,4182414,53.90550969706949,0.5200000000000025,446.1923076923077,39.86538461538461,1.2138247032967027
1002,1967,LatinPop,Latin,1958,,0.6,0.35,51,32,16,3,0,0,0,0,49,3,46,6.122448979591836,3,40,6,1330380,1.0534921950171652,85923,6.066710301397371,26085.882352941175,1156458,174223,86.90723020769065,0.4426902280219787,77.03846153846153,1.4423076923076923,0.2255080274725275
1002,1967,ProgressiveRock,Rock,1968,,0.25,0.1,0,0,0,0,0,0,0,0,0,0,0,0,0,0,0,0,0,0,0,0,0,0,0,0.175410978021978,0,0,0
1002,1967,ProtoMetal,Rock,1968,,0.4,0.1,0,0,0,0,0,0,0,0,0,0,0,0,0,0,0,0,0,0,0,0,0,0,0,0.15027393131868164,0,0,0
1002,1967,ProtoPunk,Rock,1967,,0.4,0.15,19,7,9,3,0,0,0,0,19,17,2,89.47368421052632,17,2,0,234780,0.18591597704876053,132286,36.03875052442885,12356.842105263158,235068,0,100,0.2295001016483516,5.365384615384615,0.25,0.20973334890109888
1002,1967,PsychedelicRock,Rock,1966,1971,0.45,0.85,38,24,11,3,0,0,0,0,35,3,32,8.571428571428571,3,32,0,241844,0.1915097689470161,81057,25.102740468440793,6364.315789473684,185863,56017,76.84099553497602,0.8954371703296707,23.115384615384617,0.23076923076923078,0.08264644505494506
1002,1967,Reggae,Caribbean,1968,,0.8,0.05,0,0,0,0,0,0,0,0,0,0,0,0,0,0,0,0,0,0,0,0,0,0,0,0.07513694230769234,0,0,0
1002,1967,RnB,RhythmAndSoul,1949,1965,0.8,0.4,18,18,0,0,0,0,0,0,18,1,17,5.555555555555555,1,13,4,866746,0.6863528811785714,150086,14.7601570367573,48152.555555555555,513354,353947,59.18983144260182,0.44742696978022,152.17307692307693,0.5576923076923077,0.11826243131868133
1002,1967,RockAndRoll,Rock,1955,,0.85,0.35,223,192,28,3,0,0,0,0,221,32,189,14.479638009049774,32,153,36,10071606,7.97543432123758,1638638,13.993201166431716,45164.15246636771,7265056,2809254,72.11467584380469,0.45500000000000174,474.6730769230769,26,2.1685597115384607
1002,1967,Rocksteady,Caribbean,1966,1968,0.8,0.12,19,9,7,3,0,0,0,0,19,1,18,5.2631578947368425,1,16,2,98276,0.07782212522550469,9287,8.634009836096055,5172.421052631579,57582,40841,58.50461782306981,0.11999999999999955,17.365384615384617,0,0.06526136813186813
1002,1967,SingerSongwriter,Folk,1967,,0.35,0.3,20,5,12,3,0,0,0,0,20,1,19,5,1,16,3,115567,0.09151440378053544,69973,37.713161582408105,5778.35,81465,34165,70.45316959266626,0.3679512912087919,9.596153846153847,0.09615384615384616,0.05733257417582416
1002,1967,Ska,Caribbean,1964,1967,0.8,0.12,11,3,5,3,0,0,0,0,11,1,10,9.090909090909092,1,8,2,106129,0.08404070503538592,4749,4.283085914248092,9648.09090909091,41246,65066,38.797125442094966,0.11665721978021946,37.03846153846154,0.019230769230769232,0.060438211538461566
1002,1967,Soul,RhythmAndSoul,1960,,0.7,0.9,455,331,121,3,0,0,0,0,451,58,393,12.86031042128603,58,390,3,9345002,7.400056126384791,1472821,13.614763340091624,20538.465934065935,7984868,1363591,85.41373503376332,0.9660768571428571,799.7884615384615,8.846153846153847,3.322012332417579
1002,1967,SunshinePop,Pop,1965,1971,0.55,0.7,77,24,50,3,0,0,0,0,77,69,8,89.6103896103896,69,5,3,6650262,5.266163886873858,1216513,15.463935348347958,86367.03896103895,6652043,0,100,0.8315250384615379,34.55769230769231,8.538461538461538,2.8812689175824175
1002,1967,SurfRock,Rock,1961,1966,0.8,0.3,5,5,0,0,0,0,0,0,5,4,1,80,4,0,1,124305,0.09843379132398918,139686,52.913167494346396,24861,124693,0,100,0.3430995439560444,4.134615384615385,0.07692307692307693,0.1694154285714286
1002,1967,TeenPop,Pop,1957,1965,0.9,0.3,15,15,0,0,0,0,0,0,15,4,11,26.666666666666668,4,10,1,1343193,1.0636384656276336,208690,13.447534382424449,89546.2,854740,489057,63.60633339708304,0.3769288571428572,164.09615384615384,1.9423076923076923,0.19491758791208783
1002,1967,TexMex,Latin,1959,,0.75,0.3,44,30,11,3,0,0,0,0,44,2,42,4.545454545454546,2,42,0,204391,0.1618517440368567,2807,1.3547428063977451,4645.25,82291,122471,40.18860921460036,0.36221825824175846,63.69230769230769,0,0.0694272637362637
1002,1967,TraditionalPop,Pop,1950,1971,0.45,0.35,246,193,50,3,0,0,0,0,246,62,184,25.203252032520325,62,122,62,35352870,27.994988361563227,3668680,9.40167676578711,143710.8536585366,25891526,9467119,73.22544741179986,0.4353931840659338,750.6923076923077,110.67307692307692,4.449436609890111
1002,1968,AcidRock,Rock,1966,1971,0.4,0.7,57,14,40,3,0,0,0,0,57,2,55,3.508771929824561,2,51,4,273885,0.20643663371431434,200364,42.248692142735145,4805,218232,56131,79.54133757102817,0.7780139313186814,32.23076923076923,0.1346153846153846,0.26178260714285717
1002,1968,BaroquePop,Pop,1966,1970,0.5,0.55,58,21,34,3,0,0,0,0,58,48,10,82.75862068965517,48,1,9,5356522,4.0373966084183746,1073181,16.690988681747818,92353.8275862069,5357915,0,100,0.6501772774725276,26.403846153846153,5.365384615384615,1.838608013736264
1002,1968,Blues,Blues,1945,,0.5,0.4,60,39,18,3,0,0,0,0,60,3,57,5,3,27,30,1958078,1.4758713725470807,673459,25.59184993408795,32634.633333333335,1002823,956468,51.18295342549933,0.5157041923076937,144.25,4.576923076923077,0.7692943543956041
1002,1968,BluesRock,Rock,1966,,0.45,0.7,107,56,48,3,0,0,0,0,107,88,19,82.24299065420561,88,1,18,7395878,5.574530031515986,1768884,19.300926745288095,69120.35514018692,7398110,0,100,0.8962362857142849,44.59615384615385,8.288461538461538,3.6221432609890116
1002,1968,Boogaloo,Latin,1966,1969,0.7,0.35,41,28,10,3,0,0,0,0,41,2,39,4.878048780487805,2,27,12,536236,0.40417969117121805,24105,4.301844769524272,13078.926829268292,367197,169584,68.40722752854516,0.31450976648351653,74.0576923076923,0.25,0.25925370879120874
1002,1968,BossaNova,Jazz,1962,1967,0.45,0.25,3,3,0,0,0,0,0,0,3,3,0,100,3,0,0,58359,0.043987204508949634,31906,35.34703373400543,19453,58428,0,100,0.28395053296703265,1.3653846153846154,0.038461538461538464,0.06427140934065934
1002,1968,BritishBeat,Rock,1963,1967,0.75,0.4,43,12,28,3,0,0,0,0,43,2,41,4.651162790697675,2,33,8,475655,0.3585176881150197,101138,17.534540120979276,11061.744186046511,242245,234279,50.83584457446005,0.48478624175824103,133.23076923076923,0.28846153846153844,0.15563000000000007
1002,1968,BritishBlues,Rock,1964,,0.65,0.6,80,57,20,3,0,0,0,0,80,11,69,13.75,11,67,2,1119532,0.8438301382531126,158618,12.409967531197434,13994.15,650317,470227,58.035829025901705,0.7165446950549453,239.59615384615384,0.7115384615384616,0.3753115879120877
1002,1968,BritishPop,Pop,1964,1968,0.8,0.4,33,19,11,3,0,0,0,0,32,0,32,0,0,31,1,818965,0.6172823547468589,97821,10.669992779121845,24817.121212121212,353877,466153,43.15415289684524,0.4548546181318685,217.98076923076923,0.40384615384615385,0.17139268956043982
1002,1968,Bubblegum,Pop,1967,1971,0.9,0.65,57,15,39,3,0,0,0,0,56,47,9,83.92857142857143,47,1,8,7845054,5.913089577987171,939136,10.691207726608829,137632.52631578947,7846197,0,100,0.7476813434065935,25.01923076923077,7.3076923076923075,2.0380917664835163
1002,1968,Childrens,NonMusic,1950,,0.3,0.35,75,52,20,3,0,0,0,0,74,6,68,8.108108108108109,6,54,14,1024928,0.7725238188274084,214871,17.331115769572325,13665.706666666667,608519,417145,59.329273524273056,0.45034015659340687,155.53846153846155,1.4807692307692308,0.40307173351648357
1002,1968,Classical,Classical,1945,,0.15,0.3,42,28,11,3,0,0,0,0,41,1,40,2.4390243902439024,1,23,17,523168,0.3943298858537357,187349,26.367982750588656,12456.380952380952,235928,288127,45.01970213050157,0.34161413461538415,114.28846153846153,0.75,0.3685043983516483
1002,1968,Comedy,NonMusic,1955,,0.15,0.4,54,41,10,3,0,0,0,0,54,2,52,3.7037037037037037,2,43,9,724356,0.5459722666475559,115474,13.74968743674315,13414,306108,419154,42.20654053293844,0.49718685439560645,148.34615384615384,0.3269230769230769,0.2982384230769232
1002,1968,ContemporaryFolk,Folk,1961,1969,0.5,0.4,72,41,28,3,0,0,0,0,70,3,67,4.285714285714286,3,51,16,913799,0.6887620331581018,307599,25.184174200383495,12691.652777777777,546870,367861,59.784789189390104,0.4827842280219789,147.44230769230768,0.5192307692307693,0.41616078846153864
1002,1968,Country,Country,1950,,0.65,0.55,159,105,51,3,0,0,0,0,159,20,139,12.578616352201259,20,101,38,7944846,5.988306273138855,716931,8.276950561068473,49967.58490566038,3771003,4176266,47.450300222629934,0.7711304890109891,426.7307692307692,32.11538461538461,1.9808319917582429
1002,1968,CountryRock,Country,1968,,0.4,0.4,20,3,14,3,0,0,0,0,20,13,7,65,13,0,7,1320133,0.9950300767664491,240676,15.419952088948744,66006.65,1320625,0,100,0.612188461538462,9.192307692307692,1.5961538461538463,0.5489253406593407
1002,1968,DooWop,RhythmAndSoul,1954,1965,0.85,0.03,11,11,0,0,0,0,0,0,11,4,7,36.36363636363637,4,0,7,331170,0.24961432713426976,85823,20.581400647013258,30106.363636363636,235030,96742,70.84081839335447,0.0325132115384615,58.84615384615385,0.25,0.18827846703296702
1002,1968,EasyListening,Pop,1950,,0.35,0.55,99,65,31,3,0,0,0,0,98,7,91,7.142857142857143,7,67,24,3527012,2.6584314013180395,887804,20.109648963852628,35626.38383838384,1506537,2021620,42.700395702345446,0.6852068269230785,253.57692307692307,11.903846153846153,0.8083747829670336
1002,1968,Folk,Folk,1958,1966,0.5,0.3,8,8,0,0,0,0,0,0,8,2,6,25,2,3,3,1120705,0.8447142690793604,347385,23.662377647146972,140088.125,499793,621760,44.562584202440725,0.3899999999999992,154.46153846153845,2.8076923076923075,0.17269880769230764
1002,1968,FolkRock,Folk,1965,,0.55,0.6,86,43,40,3,0,0,0,0,86,76,10,88.37209302325581,76,0,10,6011785,4.531291082075357,1302239,17.804685902042433,69904.47674418605,6014145,0,100,0.7475887582417572,36.53846153846154,6.6923076923076925,2.7292648021978003
1002,1968,Funk,RhythmAndSoul,1967,,0.7,0.55,62,11,48,3,0,0,0,0,61,49,12,80.32786885245902,49,0,12,8029006,6.0517405871516585,1054160,11.605644992065542,129500.09677419355,8030111,0,100,0.7380344120879122,28.03846153846154,7.884615384615385,2.2391057252747255
1002,1968,GarageRock,Rock,1963,1968,0.85,0.4,23,5,15,3,0,0,0,0,23,23,0,100,23,0,0,867324,0.6537322120584697,304925,26.01196503473238,37709.739130434784,863771,4101,99.52746487961359,0.4469911153846155,16.076923076923077,0.8269230769230769,0.4723636291208787
1002,1968,Gospel,Gospel,1950,,0.5,0.45,150,108,39,3,0,0,0,0,148,8,140,5.405405405405405,8,74,66,2406878,1.814147514763647,1116341,31.685257146944313,16045.853333333333,1511458,897941,62.73174347627769,0.6136303956043957,387.0769230769231,1.4615384615384615,1.523900326923076
1002,1968,HardRock,Rock,1967,,0.4,0.5,41,14,24,3,0,0,0,0,41,30,11,73.17073170731707,30,0,11,4192685,3.1601722534074517,609430,12.690866420316882,102260.60975609756,4193575,0,100,0.7457376483516489,18.75,3.8653846153846154,1.0740164725274748
1002,1968,Jazz,Jazz,1945,,0.3,0.4,121,91,27,3,0,0,0,0,119,13,106,10.92436974789916,13,66,40,7342784,5.5345112403064345,2004636,21.44587490451911,60684.1652892562,2402650,4942321,32.711497431371754,0.5200000000000025,459.0769230769231,39.53846153846154,1.362331362637364
1002,1968,LatinPop,Latin,1958,,0.6,0.35,51,31,17,3,0,0,0,0,48,1,47,2.0833333333333335,1,26,21,490231,0.3695041253898608,234754,32.380532011007126,9612.372549019608,287478,203585,58.541979338699925,0.42671251648351644,101.3076923076923,0.11538461538461539,0.34328324725274695
1002,1968,ProgressiveRock,Rock,1968,,0.25,0.25,18,1,14,3,0,0,0,0,18,11,7,61.111111111111114,11,0,7,1010449,0.7616104938203815,152209,13.09146799832797,56136.055555555555,1010829,0,100,0.41627975274725254,7.230769230769231,1.3461538461538463,0.32288880494505484
1002,1968,ProtoMetal,Rock,1968,,0.4,0.2,12,2,7,3,0,0,0,0,12,9,3,75,9,0,3,322675,0.24321135069013045,153285,32.20543743171695,26889.583333333332,322973,0,100,0.3239631895604396,4.980769230769231,0.34615384615384615,0.19161385164835154
1002,1968,ProtoPunk,Rock,1967,,0.4,0.25,34,7,24,3,0,0,0,0,34,28,6,82.3529411764706,28,1,5,790451,0.595790362948367,338859,30.005844276593674,23248.558823529413,791178,0,100,0.3501964093406591,11.307692307692308,0.6346153846153846,0.45599163186813196
1002,1968,PsychedelicRock,Rock,1966,1971,0.45,0.75,48,27,18,3,0,0,0,0,43,2,41,4.651162790697675,2,41,0,186794,0.1407931232379708,31246,14.330398092093194,3891.5416666666665,35231,151707,18.84635547614717,0.8696994120879119,59.59615384615385,0.46153846153846156,0.0302434065934066
1002,1968,Reggae,Caribbean,1968,,0.8,0.1,15,2,10,3,0,0,0,0,15,0,15,0,0,8,7,75962,0.057255196780425156,12186,13.824477015927759,5064.133333333333,51622,24458,67.85226077812828,0.15363234340659312,10.307692307692308,0.038461538461538464,0.08997091208791202
1002,1968,RnB,RhythmAndSoul,1949,1965,0.8,0.35,8,8,0,0,0,0,0,0,8,2,6,25,2,4,2,1082822,0.8161605366916818,236698,17.93818964471929,135352.75,786308,297151,72.57385835550768,0.3879931456043954,120.15384615384616,1.4807692307692308,0.17019240384615383
1002,1968,RockAndRoll,Rock,1955,,0.85,0.35,208,172,33,3,0,0,0,0,208,30,178,14.423076923076923,30,31,147,15621046,11.774124728760082,3367925,17.736216459543805,75101.18269230769,11089812,4535566,70.97307981925302,0.45500000000000174,642.8076923076923,38.86538461538461,4.010282035714289
1002,1968,Rocksteady,Caribbean,1966,1968,0.8,0.12,7,1,3,3,0,0,0,0,7,0,7,0,0,3,4,107756,0.08121943845964422,4086,3.653368144346489,15393.714285714286,34803,73121,32.24769282087395,0.11415480769230749,27.807692307692307,0,0.06167160164835166
1002,1968,SingerSongwriter,Folk,1967,,0.35,0.4,42,22,17,3,0,0,0,0,42,2,40,4.761904761904762,2,29,11,249253,0.18787064009782933,117748,32.08383628382484,5934.5952380952385,98408,151017,39.453944071364134,0.5660781208791215,38.82692307692308,0.5192307692307693,0.15082504945054953
1002,1968,Ska,Caribbean,1964,1967,0.8,0.1,3,3,0,0,0,0,0,0,3,0,3,0,0,0,3,69287,0.0522240175262015,1015,1.443771158715257,23095.666666666668,15757,53728,22.676836727351226,0.09512953021978032,31.28846153846154,0,0.04546220879120879
1002,1968,Soul,RhythmAndSoul,1960,,0.7,0.9,447,347,97,3,0,0,0,0,443,41,402,9.255079006772009,41,396,6,8578720,6.46607911487545,1262571,12.829322900826732,19191.767337807607,6610525,1972173,77.02152633123058,0.9660768571428571,933.75,7.134615384615385,2.630522865384616
1002,1968,SunshinePop,Pop,1965,1971,0.55,0.6,74,28,43,3,0,0,0,0,74,65,9,87.83783783783784,65,0,9,7848371,5.915589716052529,1228312,13.532608773491374,106059.06756756757,7850379,0,100,0.7151742005494508,32.38461538461539,7.153846153846154,2.5344296510989017
1002,1968,SurfRock,Rock,1961,1966,0.8,0.25,4,4,0,0,0,0,0,0,4,4,0,100,4,0,0,123739,0.09326638048515085,32853,20.979998978236438,30934.75,123911,0,100,0.2765148351648348,2,0.19230769230769232,0.07834881043956048
1002,1968,TeenPop,Pop,1957,1965,0.9,0.28,8,8,0,0,0,0,0,0,8,0,8,0,0,3,5,609772,0.4596063275215688,179724,22.764396526391522,76221.5,221493,388933,36.28498786093646,0.34455323076923067,120.46153846153847,0.6730769230769231,0.09172669230769233
1002,1968,TexMex,Latin,1959,,0.75,0.3,41,25,13,3,0,0,0,0,41,2,39,4.878048780487805,2,12,27,859686,0.6479751862691423,24801,2.803998249832954,20967.951219512193,670396,190168,77.90193408044027,0.4266606071428582,94.96153846153847,0.5192307692307693,0.5333646153846152
1002,1968,TraditionalPop,Pop,1950,1971,0.45,0.32,215,174,38,3,0,0,0,0,215,38,177,17.674418604651162,38,80,97,22526916,16.979318717728706,4592384,16.934006408719988,104776.35348837209,11338798,11193661,50.322062052792376,0.4030355302197809,786.25,101.13461538461539,3.718355486263737
1002,1969,AcidRock,Rock,1966,1971,0.4,0.65,59,26,30,3,0,0,0,0,58,2,56,3.4482758620689653,2,49,7,489257,0.4096953921286922,52202,9.640988514365816,8292.49152542373,183549,305910,37.50038307600841,0.8307964670329658,84.3076923076923,0.2692307692307692,0.12343236263736267
1002,1969,BaroquePop,Pop,1966,1970,0.5,0.45,52,18,31,3,0,0,0,0,51,34,17,66.66666666666667,34,7,10,4153182,3.4778031342869413,891401,17.67045958010801,79868.88461538461,4154736,0,100,0.5850000000000015,25.615384615384617,4.961538461538462,1.4157469368131868
1002,1969,Blues,Blues,1945,,0.5,0.4,57,37,17,3,0,0,0,0,57,3,54,5.2631578947368425,3,43,11,2025470,1.6960937214897327,324919,13.824052103715598,35534.56140350877,521748,1504404,25.75068405529299,0.5072011373626387,172.28846153846155,7.153846153846154,0.30588199999999993
1002,1969,BluesRock,Rock,1966,,0.45,0.7,82,47,32,3,0,0,0,0,82,67,15,81.70731707317073,67,4,11,5747314,4.812701837514277,1219769,17.5075996654554,70089.19512195123,5749964,0,100,0.8962362857142849,37.84615384615385,7.596153846153846,2.8725370961538443
1002,1969,Boogaloo,Latin,1966,1969,0.7,0.25,19,12,4,3,0,0,0,0,19,3,16,15.789473684210526,3,15,1,431251,0.361122165959589,5310,1.2163248663989683,22697.42105263158,221961,209703,51.419854331146446,0.27824671428571307,85.6923076923077,0.21153846153846154,0.13337997527472534
1002,1969,BossaNova,Jazz,1962,1967,0.45,0.2,2,2,0,0,0,0,0,0,2,2,0,100,2,0,0,43746,0.0366321475708304,41550,48.712718064153066,21873,43928,0,100,0.2588128269230776,0.9615384615384616,0.11538461538461539,0.048997708791208766
1002,1969,BritishBeat,Rock,1963,1967,0.75,0.35,29,5,21,3,0,0,0,0,28,1,27,3.5714285714285716,1,23,4,505745,0.42350215958509624,71982,12.45951807687714,17439.48275862069,286713,219562,56.63187003110958,0.4548063846153863,106.51923076923077,0.3076923076923077,0.13264249450549456
1002,1969,BritishBlues,Rock,1964,,0.65,0.55,94,66,25,3,0,0,0,0,93,7,86,7.526881720430108,7,83,3,869739,0.728304471176941,177867,16.978425094930728,9252.54255319149,376995,493913,43.287580318472216,0.7067123681318701,238.15384615384616,0.36538461538461536,0.30579301373626344
1002,1969,BritishPop,Pop,1964,1968,0.8,0.3,34,4,27,3,0,0,0,0,34,5,29,14.705882352941176,5,25,4,619646,0.518880896851707,64201,9.388211105700544,18224.882352941175,253919,366463,40.92945959102617,0.3897348461538463,167,0.2692307692307692,0.13309611538461538
1002,1969,Bubblegum,Pop,1967,1971,0.9,0.6,70,30,37,3,0,0,0,0,70,55,15,78.57142857142857,55,3,12,4871044,4.07892841932995,1066646,17.963989362866705,69586.34285714285,4872822,0,100,0.7244297142857122,30.884615384615383,7.076923076923077,2.109471697802199
1002,1969,Childrens,NonMusic,1950,,0.3,0.35,65,50,12,3,0,0,0,0,65,2,63,3.076923076923077,2,57,6,695013,0.5819919256536723,123817,15.121209530671813,10692.507692307692,210689,485176,30.277280794406963,0.43979935714285767,177.34615384615384,0.4423076923076923,0.21475581868131877
1002,1969,Classical,Classical,1945,,0.15,0.3,42,28,11,3,0,0,0,0,41,2,39,4.878048780487805,2,34,5,429223,0.3594239536596383,49016,10.24926867110378,10219.595238095239,129238,300487,30.074582581883764,0.36782482692307655,109.13461538461539,0.5384615384615384,0.10091743956043958
1002,1969,Comedy,NonMusic,1955,,0.15,0.4,74,53,18,3,0,0,0,0,71,11,60,15.492957746478874,11,56,4,1160356,0.9716621457207169,88978,7.12203462004556,15680.486486486487,654453,506343,56.379673947877144,0.47083662087912304,162.25,1.0769230769230769,0.32609681318681316
1002,1969,ContemporaryFolk,Folk,1961,1969,0.5,0.4,33,16,14,3,0,0,0,0,32,2,30,6.25,2,26,4,613751,0.5139445252993354,103006,14.37111880316481,18598.515151515152,210368,404031,34.239639061912534,0.5086686153846187,146.46153846153845,0.23076923076923078,0.16021539560439568
1002,1969,Country,Country,1950,,0.65,0.6,167,121,43,3,0,0,0,0,166,17,149,10.240963855421686,17,142,7,8966222,7.50816000221337,747626,7.6964967950908845,53689.95209580838,2976569,5991599,33.19037957362083,0.7917648571428534,525,36.05769230769231,1.1643572939560443
1002,1969,CountryRock,Country,1968,,0.4,0.55,41,17,21,3,0,0,0,0,41,33,8,80.48780487804878,33,2,6,2653856,2.2222933439339294,582821,18.006770524213568,64728.19512195122,2654750,0,100,0.7150000000000025,17.846153846153847,3.3076923076923075,1.2124855329670332
1002,1969,DooWop,RhythmAndSoul,1954,1965,0.85,0.02,4,4,0,0,0,0,0,0,4,1,3,25,1,2,1,196822,0.1648153556710552,18681,8.66855681823455,49205.5,95963,101342,48.636881984744434,0.025941076923076803,31.192307692307693,0.19230769230769232,0.04593712912087911
1002,1969,EasyListening,Pop,1950,,0.35,0.55,109,65,41,3,0,0,0,0,107,13,94,12.149532710280374,13,85,9,4455828,3.731233686422486,614221,12.114695538445487,40879.15596330275,1564541,2892417,35.103337298668734,0.6855976785714306,279.46153846153845,13.442307692307692,0.659754662087912
1002,1969,Folk,Folk,1958,1966,0.5,0.3,7,7,0,0,0,0,0,0,7,2,5,28.571428571428573,2,4,1,1150162,0.9631258655502545,343927,23.019177572420386,164308.85714285713,731198,419485,63.544694759547156,0.3899999999999992,80.73076923076923,3.326923076923077,0.13564799175824171
1002,1969,FolkRock,Folk,1965,,0.55,0.55,73,34,36,3,0,0,0,0,73,53,20,72.6027397260274,53,7,13,5300014,4.43814051514349,1215880,18.660217615572016,72602.93150684932,5302398,0,100,0.7150000000000025,36.28846153846154,8.25,2.438128260989011
1002,1969,Funk,RhythmAndSoul,1967,,0.7,0.7,90,29,58,3,0,0,0,0,90,75,15,83.33333333333333,75,5,10,8890353,7.444628607250372,1254480,12.365703802122717,98781.7,8892362,0,100,0.8159484285714279,40.84615384615385,10.76923076923077,3.1734232967032936
1002,1969,GarageRock,Rock,1963,1968,0.85,0.3,2,2,0,0,0,0,0,0,2,2,0,100,2,0,0,80169,0.06713214096388018,45754,36.33490307568911,40084.5,80343,0,100,0.38706690934066007,1.6923076923076923,0.11538461538461539,0.07392356868131868
1002,1969,Gospel,Gospel,1950,,0.5,0.5,161,115,43,3,0,0,0,0,156,17,139,10.897435897435898,17,126,13,2294225,1.9211445334587933,429544,15.770206651151401,14249.844720496894,1157791,1138426,50.4216718193446,0.6460195714285724,406.1730769230769,1.8269230769230769,0.8345955082417588
1002,1969,HardRock,Rock,1967,,0.4,0.65,51,22,26,3,0,0,0,0,51,38,13,74.50980392156863,38,2,11,3766844,3.1542903416151664,723470,16.11179084580722,73859.6862745098,3768123,0,100,0.8422212857142825,25.384615384615383,4.923076923076923,1.4936273818681312
1002,1969,Jazz,Jazz,1945,,0.3,0.4,126,94,29,3,0,0,0,0,125,13,112,10.4,13,89,23,7224564,6.04972556537532,1946040,21.220412526808484,57337.80952380953,1776157,5450849,24.57666425072845,0.5200000000000025,444.53846153846155,32.53846153846154,1.0209348351648346
1002,1969,LatinPop,Latin,1958,,0.6,0.35,63,45,15,3,0,0,0,0,63,5,58,7.936507936507937,5,51,7,484304,0.40554783516535103,176346,26.692802542950126,7687.3650793650795,219453,265652,45.238247389740366,0.4287734725274723,117.86538461538461,0.2692307692307692,0.2547916208791207
1002,1969,ProgressiveRock,Rock,1968,,0.25,0.4,33,9,21,3,0,0,0,0,33,26,7,78.78787878787878,26,3,4,1651386,1.3828422175376796,353460,17.63028182713286,50042,1652322,0,100,0.5200000000000025,15.403846153846153,2.0961538461538463,0.63248410989011
1002,1969,ProtoMetal,Rock,1968,,0.4,0.35,40,16,21,3,0,0,0,0,40,30,10,75,30,2,8,1684847,1.4108618831040756,413368,19.700936272021696,42121.175,1685557,0,100,0.45405555769230893,15.653846153846153,2.4615384615384617,0.6567799395604396
1002,1969,ProtoPunk,Rock,1967,,0.4,0.3,35,16,16,3,0,0,0,0,35,26,9,74.28571428571429,26,2,7,1090504,0.9131692830105801,451922,29.29942830320547,31157.257142857143,1091623,0,100,0.3884338269230761,17.692307692307693,1.6538461538461537,0.6697416730769233
1002,1969,PsychedelicRock,Rock,1966,1971,0.45,0.65,52,38,11,3,0,0,0,0,52,3,49,5.769230769230769,3,48,1,338244,0.2832397047260997,48054,12.439619154124536,6504.692307692308,99226,239249,29.315606765640002,0.8325099945054923,94.17307692307692,0.11538461538461539,0.07719854395604395
1002,1969,Reggae,Caribbean,1968,,0.8,0.2,22,12,7,3,0,0,0,0,21,0,21,0,0,14,7,115385,0.09662141332831038,18618,13.893718797340359,5244.772727272727,39784,75800,34.419988925802876,0.2014008021978021,26.076923076923077,0.019230769230769232,0.07524411263736257
1002,1969,RnB,RhythmAndSoul,1949,1965,0.8,0.3,6,6,0,0,0,0,0,0,6,2,4,33.333333333333336,2,4,0,863859,0.723380660366433,89957,9.431273956402492,143976.5,623657,240806,72.14386272171278,0.3580724285714275,64.3076923076923,0.9615384615384616,0.09927589010989006
1002,1969,RockAndRoll,Rock,1955,,0.85,0.35,167,145,19,3,0,0,0,0,165,15,150,9.090909090909092,15,99,51,10123446,8.47719946503298,1879732,15.660285967599581,60619.4371257485,4611225,5516623,45.53015606079396,0.45500000000000174,665.1730769230769,27.326923076923077,1.8875017032967047
1002,1969,Rocksteady,Caribbean,1966,1968,0.8,0.1,0,0,0,0,0,0,0,0,0,0,0,0,0,0,0,50413,0.04221497863777884,1196,2.317425255284931,0,264,50226,0.5228758169934641,0.10549304670329655,25.942307692307693,0,0.002304728021978022
1002,1969,SingerSongwriter,Folk,1967,,0.35,0.5,58,28,27,3,0,0,0,0,58,3,55,5.172413793103448,3,51,4,467069,0.3911155427641426,108037,18.785580397352835,8052.913793103448,157073,310271,33.6097178951693,0.6391932307692337,85.38461538461539,0.8653846153846154,0.2120318324175827
1002,1969,Ska,Caribbean,1964,1967,0.8,0.08,3,3,0,0,0,0,0,0,3,0,3,0,0,2,1,37865,0.0317074993775315,5285,12.247972190034762,12621.666666666666,5627,32389,14.801662457912458,0.09183308516483492,17.78846153846154,0,0.017124269230769224
1002,1969,Soul,RhythmAndSoul,1960,,0.7,0.9,414,323,88,3,0,0,0,0,413,32,381,7.74818401937046,32,377,4,6845709,5.73247890812787,775865,10.179852613121646,16535.528985507248,4295275,2553760,62.713579358259956,0.9660768571428571,1072.7115384615386,5.5,1.841085758241758
1002,1969,SunshinePop,Pop,1965,1971,0.55,0.5,63,33,27,3,0,0,0,0,63,48,15,76.19047619047619,48,4,11,6670315,5.585606990900279,859748,11.4175405969379,105878.01587301587,6672025,0,100,0.6500000000000039,31.865384615384617,7.788461538461538,2.0849563818681327
1002,1969,SurfRock,Rock,1961,1966,0.8,0.2,1,1,0,0,0,0,0,0,1,1,0,100,1,0,0,98098,0.08214557702197506,17730,15.307179611147564,98098,98178,0,100,0.25405990934066,0.8076923076923077,0.19230769230769232,0.04187456043956041
1002,1969,TeenPop,Pop,1957,1965,0.9,0.25,6,6,0,0,0,0,0,0,6,1,5,16.666666666666668,1,4,1,516631,0.4326179086468633,182179,26.0698902419828,86105.16666666667,220851,296343,42.70177148226777,0.32500000000000195,69.13461538461539,0.75,0.08516072802197802
1002,1969,TexMex,Latin,1959,,0.75,0.3,54,41,10,3,0,0,0,0,54,8,46,14.814814814814815,8,37,9,694671,0.5817055407391836,32917,4.524126291252742,12864.277777777777,462566,233209,66.48212424993712,0.42442355494505535,114.57692307692308,0.7307692307692307,0.3829590851648352
1002,1969,TraditionalPop,Pop,1950,1971,0.45,0.3,213,168,42,3,0,0,0,0,213,29,184,13.615023474178404,29,123,61,20053156,16.79216773768763,4992651,19.934079185390193,94146.27230046949,7280158,12777904,36.29542076398009,0.3899999999999992,788.2884615384615,103.90384615384616,2.360089266483517
2007,1960,AcidRock,Rock,1966,1971,0.4,0.02,0,0,0,0,0,0,0,0,0,0,0,0,0,0,0,0,0,0,0,0,0,0,0,0.019999999999999817,0,0,0
2007,1960,BaroquePop,Pop,1966,1970,0.5,0.02,0,0,0,0,0,0,0,0,0,0,0,0,0,0,0,0,0,0,0,0,0,0,0,0.019999999999999817,0,0,0
2007,1960,Blues,Blues,1945,,0.5,0.3,12,7,2,3,0,0,0,0,12,7,5,58.333333333333336,7,0,5,146335,0.09854294888045553,63301,30.195672498998263,12194.583333333334,140834,5759,96.07143588029442,0.29999999999999816,6.365384615384615,0.07692307692307693,0.17236900274725273
2007,1960,BluesRock,Rock,1966,,0.45,0.02,60,60,0,0,0,0,0,0,63,57,6,90.47619047619048,57,0,6,608202,0.40956721628448983,173249,22.17016805916174,10136.7,610337,0,100,0.0358267692307693,25.057692307692307,0.057692307692307696,0.9577973159340659
2007,1960,Boogaloo,Latin,1966,1969,0.7,0.02,0,0,0,0,0,0,0,0,0,0,0,0,0,0,0,0,0,0,0,0,0,0,0,0.023631664835164882,0,0,0
2007,1960,BossaNova,Jazz,1962,1967,0.45,0.05,0,0,0,0,0,0,0,0,0,0,0,0,0,0,0,0,0,0,0,0,0,0,0,0.16403656593406568,0,0,0
2007,1960,BritishBeat,Rock,1963,1967,0.75,0.01,0,0,0,0,0,0,0,0,0,0,0,0,0,0,0,0,0,0,0,0,0,0,0,0.012534181318681344,0,0,0
2007,1960,BritishBlues,Rock,1964,,0.65,0.01,0,0,0,0,0,0,0,0,0,0,0,0,0,0,0,0,0,0,0,0,0,0,0,0.012534178571428595,0,0,0
2007,1960,BritishPop,Pop,1964,1968,0.8,0.01,0,0,0,0,0,0,0,0,0,0,0,0,0,0,0,0,0,0,0,0,0,0,0,0.0125341730769231,0,0,0
2007,1960,Bubblegum,Pop,1967,1971,0.9,0.01,0,0,0,0,0,0,0,0,0,0,0,0,0,0,0,0,0,0,0,0,0,0,0,0.012534175824175847,0,0,0
2007,1960,Childrens,NonMusic,1950,,0.3,0.35,24,17,4,3,0,0,0,0,23,7,16,30.434782608695652,7,0,16,195578,0.13170350808857575,92955,32.21641891915309,8149.083333333333,194191,1600,99.18280206955376,0.35072921428571335,9.692307692307692,0,0.2737830274725275
2007,1960,Classical,Classical,1945,,0.15,0.3,22,17,2,3,0,0,0,0,22,9,13,40.90909090909091,9,0,13,216742,0.14595548451325857,121126,35.8500953034913,9851.90909090909,214733,2488,98.85462271143214,0.30726724999999905,11.057692307692308,0.038461538461538464,0.3218876483516482
2007,1960,Comedy,NonMusic,1955,,0.15,0.4,15,6,6,3,0,0,0,0,15,4,11,26.666666666666668,4,0,11,171299,0.11535387023113508,105665,38.151167660779016,11419.933333333332,169714,1972,98.85139149377352,0.46210836538461464,8.75,0.057692307692307696,0.24266279395604395
2007,1960,ContemporaryFolk,Folk,1961,1969,0.5,0.1,0,0,0,0,0,0,0,0,0,0,0,0,0,0,0,0,0,0,0,0,0,0,0,0.1760244065934061,0,0,0
2007,1960,Country,Country,1950,,0.65,0.65,224,200,21,3,0,0,0,0,228,201,27,88.15789473684211,201,0,27,12017809,8.092871411091526,149043,1.2249922987474493,53650.93303571428,11994792,29015,99.75868707806104,0.8213246236263748,99.82692307692308,9.615384615384615,6.786059967032967
2007,1960,CountryRock,Country,1968,,0.4,0.01,0,0,0,0,0,0,0,0,0,0,0,0,0,0,0,0,0,0,0,0,0,0,0,0.012534175824175847,0,0,0
2007,1960,DooWop,RhythmAndSoul,1954,1965,0.85,0.75,651,610,38,3,0,0,0,0,667,606,61,90.85457271364318,606,0,61,23584028,15.88163915399072,11856781,33.455164638030695,36227.38556067588,23591752,10701,99.95466149217626,0.8545870576923081,270.9423076923077,17.48076923076923,20.901529162087904
2007,1960,EasyListening,Pop,1950,,0.35,0.8,35,18,14,3,0,0,0,0,35,5,30,14.285714285714286,5,0,30,1410049,0.9495362457780944,340925,19.470591796337352,40287.114285714284,1342645,68207,95.16554535840754,0.9009326071428566,25.192307692307693,2.4038461538461537,1.097466953296703
2007,1960,Folk,Folk,1958,1966,0.5,0.4,189,176,10,3,0,0,0,0,194,52,142,26.804123711340207,52,0,142,7479358,5.036648737845534,2881657,27.81249713469192,39573.322751322754,7294211,190626,97.453170990898,0.5529439780219783,133.53846153846155,7.423076923076923,4.517783041208791
2007,1960,FolkRock,Folk,1965,,0.55,0.02,0,0,0,0,0,0,0,0,0,0,0,0,0,0,0,0,0,0,0,0,0,0,0,0.022957711538461507,0,0,0
2007,1960,Funk,RhythmAndSoul,1967,,0.7,0.02,0,0,0,0,0,0,0,0,0,0,0,0,0,0,0,0,0,0,0,0,0,0,0,0.025401873626373618,0,0,0
2007,1960,GarageRock,Rock,1963,1968,0.85,0.1,0,0,0,0,0,0,0,0,0,0,0,0,0,0,0,0,0,0,0,0,0,0,0,0.12534148351648328,0,0,0
2007,1960,Gospel,Gospel,1950,,0.5,0.35,260,242,15,3,0,0,0,0,261,139,122,53.25670498084291,139,0,122,4837626,3.257689080676274,3148793,39.42684449688903,18606.253846153846,4783877,61004,98.74085658657044,0.452213428571429,147,2.4615384615384617,5.153296063186813
2007,1960,HardRock,Rock,1967,,0.4,0.01,0,0,0,0,0,0,0,0,0,0,0,0,0,0,0,0,0,0,0,0,0,0,0,0.012534181318681344,0,0,0
2007,1960,Jazz,Jazz,1945,,0.3,0.5,182,169,10,3,0,0,0,0,183,51,132,27.868852459016395,51,0,132,7610412,5.124901361090685,2007449,20.87209411739263,41815.45054945055,7282478,332673,95.63143265314109,0.6334721016483518,122.73076923076923,13.557692307692308,4.409120521978018
2007,1960,LatinPop,Latin,1958,,0.6,0.2,15,11,1,3,0,0,0,0,15,3,12,20,3,0,12,92342,0.06218370851483941,21506,18.890099079474385,6156.133333333333,91477,1122,98.78832384798972,0.23372426373626393,7.769230769230769,0,0.182791793956044
2007,1960,ProgressiveRock,Rock,1968,,0.25,0.01,0,0,0,0,0,0,0,0,0,0,0,0,0,0,0,0,0,0,0,0,0,0,0,0.009999999999999908,0,0,0
2007,1960,ProtoMetal,Rock,1968,,0.4,0.01,0,0,0,0,0,0,0,0,0,0,0,0,0,0,0,0,0,0,0,0,0,0,0,0.009999999999999908,0,0,0
2007,1960,ProtoPunk,Rock,1967,,0.4,0.01,0,0,0,0,0,0,0,0,0,0,0,0,0,0,0,0,0,0,0,0,0,0,0,0.009999999999999908,0,0,0
2007,1960,PsychedelicRock,Rock,1966,1971,0.45,0.02,0,0,0,0,0,0,0,0,0,0,0,0,0,0,0,0,0,0,0,0,0,0,0,0.019999999999999817,0,0,0
2007,1960,Reggae,Caribbean,1968,,0.8,0.01,0,0,0,0,0,0,0,0,0,0,0,0,0,0,0,0,0,0,0,0,0,0,0,0.009999999999999908,0,0,0
2007,1960,RnB,RhythmAndSoul,1949,1965,0.8,0.4,569,542,24,3,0,0,0,0,583,535,48,91.76672384219555,535,0,48,16726698,11.263868151520947,6468536,27.88734961673592,29396.657293497363,16733453,9445,99.94358802161968,0.5076700769230769,225.26923076923077,11.307692307692308,12.466466576923077
2007,1960,RockAndRoll,Rock,1955,,0.85,0.6,665,638,24,3,0,0,0,0,674,638,36,94.65875370919882,638,0,36,18456609,12.428801566225138,8881534,32.48770042647008,27754.2992481203,18463191,11516,99.93766612915701,0.7634025549450557,254.76923076923077,10.596153846153847,17.071315486263728
2007,1960,Rocksteady,Caribbean,1966,1968,0.8,0.01,0,0,0,0,0,0,0,0,0,0,0,0,0,0,0,0,0,0,0,0,0,0,0,0.009999999999999908,0,0,0
2007,1960,SingerSongwriter,Folk,1967,,0.35,0.02,0,0,0,0,0,0,0,0,0,0,0,0,0,0,0,0,0,0,0,0,0,0,0,0.027602442307692324,0,0,0
2007,1960,Ska,Caribbean,1964,1967,0.8,0.01,0,0,0,0,0,0,0,0,0,0,0,0,0,0,0,0,0,0,0,0,0,0,0,0.012534181318681344,0,0,0
2007,1960,Soul,RhythmAndSoul,1960,,0.7,0.2,588,588,0,0,0,0,0,0,595,287,308,48.23529411764706,287,0,308,10815462,7.283203054529055,5131033,32.17655666652766,18393.64285714286,10813387,21068,99.80554628728441,0.34472043956043963,341.25,5.5,10.77192684065934
2007,1960,SunshinePop,Pop,1965,1971,0.55,0.02,0,0,0,0,0,0,0,0,0,0,0,0,0,0,0,0,0,0,0,0,0,0,0,0.027602442307692324,0,0,0
2007,1960,SurfRock,Rock,1961,1966,0.8,0.05,83,83,0,0,0,0,0,0,85,83,2,97.6470588235294,83,0,2,1115056,0.750886024579528,658750,37.13765766944074,13434.409638554216,1117376,0,100,0.21590746153846166,30.576923076923077,0.2692307692307692,1.3749897170329661
2007,1960,TeenPop,Pop,1957,1965,0.9,0.7,457,423,31,3,0,0,0,0,467,426,41,91.22055674518201,426,0,41,15907070,10.711925279993357,7521219,32.10315102396082,34807.592997811815,15898567,21249,99.86652483923181,0.8424082472527471,192.6346153846154,11.903846153846153,14.437125983516482
2007,1960,TexMex,Latin,1959,,0.75,0.15,14,9,2,3,0,0,0,0,14,10,4,71.42857142857143,10,0,4,50767,0.0341868308047568,469,0.9153720040596456,3626.214285714286,50761,193,99.62122698904895,0.18260690934065907,4.461538461538462,0,0.16361674450549463
2007,1960,TraditionalPop,Pop,1950,1971,0.45,0.9,414,380,31,3,0,0,0,0,420,146,274,34.76190476190476,146,0,274,27057260,18.22053636536163,5319938,16.43112538645253,65355.70048309179,26241540,826429,96.94683779193038,0.9524334890109881,284.6923076923077,44.15384615384615,16.12966182417582
2007,1961,AcidRock,Rock,1966,1971,0.4,0.02,0,0,0,0,0,0,0,0,0,0,0,0,0,0,0,0,0,0,0,0,0,0,0,0.019999999999999817,0,0,0
2007,1961,BaroquePop,Pop,1966,1970,0.5,0.02,0,0,0,0,0,0,0,0,0,0,0,0,0,0,0,0,0,0,0,0,0,0,0,0.019999999999999817,0,0,0
2007,1961,Blues,Blues,1945,,0.5,0.3,38,18,17,3,0,0,0,0,38,15,23,39.473684210526315,15,0,23,1558183,1.0342669206407533,437037,21.904201040486765,41004.81578947369,1498630,60879,96.09627132642389,0.36022855219780303,32.61538461538461,1.4423076923076923,0.8153979340659337
2007,1961,BluesRock,Rock,1966,,0.45,0.035,23,23,0,0,0,0,0,0,23,20,3,86.95652173913044,20,0,3,299506,0.1988015196760775,13661,4.362209300469079,13022,300732,0,100,0.05530344230769234,12.153846153846153,0,0.47255292857142867
2007,1961,Boogaloo,Latin,1966,1969,0.7,0.035,0,0,0,0,0,0,0,0,0,0,0,0,0,0,0,0,0,0,0,0,0,0,0,0.036421274725274747,0,0,0
2007,1961,BossaNova,Jazz,1962,1967,0.45,0.275,0,0,0,0,0,0,0,0,0,0,0,0,0,0,0,0,0,0,0,0,0,0,0,0.3881164670329676,0,0,0
2007,1961,BritishBeat,Rock,1963,1967,0.75,0.015,0,0,0,0,0,0,0,0,0,0,0,0,0,0,0,0,0,0,0,0,0,0,0,0.01751363461538458,0,0,0
2007,1961,BritishBlues,Rock,1964,,0.65,0.015,0,0,0,0,0,0,0,0,0,0,0,0,0,0,0,0,0,0,0,0,0,0,0,0.01751363461538458,0,0,0
2007,1961,BritishPop,Pop,1964,1968,0.8,0.015,0,0,0,0,0,0,0,0,0,0,0,0,0,0,0,0,0,0,0,0,0,0,0,0.01751363461538458,0,0,0
2007,1961,Bubblegum,Pop,1967,1971,0.9,0.015,0,0,0,0,0,0,0,0,0,0,0,0,0,0,0,0,0,0,0,0,0,0,0,0.01751363461538458,0,0,0
2007,1961,Childrens,NonMusic,1950,,0.3,0.35,42,25,14,3,0,0,0,0,42,17,25,40.476190476190474,17,0,25,827752,0.549432584038091,454341,35.43744486554407,19708.380952380954,819731,9801,98.81849042592691,0.406092560439561,33.15384615384615,0.25,0.9153884120879121
2007,1961,Classical,Classical,1945,,0.15,0.3,43,26,14,3,0,0,0,0,43,17,26,39.53488372093023,17,0,26,1044062,0.6930115331113395,369353,26.13195699776782,24280.511627906977,1035674,9670,99.07494566381976,0.3729355961538458,29.134615384615383,0.5192307692307693,0.8505010906593409
2007,1961,Comedy,NonMusic,1955,,0.15,0.47500000000000003,45,19,23,3,0,0,0,0,45,15,30,33.333333333333336,15,0,30,834748,0.5540762820997454,588014,41.32904870948198,18549.955555555556,827378,8671,98.96285983237824,0.6405805054945053,29.346153846153847,0.34615384615384615,1.013608233516483
2007,1961,ContemporaryFolk,Folk,1961,1969,0.5,0.25,19,7,9,3,0,0,0,0,19,8,11,42.10526315789474,8,0,11,550030,0.36509051527325964,260091,32.10520403742157,28948.947368421053,546260,4112,99.25286896862485,0.40395428571428565,10.26923076923077,0.4423076923076923,0.36809542582417587
2007,1961,Country,Country,1950,,0.65,0.625,222,170,49,3,0,0,0,0,222,197,25,88.73873873873873,197,0,25,12224468,8.114170719890685,193984,1.5620626467775534,55065.17117117117,12170716,63021,99.48485896010352,0.8016089642857132,144.21153846153845,8.576923076923077,7.891677648351653
2007,1961,CountryRock,Country,1968,,0.4,0.015,0,0,0,0,0,0,0,0,0,0,0,0,0,0,0,0,0,0,0,0,0,0,0,0.01751363461538458,0,0,0
2007,1961,DooWop,RhythmAndSoul,1954,1965,0.85,0.625,444,337,104,3,0,0,0,0,444,384,60,86.48648648648648,384,0,60,16238282,10.778398891937707,9075586,35.852229299765646,36572.707207207204,16226304,33768,99.79232564283848,0.7270994065934067,262.6923076923077,11.884615384615385,15.284293409340657
2007,1961,EasyListening,Pop,1950,,0.35,0.75,99,37,59,3,0,0,0,0,99,32,67,32.323232323232325,32,0,67,3165667,2.101258106309754,1334543,29.65512720517487,31976.434343434343,2962119,206047,93.49633194725277,0.8639458379120872,92.82692307692308,4.134615384615385,3.020206967032965
2007,1961,Folk,Folk,1958,1966,0.5,0.45,179,127,49,3,0,0,0,0,179,47,132,26.256983240223462,47,0,132,6692855,4.44248110212027,2856031,29.90957269779951,37390.25139664805,6158731,540995,91.92511753465739,0.6176781346153862,273.1923076923077,6.153846153846154,4.895617112637359
2007,1961,FolkRock,Folk,1965,,0.55,0.02,0,0,0,0,0,0,0,0,0,0,0,0,0,0,0,0,0,0,0,0,0,0,0,0.024686230769230762,0,0,0
2007,1961,Funk,RhythmAndSoul,1967,,0.7,0.035,0,0,0,0,0,0,0,0,0,0,0,0,0,0,0,0,0,0,0,0,0,0,0,0.039149587912087926,0,0,0
2007,1961,GarageRock,Rock,1963,1968,0.85,0.15000000000000002,0,0,0,0,0,0,0,0,0,0,0,0,0,0,0,0,0,0,0,0,0,0,0,0.17513707967032988,0,0,0
2007,1961,Gospel,Gospel,1950,,0.5,0.35,220,173,44,3,0,0,0,0,218,131,87,60.091743119266056,131,0,87,4499569,2.986655209202381,2560580,36.26807309590775,20452.586363636365,4390188,118033,97.38182755459415,0.452213428571429,196.32692307692307,2.3461538461538463,4.676541387362635
2007,1961,HardRock,Rock,1967,,0.4,0.015,0,0,0,0,0,0,0,0,0,0,0,0,0,0,0,0,0,0,0,0,0,0,0,0.01751363461538458,0,0,0
2007,1961,Jazz,Jazz,1945,,0.3,0.475,202,164,35,3,0,0,0,0,202,42,160,20.792079207920793,42,0,160,8556343,5.679398714115136,2737322,24.237676608966176,42358.13366336634,7778739,784897,90.83453570422657,0.6011610219780219,276.4807692307692,18.192307692307693,5.5752812142857096
2007,1961,LatinPop,Latin,1958,,0.6,0.225,17,8,6,3,0,0,0,0,17,9,8,52.94117647058823,9,0,8,157495,0.10453962638940063,65114,29.250389696732835,9264.411764705883,155947,2099,98.67190564772281,0.24445871978022005,12.115384615384615,0,0.275259293956044
2007,1961,ProgressiveRock,Rock,1968,,0.25,0.01,0,0,0,0,0,0,0,0,0,0,0,0,0,0,0,0,0,0,0,0,0,0,0,0.009999999999999908,0,0,0
2007,1961,ProtoMetal,Rock,1968,,0.4,0.01,0,0,0,0,0,0,0,0,0,0,0,0,0,0,0,0,0,0,0,0,0,0,0,0.009999999999999908,0,0,0
2007,1961,ProtoPunk,Rock,1967,,0.4,0.01,0,0,0,0,0,0,0,0,0,0,0,0,0,0,0,0,0,0,0,0,0,0,0,0.009999999999999908,0,0,0
2007,1961,PsychedelicRock,Rock,1966,1971,0.45,0.02,0,0,0,0,0,0,0,0,0,0,0,0,0,0,0,0,0,0,0,0,0,0,0,0.019999999999999817,0,0,0
2007,1961,Reggae,Caribbean,1968,,0.8,0.01,0,0,0,0,0,0,0,0,0,0,0,0,0,0,0,0,0,0,0,0,0,0,0,0.009999999999999908,0,0,0
2007,1961,RnB,RhythmAndSoul,1949,1965,0.8,0.45,492,402,87,3,0,0,0,0,488,441,47,90.3688524590164,441,0,47,16389643,10.878866985464017,6720091,29.079049546827324,33312.28252032521,16387950,20356,99.87594088018592,0.5652589450549448,231.71153846153845,11.307692307692308,12.686366642857148
2007,1961,RockAndRoll,Rock,1955,,0.85,0.625,464,392,69,3,0,0,0,0,462,434,28,93.93939393939394,434,0,28,15522612,10.303362386536886,7203101,31.69581962070893,33453.90517241379,15502102,41191,99.73499180643381,0.7879371016483517,246.3653846153846,9.557692307692308,14.73440021978022
2007,1961,Rocksteady,Caribbean,1966,1968,0.8,0.01,0,0,0,0,0,0,0,0,0,0,0,0,0,0,0,0,0,0,0,0,0,0,0,0.009999999999999908,0,0,0
2007,1961,SingerSongwriter,Folk,1967,,0.35,0.035,0,0,0,0,0,0,0,0,0,0,0,0,0,0,0,0,0,0,0,0,0,0,0,0.042541096153846165,0,0,0
2007,1961,Ska,Caribbean,1964,1967,0.8,0.015,0,0,0,0,0,0,0,0,0,0,0,0,0,0,0,0,0,0,0,0,0,0,0,0.01751363461538458,0,0,0
2007,1961,Soul,RhythmAndSoul,1960,,0.7,0.375,444,373,68,3,0,0,0,0,441,242,199,54.87528344671202,242,0,199,11367629,7.54543121110712,5783734,33.72171646066846,25602.768018018018,11362184,22827,99.79949953495873,0.5526395000000001,281.28846153846155,7.1923076923076925,10.725350895604405
2007,1961,SunshinePop,Pop,1965,1971,0.55,0.035,0,0,0,0,0,0,0,0,0,0,0,0,0,0,0,0,0,0,0,0,0,0,0,0.042541096153846165,0,0,0
2007,1961,SurfRock,Rock,1961,1966,0.8,0.32499999999999996,66,45,18,3,0,0,0,0,66,60,6,90.9090909090909,60,0,6,1622247,1.0767903444003049,1022947,38.671908374206204,24579.5,1624720,0,100,0.5877842445054955,28.71153846153846,0.8076923076923077,1.7022144505494514
2007,1961,TeenPop,Pop,1957,1965,0.9,0.725,382,313,66,3,0,0,0,0,381,330,51,86.61417322834646,330,0,51,14729510,9.776929250445669,7237760,32.94792661992137,38558.92670157068,14671034,76215,99.4831917464742,0.8638738956043959,240.25,10.26923076923077,14.817210307692283
2007,1961,TexMex,Latin,1959,,0.75,0.175,24,11,10,3,0,0,0,0,24,13,11,54.166666666666664,13,0,11,184397,0.12239622519652249,244,0.13214833108572852,7683.208333333333,182847,2064,98.88378733552898,0.21336661538461538,12.5,0.038461538461538464,0.34078516758241756
2007,1961,TraditionalPop,Pop,1950,1971,0.45,0.825,405,316,86,3,0,0,0,0,405,171,234,42.22222222222222,171,0,234,34190792,22.69464187204488,6390033,15.74643443054694,84421.7086419753,32373310,1834806,94.63634302456177,0.9201554368131861,566.2307692307693,53.84615384615385,18.903113461538457
2007,1962,AcidRock,Rock,1966,1971,0.4,0.02,0,0,0,0,0,0,0,0,0,0,0,0,0,0,0,0,0,0,0,0,0,0,0,0.027500008241758217,0,0,0
2007,1962,BaroquePop,Pop,1966,1970,0.5,0.02,0,0,0,0,0,0,0,0,0,0,0,0,0,0,0,0,0,0,0,0,0,0,0,0.04000000000000009,0,0,0
2007,1962,Blues,Blues,1945,,0.5,0.3,33,22,8,3,0,0,0,0,33,20,13,60.60606060606061,20,0,13,451869,0.30008929182051086,246188,35.26760708652732,13693,384634,68255,84.92897818229191,0.31038500000000047,41.71153846153846,0.5,0.5246184065934065
2007,1962,BluesRock,Rock,1966,,0.45,0.05,4,4,0,0,0,0,0,0,4,4,0,100,4,0,0,33624,0.022329928249498986,8001,19.221621621621622,8406,33896,0,100,0.09750004120879108,1.8653846153846154,0,0.06693880219780224
2007,1962,Boogaloo,Latin,1966,1969,0.7,0.05,0,0,0,0,0,0,0,0,0,0,0,0,0,0,0,0,0,0,0,0,0,0,0,0.053508964285714306,0,0,0
2007,1962,BossaNova,Jazz,1962,1967,0.45,0.5,30,12,15,3,0,0,0,0,30,30,0,100,30,0,0,741474,0.49241795202441746,343310,31.647775040929808,24715.8,741957,0,100,0.6352862225274727,9.326923076923077,0.5384615384615384,0.685895956043956
2007,1962,BritishBeat,Rock,1963,1967,0.75,0.02,0,0,0,0,0,0,0,0,0,0,0,0,0,0,0,0,0,0,0,0,0,0,0,0.2525000686813185,0,0,0
2007,1962,BritishBlues,Rock,1964,,0.65,0.02,0,0,0,0,0,0,0,0,0,0,0,0,0,0,0,0,0,0,0,0,0,0,0,0.1650000659340659,0,0,0
2007,1962,BritishPop,Pop,1964,1968,0.8,0.02,0,0,0,0,0,0,0,0,0,0,0,0,0,0,0,0,0,0,0,0,0,0,0,0.2150000576923075,0,0,0
2007,1962,Bubblegum,Pop,1967,1971,0.9,0.02,0,0,0,0,0,0,0,0,0,0,0,0,0,0,0,0,0,0,0,0,0,0,0,0.02749999999999997,0,0,0
2007,1962,Childrens,NonMusic,1950,,0.3,0.35,37,21,13,3,0,0,0,0,37,13,24,35.13513513513514,13,0,24,651286,0.43252348471042107,316076,32.67401448475338,17602.324324324323,639017,13862,97.87678880772701,0.41313040659340794,38.5,0.25,0.8115702307692307
2007,1962,Classical,Classical,1945,,0.15,0.3,32,21,8,3,0,0,0,0,31,11,20,35.483870967741936,11,0,20,602617,0.4002020691151657,335630,35.77203017968616,18831.78125,587106,17239,97.14749025804797,0.3525431428571429,34.03846153846154,0.15384615384615385,0.7009110192307695
2007,1962,Comedy,NonMusic,1955,,0.15,0.55,40,29,8,3,0,0,0,0,40,13,27,32.5,13,0,27,666843,0.44285499475614604,581389,46.57699850668786,16671.075,654815,13499,97.98014107141255,0.6040492500000012,39.5,0.25,0.9597615137362638
2007,1962,ContemporaryFolk,Folk,1961,1969,0.5,0.4,43,20,20,3,0,0,0,0,43,23,20,53.48837209302326,23,0,20,897283,0.5958917740154414,577132,39.14311777891571,20867.04651162791,888186,10369,98.8460361357958,0.5442335329670339,27.153846153846153,0.4230769230769231,0.8824346153846154
2007,1962,Country,Country,1950,,0.65,0.6,219,164,52,3,0,0,0,0,219,191,28,87.21461187214612,191,0,28,13928963,9.250319544965684,195975,1.3874397183194715,63602.57077625571,13816306,122915,99.11820753828353,0.7816910576923078,164.53846153846155,10.288461538461538,8.15326629945055
2007,1962,CountryRock,Country,1968,,0.4,0.02,0,0,0,0,0,0,0,0,0,0,0,0,0,0,0,0,0,0,0,0,0,0,0,0.027500010989010962,0,0,0
2007,1962,DooWop,RhythmAndSoul,1954,1965,0.85,0.5,305,251,51,3,0,0,0,0,305,251,54,82.29508196721312,251,0,54,10388058,6.8987803292777174,5298576,33.77764790075423,34059.20655737705,10371359,31464,99.69754363791444,0.5525000659340671,186.09615384615384,7.269230769230769,8.892175074175826
2007,1962,EasyListening,Pop,1950,,0.35,0.7,100,47,50,3,0,0,0,0,100,28,72,28,28,0,72,3966972,2.634493222929202,1684193,29.802580529855348,39669.72,3586874,384652,90.3147555876507,0.8007193461538457,165.55769230769232,3.75,3.515936277472527
2007,1962,Folk,Folk,1958,1966,0.5,0.5,187,142,42,3,0,0,0,0,187,65,122,34.75935828877005,65,0,122,7566653,5.025065982002625,2709753,26.3686837596724,40463.38502673797,6871833,702273,90.72797502437912,0.6801265686813187,390.9807692307692,5.769230769230769,5.399357576923078
2007,1962,FolkRock,Folk,1965,,0.55,0.02,0,0,0,0,0,0,0,0,0,0,0,0,0,0,0,0,0,0,0,0,0,0,0,0.04679984615384619,0,0,0
2007,1962,Funk,RhythmAndSoul,1967,,0.7,0.05,0,0,0,0,0,0,0,0,0,0,0,0,0,0,0,0,0,0,0,0,0,0,0,0.05751731043956044,0,0,0
2007,1962,GarageRock,Rock,1963,1968,0.85,0.2,0,0,0,0,0,0,0,0,0,0,0,0,0,0,0,0,0,0,0,0,0,0,0,0.27500010439560435,0,0,0
2007,1962,Gospel,Gospel,1950,,0.5,0.35,186,150,33,3,0,0,0,0,186,108,78,58.064516129032256,108,0,78,4110174,2.729594650040336,2019588,32.94724982797048,22097.709677419356,4000530,117441,97.14808579273628,0.452213428571429,195.26923076923077,2.173076923076923,4.177738247252751
2007,1962,HardRock,Rock,1967,,0.4,0.02,0,0,0,0,0,0,0,0,0,0,0,0,0,0,0,0,0,0,0,0,0,0,0,0.027500005494505465,0,0,0
2007,1962,Jazz,Jazz,1945,,0.3,0.45,169,140,26,3,0,0,0,0,168,31,137,18.452380952380953,31,0,137,10218489,6.786168397225038,2442915,19.294187279704527,60464.43195266272,8811858,1414089,86.1715594653483,0.5687500357142848,418.5192307692308,22,5.247372387362639
2007,1962,LatinPop,Latin,1958,,0.6,0.25,35,22,10,3,0,0,0,0,35,22,13,62.857142857142854,22,0,13,479439,0.3183987172856158,199541,29.388347226722438,13698.257142857143,477570,3092,99.35672052294544,0.3223356263736263,19.134615384615383,0.19230769230769232,0.5885442554945056
2007,1962,ProgressiveRock,Rock,1968,,0.25,0.01,0,0,0,0,0,0,0,0,0,0,0,0,0,0,0,0,0,0,0,0,0,0,0,0.012499999999999982,0,0,0
2007,1962,ProtoMetal,Rock,1968,,0.4,0.01,0,0,0,0,0,0,0,0,0,0,0,0,0,0,0,0,0,0,0,0,0,0,0,0.012499999999999982,0,0,0
2007,1962,ProtoPunk,Rock,1967,,0.4,0.01,0,0,0,0,0,0,0,0,0,0,0,0,0,0,0,0,0,0,0,0,0,0,0,0.012499999999999982,0,0,0
2007,1962,PsychedelicRock,Rock,1966,1971,0.45,0.02,0,0,0,0,0,0,0,0,0,0,0,0,0,0,0,0,0,0,0,0,0,0,0,0.04000000000000009,0,0,0
2007,1962,Reggae,Caribbean,1968,,0.8,0.01,0,0,0,0,0,0,0,0,0,0,0,0,0,0,0,0,0,0,0,0,0,0,0,0.012499999999999982,0,0,0
2007,1962,RnB,RhythmAndSoul,1949,1965,0.8,0.5,421,352,66,3,0,0,0,0,418,368,50,88.03827751196172,368,0,50,15958480,10.598135658192499,6023184,27.4009465343479,37906.12826603325,15933246,41767,99.73854794359166,0.6073216346153841,218.25,11.288461538461538,11.698697843406583
2007,1962,RockAndRoll,Rock,1955,,0.85,0.65,474,410,61,3,0,0,0,0,474,442,32,93.24894514767932,442,0,32,16739048,11.116516202858659,6871042,29.102142346767845,35314.44725738397,16700984,56270,99.66420512573241,0.7632342719780215,244.76923076923077,11,14.180079560439554
2007,1962,Rocksteady,Caribbean,1966,1968,0.8,0.01,0,0,0,0,0,0,0,0,0,0,0,0,0,0,0,0,0,0,0,0,0,0,0,0.012499999999999982,0,0,0
2007,1962,SingerSongwriter,Folk,1967,,0.35,0.05,0,0,0,0,0,0,0,0,0,0,0,0,0,0,0,0,0,0,0,0,0,0,0,0.06249999999999999,0,0,0
2007,1962,Ska,Caribbean,1964,1967,0.8,0.02,0,0,0,0,0,0,0,0,0,0,0,0,0,0,0,0,0,0,0,0,0,0,0,0.02750000274725272,0,0,0
2007,1962,Soul,RhythmAndSoul,1960,,0.7,0.55,428,349,76,3,0,0,0,0,428,203,225,47.429906542056074,203,0,225,13877155,9.215913498012613,6050774,30.36328561788834,32423.25934579439,13870793,23921,99.82784100485983,0.7113295439560441,286.15384615384613,9.346153846153847,12.571004939560439
2007,1962,SunshinePop,Pop,1965,1971,0.55,0.05,0,0,0,0,0,0,0,0,0,0,0,0,0,0,0,0,0,0,0,0,0,0,0,0.08750001923076915,0,0,0
2007,1962,SurfRock,Rock,1961,1966,0.8,0.6,111,70,38,3,0,0,0,0,111,95,16,85.58558558558559,95,0,16,3998484,2.6554205575413308,1427449,26.30789948935971,36022.37837837838,3996616,4782,99.88049176812704,0.7497116181318684,46.09615384615385,2.7884615384615383,3.14379548901099
2007,1962,TeenPop,Pop,1957,1965,0.9,0.75,326,251,72,3,0,0,0,0,326,278,48,85.2760736196319,278,0,48,15303909,10.163430582526226,5386149,26.032546646316796,46944.50613496933,15210094,107872,99.29578117616921,0.8178294313186815,234.76923076923077,12.903846153846153,12.147059002747245
2007,1962,TexMex,Latin,1959,,0.75,0.2,34,19,12,3,0,0,0,0,34,19,15,55.88235294117647,19,0,15,541474,0.3595965848491915,4702,0.8608946566674479,15925.70588235294,537267,5414,99.00236050276314,0.2725893241758242,20.807692307692307,0.28846153846153844,0.5383484972527472
2007,1962,TraditionalPop,Pop,1950,1971,0.45,0.75,348,273,72,3,0,0,0,0,347,137,210,39.481268011527376,137,0,210,29455888,19.56185657760166,5609273,15.996712520441585,84643.35632183908,26918126,2554565,91.33243381135438,0.8420674423076916,754.4038461538462,48.82692307692308,15.458361868131854
2007,1963,AcidRock,Rock,1966,1971,0.4,0.035,0,0,0,0,0,0,0,0,0,0,0,0,0,0,0,0,0,0,0,0,0,0,0,0.04245891758241752,0,0,0
2007,1963,BaroquePop,Pop,1966,1970,0.5,0.06,0,0,0,0,0,0,0,0,0,0,0,0,0,0,0,0,0,0,0,0,0,0,0,0.07989042307692291,0,0,0
2007,1963,Blues,Blues,1945,,0.5,0.3,45,31,11,3,0,0,0,0,45,31,14,68.88888888888889,31,0,14,1007216,0.6699440591628896,532418,34.58081596015676,22382.577777777777,943340,65223,93.53307626791782,0.35867730769230804,52.65384615384615,0.7307692307692307,0.8757551153846154
2007,1963,BluesRock,Rock,1966,,0.45,0.1,0,0,0,0,0,0,0,0,0,0,0,0,0,0,0,5479,0.0036443260434241235,5626,50.661864025213866,0,5520,0,100,0.16215303846153842,0.28846153846153844,0,0.008707939560439564
2007,1963,Boogaloo,Latin,1966,1969,0.7,0.07500000000000001,0,0,0,0,0,0,0,0,0,0,0,0,0,0,0,0,0,0,0,0,0,0,0,0.07485388461538461,0,0,0
2007,1963,BossaNova,Jazz,1962,1967,0.45,0.525,46,19,24,3,0,0,0,0,46,45,1,97.82608695652173,45,0,1,2058144,1.3689629093478919,566302,21.57796350163044,44742.260869565216,2059651,0,100,0.6856375851648354,18.03846153846154,1.3653846153846154,1.2731260412087906
2007,1963,BritishBeat,Rock,1963,1967,0.75,0.485,0,0,0,0,0,0,0,0,0,0,0,0,0,0,0,0,0,0,0,0,0,0,0,0.687042986263736,0,0,0
2007,1963,BritishBlues,Rock,1964,,0.65,0.31,0,0,0,0,0,0,0,0,0,0,0,0,0,0,0,0,0,0,0,0,0,0,0,0.45420560714285746,0,0,0
2007,1963,BritishPop,Pop,1964,1968,0.8,0.41000000000000003,0,0,0,0,0,0,0,0,0,0,0,0,0,0,0,0,0,0,0,0,0,0,0,0.5887751236263736,0,0,0
2007,1963,Bubblegum,Pop,1967,1971,0.9,0.035,0,0,0,0,0,0,0,0,0,0,0,0,0,0,0,0,0,0,0,0,0,0,0,0.04245891758241752,0,0,0
2007,1963,Childrens,NonMusic,1950,,0.3,0.35,33,20,10,3,0,0,0,0,33,14,19,42.42424242424242,14,0,19,966325,0.6427456404292419,419386,30.265040834632906,29282.575757575756,953474,14263,98.52614915002734,0.41931834065934037,30.076923076923077,0.7115384615384616,0.7293333928571429
2007,1963,Classical,Classical,1945,,0.15,0.3,31,16,12,3,0,0,0,0,31,10,21,32.25806451612903,10,0,21,605550,0.4027781776958346,344091,36.23379782465163,19533.870967741936,591650,15234,97.48980035723466,0.34076858791208786,35.69230769230769,0.19230769230769232,0.6562190027472524
2007,1963,Comedy,NonMusic,1955,,0.15,0.47500000000000003,51,36,12,3,0,0,0,0,51,14,37,27.45098039215686,14,0,37,988365,0.6574054225057281,456414,31.59057544441053,19379.70588235294,976698,13528,98.63384722275521,0.5384699835164831,40.67307692307692,0.5,1.0435267582417598
2007,1963,ContemporaryFolk,Folk,1961,1969,0.5,0.47500000000000003,44,19,22,3,0,0,0,0,43,16,27,37.2093023255814,16,0,27,1039061,0.6911255818591555,514244,33.10644078271814,23615.022727272728,1030207,10515,98.98964372810414,0.6404696153846154,36.80769230769231,0.7115384615384616,1.1347182252747254
2007,1963,Country,Country,1950,,0.65,0.575,201,154,44,3,0,0,0,0,201,172,29,85.57213930348259,172,0,29,11847707,7.880435695374757,196379,1.6305014759941103,58943.81592039801,11685945,170291,98.56370099245663,0.7607392197802217,155.92307692307693,11.153846153846153,6.762289928571434
2007,1963,CountryRock,Country,1968,,0.4,0.035,0,0,0,0,0,0,0,0,0,0,0,0,0,0,0,0,0,0,0,0,0,0,0,0.042458909340659275,0,0,0
2007,1963,DooWop,RhythmAndSoul,1954,1965,0.85,0.35,288,235,50,3,0,0,0,0,287,241,46,83.97212543554006,241,0,46,7378051,4.907469138348494,3919203,34.69164276557825,25618.23263888889,7356061,33738,99.54345172311181,0.3580342335164824,167.1346153846154,4.038461538461538,6.649491807692307
2007,1963,EasyListening,Pop,1950,,0.35,0.625,82,30,49,3,0,0,0,0,81,21,60,25.925925925925927,21,0,60,4527546,3.011471765030246,1132292,20.005731612812948,55213.9756097561,3980317,550656,87.8468487894322,0.7244466126373627,204.8846153846154,7.884615384615385,2.77623403021978
2007,1963,Folk,Folk,1958,1966,0.5,0.55,168,124,41,3,0,0,0,0,168,71,97,42.26190476190476,71,0,97,8505863,5.6576269488405995,2363161,21.742163785819223,50630.13690476191,7770238,742619,91.27650094439505,0.7359305741758242,425.59615384615387,8.865384615384615,5.1303585769230775
2007,1963,FolkRock,Folk,1965,,0.55,0.06,0,0,0,0,0,0,0,0,0,0,0,0,0,0,0,0,0,0,0,0,0,0,0,0.08560373076923088,0,0,0
2007,1963,Funk,RhythmAndSoul,1967,,0.7,0.07500000000000001,0,0,0,0,0,0,0,0,0,0,0,0,0,0,0,0,0,0,0,0,0,0,0,0.08046123076923078,0,0,0
2007,1963,GarageRock,Rock,1963,1968,0.85,0.35,19,4,12,3,0,0,0,0,19,16,3,84.21052631578948,16,0,3,359871,0.23936617221629544,172730,32.43140737625352,18940.57894736842,360225,0,100,0.4672758791208797,7.6923076923076925,0.19230769230769232,0.352104401098901
2007,1963,Gospel,Gospel,1950,,0.5,0.35,188,149,36,3,0,0,0,0,188,102,86,54.255319148936174,102,0,86,4258591,2.832577859023833,2829225,39.91673880924674,22652.07978723404,4162372,103578,97.57198279398493,0.452213428571429,178.46153846153845,2.0576923076923075,4.255538291208789
2007,1963,HardRock,Rock,1967,,0.4,0.035,0,0,0,0,0,0,0,0,0,0,0,0,0,0,0,0,0,0,0,0,0,0,0,0.042458912087912026,0,0,0
2007,1963,Jazz,Jazz,1945,,0.3,0.42500000000000004,148,120,25,3,0,0,0,0,148,32,116,21.62162162162162,32,0,116,12051435,8.015944229080672,2213834,15.51904839649361,81428.61486486487,10278829,1778886,85.24690623389257,0.5363390851648345,485.8269230769231,38.82692307692308,4.604023379120882
2007,1963,LatinPop,Latin,1958,,0.6,0.275,30,15,12,3,0,0,0,0,30,15,15,50,15,0,15,565126,0.37589038138640285,333496,37.11193360500856,18837.533333333333,561288,4908,99.13316236780196,0.3503510164835165,20.73076923076923,0.3076923076923077,0.5735456373626369
2007,1963,ProgressiveRock,Rock,1968,,0.25,0.015,0,0,0,0,0,0,0,0,0,0,0,0,0,0,0,0,0,0,0,0,0,0,0,0.017486368131868137,0,0,0
2007,1963,ProtoMetal,Rock,1968,,0.4,0.015,0,0,0,0,0,0,0,0,0,0,0,0,0,0,0,0,0,0,0,0,0,0,0,0.017486368131868137,0,0,0
2007,1963,ProtoPunk,Rock,1967,,0.4,0.015,0,0,0,0,0,0,0,0,0,0,0,0,0,0,0,0,0,0,0,0,0,0,0,0.01748636538461539,0,0,0
2007,1963,PsychedelicRock,Rock,1966,1971,0.45,0.06,0,0,0,0,0,0,0,0,0,0,0,0,0,0,0,0,0,0,0,0,0,0,0,0.07989042307692291,0,0,0
2007,1963,Reggae,Caribbean,1968,,0.8,0.015,0,0,0,0,0,0,0,0,0,0,0,0,0,0,0,0,0,0,0,0,0,0,0,0.01748636538461539,0,0,0
2007,1963,RnB,RhythmAndSoul,1949,1965,0.8,0.525,400,331,66,3,0,0,0,0,400,361,39,90.25,361,0,39,16788030,11.166463761048638,5905110,26.0215642260172,41970.075,16752360,50495,99.6994855933709,0.6353889560439564,209.03846153846155,11.903846153846153,11.017631260989013
2007,1963,RockAndRoll,Rock,1955,,0.85,0.575,416,366,47,3,0,0,0,0,413,380,33,92.00968523002422,380,0,33,15317609,10.188421500581812,6547767,29.945823936437225,36821.175480769234,15245168,89267,99.41786573812469,0.6894135604395599,235.44230769230768,10,12.481721118131874
2007,1963,Rocksteady,Caribbean,1966,1968,0.8,0.015,0,0,0,0,0,0,0,0,0,0,0,0,0,0,0,0,0,0,0,0,0,0,0,0.017486368131868137,0,0,0
2007,1963,SingerSongwriter,Folk,1967,,0.35,0.07500000000000001,0,0,0,0,0,0,0,0,0,0,0,0,0,0,0,0,0,0,0,0,0,0,0,0.08743151923076922,0,0,0
2007,1963,Ska,Caribbean,1964,1967,0.8,0.035,0,0,0,0,0,0,0,0,0,0,0,0,0,0,0,0,0,0,0,0,0,0,0,0.04245891483516477,0,0,0
2007,1963,Soul,RhythmAndSoul,1960,,0.7,0.65,429,329,97,3,0,0,0,0,428,214,214,50,214,0,214,15177391,10.095156286280508,6085073,28.618851512223607,35378.5337995338,15165900,26954,99.82258764548122,0.8089790439560446,288.9230769230769,11.288461538461538,13.403352802197801
2007,1963,SunshinePop,Pop,1965,1971,0.55,0.125,0,0,0,0,0,0,0,0,0,0,0,0,0,0,0,0,0,0,0,0,0,0,0,0.1622945714285714,0,0,0
2007,1963,SurfRock,Rock,1961,1966,0.8,0.625,114,77,34,3,0,0,0,0,114,92,22,80.70175438596492,92,0,22,4580822,3.0469079968772004,1847660,28.741777607839612,40182.649122807015,4568726,17604,99.61616368643338,0.7774648241758236,73.92307692307692,3.0961538461538463,4.13307654945055
2007,1963,TeenPop,Pop,1957,1965,0.9,0.625,317,262,52,3,0,0,0,0,317,283,34,89.27444794952682,283,0,34,13836972,9.20358412515612,5071367,26.820795840396134,43649.75394321766,13745157,104571,99.24495990101755,0.6988725961538459,222.8653846153846,11.134615384615385,10.499389475274725
2007,1963,TexMex,Latin,1959,,0.75,0.225,24,14,7,3,0,0,0,0,24,19,5,79.16666666666667,19,0,5,334630,0.22257726298795666,4862,1.4321397853263111,13942.916666666666,328744,7064,97.89641700019058,0.30729564560439565,17.865384615384617,0.09615384615384616,0.4603306071428573
2007,1963,TraditionalPop,Pop,1950,1971,0.45,0.625,337,272,62,3,0,0,0,0,337,158,179,46.88427299703264,158,0,179,28143515,18.719500760722298,5704692,16.85374944675799,83511.91394658753,25338631,2820000,89.98530858975353,0.7126584505494505,838.0384615384615,65.32692307692308,12.882106458791212
2007,1964,AcidRock,Rock,1966,1971,0.4,0.05,0,0,0,0,0,0,0,0,0,0,0,0,0,0,0,0,0,0,0,0,0,0,0,0.11164644230769231,0,0,0
2007,1964,BaroquePop,Pop,1966,1970,0.5,0.1,0,0,0,0,0,0,0,0,0,0,0,0,0,0,0,0,0,0,0,0,0,0,0,0.19863429120879184,0,0,0
2007,1964,Blues,Blues,1945,,0.5,0.3,33,19,11,3,0,0,0,0,33,14,19,42.42424242424242,14,0,19,1143207,0.7157203660088398,297954,20.674581118972828,34642.63636363636,1038719,106027,90.73794536080493,0.3838760082417579,58.03846153846154,2.4038461538461537,0.6954328269230771
2007,1964,BluesRock,Rock,1966,,0.45,0.15,0,0,0,0,0,0,0,0,0,0,0,0,0,0,0,0,0,0,0,0,0,0,0,0.29083489835164833,0,0,0
2007,1964,Boogaloo,Latin,1966,1969,0.7,0.1,0,0,0,0,0,0,0,0,0,0,0,0,0,0,0,0,0,0,0,0,0,0,0,0.13839248901098922,0,0,0
2007,1964,BossaNova,Jazz,1962,1967,0.45,0.55,46,23,20,3,0,0,0,0,46,46,0,100,46,0,0,1802541,1.1285054275087016,826809,31.44537623366992,39185.67391304348,1804561,0,100,0.6568394175824176,21.78846153846154,0.9230769230769231,1.5042128241758241
2007,1964,BritishBeat,Rock,1963,1967,0.75,0.95,133,42,88,3,0,0,0,0,133,85,48,63.909774436090224,85,0,48,6042212,3.782809398597983,1900534,23.92792114968803,45430.16541353383,6028108,16690,99.72389482659305,0.9413688269230771,60.48076923076923,4.1923076923076925,4.250680145604396
2007,1964,BritishBlues,Rock,1964,,0.65,0.6,0,0,0,0,0,0,0,0,0,0,0,0,0,0,0,0,0,0,0,0,0,0,0,0.6246586620879123,0,0,0
2007,1964,BritishPop,Pop,1964,1968,0.8,0.8,97,21,73,3,0,0,0,0,96,56,40,58.333333333333336,56,0,40,5081228,3.18117223209302,1304369,20.426735354580003,52383.79381443299,5068376,14221,99.72020209353605,0.8769082802197802,38.82692307692308,3.480769230769231,2.710250983516484
2007,1964,Bubblegum,Pop,1967,1971,0.9,0.05,0,0,0,0,0,0,0,0,0,0,0,0,0,0,0,0,0,0,0,0,0,0,0,0.08698784340659331,0,0,0
2007,1964,Childrens,NonMusic,1950,,0.3,0.35,34,14,17,3,0,0,0,0,33,14,19,42.42424242424242,14,0,19,772361,0.4835471595353716,501166,39.35260108344778,22716.5,754848,18676,97.58559527564755,0.43924298351648444,35.05769230769231,0.3269230769230769,0.6859658489010984
2007,1964,Classical,Classical,1945,,0.15,0.3,23,16,4,3,0,0,0,0,23,6,17,26.08695652173913,6,0,17,736105,0.4608485952421014,268792,26.74821399606129,32004.565217391304,713039,23939,96.75173478719853,0.3719787115384618,35.75,0.40384615384615385,0.4623908159340663
2007,1964,Comedy,NonMusic,1955,,0.15,0.4,56,36,17,3,0,0,0,0,56,14,42,25,14,0,42,2686926,1.6821867432220656,732371,21.418759470148395,47980.82142857143,2648228,40649,98.48825364641075,0.5033011785714288,63.55769230769231,1.6730769230769231,1.5147086153846157
2007,1964,ContemporaryFolk,Folk,1961,1969,0.5,0.55,38,21,14,3,0,0,0,0,38,17,21,44.73684210526316,17,0,21,1856834,1.1624963021549537,480199,20.547377807673232,48864.05263157895,1843265,14921,99.19701257032396,0.6526395879120879,35.76923076923077,1.25,1.1460798571428572
2007,1964,Country,Country,1950,,0.65,0.55,191,155,33,3,0,0,0,0,191,190,1,99.47643979057591,190,0,1,15821027,9.90497017169746,272230,1.6915780317185016,82832.60209424084,15626129,203196,98.71633187138428,0.7500914285714272,167.19230769230768,16.096153846153847,7.155203546703298
2007,1964,CountryRock,Country,1968,,0.4,0.05,0,0,0,0,0,0,0,0,0,0,0,0,0,0,0,0,0,0,0,0,0,0,0,0.06232929395604411,0,0,0
2007,1964,DooWop,RhythmAndSoul,1954,1965,0.85,0.2,252,227,22,3,0,0,0,0,252,207,45,82.14285714285714,207,0,45,4653240,2.9132244955873907,2667953,36.44150618621856,18465.238095238095,4621328,41039,99.11978186187402,0.2279439780219783,146.69230769230768,1.6923076923076923,4.56205851098901
2007,1964,EasyListening,Pop,1950,,0.35,0.55,72,38,31,3,0,0,0,0,72,28,44,38.888888888888886,28,0,44,3683367,2.3060222491507507,1180928,24.277474947551497,51157.875,3077376,609279,83.47339254690228,0.6983184230769233,216.32692307692307,11.884615384615385,2.24947367857143
2007,1964,Folk,Folk,1958,1966,0.5,0.6,138,106,29,3,0,0,0,0,138,80,58,57.971014492753625,80,0,58,8795664,5.506645653298813,2887915,24.717725621575376,63736.69565217391,7914666,887665,89.91556895554143,0.7227637087912091,407.21153846153845,17.846153846153847,5.021149782967034
2007,1964,FolkRock,Folk,1965,,0.55,0.1,0,0,0,0,0,0,0,0,0,0,0,0,0,0,0,0,0,0,0,0,0,0,0,0.29425359615384644,0,0,0
2007,1964,Funk,RhythmAndSoul,1967,,0.7,0.1,0,0,0,0,0,0,0,0,0,0,0,0,0,0,0,0,0,0,0,0,0,0,0,0.12606682417582427,0,0,0
2007,1964,GarageRock,Rock,1963,1968,0.85,0.5,39,12,24,3,0,0,0,0,39,38,1,97.43589743589743,38,0,1,992089,0.6211108768519996,570297,36.50167116192797,25438.17948717949,993161,0,100,0.6323511510989006,14.25,0.4423076923076923,0.926229574175824
2007,1964,Gospel,Gospel,1950,,0.5,0.35,169,137,29,3,0,0,0,0,167,80,87,47.90419161676647,80,0,87,4397740,2.753265228792087,2446170,35.74228766889103,26022.13017751479,4257161,146730,96.66817366733191,0.46814361813186833,190.65384615384616,2.480769230769231,3.830925346153849
2007,1964,HardRock,Rock,1967,,0.4,0.05,0,0,0,0,0,0,0,0,0,0,0,0,0,0,0,0,0,0,0,0,0,0,0,0.07465856868131877,0,0,0
2007,1964,Jazz,Jazz,1945,,0.3,0.4,145,120,22,3,0,0,0,0,145,69,76,47.58620689655172,69,0,76,14108812,8.833014570930647,2932495,17.20815780151135,97302.15172413793,12026487,2089179,85.19957187992405,0.5200000000000025,484.3076923076923,62.21153846153846,4.806767618131869
2007,1964,LatinPop,Latin,1958,,0.6,0.3,28,18,7,3,0,0,0,0,28,17,11,60.714285714285715,17,0,11,433877,0.27163462543775313,211105,32.73037077003699,15495.607142857143,426573,8092,98.13833642000161,0.3446209890109892,21.846153846153847,0.1346153846153846,0.46161405769230757
2007,1964,ProgressiveRock,Rock,1968,,0.25,0.02,0,0,0,0,0,0,0,0,0,0,0,0,0,0,0,0,0,0,0,0,0,0,0,0.02739759340659344,0,0,0
2007,1964,ProtoMetal,Rock,1968,,0.4,0.02,0,0,0,0,0,0,0,0,0,0,0,0,0,0,0,0,0,0,0,0,0,0,0,0.02739759340659344,0,0,0
2007,1964,ProtoPunk,Rock,1967,,0.4,0.02,0,0,0,0,0,0,0,0,0,0,0,0,0,0,0,0,0,0,0,0,0,0,0,0.027397596153846186,0,0,0
2007,1964,PsychedelicRock,Rock,1966,1971,0.45,0.1,0,0,0,0,0,0,0,0,0,0,0,0,0,0,0,0,0,0,0,0,0,0,0,0.19863429120879184,0,0,0
2007,1964,Reggae,Caribbean,1968,,0.8,0.02,0,0,0,0,0,0,0,0,0,0,0,0,0,0,0,0,0,0,0,0,0,0,0,0.022465846153846145,0,0,0
2007,1964,RnB,RhythmAndSoul,1949,1965,0.8,0.55,339,283,53,3,0,0,0,0,338,286,52,84.61538461538461,286,0,52,15707679,9.834007107224998,5706343,26.647693740111034,46335.33628318584,15645144,75578,99.51924599900691,0.6217782087912087,219.80769230769232,10.711538461538462,10.084881659340654
2007,1964,RockAndRoll,Rock,1955,,0.85,0.5,305,272,30,3,0,0,0,0,305,267,38,87.54098360655738,267,0,38,12858969,8.050533279779012,4850852,27.390745507817385,42160.554098360655,12722697,150078,98.83414415306723,0.6179439642857143,213.8846153846154,8.884615384615385,8.686009991758246
2007,1964,Rocksteady,Caribbean,1966,1968,0.8,0.02,0,0,0,0,0,0,0,0,0,0,0,0,0,0,0,0,0,0,0,0,0,0,0,0.03479513461538463,0,0,0
2007,1964,SingerSongwriter,Folk,1967,,0.35,0.1,0,0,0,0,0,0,0,0,0,0,0,0,0,0,0,0,0,0,0,0,0,0,0,0.12465863736263763,0,0,0
2007,1964,Ska,Caribbean,1964,1967,0.8,0.05,6,0,3,3,0,0,0,0,6,1,5,16.666666666666668,1,0,5,34594,0.021658046479517537,1154,3.2281526239230165,5765.666666666667,33936,815,97.65474374838134,0.06232928846153861,3.923076923076923,0,0.07135853571428569
2007,1964,Soul,RhythmAndSoul,1960,,0.7,0.75,383,320,60,3,0,0,0,0,383,193,190,50.391644908616186,193,0,190,15432819,9.66192724784591,6429887,29.410298066488203,40294.56657963446,15405986,42737,99.72336224812886,0.874623697802198,270.86538461538464,10.307692307692308,13.313910000000005
2007,1964,SunshinePop,Pop,1965,1971,0.55,0.2,0,0,0,0,0,0,0,0,0,0,0,0,0,0,0,0,0,0,0,0,0,0,0,0.286305041208791,0,0,0
2007,1964,SurfRock,Rock,1961,1966,0.8,0.65,108,83,22,3,0,0,0,0,108,90,18,83.33333333333333,90,0,18,3107079,1.9452292709005283,1475682,32.20071917344151,28769.25,3090146,20744,99.33318117966242,0.7294387774725275,67.9423076923077,1.6153846153846154,3.1993488818681333
2007,1964,TeenPop,Pop,1957,1965,0.9,0.5,287,241,43,3,0,0,0,0,287,240,47,83.62369337979094,240,0,47,11585219,7.253084684551936,4829223,29.42057366311934,40366.61672473868,11458447,139031,98.80119626008344,0.5993446565934057,215.32692307692307,7.673076923076923,8.324705989010987
2007,1964,TexMex,Latin,1959,,0.75,0.25,24,17,4,3,0,0,0,0,24,19,5,79.16666666666667,19,0,5,349383,0.21873600199899623,8118,2.270762878984954,14557.625,345051,4794,98.62967885777988,0.31918067582417575,12.403846153846153,0.07692307692307693,0.36598814560439535
2007,1964,TraditionalPop,Pop,1950,1971,0.45,0.5,304,252,49,3,0,0,0,0,304,231,73,75.98684210526316,231,0,73,27645192,17.307650265109164,5423380,16.400405799198104,90938.13157894737,25090232,2568346,90.71410684960014,0.6175791868131867,772.2692307692307,83.28846153846153,10.675495076923081
2007,1965,AcidRock,Rock,1966,1971,0.4,0.175,0,0,0,0,0,0,0,0,0,0,0,0,0,0,0,0,0,0,0,0,0,0,0,0.23732848787061994,0,0,0
2007,1965,BaroquePop,Pop,1966,1970,0.5,0.30000000000000004,0,0,0,0,0,0,0,0,0,0,0,0,0,0,0,0,0,0,0,0,0,0,0,0.39972567385444685,0,0,0
2007,1965,Blues,Blues,1945,,0.5,0.32499999999999996,44,21,20,3,0,0,0,0,44,16,28,36.36363636363637,16,0,28,1001814,0.5906586337193104,630474,38.62516908780803,22768.5,836708,166658,83.3901088934646,0.3900933530997297,76.26415094339623,2.150943396226415,0.8706618652291113
2007,1965,BluesRock,Rock,1966,,0.45,0.30000000000000004,0,0,0,0,0,0,0,0,0,0,0,0,0,0,0,0,0,0,0,0,0,0,0,0.48352208894878645,0,0,0
2007,1965,Boogaloo,Latin,1966,1969,0.7,0.22499999999999998,0,0,0,0,0,0,0,0,0,0,0,0,0,0,0,0,0,0,0,0,0,0,0,0.24599426954177936,0,0,0
2007,1965,BossaNova,Jazz,1962,1967,0.45,0.47500000000000003,54,25,26,3,0,0,0,0,54,54,0,100,54,0,0,2156755,1.2715992804725142,662066,23.487337436467232,39939.90740740741,2158689,0,100,0.5636565579514844,19.62264150943396,1.3396226415094339,1.3179892533692719
2007,1965,BritishBeat,Rock,1963,1967,0.75,0.825,149,63,83,3,0,0,0,0,149,44,105,29.530201342281877,44,0,105,6991796,4.122286844268636,2726759,28.05724719364144,46924.80536912752,6907643,90050,98.7131473186949,0.8847519811320751,135.67924528301887,4.09433962264151,5.521402636118599
2007,1965,BritishBlues,Rock,1964,,0.65,0.6499999999999999,108,16,89,3,0,0,0,0,107,30,77,28.037383177570092,30,0,77,4405564,2.5974725977107327,1325883,23.13347746214874,40792.25925925926,4371652,35817,99.18735673467017,0.842566064690027,62.339622641509436,2.660377358490566,2.8677931805929906
2007,1965,BritishPop,Pop,1964,1968,0.8,0.775,189,44,142,3,0,0,0,0,187,46,141,24.59893048128342,46,0,141,8898082,5.246212327679977,3341348,27.29986608853517,47079.798941798945,8799603,104376,98.82776003851761,0.8669726415094341,150.75471698113208,5.660377358490566,6.391918725067386
2007,1965,Bubblegum,Pop,1967,1971,0.9,0.125,0,0,0,0,0,0,0,0,0,0,0,0,0,0,0,0,0,0,0,0,0,0,0,0.16239711320754713,0,0,0
2007,1965,Childrens,NonMusic,1950,,0.3,0.35,41,14,24,3,0,0,0,0,41,1,40,2.4390243902439024,1,0,40,2152001,1.2687963738005157,534222,19.887477696378895,52487.829268292684,2094350,58978,97.26107680762058,0.45220992991913844,53,2.2641509433962264,0.9336108436657686
2007,1965,Classical,Classical,1945,,0.15,0.3,43,26,14,3,0,0,0,0,41,2,39,4.878048780487805,2,0,39,1362171,0.8031211998954564,277741,16.93633560825215,31678.39534883721,1303627,59646,95.6247941534821,0.379167113207547,54.113207547169814,1.490566037735849,0.7316138517520221
2007,1965,Comedy,NonMusic,1955,,0.15,0.375,42,17,22,3,0,0,0,0,42,2,40,4.761904761904762,2,0,40,1020978,0.6019575195969252,495300,32.665513843767435,24309,940120,82462,91.93590342877148,0.45518448517520177,75.35849056603773,0.4528301886792453,0.9298207439353096
2007,1965,ContemporaryFolk,Folk,1961,1969,0.5,0.5,66,32,31,3,0,0,0,0,66,9,57,13.636363636363637,9,0,57,2543502,1.4996211035005833,794657,23.80524714371005,38537.90909090909,2491038,54546,97.8572304037109,0.6157938194070093,68.71698113207547,2.339622641509434,1.622045323450135
2007,1965,Country,Country,1950,,0.65,0.55,209,154,52,3,0,0,0,0,208,148,60,71.15384615384616,148,0,60,17548704,10.346524931958026,278860,1.5642069774647842,83965.09090909091,17312971,245022,98.60449881714841,0.7500914285714274,196.69811320754718,13.339622641509434,7.689995762803236
2007,1965,CountryRock,Country,1968,,0.4,0.07500000000000001,0,0,0,0,0,0,0,0,0,0,0,0,0,0,0,0,0,0,0,0,0,0,0,0.08746570889487873,0,0,0
2007,1965,DooWop,RhythmAndSoul,1954,1965,0.85,0.15000000000000002,126,100,23,3,0,0,0,0,126,105,21,83.33333333333333,105,0,21,1970262,1.1616450368921536,1068039,35.152507931241836,15637,1898520,77910,96.05804404911886,0.16258926684636132,123.86792452830188,0.20754716981132076,2.5184147412398916
2007,1965,EasyListening,Pop,1950,,0.35,0.575,78,25,50,3,0,0,0,0,77,23,54,29.87012987012987,23,1,53,4835485,2.850949341364984,1586882,24.708678280141886,61993.39743589744,4125132,713467,85.25467805866946,0.7242021293800535,219.71698113207546,12.39622641509434,2.463359420485174
2007,1965,Folk,Folk,1958,1966,0.5,0.525,139,107,29,3,0,0,0,0,139,47,92,33.81294964028777,47,1,91,9788182,5.771005602552916,2614101,21.07757902315243,70418.57553956835,8538318,1255926,87.17689696111307,0.633726819407009,373.58490566037733,25.50943396226415,4.308211970350404
2007,1965,FolkRock,Folk,1965,,0.55,0.42500000000000004,23,7,13,3,0,0,0,0,23,23,0,100,23,0,0,583142,0.3438141780653356,381282,39.53468598873525,25354,583590,0,100,0.721238328840971,6.962264150943396,0.33962264150943394,0.519021444743935
2007,1965,Funk,RhythmAndSoul,1967,,0.7,0.175,0,0,0,0,0,0,0,0,0,0,0,0,0,0,0,0,0,0,0,0,0,0,0,0.19546416172506736,0,0,0
2007,1965,GarageRock,Rock,1963,1968,0.85,0.575,68,14,51,3,0,0,0,0,68,21,47,30.88235294117647,21,0,47,3175078,1.8719914409583422,871239,21.531654588604898,46692.32352941176,3158715,18259,99.4252707135784,0.7703247574123993,41.60377358490566,1.830188679245283,1.8827556064690043
2007,1965,Gospel,Gospel,1950,,0.5,0.375,204,153,48,3,0,0,0,0,198,45,153,22.727272727272727,45,0,153,4737159,2.7929774016445514,2684573,36.17178577722828,23221.367647058825,4469426,275213,94.1994954726798,0.5006207789757413,273.8301886792453,2.4339622641509435,4.50229869811321
2007,1965,HardRock,Rock,1967,,0.4,0.1,0,0,0,0,0,0,0,0,0,0,0,0,0,0,0,0,0,0,0,0,0,0,0,0.12493141509433969,0,0,0
2007,1965,Jazz,Jazz,1945,,0.3,0.4,148,114,31,3,0,0,0,0,148,35,113,23.64864864864865,35,1,112,13165415,7.762185431874295,2931451,18.21131517153712,88955.50675675676,10859050,2312448,82.44354590495325,0.5200000000000026,447.77358490566036,61.113207547169814,4.473928283018874
2007,1965,LatinPop,Latin,1958,,0.6,0.32499999999999996,23,10,10,3,0,0,0,0,23,4,19,17.391304347826086,4,0,19,801351,0.4724678301457188,207753,20.58786804927936,34841.34782608696,780358,21949,97.26426417817619,0.4225733908355801,27.056603773584907,0.49056603773584906,0.48961662533692735
2007,1965,ProgressiveRock,Rock,1968,,0.25,0.035,0,0,0,0,0,0,0,0,0,0,0,0,0,0,0,0,0,0,0,0,0,0,0,0.04247942318059301,0,0,0
2007,1965,ProtoMetal,Rock,1968,,0.4,0.035,0,0,0,0,0,0,0,0,0,0,0,0,0,0,0,0,0,0,0,0,0,0,0,0.04247941509433965,0,0,0
2007,1965,ProtoPunk,Rock,1967,,0.4,0.035,0,0,0,0,0,0,0,0,0,0,0,0,0,0,0,0,0,0,0,0,0,0,0,0.04247941509433965,0,0,0
2007,1965,PsychedelicRock,Rock,1966,1971,0.45,0.30000000000000004,0,0,0,0,0,0,0,0,0,0,0,0,0,0,0,0,0,0,0,0,0,0,0,0.39972567115902896,0,0,0
2007,1965,Reggae,Caribbean,1968,,0.8,0.025,0,0,0,0,0,0,0,0,0,0,0,0,0,0,0,0,0,0,0,0,0,0,0,0.027493132075471678,0,0,0
2007,1965,RnB,RhythmAndSoul,1949,1965,0.8,0.5,146,98,45,3,0,0,0,0,146,100,46,68.4931506849315,100,0,46,8020385,4.728731726650707,2866280,26.32835675571904,54934.143835616436,7850857,178103,97.78174259181762,0.5651817601078168,176.18867924528303,5.452830188679245,4.922847299191371
2007,1965,RockAndRoll,Rock,1955,,0.85,0.45,306,255,48,3,0,0,0,0,306,234,72,76.47058823529412,234,0,72,11746360,6.925526044530381,4748876,28.789378945533123,38386.797385620914,11406723,350955,97.0150994099345,0.5525892884097026,251.0943396226415,10.39622641509434,7.762399277628028
2007,1965,Rocksteady,Caribbean,1966,1968,0.8,0.05,0,0,0,0,0,0,0,0,0,0,0,0,0,0,0,0,0,0,0,0,0,0,0,0.06495881940700803,0,0,0
2007,1965,SingerSongwriter,Folk,1967,,0.35,0.15000000000000002,0,0,0,0,0,0,0,0,0,0,0,0,0,0,0,0,0,0,0,0,0,0,0,0.17493141509433965,0,0,0
2007,1965,Ska,Caribbean,1964,1967,0.8,0.07500000000000001,19,8,8,3,0,0,0,0,19,7,12,36.8421052631579,7,0,12,336180,0.1982080700446967,36676,9.836505245993092,17693.684210526317,317637,18935,94.37416065507529,0.09550399999999981,14.339622641509434,0.4339622641509434,0.26297046900269505
2007,1965,Soul,RhythmAndSoul,1960,,0.7,0.8,499,355,141,3,0,0,0,0,495,127,368,25.656565656565657,127,0,368,21246557,12.526738824631568,8782760,29.24728524461612,42578.270541082165,21109158,155636,99.26810483092383,0.9137910700808624,433.75471698113205,14.245283018867925,18.077454016172506
2007,1965,SunshinePop,Pop,1965,1971,0.55,0.375,29,0,26,3,0,0,0,0,29,21,8,72.41379310344827,21,0,8,1866068,1.1002133882210932,460521,19.79382692860664,64347.1724137931,1866833,0,100,0.5882349056603783,14.60377358490566,1.2452830188679245,0.7707951401617253
2007,1965,SurfRock,Rock,1961,1966,0.8,0.525,102,62,37,3,0,0,0,0,102,36,66,35.294117647058826,36,0,66,3774164,2.225206027937928,1438140,27.591253311395498,37001.60784313725,3726972,51117,98.64701440331342,0.5987413719676539,90.54716981132076,2.169811320754717,2.5995571428571442
2007,1965,TeenPop,Pop,1957,1965,0.9,0.425,124,90,31,3,0,0,0,0,124,85,39,68.54838709677419,85,0,39,6145161,3.6231200604555247,2715348,30.64550806279865,49557.75,5819480,333509,94.57972377327506,0.5038838894878731,197.35849056603774,4.90566037735849,4.078805878706198
2007,1965,TexMex,Latin,1959,,0.75,0.275,36,17,16,3,0,0,0,0,36,10,26,27.77777777777778,10,0,26,722592,0.4260323807178817,11515,1.568572428814873,20072,712051,11882,98.35868788962514,0.3575677466307278,28,0.16981132075471697,0.639011946091644
2007,1965,TraditionalPop,Pop,1950,1971,0.45,0.45,292,227,62,3,0,0,0,0,290,122,168,42.06896551724138,122,0,168,28614735,16.870936400709244,6175889,17.751590198554645,97995.66780821918,25644985,2982764,89.58086435646757,0.5525892991913739,704.9811320754717,70.86792452830188,9.37149981132075
2007,1966,AcidRock,Rock,1966,1971,0.4,0.3,29,6,20,3,0,0,0,0,29,25,4,86.20689655172414,25,0,4,1279213,0.8832499284455378,297714,18.879377422036658,44110.793103448275,1279641,0,100,0.5623278214285717,8.98076923076923,1.1730769230769231,0.44430069230769204
2007,1966,BaroquePop,Pop,1966,1970,0.5,0.5,38,6,29,3,0,0,0,0,38,35,3,92.10526315789474,35,1,2,2935520,2.026869512700735,558010,15.97266947757712,77250.52631578948,2936125,0,100,0.7435219285714282,12.865384615384615,2.5,1.010542527472526
2007,1966,Blues,Blues,1945,,0.5,0.35,46,23,20,3,0,0,0,0,46,4,42,8.695652173913043,4,11,31,2026741,1.3993907529298388,502546,19.86907772822934,44059.586956521736,1671634,356514,82.42169703591651,0.4834325521978021,100.5576923076923,4.019230769230769,0.8547860686813192
2007,1966,BluesRock,Rock,1966,,0.45,0.45,60,31,26,3,0,0,0,0,60,49,11,81.66666666666667,49,1,10,3502404,2.41828224258772,861285,19.737543165885562,58373.4,3503743,0,100,0.6835689642857155,21.51923076923077,3.5384615384615383,1.5132050604395602
2007,1966,Boogaloo,Latin,1966,1969,0.7,0.35,19,3,13,3,0,0,0,0,19,0,19,0,0,2,17,1518382,1.048387401357704,16016,1.043796980965825,79914.84210526316,1495647,23039,98.48296487884922,0.41229636538461506,14.307692307692308,1.1153846153846154,0.3972731703296703
2007,1966,BossaNova,Jazz,1962,1967,0.45,0.4,45,14,28,3,0,0,0,0,45,45,0,100,45,0,0,1786095,1.23323346537827,854777,32.36722567394406,39691,1787731,0,100,0.45269638186813166,17.865384615384617,1.6923076923076923,1.0934666098901096
2007,1966,BritishBeat,Rock,1963,1967,0.75,0.7,108,56,49,3,0,0,0,0,107,12,95,11.214953271028037,12,52,43,2327442,1.6070138280029513,1083656,31.768539045198935,21550.38888888889,2079421,251631,89.20526011431748,0.7363820302197803,169.34615384615384,1.1538461538461537,1.9013923708791185
2007,1966,BritishBlues,Rock,1964,,0.65,0.7,106,46,57,3,0,0,0,0,104,15,89,14.423076923076923,15,61,28,2398451,1.6560429530735918,864284,26.489555541593173,22626.896226415094,2217754,183297,92.36596806981609,0.8493750302197808,115.53846153846153,1.8461538461538463,1.6679778269230767
2007,1966,BritishPop,Pop,1964,1968,0.8,0.75,122,40,79,3,0,0,0,0,119,18,101,15.126050420168067,18,55,46,4303791,2.9716107425382243,1498813,25.830006665972725,35276.975409836065,3970457,337939,92.15626882951335,0.7742977032967032,208.71153846153845,3.230769230769231,2.7668686263736255
2007,1966,Bubblegum,Pop,1967,1971,0.9,0.2,0,0,0,0,0,0,0,0,0,0,0,0,0,0,0,0,0,0,0,0,0,0,0,0.3010961978021968,0,0,0
2007,1966,Childrens,NonMusic,1950,,0.3,0.35,27,11,13,3,0,0,0,0,27,1,26,3.7037037037037037,1,9,17,476783,0.32920127502929447,173089,26.634321835684567,17658.62962962963,344581,133332,72.10119833526186,0.4443749752747256,72.53846153846153,0.6730769230769231,0.41922170054945046
2007,1966,Classical,Classical,1945,,0.15,0.3,33,8,22,3,0,0,0,0,33,2,31,6.0606060606060606,2,10,21,707736,0.4886658995478714,350110,33.09649986860091,21446.545454545456,586636,122469,82.72907397353,0.37825807967033026,76.84615384615384,0.4230769230769231,0.5712133104395608
2007,1966,Comedy,NonMusic,1955,,0.15,0.35,54,29,22,3,0,0,0,0,54,4,50,7.407407407407407,4,21,29,1244232,0.8590968235701548,355591,22.226896350408765,23041.333333333332,1092813,153175,87.70654292015654,0.4385991126373648,103.73076923076923,0.9230769230769231,0.7237515467032969
2007,1966,ContemporaryFolk,Folk,1961,1969,0.5,0.45,49,21,25,3,0,0,0,0,49,3,46,6.122448979591836,3,25,21,739126,0.5103395498734273,461560,38.441357690520256,15084.204081632653,608109,132611,82.09701371638405,0.5443156565934061,91.92307692307692,0.34615384615384615,0.7488225851648344
2007,1966,Country,Country,1950,,0.65,0.55,166,122,41,3,0,0,0,0,165,49,116,29.696969696969695,49,29,87,18693544,12.907210449232076,494235,2.5757801358875354,112611.7108433735,17664597,1036456,94.45776662950476,0.7500914285714272,251.15384615384616,21.423076923076923,5.697857656593408
2007,1966,CountryRock,Country,1968,,0.4,0.1,0,0,0,0,0,0,0,0,0,0,0,0,0,0,0,0,0,0,0,0,0,0,0,0.15054824175824155,0,0,0
2007,1966,DooWop,RhythmAndSoul,1954,1965,0.85,0.1,20,20,0,0,0,0,0,0,20,8,12,40,8,2,10,510330,0.35236425519722775,116276,18.55647727599161,25516.5,401834,110572,78.42101770861387,0.0971437335164836,90.15384615384616,0.11538461538461539,0.5498718104395597
2007,1966,EasyListening,Pop,1950,,0.35,0.6,106,33,70,3,0,0,0,0,104,8,96,7.6923076923076925,8,58,38,3632390,2.508032835490483,1004896,21.669916412315306,34267.83018867925,2509794,1125089,69.0474493952075,0.7369841428571432,234.82692307692307,7.384615384615385,1.4603825137362638
2007,1966,Folk,Folk,1958,1966,0.5,0.45,60,42,15,3,0,0,0,0,60,8,52,13.333333333333334,8,16,36,4659696,3.217350166530483,1427927,23.456232424379763,77661.6,2762064,1901517,59.22624695486151,0.5192874697802198,312.25,18.326923076923077,1.5965538159340693
2007,1966,FolkRock,Folk,1965,,0.55,0.75,68,21,44,3,0,0,0,0,68,61,7,89.70588235294117,61,2,5,4093695,2.826547115943831,1155686,22.01566241810225,60201.39705882353,4095215,0,100,0.896939722527473,25.923076923076923,3.6923076923076925,2.215088986263736
2007,1966,Funk,RhythmAndSoul,1967,,0.7,0.25,0,0,0,0,0,0,0,0,0,0,0,0,0,0,0,0,0,0,0,0,0,0,0,0.29984673076923063,0,0,0
2007,1966,GarageRock,Rock,1963,1968,0.85,0.65,96,35,58,3,0,0,0,0,96,12,84,12.5,12,40,44,2503719,1.7287266683482216,1028309,29.11384054713043,26080.40625,2390327,116334,95.35900546583683,0.7600964285714278,101.42307692307692,2.173076923076923,1.9845753021978012
2007,1966,Gospel,Gospel,1950,,0.5,0.4,193,138,52,3,0,0,0,0,193,18,175,9.32642487046632,18,57,118,5021739,3.467327655693123,2331186,31.704199349238568,26019.37305699482,4402374,625930,87.5518663947128,0.5494707142857139,382.36538461538464,3.8846153846153846,3.6353099615384643
2007,1966,HardRock,Rock,1967,,0.4,0.15,0,0,0,0,0,0,0,0,0,0,0,0,0,0,0,0,0,0,0,0,0,0,0,0.2258222774725275,0,0,0
2007,1966,Jazz,Jazz,1945,,0.3,0.4,145,105,37,3,0,0,0,0,145,14,131,9.655172413793103,14,66,65,8959066,6.185908369785838,2805875,23.84946086852454,61786.66206896552,5068400,3895722,56.54095292321992,0.5200000000000025,458.4807692307692,50.5,2.6246650082417595
2007,1966,LatinPop,Latin,1958,,0.6,0.35,36,14,19,3,0,0,0,0,35,3,32,8.571428571428571,3,10,22,1692914,1.168895382836517,280400,14.209598675122155,47025.38888888889,1609615,83986,95.04098072686541,0.4519385549450555,44.98076923076923,1.5576923076923077,0.5632269560439561
2007,1966,ProgressiveRock,Rock,1968,,0.25,0.05,0,0,0,0,0,0,0,0,0,0,0,0,0,0,0,0,0,0,0,0,0,0,0,0.07527403296703286,0,0,0
2007,1966,ProtoMetal,Rock,1968,,0.4,0.05,0,0,0,0,0,0,0,0,0,0,0,0,0,0,0,0,0,0,0,0,0,0,0,0.07527403296703286,0,0,0
2007,1966,ProtoPunk,Rock,1967,,0.4,0.05,0,0,0,0,0,0,0,0,0,0,0,0,0,0,0,0,0,0,0,0,0,0,0,0.10054813736263732,0,0,0
2007,1966,PsychedelicRock,Rock,1966,1971,0.45,0.5,15,7,5,3,0,0,0,0,15,2,13,13.333333333333334,2,3,10,321076,0.22169126957401114,159863,33.23976637369812,21405.066666666666,311885,9499,97.04434570482663,0.7591064697802201,9.865384615384615,0.36538461538461536,0.2157110247252746
2007,1966,Reggae,Caribbean,1968,,0.8,0.03,0,0,0,0,0,0,0,0,0,0,0,0,0,0,0,0,0,0,0,0,0,0,0,0.040109626373626375,0,0,0
2007,1966,RnB,RhythmAndSoul,1949,1965,0.8,0.45,30,30,0,0,0,0,0,0,30,8,22,26.666666666666668,8,3,19,1601493,1.1057725161142278,600655,27.275868833520725,53383.1,1315147,289097,81.97923757233937,0.5069372912087917,137.78846153846155,0.9807692307692307,0.9819648049450549
2007,1966,RockAndRoll,Rock,1955,,0.85,0.4,255,198,54,3,0,0,0,0,253,72,181,28.458498023715414,72,22,159,14505702,10.015658262972856,3002536,17.149275672400616,56885.10588235294,13316443,1198399,91.74363041636967,0.4871437609890119,345.21153846153845,21.5,5.904536063186814
2007,1966,Rocksteady,Caribbean,1966,1968,0.8,0.08,14,1,10,3,0,0,0,0,14,0,14,0,0,2,12,245977,0.16983814865018418,48419,16.446894658894823,17569.785714285714,223534,22755,90.76085411853555,0.10962766208791216,11.461538461538462,0.17307692307692307,0.20209522527472518
2007,1966,SingerSongwriter,Folk,1967,,0.35,0.2,0,0,0,0,0,0,0,0,0,0,0,0,0,0,0,0,0,0,0,0,0,0,0,0.25054830769230874,0,0,0
2007,1966,Ska,Caribbean,1964,1967,0.8,0.1,31,17,11,3,0,0,0,0,31,3,28,9.67741935483871,3,8,20,163294,0.11274855228612096,28935,15.052359425476904,5267.548387096775,127558,36300,77.84667211854166,0.11083445329670336,30.365384615384617,0,0.2918595384615385
2007,1966,Soul,RhythmAndSoul,1960,,0.7,0.85,524,373,148,3,0,0,0,0,519,45,474,8.670520231213873,45,346,128,7493204,5.173784113222597,3485515,31.747920681820894,14300.007633587786,6891531,612796,91.834097847815,0.9513826263736264,577.6153846153846,4.269230769230769,6.903977813186816
2007,1966,SunshinePop,Pop,1965,1971,0.55,0.55,80,16,61,3,0,0,0,0,79,73,6,92.40506329113924,73,0,6,8423734,5.816281145316882,1180495,12.291408295241606,105296.675,8425746,0,100,0.8046302142857141,30.653846153846153,6.461538461538462,2.577552925824175
2007,1966,SurfRock,Rock,1961,1966,0.8,0.4,35,16,16,3,0,0,0,0,35,34,1,97.14285714285714,34,0,1,1988175,1.3727623362858314,730931,26.881298485605196,56805,1988725,1847,99.90721260019733,0.4536598461538458,31.576923076923077,1.9230769230769231,1.1384249642857143
2007,1966,TeenPop,Pop,1957,1965,0.9,0.35,28,28,0,0,0,0,0,0,28,12,16,42.857142857142854,12,3,13,2077127,1.4341804485432017,700973,25.232101076275153,74183.10714285714,1579870,499962,75.96142380730751,0.4221437664835173,174.48076923076923,2.173076923076923,0.9959358846153842
2007,1966,TexMex,Latin,1959,,0.75,0.3,42,17,22,3,0,0,0,0,42,3,39,7.142857142857143,3,10,29,1537717,1.0617375137834646,27075,1.7302619134044652,36612.30952380953,1481930,57421,96.26979161997491,0.42425599450549534,55.30769230769231,0.7692307692307693,0.7609134587912084
2007,1966,TraditionalPop,Pop,1950,1971,0.45,0.4,269,198,68,3,0,0,0,0,267,68,199,25.46816479400749,68,65,134,31459733,21.7217984191575,5495743,14.871254804024172,116950.68029739778,25575158,5894682,81.26878941869421,0.4871437582417591,721.1730769230769,79.6923076923077,6.728098164835167
2007,1967,AcidRock,Rock,1966,1971,0.4,0.65,65,11,51,3,0,0,0,0,65,56,9,86.15384615384616,56,6,3,3886908,3.235389765609816,835253,17.687939907173856,59798.584615384614,3888404,0,100,0.8636864780219788,24.826923076923077,5.461538461538462,1.6076363214285707
2007,1967,BaroquePop,Pop,1966,1970,0.5,0.65,63,17,43,3,0,0,0,0,63,52,11,82.53968253968254,52,1,10,6341022,5.278148513498825,922202,12.696868498066424,100651.14285714286,6342539,0,100,0.779481467032968,30.846153846153847,7.019230769230769,2.3069112774725276
2007,1967,Blues,Blues,1945,,0.5,0.4,52,24,25,3,0,0,0,0,52,5,47,9.615384615384615,5,38,9,1162561,0.967694105776909,227417,16.36119420595146,22356.94230769231,601124,562056,51.67936174968621,0.5044212197802224,119.90384615384616,2.2115384615384617,0.32946634615384635
2007,1967,BluesRock,Rock,1966,,0.45,0.6,79,41,35,3,0,0,0,0,79,71,8,89.87341772151899,71,6,2,4836478,4.025794133228014,1028332,17.533935455709564,61221.240506329115,4838151,0,100,0.8416649587912091,32.69230769230769,6.115384615384615,2.4094172609890117
2007,1967,Boogaloo,Latin,1966,1969,0.7,0.4,25,3,19,3,0,0,0,0,24,2,22,8.333333333333334,2,18,4,334440,0.2783816218985751,11226,3.247643679158494,13377.6,256062,78905,76.44394820982366,0.3943497994505496,30.75,0.2692307692307692,0.15247996978021972
2007,1967,BossaNova,Jazz,1962,1967,0.45,0.3,16,6,7,3,0,0,0,0,16,16,0,100,16,0,0,600249,0.499636078707684,276420,31.530714557033498,37515.5625,601368,0,100,0.3538579670329678,7.884615384615385,0.8653846153846154,0.4228894395604395
2007,1967,BritishBeat,Rock,1963,1967,0.75,0.5,29,16,10,3,0,0,0,0,29,2,27,6.896551724137931,2,26,1,791735,0.6590254557285863,160541,16.858662824643275,27301.206896551725,482390,310235,60.85980129317142,0.5836252417582409,173.8846153846154,0.6153846153846154,0.25657084890109905
2007,1967,BritishBlues,Rock,1964,,0.65,0.65,91,52,36,3,0,0,0,0,89,12,77,13.48314606741573,12,76,1,1297346,1.079886627328157,328867,20.222873633404728,14256.54945054945,895091,402885,68.96052007124939,0.7812047582417586,162.48076923076923,1.3269230769230769,0.5066097445054945
2007,1967,BritishPop,Pop,1964,1968,0.8,0.55,76,36,37,3,0,0,0,0,76,3,73,3.9473684210526314,3,69,4,1387752,1.1551388965225196,289674,17.26895851143359,18259.894736842107,893026,495739,64.30360788182305,0.5963928626373605,234.23076923076923,1.4807692307692308,0.46307271978021913
2007,1967,Bubblegum,Pop,1967,1971,0.9,0.4,27,4,20,3,0,0,0,0,27,19,8,70.37037037037037,19,2,6,3180577,2.647453007514964,365457,10.306077155492586,117799.14814814815,3180998,0,100,0.6486549642857141,11.25,2.4038461538461537,0.6892328791208795
2007,1967,Childrens,NonMusic,1950,,0.3,0.35,50,25,22,3,0,0,0,0,50,4,46,8,4,43,3,374614,0.31182171063841896,27128,6.752592459837408,7492.28,146889,228258,39.15505121992179,0.4248647829670337,82.07692307692308,0.19230769230769232,0.13120842307692296
2007,1967,Classical,Classical,1945,,0.15,0.3,33,22,8,3,0,0,0,0,33,4,29,12.121212121212121,4,27,2,324329,0.2699654139718424,34147,9.525602829757084,9828.151515151516,147122,177584,45.309295177791604,0.3289514972527479,74.88461538461539,0.21153846153846154,0.08751236813186813
2007,1967,Comedy,NonMusic,1955,,0.15,0.35,49,31,15,3,0,0,0,0,49,3,46,6.122448979591836,3,41,5,404503,0.3367007570949628,125566,23.688614123821615,8255.163265306122,172806,232314,42.65550947867298,0.463288785714285,118.21153846153847,0.11538461538461539,0.16607739010989014
2007,1967,ContemporaryFolk,Folk,1961,1969,0.5,0.4,69,43,23,3,0,0,0,0,68,6,62,8.823529411764707,6,60,2,351367,0.2924713411722182,83386,19.18008616386776,5092.275362318841,135578,216239,38.53651187975567,0.5092375989011005,110.75,0.11538461538461539,0.17124252197802198
2007,1967,Country,Country,1950,,0.65,0.55,146,101,42,3,0,0,0,0,144,32,112,22.22222222222222,32,95,17,10246109,8.52867013984448,618447,5.692335701523375,70178.82876712328,7499066,2750923,73.16169802718812,0.7500914285714272,313.88461538461536,34.53846153846154,2.4710953214285722
2007,1967,CountryRock,Country,1968,,0.4,0.2,0,0,0,0,0,0,0,0,0,0,0,0,0,0,0,0,0,0,0,0,0,0,0,0.3005478461538464,0,0,0
2007,1967,DooWop,RhythmAndSoul,1954,1965,0.85,0.05,14,14,0,0,0,0,0,0,14,0,14,0,0,8,6,224332,0.18672977515772982,21663,8.806276550336388,16023.714285714286,81854,143128,36.38246615284778,0.05192876923076925,75.78846153846153,0.3269230769230769,0.1170989285714286
2007,1967,EasyListening,Pop,1950,,0.35,0.6,94,36,55,3,0,0,0,0,90,15,75,16.666666666666668,15,71,4,3248820,2.7042572086369123,612843,15.869924434110382,34561.914893617024,1747903,1502116,53.78131635538131,0.7113503708791209,240.46153846153845,8.423076923076923,0.8203200467032964
2007,1967,Folk,Folk,1958,1966,0.5,0.35,9,9,0,0,0,0,0,0,9,2,7,22.22222222222222,2,5,2,2974339,2.475784340677509,361554,10.838297271525196,330482.1111111111,1765702,1209711,59.34308951395991,0.4223219972527471,214.3653846153846,6.5,0.3273696565934065
2007,1967,FolkRock,Folk,1965,,0.55,0.7,60,24,33,3,0,0,0,0,60,55,5,91.66666666666667,55,1,4,5042268,4.197089893216376,1115427,18.1143593503738,84037.8,5043856,0,100,0.8300733516483517,25.557692307692307,5.846153846153846,2.1640391785714286
2007,1967,Funk,RhythmAndSoul,1967,,0.7,0.4,32,2,27,3,0,0,0,0,32,28,4,87.5,28,2,2,2418178,2.0128462913510723,476064,16.44865909623314,75568.0625,2418650,0,100,0.5632341456043953,11.48076923076923,3.25,0.7921280906593409
2007,1967,GarageRock,Rock,1963,1968,0.85,0.55,78,34,41,3,0,0,0,0,78,5,73,6.410256410256411,5,69,4,640246,0.5329288359468818,127190,16.57336898451467,8208.28205128205,387539,253278,60.47576765285565,0.6152424010988967,137.57692307692307,0.4807692307692308,0.2514313846153849
2007,1967,Gospel,Gospel,1950,,0.5,0.45,172,125,44,3,0,0,0,0,171,14,157,8.187134502923977,14,148,9,2949381,2.4550097667050634,556037,15.862216717093368,17147.56395348837,1986439,965130,67.30112018387508,0.5787017307692303,410.78846153846155,2.730769230769231,0.9148603543956046
2007,1967,HardRock,Rock,1967,,0.4,0.3,35,9,23,3,0,0,0,0,35,27,8,77.14285714285714,27,3,5,1399235,1.1646971316745987,440534,23.945071364937665,39978.142857142855,1399889,0,100,0.5153532692307686,12.711538461538462,2.0961538461538463,0.5372742994505493
2007,1967,Jazz,Jazz,1945,,0.3,0.4,139,106,30,3,0,0,0,0,139,17,122,12.23021582733813,17,103,19,7393168,6.153935231457496,1862697,20.12450484098461,53188.25899280576,2930879,4464220,39.6327216173847,0.5200000000000025,424.2692307692308,45,1.1092851208791215
2007,1967,LatinPop,Latin,1958,,0.6,0.35,40,15,22,3,0,0,0,0,39,1,38,2.5641025641025643,1,35,3,324873,0.270418229431455,128073,28.275556026546212,8121.825,147053,178165,45.21674692052716,0.42380824450549465,61.26923076923077,0.7692307692307693,0.11926818406593404
2007,1967,ProgressiveRock,Rock,1968,,0.25,0.1,0,0,0,0,0,0,0,0,0,0,0,0,0,0,0,0,0,0,0,0,0,0,0,0.175410978021978,0,0,0
2007,1967,ProtoMetal,Rock,1968,,0.4,0.1,0,0,0,0,0,0,0,0,0,0,0,0,0,0,0,0,0,0,0,0,0,0,0,0.15027393131868164,0,0,0
2007,1967,ProtoPunk,Rock,1967,,0.4,0.15,18,5,10,3,0,0,0,0,18,12,6,66.66666666666667,12,5,1,104931,0.08734260844228976,41588,28.384032105051222,5829.5,105162,0,100,0.21645256043956063,5.903846153846154,0,0.15662059065934053
2007,1967,PsychedelicRock,Rock,1966,1971,0.45,0.85,32,11,18,3,0,0,0,0,31,0,31,0,0,30,1,83679,0.06965283978845493,30096,26.452208305866844,2614.96875,23231,60583,27.71732646097311,0.9142406840659344,28.78846153846154,0,0.04962106318681318
2007,1967,Reggae,Caribbean,1968,,0.8,0.05,0,0,0,0,0,0,0,0,0,0,0,0,0,0,0,0,0,0,0,0,0,0,0,0.07513694230769234,0,0,0
2007,1967,RnB,RhythmAndSoul,1949,1965,0.8,0.4,14,14,0,0,0,0,0,0,14,4,10,28.571428571428573,4,8,2,1139884,0.9488181936856699,183384,13.858417191377711,81420.28571428571,843490,296990,73.95921015712682,0.44742696978022,125.51923076923077,1.2307692307692308,0.28146889010989007
2007,1967,RockAndRoll,Rock,1955,,0.85,0.35,239,196,40,3,0,0,0,0,239,40,199,16.736401673640167,40,135,64,11499635,9.572081815995757,1954405,14.526528834461619,48115.62761506276,8438224,3066440,73.34611423679996,0.45500000000000174,481.4807692307692,28.76923076923077,2.9226421318681326
2007,1967,Rocksteady,Caribbean,1966,1968,0.8,0.12,16,8,5,3,0,0,0,0,16,1,15,6.25,1,12,3,126441,0.10524713148689673,21385,14.466332039018846,7902.5625,70724,55927,55.84164357170492,0.13216894780219765,22.884615384615383,0.17307692307692307,0.053669087912087944
2007,1967,SingerSongwriter,Folk,1967,,0.35,0.3,24,7,14,3,0,0,0,0,24,0,24,0,0,22,2,85990,0.07157647311044874,14423,14.363678009819445,3582.9166666666665,35302,50735,41.03118425793554,0.35368765659340684,13.596153846153847,0,0.02935085989010988
2007,1967,Ska,Caribbean,1964,1967,0.8,0.12,15,9,3,3,0,0,0,0,15,0,15,0,0,13,2,104370,0.08687564249956431,17849,14.604112290233106,6958,25027,79648,23.90924289467399,0.12599751923076888,39.84615384615385,0,0.06064992582417581
2007,1967,Soul,RhythmAndSoul,1960,,0.7,0.9,451,338,110,3,0,0,0,0,448,36,412,8.035714285714286,36,409,3,6856464,5.7071928262444445,1067090,13.467315298160397,15202.80266075388,5484077,1375838,79.94380396841652,0.9660768571428571,802.5192307692307,6.288461538461538,2.396987063186812
2007,1967,SunshinePop,Pop,1965,1971,0.55,0.7,88,27,58,3,0,0,0,0,88,82,6,93.18181818181819,82,2,4,7969700,6.633829721459976,1551014,16.29094204489285,90564.77272727272,7972298,0,100,0.8315250384615379,38.40384615384615,8.173076923076923,3.1808003406593426
2007,1967,SurfRock,Rock,1961,1966,0.8,0.3,3,3,0,0,0,0,0,0,3,2,1,66.66666666666667,2,1,0,81034,0.06745119109236078,99353,55.07769406886305,27011.333333333332,81282,0,100,0.35593171428571424,2.8461538461538463,0.057692307692307696,0.10796399999999998
2007,1967,TeenPop,Pop,1957,1965,0.9,0.3,24,24,0,0,0,0,0,0,24,5,19,20.833333333333332,5,13,6,1528970,1.2726861273599583,260158,14.541050165220152,63707.083333333336,981089,548422,64.14396496658082,0.3769288571428572,162.25,2.6538461538461537,0.287911414835165
2007,1967,TexMex,Latin,1959,,0.75,0.3,45,33,9,3,0,0,0,0,45,3,42,6.666666666666667,3,37,5,501015,0.41703554687093236,10070,1.9703180488568437,11133.666666666666,333326,168335,66.44447146579064,0.3911166043956045,75.59615384615384,0.38461538461538464,0.19184720879120867
2007,1967,TraditionalPop,Pop,1950,1971,0.45,0.35,204,163,38,3,0,0,0,0,204,39,165,19.11764705882353,39,103,62,27920298,23.24033560917218,3521248,11.199347513000792,136864.20588235295,19786515,8139205,70.85409078082857,0.4353931840659338,672.5192307692307,96.59615384615384,3.685034703296702
2007,1968,AcidRock,Rock,1966,1971,0.4,0.7,78,28,47,3,0,0,0,0,76,5,71,6.578947368421052,5,71,0,638836,0.48441647305064656,232941,26.72025070631595,8190.205128205128,549283,90390,85.8693426172435,0.7810066950549456,44.48076923076923,0.6923076923076923,0.336782554945055
2007,1968,BaroquePop,Pop,1966,1970,0.5,0.55,56,22,31,3,0,0,0,0,56,46,10,82.14285714285714,46,3,7,3818620,2.895582641430132,689124,15.287558477145108,68189.64285714286,3820306,0,100,0.6499069423076926,22.76923076923077,4.730769230769231,1.5599463681318677
2007,1968,Blues,Blues,1945,,0.5,0.4,61,43,15,3,0,0,0,0,61,6,55,9.836065573770492,6,30,25,2087816,1.5831488255181434,658201,23.96929807790702,34226.49180327869,1218496,870163,58.338675676594406,0.5169051730769253,148.05769230769232,2.673076923076923,0.7791580164835171
2007,1968,BluesRock,Rock,1966,,0.45,0.7,89,46,40,3,0,0,0,0,88,68,20,77.27272727272727,68,8,12,5143330,3.9000835556161237,1255259,19.617746975153427,57790.22471910113,5145920,0,100,0.8962362857142849,38.86538461538461,6.480769230769231,2.874437329670331
2007,1968,Boogaloo,Latin,1966,1969,0.7,0.35,41,22,16,3,0,0,0,0,40,4,36,10,4,25,11,466677,0.3538717705230397,16254,3.3656982053336812,11382.365853658537,332297,134888,71.12749767222834,0.32608198901098895,57.26923076923077,0.34615384615384615,0.2330227362637362
2007,1968,BossaNova,Jazz,1962,1967,0.45,0.25,6,6,0,0,0,0,0,0,6,6,0,100,6,0,0,185047,0.1403174133715116,66530,26.44518378071127,30841.166666666668,185350,0,100,0.2867035357142857,2.5,0.3269230769230769,0.14111860714285723
2007,1968,BritishBeat,Rock,1963,1967,0.75,0.4,47,4,40,3,0,0,0,0,46,3,43,6.521739130434782,3,36,7,608614,0.46149973910243974,100391,14.159420596469701,12949.234042553191,357581,251840,58.67552972411519,0.4868531923076923,144.3653846153846,0.3269230769230769,0.16299613186813175
2007,1968,BritishBlues,Rock,1964,,0.65,0.6,100,61,36,3,0,0,0,0,99,6,93,6.0606060606060606,6,88,5,882636,0.6692851030742326,198377,18.351028155998122,8826.36,418658,464636,47.39735580678687,0.7090213434065933,202.25,0.4230769230769231,0.26531545604395596
2007,1968,BritishPop,Pop,1964,1968,0.8,0.4,21,6,12,3,0,0,0,0,21,2,19,9.523809523809524,2,16,3,835072,0.6332182797828386,54049,6.0789251406726414,39765.333333333336,447270,388830,53.494797273053464,0.44434163186813247,200.15384615384616,0.38461538461538464,0.10198368131868124
2007,1968,Bubblegum,Pop,1967,1971,0.9,0.65,69,20,46,3,0,0,0,0,69,51,18,73.91304347826087,51,4,14,8328682,6.3154718262596425,839337,9.155053016360458,120705.53623188406,8330129,0,100,0.7480257499999999,30.25,7.230769230769231,2.167994494505494
2007,1968,Childrens,NonMusic,1950,,0.3,0.35,53,30,20,3,0,0,0,0,52,7,45,13.461538461538462,7,37,8,673684,0.5108410096341656,136224,16.81968816211224,12711.018867924528,401012,273183,59.480120736582144,0.4287184203296711,100.92307692307692,0.40384615384615385,0.2542798269230768
2007,1968,Classical,Classical,1945,,0.15,0.3,32,20,9,3,0,0,0,0,32,2,30,6.25,2,23,7,404931,0.3070510222480752,73151,15.300931639342204,12654.09375,182811,222531,45.100433707831904,0.3761940000000006,85.96153846153847,0.4807692307692308,0.15472032967032978
2007,1968,Comedy,NonMusic,1955,,0.15,0.4,53,39,11,3,0,0,0,0,53,4,49,7.547169811320755,4,41,8,603063,0.4572905275960373,86174,12.502811079498054,11378.547169811322,282908,320716,46.86824910871668,0.47736426373626467,127.28846153846153,0.6538461538461539,0.2085447994505495
2007,1968,ContemporaryFolk,Folk,1961,1969,0.5,0.4,67,39,25,3,0,0,0,0,66,3,63,4.545454545454546,3,53,10,864856,0.6558028871520859,157291,15.388295421304372,12908.298507462687,492346,373242,56.879947503893305,0.5183383571428596,144.5,0.9615384615384616,0.26738928021978026
2007,1968,Country,Country,1950,,0.65,0.55,172,137,32,3,0,0,0,0,171,28,143,16.374269005847953,28,110,33,9666098,7.329607444354902,631184,6.129617504891097,56198.24418604651,5468756,4199170,56.565968750691724,0.7711304890109891,406.3076923076923,37.07692307692308,2.0397374258241756
2007,1968,CountryRock,Country,1968,,0.4,0.4,23,7,13,3,0,0,0,0,23,17,6,73.91304347826087,17,3,3,1579700,1.1978546958501186,248823,13.60786820838458,68682.60869565218,1580143,0,100,0.6039345741758241,8.711538461538462,1.2307692307692308,0.5096291538461535
2007,1968,DooWop,RhythmAndSoul,1954,1965,0.85,0.03,9,9,0,0,0,0,0,0,9,1,8,11.11111111111111,1,1,7,252664,0.19159002270828282,11028,4.182151904494638,28073.777777777777,104795,148351,41.397059404454346,0.03251774999999996,47.98076923076923,0.11538461538461539,0.10716013736263734
2007,1968,EasyListening,Pop,1950,,0.35,0.55,92,46,43,3,0,0,0,0,91,13,78,14.285714285714286,13,67,11,4103095,3.1112943047851758,538779,11.60692858099983,44598.858695652176,2025390,2078710,49.350405691869106,0.685995857142859,257.5,9.557692307692308,0.666437516483517
2007,1968,Folk,Folk,1958,1966,0.5,0.3,7,7,0,0,0,0,0,0,7,0,7,0,0,2,5,2399214,1.8192756575611486,375811,13.542616733182584,342744.85714285716,1707118,692780,71.13293981660887,0.3899999999999992,148.30769230769232,3.480769230769231,0.17941820054945049
2007,1968,FolkRock,Folk,1965,,0.55,0.6,80,42,35,3,0,0,0,0,80,69,11,86.25,69,5,6,5437722,4.123315080349116,1185122,17.89445742644701,67971.525,5439301,0,100,0.7475887582417572,31.903846153846153,7.134615384615385,2.4388074917582436
2007,1968,Funk,RhythmAndSoul,1967,,0.7,0.55,71,18,50,3,0,0,0,0,70,57,13,81.42857142857143,57,1,12,6626122,5.024454866731518,1052453,13.70635827611243,93325.66197183098,6627819,0,100,0.7380344120879122,29.53846153846154,6.903846153846154,2.2372535082417584
2007,1968,GarageRock,Rock,1963,1968,0.85,0.4,14,5,6,3,0,0,0,0,14,12,2,85.71428571428571,12,0,2,716876,0.5435926333748494,275742,27.779266545639913,51205.42857142857,712376,4889,99.31838302440521,0.4538456153846152,16.903846153846153,1.1346153846153846,0.3554429560439562
2007,1968,Gospel,Gospel,1950,,0.5,0.45,200,144,53,3,0,0,0,0,199,20,179,10.050251256281408,20,130,49,3687389,2.7960728170387243,979364,20.985983187882454,18436.945,2443917,1245657,66.23846004985941,0.6136303956043957,460.61538461538464,2.826923076923077,1.4328200604395602
2007,1968,HardRock,Rock,1967,,0.4,0.5,45,15,27,3,0,0,0,0,45,41,4,91.11111111111111,41,0,4,2329346,1.766296160258081,652326,21.877859134069745,51763.24444444444,2330327,0,100,0.7442785164835171,17.307692307692307,3,1.0419864478021978
2007,1968,Jazz,Jazz,1945,,0.3,0.4,144,108,33,3,0,0,0,0,144,18,126,12.5,18,90,36,9537441,7.232049432324778,1987205,17.243089288816332,66232.22916666667,3559932,5979300,37.31885334165266,0.5200000000000025,455.96153846153845,49.88461538461539,1.267774631868131
2007,1968,LatinPop,Latin,1958,,0.6,0.35,43,23,17,3,0,0,0,0,42,0,42,0,0,25,17,463396,0.35138385430028585,194467,29.56040999417812,10776.651162790698,261765,201996,56.44394418676862,0.4034760879120874,86.5576923076923,0.36538461538461536,0.2441245054945056
2007,1968,ProgressiveRock,Rock,1968,,0.25,0.25,11,1,7,3,0,0,0,0,11,7,4,63.63636363636363,7,1,3,604946,0.4587183685736189,58962,8.881049784006217,54995.09090909091,605154,0,100,0.374284980769231,4.134615384615385,0.34615384615384615,0.14996344230769226
2007,1968,ProtoMetal,Rock,1968,,0.4,0.2,28,4,21,3,0,0,0,0,28,16,12,57.142857142857146,16,2,10,1469255,1.1141064766419357,323363,18.038589370406857,52473.392857142855,1469752,0,100,0.33610805494505536,10.365384615384615,1.1153846153846154,0.3942346346153846
2007,1968,ProtoPunk,Rock,1967,,0.4,0.25,32,9,20,3,0,0,0,0,32,25,7,78.125,25,2,5,1583979,1.2010993753737893,235193,12.928574098545932,49499.34375,1584539,0,100,0.34641286813186817,12.365384615384615,1.4807692307692308,0.46663669505494487
2007,1968,PsychedelicRock,Rock,1966,1971,0.45,0.75,39,26,10,3,0,0,0,0,39,1,38,2.5641025641025643,1,35,3,139828,0.10602875635331416,31029,18.160801137793595,3585.3333333333335,37094,102882,26.500257186946335,0.7753722802197793,56.71153846153846,0,0.049432379120879125
2007,1968,Reggae,Caribbean,1968,,0.8,0.1,12,3,6,3,0,0,0,0,12,0,12,0,0,6,6,94055,0.07132001229232317,18395,16.358381502890172,7837.916666666667,48276,45903,51.25983499506259,0.15341750549450567,8.884615384615385,0.038461538461538464,0.07667316758241766
2007,1968,RnB,RhythmAndSoul,1949,1965,0.8,0.35,10,10,0,0,0,0,0,0,10,3,7,30,3,6,1,556114,0.42169004641893576,121945,17.984423184413156,55611.4,299432,257190,53.79449608531463,0.3879931456043954,101.57692307692308,0.4807692307692308,0.09486761813186809
2007,1968,RockAndRoll,Rock,1955,,0.85,0.35,244,206,35,3,0,0,0,0,241,33,208,13.692946058091286,33,88,120,13707589,10.394188676605324,2630618,16.101020142540733,56178.64344262295,8752837,4958270,63.83756614254414,0.45500000000000174,646.3653846153846,37.15384615384615,3.245894956043956
2007,1968,Rocksteady,Caribbean,1966,1968,0.8,0.12,11,7,1,3,0,0,0,0,11,1,10,9.090909090909092,1,7,3,76206,0.05778547505979245,8789,10.34060827107477,6927.818181818182,16796,59491,22.016857393789245,0.11073061263736286,32.53846153846154,0,0.04416757692307696
2007,1968,SingerSongwriter,Folk,1967,,0.35,0.4,52,17,32,3,0,0,0,0,52,2,50,3.8461538461538463,2,39,11,441776,0.3349898437132886,130405,22.790865128342254,8495.692307692309,267591,174394,60.54300485310588,0.5790199615384628,51.59615384615385,0.5769230769230769,0.20414028571428575
2007,1968,Ska,Caribbean,1964,1967,0.8,0.1,2,2,0,0,0,0,0,0,2,0,2,0,0,1,1,85864,0.0651089419538359,1314,1.507261006217165,42932,4730,81293,5.49852946305058,0.0930172500000001,37.53846153846154,0,0.01699520329670329
2007,1968,Soul,RhythmAndSoul,1960,,0.7,0.9,403,306,94,3,0,0,0,0,401,36,365,8.977556109725686,36,360,5,5145267,3.9015523437061796,810229,13.6047274651851,12767.411910669975,3260702,1887908,63.331695350783995,0.9660768571428571,926.0961538461538,3.5384615384615383,1.5802618049450545
2007,1968,SunshinePop,Pop,1965,1971,0.55,0.6,60,23,34,3,0,0,0,0,59,51,8,86.44067796610169,51,1,7,7058486,5.3523077803964805,1083851,13.311301165746395,117641.43333333333,7060267,0,100,0.7151742005494508,29.403846153846153,7.846153846153846,2.3511031126373623
2007,1968,SurfRock,Rock,1961,1966,0.8,0.25,2,2,0,0,0,0,0,0,2,0,2,0,0,0,2,61287,0.04647269781893158,7279,10.616048770527668,30643.5,61346,0,100,0.2904988241758242,1,0.07692307692307693,0.028605906593406602
2007,1968,TeenPop,Pop,1957,1965,0.9,0.28,8,8,0,0,0,0,0,0,8,2,6,25,2,2,4,1407751,1.0674692320932457,250029,15.082158066812243,175968.875,933148,475396,66.24911965831383,0.34455323076923067,132.3653846153846,3.3846153846153846,0.22829086813186822
2007,1968,TexMex,Latin,1959,,0.75,0.3,49,35,11,3,0,0,0,0,49,2,47,4.081632653061225,2,33,14,474534,0.3598295753880738,9026,1.8665729175283314,9684.367346938776,262587,212469,55.27495705769425,0.4165132664835169,105.9423076923077,0.17307692307692307,0.23938952197802202
2007,1968,TraditionalPop,Pop,1950,1971,0.45,0.32,209,166,40,3,0,0,0,0,209,40,169,19.138755980861244,40,77,92,26629567,20.192664353614834,3958930,12.942545035802183,127414.1961722488,16599216,10035012,62.32287265844536,0.4030355302197809,687.7884615384615,94.96153846153847,3.682897398351647
2007,1969,AcidRock,Rock,1966,1971,0.4,0.65,58,33,22,3,0,0,0,0,56,1,55,1.7857142857142858,1,52,3,629693,0.4537368850784463,61399,8.884345354887627,10856.775862068966,253736,376080,40.287322011508124,0.7991686318681309,96.09615384615384,0.75,0.11032615109890101
2007,1969,BaroquePop,Pop,1966,1970,0.5,0.45,61,35,23,3,0,0,0,0,61,40,21,65.57377049180327,40,4,17,5287681,3.8101359015083283,786138,12.943059383231539,86683.29508196721,5288991,0,100,0.5850000000000015,31.192307692307693,5.538461538461538,1.6813781978021964
2007,1969,Blues,Blues,1945,,0.5,0.4,46,28,15,3,0,0,0,0,45,0,45,0,0,26,19,1588851,1.1448758420274237,400418,20.128901621650968,34540.239130434784,479692,1110311,30.169251252985056,0.5095077170329702,164.6153846153846,1.5576923076923077,0.4611106401098902
2007,1969,BluesRock,Rock,1966,,0.45,0.7,84,53,28,3,0,0,0,0,84,68,16,80.95238095238095,68,0,16,6864526,4.946360599180881,1365942,16.59616439794189,81720.54761904762,6866504,0,100,0.8962362857142849,37.19230769230769,7.615384615384615,3.0613190796703305
2007,1969,Boogaloo,Latin,1966,1969,0.7,0.25,10,4,3,3,0,0,0,0,10,0,10,0,0,4,6,361738,0.26065697623207973,10823,2.9050276330587472,36173.8,202257,160062,55.822907437920726,0.26372165659340574,69.65384615384616,0.17307692307692307,0.17311367582417572
2007,1969,BossaNova,Jazz,1962,1967,0.45,0.2,1,1,0,0,0,0,0,0,1,1,0,100,1,0,0,36388,0.026220043377065495,29080,44.41864727805951,36388,36523,0,100,0.24703276923076883,1.0384615384615385,0,0.05094740109890112
2007,1969,BritishBeat,Rock,1963,1967,0.75,0.35,44,7,34,3,0,0,0,0,43,1,42,2.3255813953488373,1,32,10,597658,0.4306534759989615,206717,25.69908313908314,13583.136363636364,302602,295926,50.557701561163384,0.4549959807692325,124.1923076923077,0.36538461538461536,0.2244470357142859
2007,1969,BritishBlues,Rock,1964,,0.65,0.55,91,65,23,3,0,0,0,0,91,5,86,5.4945054945054945,5,82,4,1141495,0.822525239493882,240958,17.429742638628582,12543.901098901099,506581,635776,44.34524408744377,0.6773694065934086,237.59615384615384,0.3269230769230769,0.2632140906593408
2007,1969,BritishPop,Pop,1964,1968,0.8,0.3,30,6,21,3,0,0,0,0,30,0,30,0,0,23,7,529528,0.3815611500871369,176884,25.03977848620918,17650.933333333334,238462,291930,44.95957706752741,0.3899999999999992,142.46153846153845,0.38461538461538464,0.1613334313186814
2007,1969,Bubblegum,Pop,1967,1971,0.9,0.6,64,23,38,3,0,0,0,0,64,53,11,82.8125,53,0,11,6516823,4.695816800611688,1255752,16.156190194369305,101825.359375,6518442,0,100,0.7244297142857122,32.82692307692308,6.5,2.2106389313186816
2007,1969,Childrens,NonMusic,1950,,0.3,0.35,53,32,18,3,0,0,0,0,53,1,52,1.8867924528301887,1,38,14,700857,0.5050154155523797,263972,27.35945955189987,13223.716981132075,351827,349761,50.147237409989906,0.44755237087912064,121.84615384615384,0.5,0.3546488324175825
2007,1969,Classical,Classical,1945,,0.15,0.3,42,31,8,3,0,0,0,0,42,3,39,7.142857142857143,3,22,17,377622,0.2721024848888157,150165,28.451818631379705,8991,156625,221629,41.407361191157264,0.3163809587912083,96.0576923076923,0.057692307692307696,0.27731188186813194
2007,1969,Comedy,NonMusic,1955,,0.15,0.4,60,42,15,3,0,0,0,0,58,6,52,10.344827586206897,6,41,11,677465,0.4881598792580982,216000,24.175541291488756,11291.083333333334,264505,413672,39.002354842467376,0.4949157335164844,134.73076923076923,0.8461538461538461,0.32060735714285704
2007,1969,ContemporaryFolk,Folk,1961,1969,0.5,0.4,18,9,6,3,0,0,0,0,16,0,16,0,0,16,0,382309,0.2754797890360155,34884,8.361597629873943,21239.38888888889,16479,366376,4.304240508808818,0.5066279258241776,141.07692307692307,0,0.0549577445054945
2007,1969,Country,Country,1950,,0.65,0.6,170,140,27,3,0,0,0,0,166,29,137,17.46987951807229,29,116,21,12125784,8.737456921538055,548313,4.326249041647701,71328.14117647058,6567601,5561402,54.147904819547,0.7917648571428534,504.6730769230769,36.84615384615385,2.1171732170329682
2007,1969,CountryRock,Country,1968,,0.4,0.55,57,26,28,3,0,0,0,0,57,47,10,82.45614035087719,47,1,9,3743016,2.6970990953350054,790078,17.429111331024682,65666.94736842105,3743823,0,100,0.7150000000000025,21.923076923076923,3.923076923076923,1.4940430247252752
2007,1969,DooWop,RhythmAndSoul,1954,1965,0.85,0.02,6,6,0,0,0,0,0,0,6,1,5,16.666666666666668,1,3,2,150003,0.10808742351022192,3446,2.245697267496041,25000.5,23190,127027,15.43766684196862,0.025992365384615242,32.13461538461539,0,0.04815848076923076
2007,1969,EasyListening,Pop,1950,,0.35,0.55,95,56,36,3,0,0,0,0,94,5,89,5.319148936170213,5,79,10,3353776,2.4166250466351875,601890,15.215895376404378,35302.905263157896,810914,2544106,24.170168881258533,0.685565310439562,273.21153846153845,8.538461538461538,0.47192587912087874
2007,1969,Folk,Folk,1958,1966,0.5,0.3,5,5,0,0,0,0,0,0,5,2,3,40,2,2,1,992976,0.7155071395071174,463907,31.842433469262804,198595.2,566452,427118,57.011785782582,0.3899999999999992,77.48076923076923,3.75,0.102803282967033
2007,1969,FolkRock,Folk,1965,,0.55,0.55,65,34,28,3,0,0,0,0,65,57,8,87.6923076923077,57,0,8,4671209,3.3659256514053735,944845,16.824001336169488,71864.75384615385,4673223,0,100,0.7150000000000025,28.48076923076923,4.6923076923076925,1.977413612637362
2007,1969,Funk,RhythmAndSoul,1967,,0.7,0.7,75,19,53,3,0,0,0,0,75,62,13,82.66666666666667,62,1,12,8194957,5.905027152170675,1239902,13.14171202770492,109266.09333333334,8196735,0,100,0.8159484285714279,35.05769230769231,7.865384615384615,2.6796939478021984
2007,1969,GarageRock,Rock,1963,1968,0.85,0.3,0,0,0,0,0,0,0,0,0,0,0,0,0,0,0,186288,0.134233248340848,32973,15.038242095037422,0,186355,0,100,0.38484771153846076,0.9230769230769231,0.25,0.04940968956043957
2007,1969,Gospel,Gospel,1950,,0.5,0.5,166,121,42,3,0,0,0,0,161,9,152,5.590062111801243,9,130,22,3067791,2.210553289319862,754446,19.738336476780482,18480.668674698794,1480181,1590194,48.2084761633351,0.6460195714285724,486.11538461538464,1.5961538461538463,1.0649114258241752
2007,1969,HardRock,Rock,1967,,0.4,0.65,52,15,34,3,0,0,0,0,52,39,13,75,39,2,11,2883723,2.0779197028537277,799505,21.706638850486584,55456.21153846154,2885092,0,100,0.8422212857142825,21.71153846153846,3.769230769230769,1.2348246291208789
2007,1969,Jazz,Jazz,1945,,0.3,0.4,134,110,21,3,0,0,0,0,134,5,129,3.7313432835820897,5,95,34,8433690,6.077050610880606,2435348,22.406288394612293,62937.985074626864,2069837,6366008,24.536214214462216,0.5200000000000025,461.75,40.75,1.0406389340659337
2007,1969,LatinPop,Latin,1958,,0.6,0.35,51,26,22,3,0,0,0,0,51,5,46,9.803921568627452,5,39,7,495597,0.3571115432984371,124028,20.01662295743393,9717.588235294117,228129,268160,45.9669668277959,0.4376249835164846,118.6923076923077,0.19230769230769232,0.2365939010989011
2007,1969,ProgressiveRock,Rock,1968,,0.25,0.4,43,10,30,3,0,0,0,0,43,37,6,86.04651162790698,37,0,6,1716454,1.2368225331081009,508161,22.842649177498128,39917.53488372093,1717365,0,100,0.5200000000000025,15.384615384615385,2.5961538461538463,0.7551831373626379
2007,1969,ProtoMetal,Rock,1968,,0.4,0.35,31,6,22,3,0,0,0,0,31,23,8,74.19354838709677,23,1,7,2053445,1.4796476028475942,395366,16.14522313073569,66240.16129032258,2054394,0,100,0.4547980769230787,16.98076923076923,2.5961538461538463,0.6471780109890111
2007,1969,ProtoPunk,Rock,1967,,0.4,0.3,35,16,16,3,0,0,0,0,35,28,7,80,28,1,6,1361521,0.9810690249199073,556003,28.99588218974052,38900.6,1362996,0,100,0.38485794780219684,17.48076923076923,2.076923076923077,0.6858179587912087
2007,1969,PsychedelicRock,Rock,1966,1971,0.45,0.65,57,37,17,3,0,0,0,0,56,5,51,8.928571428571429,5,51,0,392265,0.28265376814621845,54967,12.290489052661705,6881.8421052631575,218931,173538,55.783004517554254,0.8152269615384595,86,0.34615384615384615,0.09186640659340663
2007,1969,Reggae,Caribbean,1968,,0.8,0.2,19,7,9,3,0,0,0,0,17,1,16,5.882352941176471,1,9,7,206041,0.14846663618374056,12469,5.706374994279438,10844.263157894737,122712,83511,59.50451695494683,0.2115765961538468,22.75,0.17307692307692307,0.09701114835164835
2007,1969,RnB,RhythmAndSoul,1949,1965,0.8,0.3,9,9,0,0,0,0,0,0,9,2,7,22.22222222222222,2,6,1,451864,0.32559892493498743,101647,18.364043352345302,50207.11111111111,218796,233599,48.36392975165508,0.3580724285714275,59.09615384615385,1.0192307692307692,0.0691462005494506
2007,1969,RockAndRoll,Rock,1955,,0.85,0.35,217,174,40,3,0,0,0,0,214,25,189,11.682242990654206,25,87,102,14429238,10.397253112509667,3081323,17.596940497794446,66494.18433179724,7766888,6668688,53.80379695275062,0.45500000000000174,749.1538461538462,37.42307692307692,3.21868239835165
2007,1969,Rocksteady,Caribbean,1966,1968,0.8,0.1,1,1,0,0,0,0,0,0,1,0,1,0,0,0,1,44898,0.03235208056346836,2172,4.61440407903123,44898,3962,41133,8.7858964408471,0.10000253571428597,25.884615384615383,0,0.025730337912087932
2007,1969,SingerSongwriter,Folk,1967,,0.35,0.5,54,30,21,3,0,0,0,0,54,3,51,5.555555555555555,3,48,3,1043768,0.7521062502911097,90240,7.957615819288753,19329.037037037036,719962,323972,68.96623732917982,0.6434995357142884,97.40384615384616,0.7884615384615384,0.2162246401098902
2007,1969,Ska,Caribbean,1964,1967,0.8,0.08,2,2,0,0,0,0,0,0,2,0,2,0,0,1,1,46745,0.03368297042049375,1115,2.3297116590054325,23372.5,1185,45693,2.5278382183540256,0.08246962087912081,25.942307692307693,0,0.0033510192307692308
2007,1969,Soul,RhythmAndSoul,1960,,0.7,0.9,382,300,79,3,0,0,0,0,380,29,351,7.631578947368421,29,347,4,6531911,4.7066887368124455,766857,10.5066635903484,17099.24345549738,4254101,2281384,65.09235351316697,0.9660768571428571,1016.0576923076923,4.4423076923076925,1.7326361620879123
2007,1969,SunshinePop,Pop,1965,1971,0.55,0.5,57,23,31,3,0,0,0,0,56,45,11,80.35714285714286,45,2,9,6230641,4.489603091319191,985069,13.651726579920757,109309.49122807017,6232404,0,100,0.6500000000000039,27.326923076923077,5.25,1.7268448928571436
2007,1969,SurfRock,Rock,1961,1966,0.8,0.2,0,0,0,0,0,0,0,0,0,0,0,0,0,0,0,16473,0.011869923451423544,9177,35.77777777777778,0,16517,0,100,0.2522929615384623,0.7307692307692307,0,0.012446217032967033
2007,1969,TeenPop,Pop,1957,1965,0.9,0.25,7,7,0,0,0,0,0,0,7,1,6,14.285714285714286,1,4,2,1043695,0.7520536487970312,155516,12.968193253730995,149099.2857142857,712417,331834,68.2227740265511,0.32500000000000195,78.51923076923077,1.2692307692307692,0.08801005769230769
2007,1969,TexMex,Latin,1959,,0.75,0.3,37,25,9,3,0,0,0,0,36,1,35,2.7777777777777777,1,29,6,670669,0.48326289632992026,20555,2.97371040357395,18126.18918918919,425029,246493,63.293384282272214,0.39228628296703366,116.86538461538461,0.3076923076923077,0.19750719780219794
2007,1969,TraditionalPop,Pop,1950,1971,0.45,0.3,229,193,33,3,0,0,0,0,228,34,194,14.912280701754385,34,108,86,28548256,20.57097149223838,4940068,14.751613129399967,124664.87336244542,16081342,12472803,56.318765629298305,0.3899999999999992,711.5192307692307,104.92307692307692,3.7182513131868142
