seed,year,genre,family,emergenceYear,deathYear,singleOrientation,authoredBaseline,supply,retainedSupply,transitionSupply,floorSupply,decisions,singleDecisions,albumDecisions,decisionSingleSharePct,orphanDecisions,standaloneDecisions,promoDecisions,fulfilledUnits,marketSharePct,backorders,backorderRatePct,unitsPerSupply,settlementSingleUnits,settlementAlbumUnits,settlementSingleSharePct,meanAcceptance,meanEligible,meanCharted,meanRadio
1001,1960,AcidRock,Rock,1966,1971,0.4,0.02,0,0,0,0,0,0,0,0,0,0,0,0,0,0,0,0,0,0,0,0.019999999999999817,0,0,0
1001,1960,BaroquePop,Pop,1966,1970,0.5,0.02,0,0,0,0,0,0,0,0,0,0,0,0,0,0,0,0,0,0,0,0.019999999999999817,0,0,0
1001,1960,Blues,Blues,1945,,0.5,0.3,15,11,1,3,15,9,6,60,9,0,6,127934,0.08690207655369625,120845,48.57524147938532,8528.933333333332,126287,1930,98.49473938713275,0.29999999999999816,5.653846153846154,0,0.20756075824175835
1001,1960,BluesRock,Rock,1966,,0.45,0.02,39,39,0,0,41,38,3,92.6829268292683,38,0,3,344679,0.2341310429162808,125061,26.623451270915826,8837.923076923076,345692,0,100,0.03577357967032971,14.153846153846153,0,0.6240306043956038
1001,1960,Boogaloo,Latin,1966,1969,0.7,0.02,0,0,0,0,0,0,0,0,0,0,0,0,0,0,0,0,0,0,0,0.023631664835164882,0,0,0
1001,1960,BossaNova,Jazz,1962,1967,0.45,0.05,0,0,0,0,0,0,0,0,0,0,0,0,0,0,0,0,0,0,0,0.16403656593406568,0,0,0
1001,1960,BritishBeat,Rock,1963,1967,0.75,0.01,0,0,0,0,0,0,0,0,0,0,0,0,0,0,0,0,0,0,0,0.012534181318681344,0,0,0
1001,1960,BritishBlues,Rock,1964,,0.65,0.01,0,0,0,0,0,0,0,0,0,0,0,0,0,0,0,0,0,0,0,0.012534178571428595,0,0,0
1001,1960,BritishPop,Pop,1964,1968,0.8,0.01,0,0,0,0,0,0,0,0,0,0,0,0,0,0,0,0,0,0,0,0.0125341730769231,0,0,0
1001,1960,Bubblegum,Pop,1967,1971,0.9,0.01,0,0,0,0,0,0,0,0,0,0,0,0,0,0,0,0,0,0,0,0.012534175824175847,0,0,0
1001,1960,Childrens,NonMusic,1950,,0.3,0.35,22,18,1,3,21,10,11,47.61904761904762,10,0,11,289988,0.1969809384186633,234300,44.689178466796875,13181.272727272728,287162,3277,98.8717080006473,0.35750364285714364,12.25,0.1346153846153846,0.34690171978021966
1001,1960,Classical,Classical,1945,,0.15,0.3,12,6,3,3,12,4,8,33.333333333333336,4,0,8,100477,0.06825128539626478,55328,35.5110554860242,8373.083333333334,99207,1568,98.44405854626643,0.29999999999999816,7.3076923076923075,0.038461538461538464,0.17163814010989
1001,1960,Comedy,NonMusic,1955,,0.15,0.4,24,14,7,3,24,5,19,20.833333333333332,5,0,19,281153,0.19097956391030815,185997,39.81526276356631,11714.708333333334,277263,4498,98.40361157150919,0.44707540384615463,15.134615384615385,0.07692307692307693,0.3921117582417583
1001,1960,ContemporaryFolk,Folk,1961,1969,0.5,0.1,0,0,0,0,0,0,0,0,0,0,0,0,0,0,0,0,0,0,0,0.1760244065934061,0,0,0
1001,1960,Country,Country,1950,,0.65,0.65,258,240,15,3,261,228,33,87.35632183908046,228,0,33,8609315,5.848072843848277,153459,1.751260502667306,33369.43798449612,8592326,24257,99.71848469399065,0.8213246236263748,119.46153846153847,5.230769230769231,7.3513220741758225
1001,1960,CountryRock,Country,1968,,0.4,0.01,0,0,0,0,0,0,0,0,0,0,0,0,0,0,0,0,0,0,0,0.012534175824175847,0,0,0
1001,1960,DooWop,RhythmAndSoul,1954,1965,0.85,0.75,563,526,34,3,572,529,43,92.48251748251748,529,0,43,17979045,12.212674855412555,9394802,34.32035694507973,31934.360568383658,17988404,5693,99.9683618466656,0.8545870576923081,219.53846153846155,13.192307692307692,16.589334120879116
1001,1960,EasyListening,Pop,1950,,0.35,0.8,31,18,10,3,31,10,21,32.25806451612903,10,0,21,852030,0.5787607382403882,367632,30.14212134181437,27484.83870967742,806765,45782,94.62997347946799,0.8595716428571417,18.25,1.2307692307692308,0.8165501456043952
1001,1960,Folk,Folk,1958,1966,0.5,0.4,149,141,5,3,152,38,114,25,38,0,114,4062491,2.759539324031939,2454418,37.6623027880242,27265.040268456374,3898171,168911,95.84687498309599,0.5529439780219783,108.59615384615384,3.75,3.489900439560438
1001,1960,FolkRock,Folk,1965,,0.55,0.02,0,0,0,0,0,0,0,0,0,0,0,0,0,0,0,0,0,0,0,0.02359790384615384,0,0,0
1001,1960,Funk,RhythmAndSoul,1967,,0.7,0.02,0,0,0,0,0,0,0,0,0,0,0,0,0,0,0,0,0,0,0,0.025401873626373618,0,0,0
1001,1960,GarageRock,Rock,1963,1968,0.85,0.1,0,0,0,0,0,0,0,0,0,0,0,0,0,0,0,0,0,0,0,0.12534148351648328,0,0,0
1001,1960,Gospel,Gospel,1950,,0.5,0.35,275,258,14,3,280,158,122,56.42857142857143,158,0,122,4305801,2.924813170282973,3171331,42.41373564088477,15657.458181818181,4252777,60343,98.60094316875023,0.452213428571429,149.82692307692307,2.1346153846153846,5.281551123626378
1001,1960,HardRock,Rock,1967,,0.4,0.01,0,0,0,0,0,0,0,0,0,0,0,0,0,0,0,0,0,0,0,0.012534181318681344,0,0,0
1001,1960,Jazz,Jazz,1945,,0.3,0.5,173,160,10,3,177,32,145,18.07909604519774,32,0,145,9086936,6.172507761115407,1771633,16.315529237784464,52525.64161849711,8574993,517345,94.31009933858596,0.6334721016483518,141.57692307692307,19.03846153846154,4.9391589862637355
1001,1960,LatinPop,Latin,1958,,0.6,0.2,16,10,3,3,16,9,7,56.25,9,0,7,106822,0.07256127082416669,42769,28.590623767472643,6676.375,105355,1741,98.37435571823411,0.21267080219780188,7.75,0.019230769230769232,0.1889086346153847
1001,1960,ProgressiveRock,Rock,1968,,0.25,0.01,0,0,0,0,0,0,0,0,0,0,0,0,0,0,0,0,0,0,0,0.009999999999999908,0,0,0
1001,1960,ProtoMetal,Rock,1968,,0.4,0.01,0,0,0,0,0,0,0,0,0,0,0,0,0,0,0,0,0,0,0,0.009999999999999908,0,0,0
1001,1960,ProtoPunk,Rock,1967,,0.4,0.01,0,0,0,0,0,0,0,0,0,0,0,0,0,0,0,0,0,0,0,0.009999999999999908,0,0,0
1001,1960,PsychedelicRock,Rock,1966,1971,0.45,0.02,0,0,0,0,0,0,0,0,0,0,0,0,0,0,0,0,0,0,0,0.019999999999999817,0,0,0
1001,1960,Reggae,Caribbean,1968,,0.8,0.01,0,0,0,0,0,0,0,0,0,0,0,0,0,0,0,0,0,0,0,0.009999999999999908,0,0,0
1001,1960,RnB,RhythmAndSoul,1949,1965,0.8,0.4,559,533,23,3,568,523,45,92.0774647887324,523,0,45,16740770,11.37154842424861,6745807,28.721967445490247,29947.710196779964,16747146,8581,99.94878765928807,0.5076700769230769,213.25,10.98076923076923,11.9104304587912
1001,1960,RockAndRoll,Rock,1955,,0.85,0.6,633,612,18,3,649,617,32,95.0693374422188,617,0,32,17606193,11.959406662069123,8834446,33.412377060932606,27813.890995260663,17613881,10864,99.93835939186638,0.7634025549450557,249.3846153846154,11.038461538461538,16.49658339560438
1001,1960,Rocksteady,Caribbean,1966,1968,0.8,0.01,0,0,0,0,0,0,0,0,0,0,0,0,0,0,0,0,0,0,0,0.009999999999999908,0,0,0
1001,1960,SingerSongwriter,Folk,1967,,0.35,0.02,0,0,0,0,0,0,0,0,0,0,0,0,0,0,0,0,0,0,0,0.027602442307692324,0,0,0
1001,1960,Ska,Caribbean,1964,1967,0.8,0.01,0,0,0,0,0,0,0,0,0,0,0,0,0,0,0,0,0,0,0,0.012534181318681344,0,0,0
1001,1960,Soul,RhythmAndSoul,1961,,0.7,0.2,658,658,0,0,677,331,346,48.89217134416543,331,0,346,13594455,9.234342466551338,6855946,33.524750932756774,20660.26595744681,13590305,24161,99.82253435426699,0.34472043956043963,377.21153846153845,7.8076923076923075,12.164422428571429
1001,1960,SunshinePop,Pop,1965,1971,0.55,0.02,0,0,0,0,0,0,0,0,0,0,0,0,0,0,0,0,0,0,0,0.027602442307692324,0,0,0
1001,1960,SurfRock,Rock,1961,1966,0.8,0.05,86,86,0,0,90,89,1,98.88888888888889,89,0,1,686850,0.46655846984309307,477072,40.98831364988376,7986.627906976744,688859,0,100,0.19951761813186814,29.173076923076923,0.07692307692307693,1.203927928571429
1001,1960,TeenPop,Pop,1957,1965,0.9,0.7,467,444,20,3,472,430,42,91.10169491525424,430,0,42,17140898,11.643344460386597,6969528,28.906697874189366,36704.278372591005,17135021,18386,99.8928142963086,0.8424082472527471,192.09615384615384,12.961538461538462,14.062148579670328
1001,1960,TexMex,Latin,1959,,0.75,0.15,6,3,0,3,6,3,3,50,3,0,3,27021,0.01835462825017139,34,0.1256699316207725,4503.5,26942,226,99.16813898704358,0.18260690934065907,3.3653846153846154,0,0.07388760439560442
1001,1960,TraditionalPop,Pop,1950,1971,0.45,0.9,461,427,31,3,469,159,310,33.90191897654584,159,0,310,35273417,23.96027001770015,7022789,16.603827303091915,76515.00433839479,34304730,981374,97.21880885461313,0.9524334890109881,324.9230769230769,49.25,19.608911304945067
1001,1961,AcidRock,Rock,1966,1971,0.4,0.02,0,0,0,0,0,0,0,0,0,0,0,0,0,0,0,0,0,0,0,0.019999999999999817,0,0,0
1001,1961,BaroquePop,Pop,1966,1970,0.5,0.02,0,0,0,0,0,0,0,0,0,0,0,0,0,0,0,0,0,0,0,0.019999999999999817,0,0,0
1001,1961,Blues,Blues,1945,,0.5,0.3,34,18,13,3,34,20,14,58.8235294117647,20,0,14,421614,0.27979067149946973,344463,44.96454011802991,12400.411764705883,405504,17103,95.9529775891076,0.31219174175824194,23.73076923076923,0.057692307692307696,0.567764192307692
1001,1961,BluesRock,Rock,1966,,0.45,0.035,10,10,0,0,10,9,1,90,9,0,1,116321,0.07719271821972187,94216,44.75032892080727,11632.1,117117,0,100,0.05487382692307694,6.461538461538462,0,0.23632670879120865
1001,1961,Boogaloo,Latin,1966,1969,0.7,0.035,0,0,0,0,0,0,0,0,0,0,0,0,0,0,0,0,0,0,0,0.036421274725274747,0,0,0
1001,1961,BossaNova,Jazz,1962,1967,0.45,0.275,0,0,0,0,0,0,0,0,0,0,0,0,0,0,0,0,0,0,0,0.3881164670329676,0,0,0
1001,1961,BritishBeat,Rock,1963,1967,0.75,0.015,0,0,0,0,0,0,0,0,0,0,0,0,0,0,0,0,0,0,0,0.01751363461538458,0,0,0
1001,1961,BritishBlues,Rock,1964,,0.65,0.015,0,0,0,0,0,0,0,0,0,0,0,0,0,0,0,0,0,0,0,0.01751363461538458,0,0,0
1001,1961,BritishPop,Pop,1964,1968,0.8,0.015,0,0,0,0,0,0,0,0,0,0,0,0,0,0,0,0,0,0,0,0.01751363461538458,0,0,0
1001,1961,Bubblegum,Pop,1967,1971,0.9,0.015,0,0,0,0,0,0,0,0,0,0,0,0,0,0,0,0,0,0,0,0.01751363461538458,0,0,0
1001,1961,Childrens,NonMusic,1950,,0.3,0.35,29,15,11,3,29,13,16,44.827586206896555,13,0,16,387372,0.2570670613406874,446291,53.53374205164437,13357.655172413793,381421,6815,98.2446244037132,0.3796933543956041,21.923076923076923,0.057692307692307696,0.540065793956044
1001,1961,Classical,Classical,1945,,0.15,0.3,33,12,18,3,33,7,26,21.21212121212121,7,0,26,433159,0.2874521421870213,222635,33.94892298496174,13126.030303030304,426417,7812,98.20094926870384,0.3289631730769231,25.942307692307693,0.11538461538461539,0.5945237115384618
1001,1961,Comedy,NonMusic,1955,,0.15,0.47500000000000003,43,25,15,3,43,10,33,23.25581395348837,10,0,33,1539338,1.0215325218912341,448513,22.5627071646718,35798.558139534885,1531678,9225,99.40132506718463,0.6150433241758233,35.30769230769231,0.9038461538461539,1.0195125439560437
1001,1961,ContemporaryFolk,Folk,1961,1969,0.5,0.25,20,6,11,3,20,10,10,50,10,0,10,846145,0.5615171169266647,193051,18.57695757104531,42307.25,841533,4994,99.4100601634679,0.37655209615384655,9.846153846153847,0.5192307692307693,0.3551768681318681
1001,1961,Country,Country,1950,,0.65,0.625,223,172,48,3,223,196,27,87.89237668161435,196,0,27,8323279,5.523478396086076,143605,1.6960785101106854,37324.12107623318,8278592,53862,99.35358779058366,0.8016089642857132,144.03846153846155,5.403846153846154,6.916280370879124
1001,1961,CountryRock,Country,1968,,0.4,0.015,0,0,0,0,0,0,0,0,0,0,0,0,0,0,0,0,0,0,0,0.01751363461538458,0,0,0
1001,1961,DooWop,RhythmAndSoul,1954,1965,0.85,0.625,431,341,87,3,431,382,49,88.63109048723898,382,0,49,14870228,9.868152095210824,8794491,37.16287947471508,34501.68909512761,14871510,18939,99.87281108850378,0.7270994065934067,234.25,10.346153846153847,14.381487824175828
1001,1961,EasyListening,Pop,1950,,0.35,0.75,111,47,61,3,111,34,77,30.63063063063063,34,0,77,4151395,2.754940762663339,1885158,31.229047438165455,37399.954954954956,3926868,227972,94.51309797729877,0.8638331785714277,101.28846153846153,4.846153846153846,3.8560034093406617
1001,1961,Folk,Folk,1958,1966,0.5,0.45,185,138,44,3,185,61,124,32.972972972972975,61,0,124,5924496,3.931602636857226,2952595,33.26083961513969,32024.302702702702,5468974,462122,92.20848895381225,0.6176781346153862,238.65384615384616,5.923076923076923,4.879816560439557
1001,1961,FolkRock,Folk,1965,,0.55,0.02,0,0,0,0,0,0,0,0,0,0,0,0,0,0,0,0,0,0,0,0.022733057692307705,0,0,0
1001,1961,Funk,RhythmAndSoul,1967,,0.7,0.035,0,0,0,0,0,0,0,0,0,0,0,0,0,0,0,0,0,0,0,0.039149587912087926,0,0,0
1001,1961,GarageRock,Rock,1963,1968,0.85,0.15000000000000002,0,0,0,0,0,0,0,0,0,0,0,0,0,0,0,0,0,0,0,0.17513707967032988,0,0,0
1001,1961,Gospel,Gospel,1950,,0.5,0.35,225,174,48,3,225,144,81,64,144,0,81,5042467,3.346272248890968,3181326,38.68441241164509,22410.964444444446,4923194,127965,97.46662102697618,0.452213428571429,195.53846153846155,2.8076923076923075,5.087428980769231
1001,1961,HardRock,Rock,1967,,0.4,0.015,0,0,0,0,0,0,0,0,0,0,0,0,0,0,0,0,0,0,0,0.01751363461538458,0,0,0
1001,1961,Jazz,Jazz,1945,,0.3,0.475,177,140,34,3,177,35,142,19.774011299435028,35,0,142,9985710,6.626697657807782,2098581,17.366190536126613,56416.4406779661,8912575,1079902,89.19284978089016,0.6011610219780219,284.0576923076923,18.884615384615383,5.468440730769226
1001,1961,LatinPop,Latin,1958,,0.6,0.225,30,12,15,3,30,15,15,50,15,0,15,339714,0.2254403510741362,124811,26.86852160809429,11323.8,336511,4054,98.80962518168337,0.2579466236263734,18.076923076923077,0.11538461538461539,0.4997341456043955
1001,1961,ProgressiveRock,Rock,1968,,0.25,0.01,0,0,0,0,0,0,0,0,0,0,0,0,0,0,0,0,0,0,0,0.009999999999999908,0,0,0
1001,1961,ProtoMetal,Rock,1968,,0.4,0.01,0,0,0,0,0,0,0,0,0,0,0,0,0,0,0,0,0,0,0,0.009999999999999908,0,0,0
1001,1961,ProtoPunk,Rock,1967,,0.4,0.01,0,0,0,0,0,0,0,0,0,0,0,0,0,0,0,0,0,0,0,0.009999999999999908,0,0,0
1001,1961,PsychedelicRock,Rock,1966,1971,0.45,0.02,0,0,0,0,0,0,0,0,0,0,0,0,0,0,0,0,0,0,0,0.019999999999999817,0,0,0
1001,1961,Reggae,Caribbean,1968,,0.8,0.01,0,0,0,0,0,0,0,0,0,0,0,0,0,0,0,0,0,0,0,0.009999999999999908,0,0,0
1001,1961,RnB,RhythmAndSoul,1949,1965,0.8,0.45,499,386,110,3,498,445,53,89.35742971887551,445,0,53,16888826,11.207730216211282,6805188,28.721127623204747,33845.34268537074,16881810,24366,99.85587515473635,0.5652589450549448,238.65384615384616,11.288461538461538,12.533050153846158
1001,1961,RockAndRoll,Rock,1955,,0.85,0.625,529,457,69,3,529,490,39,92.62759924385634,490,0,39,15043523,9.98315378969322,7992835,34.69660872608422,28437.661625708886,15018302,45197,99.69995682941925,0.7879371016483517,263.8076923076923,9.326923076923077,15.60929357142857
1001,1961,Rocksteady,Caribbean,1966,1968,0.8,0.01,0,0,0,0,0,0,0,0,0,0,0,0,0,0,0,0,0,0,0,0.009999999999999908,0,0,0
1001,1961,SingerSongwriter,Folk,1967,,0.35,0.035,0,0,0,0,0,0,0,0,0,0,0,0,0,0,0,0,0,0,0,0.042541096153846165,0,0,0
1001,1961,Ska,Caribbean,1964,1967,0.8,0.015,0,0,0,0,0,0,0,0,0,0,0,0,0,0,0,0,0,0,0,0.01751363461538458,0,0,0
1001,1961,Soul,RhythmAndSoul,1961,,0.7,0.375,504,445,56,3,503,251,252,49.90059642147117,251,0,252,12171750,8.077393316691738,7838175,39.17143617479826,24150.29761904762,12157200,36121,99.70376405246775,0.5526395000000001,338.3076923076923,6.673076923076923,12.169825733516483
1001,1961,SunshinePop,Pop,1965,1971,0.55,0.035,0,0,0,0,0,0,0,0,0,0,0,0,0,0,0,0,0,0,0,0.042541096153846165,0,0,0
1001,1961,SurfRock,Rock,1961,1966,0.8,0.32499999999999996,81,66,12,3,81,80,1,98.76543209876543,80,0,1,1294191,0.8588485414112678,1163051,47.33156115677658,15977.666666666666,1296736,0,100,0.5799182197802198,29.21153846153846,0.5961538461538461,1.7478540714285704
1001,1961,TeenPop,Pop,1957,1965,0.9,0.725,417,323,91,3,416,358,58,86.0576923076923,358,0,58,16319367,10.829826930263907,6931290,29.811157594385396,39135.17266187051,16262043,74520,99.54384529965085,0.8638738956043959,246.48076923076923,12.057692307692308,15.141857032967025
1001,1961,TexMex,Latin,1959,,0.75,0.175,22,12,7,3,22,11,11,50,11,0,11,116410,0.07725178022848689,13,0.011166178504247443,5291.363636363636,115845,857,99.26565097427637,0.21055599725274712,10.076923076923077,0,0.2701421181318682
1001,1961,TraditionalPop,Pop,1950,1971,0.45,0.825,422,336,83,3,420,176,244,41.904761904761905,176,0,244,36473779,24.20465904484495,7221261,16.52650049067354,86430.75592417062,34424076,2066959,94.33570738675951,0.9201554368131861,616.2692307692307,57.38461538461539,20.36567571428574
1001,1962,AcidRock,Rock,1966,1971,0.4,0.02,0,0,0,0,0,0,0,0,0,0,0,0,0,0,0,0,0,0,0,0.027500008241758217,0,0,0
1001,1962,BaroquePop,Pop,1966,1970,0.5,0.02,0,0,0,0,0,0,0,0,0,0,0,0,0,0,0,0,0,0,0,0.04000000000000009,0,0,0
1001,1962,Blues,Blues,1945,,0.5,0.3,39,26,10,3,39,24,15,61.53846153846154,24,0,15,420006,0.27871020678137237,252112,37.510080075224884,10769.384615384615,387037,34240,91.87233103160153,0.31355853571428577,39.90384615384615,0.019230769230769232,0.6753143269230767
1001,1962,BluesRock,Rock,1966,,0.45,0.05,0,0,0,0,0,0,0,0,0,0,0,750,0.000497689687971194,1714,69.56168831168831,0,775,0,100,0.09746148351648336,0.15384615384615385,0,0.00455959065934066
1001,1962,Boogaloo,Latin,1966,1969,0.7,0.05,0,0,0,0,0,0,0,0,0,0,0,0,0,0,0,0,0,0,0,0.053508964285714306,0,0,0
1001,1962,BossaNova,Jazz,1962,1967,0.45,0.5,20,9,8,3,20,19,1,95,19,0,1,1066885,0.7079702170015296,138854,11.516090961642611,53344.25,1067180,0,100,0.6346051593406594,6.326923076923077,0.8461538461538461,0.4920418461538461
1001,1962,BritishBeat,Rock,1963,1967,0.75,0.02,0,0,0,0,0,0,0,0,0,0,0,0,0,0,0,0,0,0,0,0.2525000686813185,0,0,0
1001,1962,BritishBlues,Rock,1964,,0.65,0.02,0,0,0,0,0,0,0,0,0,0,0,0,0,0,0,0,0,0,0,0.1650000659340659,0,0,0
1001,1962,BritishPop,Pop,1964,1968,0.8,0.02,0,0,0,0,0,0,0,0,0,0,0,0,0,0,0,0,0,0,0,0.2150000576923075,0,0,0
1001,1962,Bubblegum,Pop,1967,1971,0.9,0.02,0,0,0,0,0,0,0,0,0,0,0,0,0,0,0,0,0,0,0,0.02749999999999997,0,0,0
1001,1962,Childrens,NonMusic,1950,,0.3,0.35,43,19,21,3,43,16,27,37.2093023255814,16,0,27,942757,0.6256005828835451,471418,33.33519543196564,21924.581395348836,932941,11178,98.81603907981939,0.4331920054945066,32.92307692307692,0.5192307692307693,0.8858540109890105
1001,1962,Classical,Classical,1945,,0.15,0.3,25,9,13,3,25,8,17,32,8,0,17,311244,0.20653723899054172,143123,31.49942667491257,12449.76,301905,10334,96.69035578515175,0.32070923901098947,26.057692307692307,0.057692307692307696,0.4374709862637364
1001,1962,Comedy,NonMusic,1955,,0.15,0.55,47,29,15,3,46,16,30,34.78260869565217,16,0,30,1246079,0.8268808915966098,710415,36.31061480382766,26512.31914893617,1235530,12248,99.01841513474352,0.6420430659340686,39.26923076923077,0.6538461538461539,1.2871498901098892
1001,1962,ContemporaryFolk,Folk,1961,1969,0.5,0.4,40,14,23,3,40,18,22,45,18,0,22,934840,0.6203469705373212,294419,23.950933041775574,23371,927111,8869,99.052437017885,0.5194373681318689,25.21153846153846,0.5384615384615384,0.8185843351648353
1001,1962,Country,Country,1950,,0.65,0.6,210,161,46,3,210,184,26,87.61904761904762,184,0,26,8348070,5.539664471282246,171750,2.0158876595984423,39752.71428571428,8287025,70366,99.1580386749884,0.7816910576923078,155.25,5.384615384615385,6.7120187692307685
1001,1962,CountryRock,Country,1968,,0.4,0.02,0,0,0,0,0,0,0,0,0,0,0,0,0,0,0,0,0,0,0,0.027500010989010962,0,0,0
1001,1962,DooWop,RhythmAndSoul,1954,1965,0.85,0.5,344,277,64,3,344,298,46,86.62790697674419,298,0,46,12304602,8.165164706652972,5567143,31.15052838992499,35769.191860465115,12291913,26593,99.78412154850596,0.5525000659340671,181.48076923076923,8.538461538461538,9.512753637362637
1001,1962,EasyListening,Pop,1950,,0.35,0.7,95,47,45,3,94,28,66,29.78723404255319,28,0,66,4278965,2.8394623409195465,1563115,26.75613822474187,45041.73684210526,3863531,419348,90.20873575928715,0.8007193461538457,159.01923076923077,5.461538461538462,3.245655214285713
1001,1962,Folk,Folk,1958,1966,0.5,0.5,172,130,39,3,172,72,100,41.86046511627907,72,0,100,6500524,4.31365834827901,3031983,31.806774440343972,37793.74418604651,5860791,646349,90.0670801611768,0.6801265686813187,332.1730769230769,6.288461538461538,5.118662318681317
1001,1962,FolkRock,Folk,1965,,0.55,0.02,0,0,0,0,0,0,0,0,0,0,0,0,0,0,0,0,0,0,0,0.050771038461538506,0,0,0
1001,1962,Funk,RhythmAndSoul,1967,,0.7,0.05,0,0,0,0,0,0,0,0,0,0,0,0,0,0,0,0,0,0,0,0.05751731043956044,0,0,0
1001,1962,GarageRock,Rock,1963,1968,0.85,0.2,0,0,0,0,0,0,0,0,0,0,0,0,0,0,0,0,0,0,0,0.27500010439560435,0,0,0
1001,1962,Gospel,Gospel,1950,,0.5,0.35,195,155,37,3,195,103,92,52.82051282051282,103,0,92,4348618,2.8856831140345567,2487161,36.38445596324866,22300.605128205127,4222927,133964,96.9252386621561,0.452213428571429,206.1346153846154,2.1923076923076925,4.633552947802193
1001,1962,HardRock,Rock,1967,,0.4,0.02,0,0,0,0,0,0,0,0,0,0,0,0,0,0,0,0,0,0,0,0.027500005494505465,0,0,0
1001,1962,Jazz,Jazz,1945,,0.3,0.45,182,149,30,3,182,35,147,19.23076923076923,35,0,147,11016031,7.310086708094666,2435286,18.104442858643505,60527.642857142855,9486762,1536660,86.06004560108467,0.5687500357142848,421.4807692307692,19.692307692307693,5.391035175824181
1001,1962,LatinPop,Latin,1958,,0.6,0.25,33,17,13,3,33,17,16,51.515151515151516,17,0,16,376133,0.2495966872075588,103396,21.56199103703843,11397.969696969696,367968,9339,97.52482726267999,0.28859258516483516,26.423076923076923,0.11538461538461539,0.5536592967032964
1001,1962,ProgressiveRock,Rock,1968,,0.25,0.01,0,0,0,0,0,0,0,0,0,0,0,0,0,0,0,0,0,0,0,0.012499999999999982,0,0,0
1001,1962,ProtoMetal,Rock,1968,,0.4,0.01,0,0,0,0,0,0,0,0,0,0,0,0,0,0,0,0,0,0,0,0.012499999999999982,0,0,0
1001,1962,ProtoPunk,Rock,1967,,0.4,0.01,0,0,0,0,0,0,0,0,0,0,0,0,0,0,0,0,0,0,0,0.012499999999999982,0,0,0
1001,1962,PsychedelicRock,Rock,1966,1971,0.45,0.02,0,0,0,0,0,0,0,0,0,0,0,0,0,0,0,0,0,0,0,0.04000000000000009,0,0,0
1001,1962,Reggae,Caribbean,1968,,0.8,0.01,0,0,0,0,0,0,0,0,0,0,0,0,0,0,0,0,0,0,0,0.012499999999999982,0,0,0
1001,1962,RnB,RhythmAndSoul,1949,1965,0.8,0.5,422,325,94,3,421,372,49,88.36104513064133,372,0,49,13832450,9.179023632502856,5983273,30.194573268913782,32778.31753554502,13817863,32201,99.76750287940908,0.6073216346153841,214.69230769230768,9.173076923076923,11.251278640109883
1001,1962,RockAndRoll,Rock,1955,,0.85,0.65,494,420,71,3,494,453,41,91.70040485829959,453,0,41,17505427,11.616360668576684,8224344,31.964310914387852,35436.08704453441,17468263,57522,99.67178645635559,0.7632342719780215,265.5,11.557692307692308,15.407514120879128
1001,1962,Rocksteady,Caribbean,1966,1968,0.8,0.01,0,0,0,0,0,0,0,0,0,0,0,0,0,0,0,0,0,0,0,0.012499999999999982,0,0,0
1001,1962,SingerSongwriter,Folk,1967,,0.35,0.05,0,0,0,0,0,0,0,0,0,0,0,0,0,0,0,0,0,0,0,0.06249999999999999,0,0,0
1001,1962,Ska,Caribbean,1964,1967,0.8,0.02,0,0,0,0,0,0,0,0,0,0,0,0,0,0,0,0,0,0,0,0.02750000274725272,0,0,0
1001,1962,Soul,RhythmAndSoul,1961,,0.7,0.55,488,396,89,3,486,270,216,55.55555555555556,270,0,216,14419752,9.568749164669333,7873067,35.31660576439435,29548.67213114754,14406483,32776,99.77300774229481,0.7113295439560441,318.8269230769231,9.653846153846153,14.264640769230763
1001,1962,SunshinePop,Pop,1965,1971,0.55,0.05,0,0,0,0,0,0,0,0,0,0,0,0,0,0,0,0,0,0,0,0.08750001923076915,0,0,0
1001,1962,SurfRock,Rock,1961,1966,0.8,0.6,116,82,31,3,116,96,20,82.75862068965517,96,0,20,3159132,2.096356559119752,1731685,35.40686556049838,27233.896551724138,3152888,9940,99.68572429483993,0.7533209752747255,50.69230769230769,1.6923076923076923,3.421521313186814
1001,1962,TeenPop,Pop,1957,1965,0.9,0.75,338,267,68,3,338,279,59,82.54437869822485,279,0,59,15282655,10.141359731095209,6247985,29.019039842754324,45214.95562130178,15194536,103913,99.32076120919186,0.8178294313186815,252.48076923076923,11.48076923076923,13.12006371703295
1001,1962,TexMex,Latin,1959,,0.75,0.2,25,11,11,3,25,17,8,68,17,0,8,608223,0.40360842011587134,5767,0.9392661118259255,24328.92,606311,2872,99.52854889253311,0.2715301950549449,13.5,0.34615384615384615,0.4015863708791209
1001,1962,TraditionalPop,Pop,1950,1971,0.45,0.75,406,326,77,3,405,159,246,39.25925925925926,159,0,246,33793168,22.424681649970847,6390812,15.903880103464116,83234.4039408867,31059831,2751128,91.86320624623514,0.8420674423076916,829.5961538461538,55.78846153846154,17.752014807692294
1001,1963,AcidRock,Rock,1966,1971,0.4,0.035,0,0,0,0,0,0,0,0,0,0,0,0,0,0,0,0,0,0,0,0.04245891758241752,0,0,0
1001,1963,BaroquePop,Pop,1966,1970,0.5,0.06,0,0,0,0,0,0,0,0,0,0,0,0,0,0,0,0,0,0,0,0.07989042307692291,0,0,0
1001,1963,Blues,Blues,1945,,0.5,0.3,43,28,12,3,43,21,22,48.83720930232558,21,0,22,831960,0.552823668353695,390707,31.955307536720955,19347.906976744187,783444,49774,94.02629323898428,0.3716599010989015,50.38461538461539,0.7692307692307693,0.7719643214285715
1001,1963,BluesRock,Rock,1966,,0.45,0.1,1,1,0,0,1,1,0,100,1,0,0,8985,0.005970383984996813,5192,36.62269873739155,8985,9028,0,100,0.1623219807692307,0.34615384615384615,0,0.014908140109890111
1001,1963,Boogaloo,Latin,1966,1969,0.7,0.07500000000000001,0,0,0,0,0,0,0,0,0,0,0,0,0,0,0,0,0,0,0,0.07485388461538461,0,0,0
1001,1963,BossaNova,Jazz,1962,1967,0.45,0.525,42,18,21,3,41,41,0,100,41,0,0,848432,0.5637690400844537,559474,39.738022282737624,20200.761904761905,849752,0,100,0.664962876373626,16.173076923076923,0.5,1.0834079423076912
1001,1963,BritishBeat,Rock,1963,1967,0.75,0.485,0,0,0,0,0,0,0,0,0,0,0,0,0,0,0,0,0,0,0,0.687042986263736,0,0,0
1001,1963,BritishBlues,Rock,1964,,0.65,0.31,0,0,0,0,0,0,0,0,0,0,0,0,0,0,0,0,0,0,0,0.45420560714285746,0,0,0
1001,1963,BritishPop,Pop,1964,1968,0.8,0.41000000000000003,0,0,0,0,0,0,0,0,0,0,0,0,0,0,0,0,0,0,0,0.5887751236263736,0,0,0
1001,1963,Bubblegum,Pop,1967,1971,0.9,0.035,0,0,0,0,0,0,0,0,0,0,0,0,0,0,0,0,0,0,0,0.04245891758241752,0,0,0
1001,1963,Childrens,NonMusic,1950,,0.3,0.35,34,16,15,3,34,15,19,44.11764705882353,15,0,19,743618,0.4941218695776695,459079,38.170794472755816,21871.117647058825,730196,15314,97.94583573660984,0.4054353104395605,39.05769230769231,0.3269230769230769,0.8446674615384615
1001,1963,Classical,Classical,1945,,0.15,0.3,44,20,21,3,44,14,30,31.818181818181817,14,0,30,736420,0.4893389175549642,465521,38.73076964676303,16736.81818181818,727833,9758,98.67704459517537,0.3541645494505497,28.634615384615383,0.38461538461538464,0.7057587747252744
1001,1963,Comedy,NonMusic,1955,,0.15,0.47500000000000003,37,18,16,3,37,6,31,16.216216216216218,6,0,31,703442,0.46742558165544,326834,31.72295579048721,19011.945945945947,690252,14859,97.89267221756575,0.4985453379120898,37.34615384615385,0.23076923076923078,0.7875344038461537
1001,1963,ContemporaryFolk,Folk,1961,1969,0.5,0.47500000000000003,60,30,27,3,60,29,31,48.333333333333336,29,0,31,1699397,1.129221216800404,687914,28.815432928512458,28323.283333333333,1693561,8016,99.52890759571856,0.6530210467032965,42.86538461538461,1.2307692307692308,1.6487856923076927
1001,1963,Country,Country,1950,,0.65,0.575,192,154,35,3,192,158,34,82.29166666666667,158,0,34,9367492,6.224543596704037,229742,2.3938355572032526,48789.020833333336,9246836,129366,98.62027289941065,0.7607392197802217,153.01923076923077,7.923076923076923,6.436010859890108
1001,1963,CountryRock,Country,1968,,0.4,0.035,0,0,0,0,0,0,0,0,0,0,0,0,0,0,0,0,0,0,0,0.042458909340659275,0,0,0
1001,1963,DooWop,RhythmAndSoul,1954,1965,0.85,0.35,336,279,54,3,335,285,50,85.07462686567165,285,0,50,8735598,5.804660478416271,4157353,32.2451624922797,25998.803571428572,8715916,32556,99.62786644342006,0.3580342335164824,180.21153846153845,5.403846153846154,7.332487467032974
1001,1963,EasyListening,Pop,1950,,0.35,0.625,98,48,47,3,97,32,65,32.98969072164948,32,0,65,4740020,3.1496649411869333,1532264,24.42912342617139,48367.551020408166,4176213,567836,88.030562078933,0.7244466126373627,217.96153846153845,9.288461538461538,3.2837629285714254
1001,1963,Folk,Folk,1958,1966,0.5,0.55,172,136,33,3,172,46,126,26.74418604651163,46,0,126,7422613,4.9322036485285645,2778256,27.235483565174693,43154.726744186046,6676410,753974,89.85282591047785,0.7359305741758242,399.5192307692308,9.942307692307692,5.585811395604396
1001,1963,FolkRock,Folk,1965,,0.55,0.06,0,0,0,0,0,0,0,0,0,0,0,0,0,0,0,0,0,0,0,0.09679919230769234,0,0,0
1001,1963,Funk,RhythmAndSoul,1967,,0.7,0.07500000000000001,0,0,0,0,0,0,0,0,0,0,0,0,0,0,0,0,0,0,0,0.08046123076923078,0,0,0
1001,1963,GarageRock,Rock,1963,1968,0.85,0.35,29,9,17,3,29,26,3,89.65517241379311,26,0,3,712069,0.47315808055789604,267253,27.289594229477128,24554.103448275862,712632,0,100,0.5182139532967028,9.653846153846153,0.4230769230769231,0.5790872802197805
1001,1963,Gospel,Gospel,1950,,0.5,0.35,179,141,35,3,178,97,81,54.49438202247191,97,0,81,4237651,2.815849044452502,2514694,37.24178785296071,23674.027932960893,4127026,117659,97.2280864186624,0.452213428571429,190.5,2.6923076923076925,3.977459546703298
1001,1963,HardRock,Rock,1967,,0.4,0.035,0,0,0,0,0,0,0,0,0,0,0,0,0,0,0,0,0,0,0,0.042458912087912026,0,0,0
1001,1963,Jazz,Jazz,1945,,0.3,0.42500000000000004,162,135,24,3,162,28,134,17.28395061728395,28,0,134,10909444,7.249145213446809,2411314,18.101927833235916,67342.24691358025,9044279,1872503,82.84748197774765,0.5363390851648345,506.90384615384613,33.59615384615385,4.846528857142861
1001,1963,LatinPop,Latin,1958,,0.6,0.275,30,13,14,3,30,14,16,46.666666666666664,14,0,16,407075,0.27049460886951343,208213,33.83992536828282,13569.166666666666,400417,7721,98.10823789992601,0.3214910521978029,23.384615384615383,0.15384615384615385,0.549111964285715
1001,1963,ProgressiveRock,Rock,1968,,0.25,0.015,0,0,0,0,0,0,0,0,0,0,0,0,0,0,0,0,0,0,0,0.017486368131868137,0,0,0
1001,1963,ProtoMetal,Rock,1968,,0.4,0.015,0,0,0,0,0,0,0,0,0,0,0,0,0,0,0,0,0,0,0,0.017486368131868137,0,0,0
1001,1963,ProtoPunk,Rock,1967,,0.4,0.015,0,0,0,0,0,0,0,0,0,0,0,0,0,0,0,0,0,0,0,0.01748636538461539,0,0,0
1001,1963,PsychedelicRock,Rock,1966,1971,0.45,0.06,0,0,0,0,0,0,0,0,0,0,0,0,0,0,0,0,0,0,0,0.07989042307692291,0,0,0
1001,1963,Reggae,Caribbean,1968,,0.8,0.015,0,0,0,0,0,0,0,0,0,0,0,0,0,0,0,0,0,0,0,0.01748636538461539,0,0,0
1001,1963,RnB,RhythmAndSoul,1949,1965,0.8,0.525,404,329,72,3,402,354,48,88.05970149253731,354,0,48,19569971,13.003922253227833,5768773,22.7666098998435,48440.52227722772,19546055,38589,99.80296297446101,0.6353889560439564,209.75,14.538461538461538,11.515408769230769
1001,1963,RockAndRoll,Rock,1955,,0.85,0.575,444,372,69,3,443,405,38,91.42212189616252,405,0,38,14760291,9.807969393466067,7449745,33.54224639707923,33243.89864864865,14687068,90955,99.38452525077273,0.6894135604395599,255.96153846153845,9.961538461538462,12.9589789065934
1001,1963,Rocksteady,Caribbean,1966,1968,0.8,0.015,0,0,0,0,0,0,0,0,0,0,0,0,0,0,0,0,0,0,0,0.017486368131868137,0,0,0
1001,1963,SingerSongwriter,Folk,1967,,0.35,0.07500000000000001,0,0,0,0,0,0,0,0,0,0,0,0,0,0,0,0,0,0,0,0.08743151923076922,0,0,0
1001,1963,Ska,Caribbean,1964,1967,0.8,0.035,0,0,0,0,0,0,0,0,0,0,0,0,0,0,0,0,0,0,0,0.04245891483516477,0,0,0
1001,1963,Soul,RhythmAndSoul,1961,,0.7,0.65,456,371,82,3,456,234,222,51.31578947368421,234,0,222,15533344,10.321650334006272,7182303,31.618306975803947,34064.350877192985,15520560,30644,99.80294773317873,0.8089790439560446,304.36538461538464,11.423076923076923,14.709865741758254
1001,1963,SunshinePop,Pop,1965,1971,0.55,0.125,0,0,0,0,0,0,0,0,0,0,0,0,0,0,0,0,0,0,0,0.1622945714285714,0,0,0
1001,1963,SurfRock,Rock,1961,1966,0.8,0.625,103,60,40,3,103,92,11,89.32038834951456,92,0,11,3494048,2.3217371421268944,1544768,30.657360776817413,33922.796116504855,3478542,19949,99.429782726324,0.7764126098901096,62.75,2.019230769230769,3.3744547335164783
1001,1963,TeenPop,Pop,1957,1965,0.9,0.625,310,248,59,3,310,279,31,90,279,0,31,10830164,7.196464963883031,5028422,31.707883666299125,34936.012903225805,10746606,96371,99.11121272322167,0.6988725961538459,218.78846153846155,7.288461538461538,9.637755810439565
1001,1963,TexMex,Latin,1959,,0.75,0.225,31,18,10,3,31,18,13,58.064516129032256,18,0,13,442018,0.29371365478912875,1697,0.3824527004946869,14258.645161290322,436710,6389,98.5581100386144,0.28877160164835197,19.673076923076923,0,0.5728824010989013
1001,1963,TraditionalPop,Pop,1950,1971,0.45,0.625,357,282,72,3,356,129,227,36.235955056179776,129,0,227,33758781,22.432151968326625,5891661,14.859004598233735,94562.41176470589,30537396,3238635,90.41143999423733,0.7126584505494505,934.0961538461538,72.28846153846153,14.42925771978021
1001,1964,AcidRock,Rock,1966,1971,0.4,0.05,0,0,0,0,0,0,0,0,0,0,0,0,0,0,0,0,0,0,0,0.11164644230769231,0,0,0
1001,1964,BaroquePop,Pop,1966,1970,0.5,0.1,0,0,0,0,0,0,0,0,0,0,0,0,0,0,0,0,0,0,0,0.19863429120879184,0,0,0
1001,1964,Blues,Blues,1945,,0.5,0.3,30,19,8,3,30,13,17,43.333333333333336,13,0,17,621984,0.38733432258905254,394303,38.79839061210072,20732.8,540302,83072,86.67381058561955,0.3783468873626371,58.44230769230769,0.1346153846153846,0.665653642857143
1001,1964,BluesRock,Rock,1966,,0.45,0.15,1,1,0,0,1,1,0,100,1,0,0,11912,0.007418079003126759,19929,62.58911466348419,11912,11956,0,100,0.29106437912087924,0.34615384615384615,0,0.016636236263736268
1001,1964,Boogaloo,Latin,1966,1969,0.7,0.1,0,0,0,0,0,0,0,0,0,0,0,0,0,0,0,0,0,0,0,0.13839248901098922,0,0,0
1001,1964,BossaNova,Jazz,1962,1967,0.45,0.55,37,18,16,3,37,37,0,100,37,0,0,1118145,0.6963136288575529,483389,30.182874668911182,30220.135135135137,1119628,0,100,0.6536283186813195,15.51923076923077,0.7307692307692307,1.021283653846154
1001,1964,BritishBeat,Rock,1963,1967,0.75,0.95,138,36,99,3,138,94,44,68.1159420289855,94,0,44,6003833,3.7388270244777986,1976291,24.76516655630915,43506.036231884056,5993590,12699,99.78857161218849,0.9463067664835164,57.48076923076923,3.75,4.289407173076923
1001,1964,BritishBlues,Rock,1964,,0.65,0.6,0,0,0,0,0,0,0,0,0,0,0,0,0,0,0,0,0,0,0,0.6246586620879123,0,0,0
1001,1964,BritishPop,Pop,1964,1968,0.8,0.8,96,26,67,3,96,55,41,57.291666666666664,55,0,41,4277963,2.6640587228385795,1181461,21.64076283505366,44562.114583333336,4263085,16529,99.61377357864518,0.8769100137362638,45.84615384615385,2.673076923076923,2.740154914835167
1001,1964,Bubblegum,Pop,1967,1971,0.9,0.05,0,0,0,0,0,0,0,0,0,0,0,0,0,0,0,0,0,0,0,0.08698784340659331,0,0,0
1001,1964,Childrens,NonMusic,1950,,0.3,0.35,31,20,8,3,31,12,19,38.70967741935484,12,0,19,854509,0.5321369434925154,341887,28.57640781146042,27564.8064516129,840512,15212,98.22232402036171,0.4404739340659349,30.76923076923077,0.4230769230769231,0.6896998901098902
1001,1964,Classical,Classical,1945,,0.15,0.3,30,19,8,3,30,10,20,33.333333333333336,10,0,20,927026,0.5772961808220775,407012,30.509775583604064,30900.866666666665,902225,26286,97.16901576825691,0.3789103461538457,40.30769230769231,0.6153846153846154,0.69543604945055
1001,1964,Comedy,NonMusic,1955,,0.15,0.4,41,25,13,3,41,12,29,29.26829268292683,12,0,29,1221699,0.7608008478879247,404582,24.87774253034992,29797.536585365855,1203837,19220,98.42852786092553,0.47340356043956067,40.46153846153846,0.7115384615384616,0.8350168873626372
1001,1964,ContemporaryFolk,Folk,1961,1969,0.5,0.55,60,35,22,3,60,28,32,46.666666666666664,28,0,32,2435900,1.5169323911783472,873207,26.387995311121703,40598.333333333336,2422759,15445,99.3665419300436,0.6749686758241757,46.61538461538461,1.7884615384615385,1.8480878818681292
1001,1964,Country,Country,1950,,0.65,0.55,178,139,36,3,178,169,9,94.9438202247191,169,0,9,9706889,6.044868156193931,194971,1.9690341006639156,54533.08426966292,9560552,154424,98.41045412773022,0.7500914285714272,151.05769230769232,8.692307692307692,6.104007206043953
1001,1964,CountryRock,Country,1968,,0.4,0.05,0,0,0,0,0,0,0,0,0,0,0,0,0,0,0,0,0,0,0,0.06232929395604411,0,0,0
1001,1964,DooWop,RhythmAndSoul,1954,1965,0.85,0.2,339,303,33,3,336,282,54,83.92857142857143,282,0,54,6996747,4.357154299100919,3218704,31.50819283456012,20639.37168141593,6952722,56461,99.19447102465438,0.2279439780219783,194.32692307692307,3.019230769230769,6.198817291208798
1001,1964,EasyListening,Pop,1950,,0.35,0.55,66,39,24,3,66,32,34,48.484848484848484,32,0,34,3405254,2.1205879111579424,1135558,25.007817984977137,51594.757575757576,2827237,581304,82.94566502207249,0.6985689065934068,210.71153846153845,9,2.0455689752747253
1001,1964,Folk,Folk,1958,1966,0.5,0.6,152,116,33,3,150,82,68,54.666666666666664,82,0,68,6856437,4.269777648250623,2621219,27.656827806369,45108.13815789474,5953329,909400,86.74871177340675,0.7227637087912091,388.11538461538464,15.057692307692308,4.682214719780218
1001,1964,FolkRock,Folk,1965,,0.55,0.1,0,0,0,0,0,0,0,0,0,0,0,0,0,0,0,0,0,0,0,0.2652845769230765,0,0,0
1001,1964,Funk,RhythmAndSoul,1967,,0.7,0.1,0,0,0,0,0,0,0,0,0,0,0,0,0,0,0,0,0,0,0,0.12606682417582427,0,0,0
1001,1964,GarageRock,Rock,1963,1968,0.85,0.5,37,14,20,3,37,34,3,91.89189189189189,34,0,3,1998432,1.244503564336519,635160,24.117630977007828,54011.67567567567,1999864,0,100,0.6905039038461548,18.942307692307693,1.5384615384615385,1.2145319203296705
1001,1964,Gospel,Gospel,1950,,0.5,0.35,140,115,22,3,140,54,86,38.57142857142857,54,0,86,3682869,2.2934698791274717,2144097,36.796113105859895,26306.207142857143,3546503,142073,96.14829679529444,0.46814361813186833,177.1346153846154,1.8269230769230769,3.2226432582417606
1001,1964,HardRock,Rock,1967,,0.4,0.05,0,0,0,0,0,0,0,0,0,0,0,0,0,0,0,0,0,0,0,0.07465856868131877,0,0,0
1001,1964,Jazz,Jazz,1945,,0.3,0.4,162,131,28,3,162,56,106,34.5679012345679,56,0,106,12790966,7.965446299052071,3063126,19.320728049263245,78956.58024691358,10637221,2161359,83.11250935650673,0.5200000000000025,534.9423076923077,55.40384615384615,5.085596766483518
1001,1964,LatinPop,Latin,1958,,0.6,0.3,32,22,7,3,32,17,15,53.125,17,0,15,337630,0.21025570968986632,173428,33.93509151603145,10550.9375,329320,9442,97.21279246196444,0.3240973873626378,25.673076923076923,0.038461538461538464,0.5143524258241763
1001,1964,ProgressiveRock,Rock,1968,,0.25,0.02,0,0,0,0,0,0,0,0,0,0,0,0,0,0,0,0,0,0,0,0.02739759340659344,0,0,0
1001,1964,ProtoMetal,Rock,1968,,0.4,0.02,0,0,0,0,0,0,0,0,0,0,0,0,0,0,0,0,0,0,0,0.02739759340659344,0,0,0
1001,1964,ProtoPunk,Rock,1967,,0.4,0.02,0,0,0,0,0,0,0,0,0,0,0,0,0,0,0,0,0,0,0,0.027397596153846186,0,0,0
1001,1964,PsychedelicRock,Rock,1966,1971,0.45,0.1,0,0,0,0,0,0,0,0,0,0,0,0,0,0,0,0,0,0,0,0.19863429120879184,0,0,0
1001,1964,Reggae,Caribbean,1968,,0.8,0.02,0,0,0,0,0,0,0,0,0,0,0,0,0,0,0,0,0,0,0,0.022465846153846145,0,0,0
1001,1964,RnB,RhythmAndSoul,1949,1965,0.8,0.55,333,271,59,3,333,290,43,87.08708708708708,290,0,43,17160673,10.686637681398949,5803760,25.272820800757415,51533.55255255255,17102218,73218,99.57370514495236,0.6217782087912087,221.80769230769232,10.98076923076923,10.654492076923079
1001,1964,RockAndRoll,Rock,1955,,0.85,0.5,378,319,56,3,377,323,54,85.6763925729443,323,0,54,14453241,9.000611449733949,6282577,30.298187416575512,38236.0873015873,14335107,132614,99.08338016747766,0.6179439642857143,243.48076923076923,9.442307692307692,10.228140475274726
1001,1964,Rocksteady,Caribbean,1966,1968,0.8,0.02,0,0,0,0,0,0,0,0,0,0,0,0,0,0,0,0,0,0,0,0.03479513461538463,0,0,0
1001,1964,SingerSongwriter,Folk,1967,,0.35,0.1,0,0,0,0,0,0,0,0,0,0,0,0,0,0,0,0,0,0,0,0.12465863736263763,0,0,0
1001,1964,Ska,Caribbean,1964,1967,0.8,0.05,6,1,2,3,6,2,4,33.333333333333336,2,0,4,19624,0.012220649962840792,1041,5.037503024437455,3270.6666666666665,18886,872,95.58659783378884,0.06232928846153861,3.9615384615384617,0,0.06447609340659337
1001,1964,Soul,RhythmAndSoul,1961,,0.7,0.75,458,382,73,3,457,243,214,53.17286652078774,243,0,214,18793883,11.7037028936804,8194857,30.363985128612896,41034.67903930131,18763006,48372,99.74285775342986,0.874623697802198,320.6923076923077,13.384615384615385,15.927599175824186
1001,1964,SunshinePop,Pop,1965,1971,0.55,0.2,0,0,0,0,0,0,0,0,0,0,0,0,0,0,0,0,0,0,0,0.286305041208791,0,0,0
1001,1964,SurfRock,Rock,1961,1966,0.8,0.65,94,59,32,3,94,77,17,81.91489361702128,77,0,17,4255794,2.6502531995494327,1734737,28.957983858192204,45274.40425531915,4229298,30020,99.29519232891275,0.729658892857143,63.57692307692308,2.5384615384615383,3.042258326923078
1001,1964,TeenPop,Pop,1957,1965,0.9,0.5,261,221,37,3,261,226,35,86.59003831417624,226,0,35,11548505,7.1917161230695426,3976328,25.612694191299834,44247.14559386973,11451060,107657,99.06860770101042,0.5993446565934057,194.3653846153846,7.9423076923076925,7.495950744505492
1001,1964,TexMex,Latin,1959,,0.75,0.25,24,15,6,3,24,12,12,50,12,0,12,554823,0.3455104807548521,10909,1.928298204803688,23117.625,548222,7697,98.61544577537376,0.34453187912087946,19.096153846153847,0.21153846153846154,0.4917064010989011
1001,1964,TraditionalPop,Pop,1950,1971,0.45,0.5,310,251,56,3,310,218,92,70.3225806451613,218,0,92,30545919,19.022165913793714,5708161,15.744878921213832,98535.22258064516,27206157,3354184,89.02438948570632,0.6175791868131867,846.5961538461538,100.09615384615384,11.492087788461529
1001,1965,AcidRock,Rock,1966,1971,0.4,0.175,0,0,0,0,0,0,0,0,0,0,0,0,0,0,0,0,0,0,0,0.23732848787061994,0,0,0
1001,1965,BaroquePop,Pop,1966,1970,0.5,0.30000000000000004,0,0,0,0,0,0,0,0,0,0,0,0,0,0,0,0,0,0,0,0.39972567385444685,0,0,0
1001,1965,Blues,Blues,1945,,0.5,0.32499999999999996,38,21,14,3,38,12,26,31.57894736842105,12,0,26,955132,0.5614150863384977,431580,31.122540224646503,25135.052631578947,814006,142603,85.09286448277196,0.4209749919137476,75.56603773584905,0.3584905660377358,0.7642550431266845
1001,1965,BluesRock,Rock,1966,,0.45,0.30000000000000004,0,0,0,0,0,0,0,0,0,0,0,0,0,0,0,0,0,0,0,0.48599487061994595,0,0,0
1001,1965,Boogaloo,Latin,1966,1969,0.7,0.22499999999999998,0,0,0,0,0,0,0,0,0,0,0,0,0,0,0,0,0,0,0,0.24599426954177936,0,0,0
1001,1965,BossaNova,Jazz,1962,1967,0.45,0.47500000000000003,54,25,26,3,54,54,0,100,54,0,0,2270780,1.3347371355537598,807041,26.22118050399942,42051.48148148148,2272420,0,100,0.5672616981132097,20.735849056603772,1.4339622641509433,1.3841219568733165
1001,1965,BritishBeat,Rock,1963,1967,0.75,0.825,147,58,86,3,147,37,110,25.170068027210885,37,0,110,6420359,3.773809695737501,2256975,26.010004916256538,43675.91156462585,6343701,82790,98.71173864555323,0.8847519811320751,126.47169811320755,3.9245283018867925,5.267826102425874
1001,1965,BritishBlues,Rock,1964,,0.65,0.6499999999999999,76,12,61,3,76,13,63,17.105263157894736,13,0,63,2863977,1.6834111879054117,831138,22.492885877706108,37683.90789473684,2842930,22991,99.19777970153399,0.844504221024259,51.886792452830186,1.9433962264150944,2.2235757735849035
1001,1965,BritishPop,Pop,1964,1968,0.8,0.775,177,37,137,3,175,40,135,22.857142857142858,40,0,135,8246452,4.847165168339326,2466103,23.020679940499722,46590.12429378531,8165966,86524,98.95154068650795,0.8669726415094341,142.58490566037736,5.320754716981132,5.9059219514824814
1001,1965,Bubblegum,Pop,1967,1971,0.9,0.125,0,0,0,0,0,0,0,0,0,0,0,0,0,0,0,0,0,0,0,0.16239711320754713,0,0,0
1001,1965,Childrens,NonMusic,1950,,0.3,0.35,39,20,16,3,38,1,37,2.6315789473684212,1,0,37,1068819,0.6282389357337277,528964,33.106122671226316,27405.615384615383,1029887,40264,96.237540309732,0.43965733423180614,47.490566037735846,0.5094339622641509,0.8039705040431261
1001,1965,Classical,Classical,1945,,0.15,0.3,42,24,15,3,41,1,40,2.4390243902439024,1,0,40,691692,0.4065682271137897,311118,31.02462081550842,16468.85714285714,644781,48179,93.04736204109905,0.3531598948787057,56.75471698113208,0.20754716981132076,0.7386515417789755
1001,1965,Comedy,NonMusic,1955,,0.15,0.375,39,15,21,3,39,1,38,2.5641025641025643,1,0,38,1768259,1.0393613439334308,495715,21.895790322680384,45339.97435897436,1702223,68137,96.15123477710748,0.46450925067385446,66.67924528301887,0.9811320754716981,1.089497301886792
1001,1965,ContemporaryFolk,Folk,1961,1969,0.5,0.5,54,25,26,3,54,14,40,25.925925925925927,14,0,40,2354960,1.3842171257205376,773919,24.73470530499901,43610.37037037037,2302897,54298,97.69649944107297,0.6148560781671165,66.13207547169812,1.7358490566037736,1.6017063315363878
1001,1965,Country,Country,1950,,0.65,0.55,187,145,39,3,187,92,95,49.19786096256684,92,0,95,9616016,5.652178393009946,186360,1.9011717159186712,51422.545454545456,9371333,252610,97.37519226786776,0.7500914285714274,190.30188679245282,7.018867924528302,6.0217841024258725
1001,1965,CountryRock,Country,1968,,0.4,0.07500000000000001,0,0,0,0,0,0,0,0,0,0,0,0,0,0,0,0,0,0,0,0.08746570889487873,0,0,0
1001,1965,DooWop,RhythmAndSoul,1954,1965,0.85,0.15000000000000002,133,114,16,3,133,104,29,78.19548872180451,104,0,29,2710187,1.5930152780960893,1263442,31.795670909387866,20377.345864661653,2593480,123945,95.43888055788108,0.16258926684636132,151.66037735849056,0.8490566037735849,2.7783105498652287
1001,1965,EasyListening,Pop,1950,,0.35,0.575,101,35,63,3,100,27,73,27,27,1,72,5638622,3.314314102092855,1841915,24.622764381754948,55827.94059405941,4919351,722754,87.18999380550345,0.7239419245283014,229.0754716981132,9.830188679245284,3.0391108814016166
1001,1965,Folk,Folk,1958,1966,0.5,0.525,153,113,37,3,144,42,102,29.166666666666668,42,0,102,8479746,4.984292571831465,2959114,25.86895896968754,55423.17647058824,7305893,1180265,86.09188044813683,0.633726819407009,397.0377358490566,15.79245283018868,4.670891894878708
1001,1965,FolkRock,Folk,1965,,0.55,0.42500000000000004,18,2,13,3,18,15,3,83.33333333333333,15,0,3,677220,0.3980617598092802,332910,32.95714412996347,37623.333333333336,677772,0,100,0.7221352668463606,8.037735849056604,0.37735849056603776,0.4763466576819402
1001,1965,Funk,RhythmAndSoul,1967,,0.7,0.175,0,0,0,0,0,0,0,0,0,0,0,0,0,0,0,0,0,0,0,0.19546416172506736,0,0,0
1001,1965,GarageRock,Rock,1963,1968,0.85,0.575,61,18,40,3,61,16,45,26.229508196721312,16,0,45,2585690,1.5198374408925575,687006,20.992050590705645,42388.360655737706,2576971,10726,99.58550015708948,0.7637012129380052,37.58490566037736,1.2641509433962264,1.5907387924528305
1001,1965,Gospel,Gospel,1950,,0.5,0.375,153,118,32,3,149,19,130,12.751677852348994,19,0,130,4159492,2.444899302195184,1885735,31.193783128408576,27186.222222222223,3865632,299879,92.80090725963753,0.5006207789757413,242.18867924528303,2.6226415094339623,3.4769343072776273
1001,1965,HardRock,Rock,1967,,0.4,0.1,0,0,0,0,0,0,0,0,0,0,0,0,0,0,0,0,0,0,0,0.12493141509433969,0,0,0
1001,1965,Jazz,Jazz,1945,,0.3,0.4,152,118,31,3,152,20,132,13.157894736842104,20,0,132,15362198,9.029714967689385,3011755,16.391437378772004,101067.09210526316,12346729,3021820,80.33763629865122,0.5200000000000026,525.9433962264151,61.9622641509434,4.760887490566043
1001,1965,LatinPop,Latin,1958,,0.6,0.32499999999999996,31,12,16,3,31,10,21,32.25806451612903,10,0,21,993954,0.5842341903804869,369789,27.115739549167255,32063.032258064515,972508,22343,97.75413604650345,0.39387732614555265,33.62264150943396,0.6792452830188679,0.5874447924528304
1001,1965,ProgressiveRock,Rock,1968,,0.25,0.035,0,0,0,0,0,0,0,0,0,0,0,0,0,0,0,0,0,0,0,0.04247942318059301,0,0,0
1001,1965,ProtoMetal,Rock,1968,,0.4,0.035,0,0,0,0,0,0,0,0,0,0,0,0,0,0,0,0,0,0,0,0.04247941509433965,0,0,0
1001,1965,ProtoPunk,Rock,1967,,0.4,0.035,0,0,0,0,0,0,0,0,0,0,0,0,0,0,0,0,0,0,0,0.04247941509433965,0,0,0
1001,1965,PsychedelicRock,Rock,1966,1971,0.45,0.30000000000000004,0,0,0,0,0,0,0,0,0,0,0,0,0,0,0,0,0,0,0,0.39972567115902896,0,0,0
1001,1965,Reggae,Caribbean,1968,,0.8,0.025,0,0,0,0,0,0,0,0,0,0,0,0,0,0,0,0,0,0,0,0.027493132075471678,0,0,0
1001,1965,RnB,RhythmAndSoul,1949,1965,0.8,0.5,155,106,46,3,155,110,45,70.96774193548387,110,0,45,8079641,4.74911567155018,2800543,25.739849620190245,52126.716129032255,7914831,173158,97.85907226134951,0.5651817601078168,164.69811320754718,5.037735849056604,4.7948426361186
1001,1965,RockAndRoll,Rock,1955,,0.85,0.45,347,303,41,3,347,261,86,75.21613832853026,261,0,86,12641804,7.43070013792268,5652478,30.89751212974633,36431.71181556196,12279331,375862,97.0299781283462,0.5525892884097026,283.8867924528302,9.339622641509434,8.910773892183284
1001,1965,Rocksteady,Caribbean,1966,1968,0.8,0.05,0,0,0,0,0,0,0,0,0,0,0,0,0,0,0,0,0,0,0,0.06495881940700803,0,0,0
1001,1965,SingerSongwriter,Folk,1967,,0.35,0.15000000000000002,0,0,0,0,0,0,0,0,0,0,0,0,0,0,0,0,0,0,0,0.17493141509433965,0,0,0
1001,1965,Ska,Caribbean,1964,1967,0.8,0.07500000000000001,16,5,8,3,16,1,15,6.25,1,0,15,190975,0.11225280496674239,16799,8.08522721803498,11935.9375,175116,16246,91.5103312047324,0.09653671698113209,13.433962264150944,0.1509433962264151,0.19553081671159017
1001,1965,Soul,RhythmAndSoul,1961,,0.7,0.8,504,359,142,3,503,136,367,27.037773359840955,136,0,367,22109265,12.995559691074874,9551266,30.16773786895741,43867.58928571428,21976233,151410,99.31574275669577,0.9137910700808624,427.9811320754717,14.773584905660377,18.265095714285703
1001,1965,SunshinePop,Pop,1965,1971,0.55,0.375,34,3,28,3,34,27,7,79.41176470588235,27,0,7,1149805,0.6758415311678767,383518,25.012212038820262,33817.794117647056,1150413,0,100,0.5615564123989214,13.226415094339623,0.7735849056603774,0.7204265606469005
1001,1965,SurfRock,Rock,1961,1966,0.8,0.525,91,56,32,3,91,41,50,45.05494505494506,41,0,50,3021501,1.7760018979437995,1235776,29.02738064730108,33203.307692307695,2959529,65572,97.83240295117419,0.5987163423180581,86.54716981132076,1.6603773584905661,2.4789842129380055
1001,1965,TeenPop,Pop,1957,1965,0.9,0.425,88,70,15,3,88,65,23,73.86363636363636,65,0,23,5268427,3.0967179395864366,2146765,28.950902417631262,59868.48863636364,5013910,261429,95.04431847886931,0.5038838894878731,163.03773584905662,5.09433962264151,3.24748764690027
1001,1965,TexMex,Latin,1959,,0.75,0.275,48,23,22,3,48,14,34,29.166666666666668,14,0,34,1421410,0.8354876790563022,16410,1.1413111516045125,29612.708333333332,1399778,22780,98.39865931652699,0.3968322425876009,37.264150943396224,0.7547169811320755,0.9118930970350404
1001,1965,TraditionalPop,Pop,1950,1971,0.45,0.45,306,249,54,3,306,116,190,37.908496732026144,116,0,190,39382996,23.14885073435788,6347168,13.879609091277258,128702.60130718954,34926232,4470999,88.65148923791116,0.5525892991913739,796.3018867924528,95.60377358490567,10.972083037735844
1001,1966,AcidRock,Rock,1966,1971,0.4,0.3,28,2,23,3,28,23,5,82.14285714285714,23,3,2,1195875,0.7993672253495201,401826,25.150262783837526,42709.82142857143,1196435,0,100,0.6084482527472529,9.903846153846153,1.1538461538461537,0.4638564505494506
1001,1966,BaroquePop,Pop,1966,1970,0.5,0.5,46,4,39,3,46,36,10,78.26086956521739,36,2,8,3781728,2.5278473238311614,621865,14.121763750646346,82211.47826086957,3782546,0,100,0.7454629642857137,18.51923076923077,3.1923076923076925,1.2837336263736256
1001,1966,Blues,Blues,1945,,0.5,0.35,40,22,15,3,40,4,36,10,4,7,29,1679223,1.1224549641501806,448947,21.095448201976346,41980.575,1417721,262462,84.37896348195405,0.48673287362637424,87.0576923076923,2.1538461538461537,0.6287032500000004
1001,1966,BluesRock,Rock,1966,,0.45,0.45,53,32,18,3,53,48,5,90.56603773584905,48,0,5,3491976,2.334166335199846,830744,19.218084909501425,65886.3396226415,3493041,0,100,0.6835689642857155,18.692307692307693,3.25,1.3839298928571429
1001,1966,Boogaloo,Latin,1966,1969,0.7,0.35,11,4,4,3,11,1,10,9.090909090909092,1,1,9,184686,0.12345097554585677,4958,2.614372192107317,16789.636363636364,182223,2697,98.54153147306944,0.3464104285714282,7.384615384615385,0.15384615384615385,0.1365413736263737
1001,1966,BossaNova,Jazz,1962,1967,0.45,0.4,55,28,24,3,55,55,0,100,55,0,0,3121241,2.0863533043312734,852390,21.451161418863503,56749.836363636365,3123333,0,100,0.4541140934065935,22.28846153846154,2.9615384615384617,1.411736942307692
1001,1966,BritishBeat,Rock,1963,1967,0.75,0.7,108,59,46,3,108,11,97,10.185185185185185,11,55,42,3203957,2.141643748074985,969221,23.22500981266555,29666.26851851852,3014864,192878,93.98710993589883,0.7382306456043954,156.69230769230768,1.9230769230769231,2.12132147802198
1001,1966,BritishBlues,Rock,1964,,0.65,0.7,93,26,64,3,93,3,90,3.225806451612903,3,60,30,1317004,0.8803343436849331,620119,32.01237092327126,14161.333333333334,1186647,132383,89.96360962222239,0.8278320082417582,92.48076923076923,0.6923076923076923,1.0613337829670324
1001,1966,BritishPop,Pop,1964,1968,0.8,0.75,105,52,50,3,105,7,98,6.666666666666667,7,58,40,2686052,1.7954568281672658,1182582,30.56846421760239,25581.44761904762,2434934,255261,90.51143132746883,0.7573326098901103,178.23076923076923,1.5384615384615385,2.1139597884615373
1001,1966,Bubblegum,Pop,1967,1971,0.9,0.2,0,0,0,0,0,0,0,0,0,0,0,0,0,0,0,0,0,0,0,0.3010961978021968,0,0,0
1001,1966,Childrens,NonMusic,1950,,0.3,0.35,35,16,16,3,34,1,33,2.9411764705882355,1,13,20,551210,0.36844921775679645,250311,31.229499913289857,15748.857142857143,449341,103016,81.34974301040812,0.42448596153846113,68.23076923076923,0.36538461538461536,0.4856876648351646
1001,1966,Classical,Classical,1945,,0.15,0.3,37,19,15,3,35,1,34,2.857142857142857,1,10,24,565502,0.3780025208902304,239066,29.713585427210628,15283.837837837838,468132,98910,82.55684764091549,0.3730492335164834,80.09615384615384,0.11538461538461539,0.5501391263736257
1001,1966,Comedy,NonMusic,1955,,0.15,0.35,43,20,20,3,42,2,40,4.761904761904762,2,17,23,517302,0.3457838523321898,249876,32.570798432697494,12030.279069767443,399647,118801,77.0852621670833,0.4022919203296701,81.67307692307692,0.21153846153846154,0.49148570329670344
1001,1966,ContemporaryFolk,Folk,1961,1969,0.5,0.45,66,31,32,3,66,4,62,6.0606060606060606,4,25,37,1167491,0.7803943065040548,726215,38.348877808910146,17689.257575757576,1038422,131192,88.78330799733929,0.519947021978022,97.5576923076923,0.6153846153846154,1.0661887554945064
1001,1966,Country,Country,1950,,0.65,0.55,182,128,51,3,181,64,117,35.35911602209945,64,28,89,16703225,11.165055396792088,441684,2.5761816525243733,91775.96153846153,15735457,974511,94.16808577969748,0.7500914285714272,278.5,19.28846153846154,5.714703472527471
1001,1966,CountryRock,Country,1968,,0.4,0.1,0,0,0,0,0,0,0,0,0,0,0,0,0,0,0,0,0,0,0,0.15054824175824155,0,0,0
1001,1966,DooWop,RhythmAndSoul,1954,1965,0.85,0.1,28,28,0,0,28,10,18,35.714285714285715,10,2,16,733516,0.4903093129879616,168813,18.708586336025995,26197,553565,182277,75.22878552732787,0.0971437335164836,121.98076923076923,0.15384615384615385,0.6376408598901089
1001,1966,EasyListening,Pop,1950,,0.35,0.6,122,62,57,3,115,20,95,17.391304347826086,20,55,40,5518994,3.6891003829837143,1654458,23.063624040420148,45237.65573770492,4316108,1205961,78.1610660786745,0.7369841428571432,250.19230769230768,9.26923076923077,2.2081493241758254
1001,1966,Folk,Folk,1958,1966,0.5,0.45,52,25,24,3,52,11,41,21.153846153846153,11,13,28,4962744,3.317282242207571,1458575,22.714570012796436,95437.38461538461,3593719,1373167,72.35356317821669,0.5192874697802198,332.53846153846155,8.923076923076923,1.6251958186813196
1001,1966,FolkRock,Folk,1965,,0.55,0.75,62,16,43,3,62,56,6,90.3225806451613,56,1,5,4234607,2.8305684524182335,981351,18.81439612818968,68300.1129032258,4235925,0,100,0.896939722527473,22.807692307692307,4.1923076923076925,1.9879535879120862
1001,1966,Funk,RhythmAndSoul,1967,,0.7,0.25,0,0,0,0,0,0,0,0,0,0,0,0,0,0,0,0,0,0,0,0.29984673076923063,0,0,0
1001,1966,GarageRock,Rock,1963,1968,0.85,0.65,81,28,50,3,80,14,66,17.5,14,24,42,1837898,1.2285192221055146,1044352,36.23391447653743,22690.0987654321,1777123,62768,96.5884935574988,0.7549283846153838,71.8076923076923,1.6923076923076923,1.5691018681318685
1001,1966,Gospel,Gospel,1950,,0.5,0.4,170,126,41,3,167,21,146,12.574850299401197,21,44,102,3571651,2.3874240617011298,1916459,34.920200214645845,21009.711764705884,3074532,502585,85.94999828073837,0.5494707142857139,319.09615384615387,2.0576923076923075,2.9535341648351623
1001,1966,HardRock,Rock,1967,,0.4,0.15,0,0,0,0,0,0,0,0,0,0,0,0,0,0,0,0,0,0,0,0.2258222774725275,0,0,0
1001,1966,Jazz,Jazz,1945,,0.3,0.4,174,125,46,3,168,19,149,11.30952380952381,19,66,83,15925598,10.645260654576662,2946816,15.614409476180418,91526.42528735632,11346502,4585194,71.21967428954206,0.5200000000000025,543.7115384615385,49.71153846153846,3.6082893076923077
1001,1966,LatinPop,Latin,1958,,0.6,0.35,36,20,13,3,36,1,35,2.7777777777777777,1,17,18,616511,0.4120988292818714,347296,36.03377024653276,17125.305555555555,553341,64135,89.61336149097293,0.4264337032967024,49.05769230769231,0.3076923076923077,0.44782918956044
1001,1966,ProgressiveRock,Rock,1968,,0.25,0.05,0,0,0,0,0,0,0,0,0,0,0,0,0,0,0,0,0,0,0,0.07527403296703286,0,0,0
1001,1966,ProtoMetal,Rock,1968,,0.4,0.05,0,0,0,0,0,0,0,0,0,0,0,0,0,0,0,0,0,0,0,0.07527403296703286,0,0,0
1001,1966,ProtoPunk,Rock,1967,,0.4,0.05,0,0,0,0,0,0,0,0,0,0,0,0,0,0,0,0,0,0,0,0.10054813736263732,0,0,0
1001,1966,PsychedelicRock,Rock,1966,1971,0.45,0.5,17,6,8,3,17,0,17,0,0,7,10,121963,0.08152459488266209,75529,38.24408077289207,7174.294117647059,111358,10969,91.03305075739615,0.6786450302197807,12.192307692307692,0,0.165112074175824
1001,1966,Reggae,Caribbean,1968,,0.8,0.03,0,0,0,0,0,0,0,0,0,0,0,0,0,0,0,0,0,0,0,0.040109626373626375,0,0,0
1001,1966,RnB,RhythmAndSoul,1949,1965,0.8,0.45,29,29,0,0,29,4,25,13.793103448275861,4,5,20,1734743,1.1595665923315586,702737,28.830472455158606,59818.724137931036,1451931,285803,83.55312147889147,0.5069372912087917,140.3846153846154,1.0769230769230769,1.1821556593406592
1001,1966,RockAndRoll,Rock,1955,,0.85,0.4,318,263,52,3,317,88,229,27.7602523659306,88,33,196,14999052,10.025922926821925,4344820,22.460963347979142,47166.83018867925,13878441,1131625,92.46089257702131,0.4871437609890119,399.4230769230769,14.615384615384615,6.951996249999994
1001,1966,Rocksteady,Caribbean,1966,1968,0.8,0.08,13,1,9,3,12,0,12,0,0,2,10,71612,0.04786811810743584,5771,7.457710349818435,5508.615384615385,61598,10259,85.72303324658697,0.10021927197802191,8.576923076923077,0,0.11689796703296697
1001,1966,SingerSongwriter,Folk,1967,,0.35,0.2,0,0,0,0,0,0,0,0,0,0,0,0,0,0,0,0,0,0,0,0.25054830769230874,0,0,0
1001,1966,Ska,Caribbean,1964,1967,0.8,0.1,12,3,6,3,12,1,11,8.333333333333334,1,0,11,99449,0.06647540185536484,2232,2.1951003628996566,8287.416666666666,74131,25735,74.23046882822983,0.11022244505494466,20.942307692307693,0,0.1674752115384615
1001,1966,Soul,RhythmAndSoul,1961,,0.7,0.85,525,377,145,3,522,51,471,9.770114942528735,51,357,114,10284949,6.874841555339247,3929738,27.645617522214874,19590.379047619048,9736465,561604,94.54651158387072,0.9513826263736264,602.3076923076923,7.0576923076923075,7.881321645604393
1001,1966,SunshinePop,Pop,1965,1971,0.55,0.55,77,17,57,3,77,66,11,85.71428571428571,66,0,11,7299869,4.8795033159360095,1174649,13.86095350791632,94803.49350649351,7301867,0,100,0.8033249697802198,33.36538461538461,6.173076923076923,2.4566717170329695
1001,1966,SurfRock,Rock,1961,1966,0.8,0.4,37,17,17,3,37,37,0,100,37,0,0,1558254,1.0415947957518896,785981,33.528251220547425,42114.97297297297,1558657,1327,99.91493502497461,0.45405765384615393,21.884615384615383,1.4038461538461537,0.9081398406593404
1001,1966,TeenPop,Pop,1957,1965,0.9,0.35,21,21,0,0,21,9,12,42.857142857142854,9,0,12,2054370,1.3732171395348958,462584,18.378722853099422,97827.14285714286,1737031,319055,84.48240978247019,0.4221437664835173,131.67307692307693,1.8461538461538463,0.7446398461538473
1001,1966,TexMex,Latin,1959,,0.75,0.3,37,22,12,3,36,1,35,2.7777777777777777,1,12,23,556908,0.3722579723925582,8646,1.5287664838370871,15051.567567567568,490557,68205,87.79355074253439,0.3798607912087913,60.53846153846154,0.07692307692307693,0.5468622884615387
1001,1966,TraditionalPop,Pop,1950,1971,0.45,0.4,289,214,72,3,288,53,235,18.40277777777778,53,99,136,33253546,22.227904086173414,5896884,15.062118091678686,115064.17301038062,25244107,8020178,75.88952235107413,0.4871437582417591,791.5,103.82692307692308,6.568509983516482
1001,1967,AcidRock,Rock,1966,1971,0.4,0.65,61,9,49,3,61,46,15,75.40983606557377,46,6,9,5019873,3.835495149240409,810292,13.898268745395713,82293,5021199,0,100,0.8636864780219788,25.442307692307693,5.134615384615385,1.5493811895604395
1001,1967,BaroquePop,Pop,1966,1970,0.5,0.65,73,21,49,3,73,58,15,79.45205479452055,58,8,7,7367627,5.629325208010774,939760,11.312341654481727,100926.39726027397,7369065,0,100,0.779481467032968,31.557692307692307,7.365384615384615,2.3047868598901102
1001,1967,Blues,Blues,1945,,0.5,0.4,59,39,17,3,59,10,49,16.949152542372882,10,39,10,1445681,1.1045901884069624,352794,19.61628602010036,24503.06779661017,899095,547327,62.159936726626114,0.501646890109892,118.21153846153847,3.75,0.5276506263736261
1001,1967,BluesRock,Rock,1966,,0.45,0.6,70,29,38,3,70,63,7,90,63,4,3,4335847,3.3128567468437105,851239,16.410736201404795,61940.671428571426,4337409,0,100,0.8416649587912091,28.923076923076923,5.634615384615385,2.2405548159340674
1001,1967,Boogaloo,Latin,1966,1969,0.7,0.4,34,21,10,3,34,4,30,11.764705882352942,4,28,2,255734,0.19539667965620777,10916,4.093755859741234,7521.588235294118,219698,36218,85.84770002657122,0.36433306043956043,23.096153846153847,0.15384615384615385,0.1305090357142857
1001,1967,BossaNova,Jazz,1962,1967,0.45,0.3,23,10,10,3,23,23,0,100,23,0,0,1202362,0.9186793408181834,405162,25.204102707020237,52276.608695652176,1203594,0,100,0.352322107142857,11.884615384615385,1.5384615384615385,0.6614599560439564
1001,1967,BritishBeat,Rock,1963,1967,0.75,0.5,54,37,14,3,54,4,50,7.407407407407407,4,48,2,701265,0.5358100704603633,178586,20.297300338352745,12986.388888888889,384397,317782,54.74344860783361,0.5828379368131863,180.25,0.28846153846153844,0.3125144835164834
1001,1967,BritishBlues,Rock,1964,,0.65,0.65,82,41,38,3,82,5,77,6.097560975609756,5,77,0,735008,0.5615918208793119,112246,13.248211280206409,8963.512195121952,443853,291529,60.35679415596248,0.7529331923076915,143.75,0.5384615384615384,0.21221407967032974
1001,1967,BritishPop,Pop,1964,1968,0.8,0.55,110,60,47,3,110,13,97,11.818181818181818,13,97,0,1083872,0.82814561212953,245199,18.44890152595309,9853.381818181819,679288,405307,62.63056717023405,0.597686247252745,203.92307692307693,0.7115384615384616,0.3311299340659342
1001,1967,Bubblegum,Pop,1967,1971,0.9,0.4,29,6,20,3,29,18,11,62.06896551724138,18,5,6,2783320,2.126629569868364,360382,11.463618370952464,95976.55172413793,2783909,0,100,0.6507544340659339,12.23076923076923,2.576923076923077,0.7467307747252747
1001,1967,Childrens,NonMusic,1950,,0.3,0.35,33,16,14,3,31,0,31,0,0,28,3,155309,0.11866573439873451,53147,25.495548221207354,4706.333333333333,29863,125650,19.202896220894715,0.35565350000000023,75.61538461538461,0,0.055867939560439596
1001,1967,Classical,Classical,1945,,0.15,0.3,40,25,12,3,40,4,36,10,4,35,1,341745,0.2611144325318914,64025,15.778643073662419,8543.625,184621,157515,53.96129024715318,0.3390919285714284,83.98076923076923,0.21153846153846154,0.12954438186813183
1001,1967,Comedy,NonMusic,1955,,0.15,0.35,50,28,19,3,50,2,48,4,2,45,3,275472,0.21047773912837114,46122,14.341685479206701,5509.44,72938,202884,26.443865971532365,0.3819293708791213,103.61538461538461,0.28846153846153844,0.12051574725274719
1001,1967,ContemporaryFolk,Folk,1961,1969,0.5,0.4,72,45,24,3,70,11,59,15.714285714285714,11,57,2,537356,0.4105734012424675,167761,23.791938075525056,7463.277777777777,309803,227945,57.611185908641225,0.4953696126373642,125.82692307692308,0.11538461538461539,0.2414611895604395
1001,1967,Country,Country,1950,,0.65,0.55,188,136,49,3,184,50,134,27.17391304347826,50,119,15,11274484,8.614406916706578,510915,4.335152335529751,59970.65957446808,9042272,2236909,80.16780651006486,0.7500914285714272,358.86538461538464,25.807692307692307,3.104670002747253
1001,1967,CountryRock,Country,1968,,0.4,0.2,0,0,0,0,0,0,0,0,0,0,0,0,0,0,0,0,0,0,0,0.3005478461538464,0,0,0
1001,1967,DooWop,RhythmAndSoul,1954,1965,0.85,0.05,16,16,0,0,16,6,10,37.5,6,6,4,340016,0.2597933690083647,52669,13.412531672969429,21251,163034,177741,47.842124568997136,0.05192876923076925,98.71153846153847,0.15384615384615385,0.18241704945054946
1001,1967,EasyListening,Pop,1950,,0.35,0.6,124,64,57,3,122,22,100,18.0327868852459,22,95,5,4087559,3.123149274241395,777434,15.980166877937954,32964.18548387097,2149929,1939057,52.57853658584304,0.7113503708791209,276.40384615384613,14.807692307692308,0.9071485467032964
1001,1967,Folk,Folk,1958,1966,0.5,0.35,9,9,0,0,9,2,7,22.22222222222222,2,5,2,1600150,1.2226141105675463,444707,21.747584305406196,177794.44444444444,683726,917761,42.693197010028804,0.4223219972527471,216.98076923076923,3.6923076923076925,0.21783226373626352
1001,1967,FolkRock,Folk,1965,,0.55,0.7,59,23,33,3,59,53,6,89.83050847457628,53,2,4,4949735,3.781905355479207,1149618,18.848195866020543,83893.81355932204,4951251,0,100,0.8300733516483517,28,5.461538461538462,2.200372739010992
1001,1967,Funk,RhythmAndSoul,1967,,0.7,0.4,36,2,31,3,36,28,8,77.77777777777777,28,7,1,1913762,1.4622331815567093,382029,16.640408469237837,53160.055555555555,1914280,0,100,0.5560494587912087,11.653846153846153,2.25,0.6800126071428574
1001,1967,GarageRock,Rock,1963,1968,0.85,0.55,70,34,33,3,68,4,64,5.882352941176471,4,60,4,659688,0.5040426568584717,237401,26.463483556258076,9424.114285714286,493205,167139,74.68910143803835,0.6101442802197766,95.9423076923077,0.6153846153846154,0.35227475824175836
1001,1967,Gospel,Gospel,1950,,0.5,0.45,154,104,47,3,153,16,137,10.457516339869281,16,128,9,1727544,1.3199510489805963,613241,26.198091665830052,11217.818181818182,1065769,663854,61.618572370973325,0.5814177142857142,344.71153846153845,1.3653846153846154,0.853551458791208
1001,1967,HardRock,Rock,1967,,0.4,0.3,23,4,16,3,23,16,7,69.56521739130434,16,4,3,639288,0.48845578821767055,242239,27.479475954792083,27795.130434782608,639768,0,100,0.49728675824175805,8.76923076923077,1.0576923076923077,0.325596107142857
1001,1967,Jazz,Jazz,1945,,0.3,0.4,164,126,35,3,163,21,142,12.883435582822086,21,120,22,11931506,9.11641258377111,1799115,13.102939772352613,72753.08536585367,6743184,5191054,56.502845007783485,0.5200000000000025,527.8076923076923,47.07692307692308,1.5254346565934065
1001,1967,LatinPop,Latin,1958,,0.6,0.35,38,24,11,3,38,2,36,5.2631578947368425,2,32,4,308555,0.23575520850305862,66365,17.70110957004161,8119.868421052632,183631,125208,59.45848807954954,0.40226705769230736,65.42307692307692,0.2692307692307692,0.12430703846153852
1001,1967,ProgressiveRock,Rock,1968,,0.25,0.1,0,0,0,0,0,0,0,0,0,0,0,0,0,0,0,0,0,0,0,0.175410978021978,0,0,0
1001,1967,ProtoMetal,Rock,1968,,0.4,0.1,0,0,0,0,0,0,0,0,0,0,0,0,0,0,0,0,0,0,0,0.15027393131868164,0,0,0
1001,1967,ProtoPunk,Rock,1967,,0.4,0.15,9,2,4,3,9,7,2,77.77777777777777,7,1,1,78237,0.05977793342403719,28257,26.533889233196238,8693,78363,0,100,0.20027394505494545,2.8846153846153846,0,0.09818485439560438
1001,1967,PsychedelicRock,Rock,1966,1971,0.45,0.85,31,17,11,3,31,4,27,12.903225806451612,4,25,2,126343,0.09653390905317345,29315,18.83295429724139,4075.5806451612902,70243,56210,55.54870188923948,0.8168862197802198,31.03846153846154,0.057692307692307696,0.08141791483516483
1001,1967,Reggae,Caribbean,1968,,0.8,0.05,0,0,0,0,0,0,0,0,0,0,0,0,0,0,0,0,0,0,0,0.07513694230769234,0,0,0
1001,1967,RnB,RhythmAndSoul,1949,1965,0.8,0.4,10,10,0,0,10,2,8,20,2,5,3,1158571,0.8852202935314518,113833,8.946293787193376,115857.1,872632,286455,75.28615194545362,0.44742696978022,118.6923076923077,1.5,0.2156028214285716
1001,1967,RockAndRoll,Rock,1955,,0.85,0.35,256,222,31,3,255,36,219,14.117647058823529,36,155,64,10411117,7.9547408374025315,2200600,17.44885331632481,40668.42578125,7661257,2755359,73.5484249395389,0.45500000000000174,546.2884615384615,17.403846153846153,3.07746182142857
1001,1967,Rocksteady,Caribbean,1966,1968,0.8,0.12,23,12,8,3,23,2,21,8.695652173913043,2,16,5,108658,0.08302146925353776,15084,12.189878941668956,4724.260869565217,59871,49028,54.97846628527351,0.11999999999999955,25.173076923076923,0,0.09818199175824177
1001,1967,SingerSongwriter,Folk,1967,,0.35,0.3,18,3,12,3,18,2,16,11.11111111111111,2,13,3,51794,0.039573836979492856,15910,23.49935011225334,2877.4444444444443,36893,15011,71.07930024660912,0.3502740412087917,8.653846153846153,0,0.058379412087912114
1001,1967,Ska,Caribbean,1964,1967,0.8,0.12,8,2,3,3,8,0,8,0,0,8,0,46763,0.03572984011028351,32,0.06838337429212522,5845.375,2822,43977,6.030043376995235,0.1114511538461538,21.865384615384617,0,0.013377120879120878
1001,1967,Soul,RhythmAndSoul,1961,,0.7,0.9,495,384,108,3,493,59,434,11.967545638945234,59,427,7,8107547,6.19467010235889,1192271,12.82036917281607,16378.882828282829,6850903,1260135,84.4639490038143,0.9660768571428571,798.9423076923077,7.634615384615385,2.931375475274724
1001,1967,SunshinePop,Pop,1965,1971,0.55,0.7,73,20,50,3,73,72,1,98.63013698630137,72,1,0,6955346,5.314316884966747,1256283,15.298828040088026,95278.71232876713,6957435,0,100,0.8315250384615379,31.615384615384617,7.634615384615385,2.8690407032967062
1001,1967,SurfRock,Rock,1961,1966,0.8,0.3,2,2,0,0,2,2,0,100,2,0,0,147129,0.11241570569864857,130519,47.008802512533855,73564.5,147595,0,100,0.3387366098901105,3.076923076923077,0.19230769230769232,0.14840086813186812
1001,1967,TeenPop,Pop,1957,1965,0.9,0.3,16,16,0,0,16,1,15,6.25,1,10,5,838375,0.640570637094689,163063,16.282885211066485,52398.4375,490694,348268,58.48822711874912,0.3769288571428572,110,1.8461538461538463,0.1730647637362637
1001,1967,TexMex,Latin,1959,,0.75,0.3,39,17,19,3,39,2,37,5.128205128205129,2,34,3,420325,0.32115443928650683,8713,2.030822444631944,10777.564102564103,302137,118763,71.78355904015206,0.3983472060439571,71.07692307692308,0.25,0.14445965384615378
1001,1967,TraditionalPop,Pop,1950,1971,0.45,0.35,251,202,46,3,249,51,198,20.481927710843372,51,131,67,36756436,28.084202923334022,4061503,9.950289258847684,146439.984063745,26784756,9977838,72.85872155811421,0.4353931840659338,806.5192307692307,115.3076923076923,4.514048016483519
1001,1968,AcidRock,Rock,1966,1971,0.4,0.7,52,14,35,3,51,1,50,1.9607843137254901,1,49,1,886443,0.6861927598610518,169436,16.046914466525045,17046.98076923077,796662,90421,89.80692900213396,0.8098038104395606,38.13461538461539,1.1730769230769231,0.3572202005494507
1001,1968,BaroquePop,Pop,1966,1970,0.5,0.55,74,27,44,3,74,63,11,85.13513513513513,63,4,7,4821607,3.7323909312785664,1072889,18.201539198601544,65156.85135135135,4823845,0,100,0.6501772774725276,33.05769230769231,6.173076923076923,2.1478358324175835
1001,1968,Blues,Blues,1945,,0.5,0.4,52,33,16,3,52,2,50,3.8461538461538463,2,36,14,1196981,0.9265792565243807,199318,14.2747362849934,23018.865384615383,499650,698006,41.71899109594074,0.47948668956044127,130.67307692307693,1.9615384615384615,0.2827569065934065
1001,1968,BluesRock,Rock,1966,,0.45,0.7,70,31,36,3,70,58,12,82.85714285714286,58,3,9,5755737,4.455498049016542,1079076,15.78793743149959,82224.81428571428,5757275,0,100,0.8962362857142849,32.03846153846154,7.288461538461538,2.5730761291208797
1001,1968,Boogaloo,Latin,1966,1969,0.7,0.35,39,20,16,3,39,4,35,10.256410256410257,4,32,3,217799,0.16859752618609117,1583,0.7215724170624755,5584.589743589743,79179,138871,36.31231368952075,0.2850235384615382,51.69230769230769,0.4807692307692308,0.11363692307692302
1001,1968,BossaNova,Jazz,1962,1967,0.45,0.25,4,4,0,0,4,4,0,100,4,0,0,71336,0.055220974972387385,34839,32.81280904167648,17834,71579,0,100,0.29123602472527443,1.4807692307692308,0.1346153846153846,0.07331056043956044
1001,1968,BritishBeat,Rock,1963,1967,0.75,0.4,31,5,23,3,31,1,30,3.225806451612903,1,28,2,699419,0.5414180651313812,29820,4.089194351920289,22561.90322580645,427388,272890,61.031190470070456,0.4875886730769231,155.6346153846154,0.5,0.08427439285714292
1001,1968,BritishBlues,Rock,1964,,0.65,0.6,86,42,41,3,86,4,82,4.651162790697675,4,79,3,812888,0.6292540639137888,120673,12.926096955635465,9452.186046511628,379231,434289,46.61606352640378,0.7381643241758231,196.25,0.75,0.220686324175824
1001,1968,BritishPop,Pop,1964,1968,0.8,0.4,30,17,10,3,30,1,29,3.3333333333333335,1,27,2,635683,0.49208022644067695,138491,17.88887252736465,21189.433333333334,251039,385512,39.437374224531894,0.45517727197802216,209.40384615384616,0.2692307692307692,0.1654261840659341
1001,1968,Bubblegum,Pop,1967,1971,0.9,0.65,52,10,39,3,52,35,17,67.3076923076923,35,8,9,3621508,2.8033980406849373,614877,14.51419075461744,69644.38461538461,3622310,0,100,0.7480257499999999,21.115384615384617,4.134615384615385,1.2507316840659344
1001,1968,Childrens,NonMusic,1950,,0.3,0.35,41,24,14,3,41,1,40,2.4390243902439024,1,35,5,233054,0.18040637407781163,23114,9.022984916148777,5684.243902439024,44170,189213,18.92597147178672,0.3832817802197799,84.9423076923077,0,0.053221766483516494
1001,1968,Classical,Classical,1945,,0.15,0.3,39,27,9,3,37,1,36,2.7027027027027026,1,30,6,268379,0.2077513463344504,53306,16.570869017828,6881.51282051282,82470,186338,30.679890479450016,0.3297281868131864,91.07692307692308,0.057692307692307696,0.10496970054945058
1001,1968,Comedy,NonMusic,1955,,0.15,0.4,53,35,15,3,53,5,48,9.433962264150944,5,43,5,411647,0.3186546580192098,61921,13.075418947226163,7766.924528301887,147054,265101,35.679295410707134,0.44933421428571385,116.07692307692308,0.17307692307692307,0.15066046428571434
1001,1968,ContemporaryFolk,Folk,1961,1969,0.5,0.4,64,34,27,3,63,4,59,6.349206349206349,4,56,3,618812,0.47902043799221966,124473,16.74633552405874,9668.9375,266936,352642,43.083518136538096,0.5088822527472546,152.30769230769232,0.6538461538461539,0.17287883791208802
1001,1968,Country,Country,1950,,0.65,0.55,188,148,37,3,179,31,148,17.318435754189945,31,126,22,8164638,6.320220795343206,479892,5.551394928353536,43428.925531914894,4602601,3564411,56.35599653826883,0.7711304890109891,450.96153846153845,26.71153846153846,1.918428258241758
1001,1968,CountryRock,Country,1968,,0.4,0.4,22,6,13,3,22,16,6,72.72727272727273,16,1,5,1942367,1.5035802329005155,196204,9.174537576727637,88289.40909090909,1942657,0,100,0.5994051895604403,8.846153846153847,1.9230769230769231,0.5535186978021975
1001,1968,DooWop,RhythmAndSoul,1954,1965,0.85,0.03,13,13,0,0,13,1,12,7.6923076923076925,1,4,8,302598,0.23424016744272846,34770,10.306253112328378,23276.76923076923,153997,149272,50.77901137274169,0.03251774999999996,70.84615384615384,0.17307692307692307,0.13853843131868135
1001,1968,EasyListening,Pop,1950,,0.35,0.55,128,79,46,3,126,13,113,10.317460317460318,13,103,10,4336167,3.3566133422548514,647007,12.983833195469394,33876.3046875,1658633,2678708,38.24077931617551,0.685995857142859,322.75,12.807692307692308,0.7803754862637365
1001,1968,Folk,Folk,1958,1966,0.5,0.3,4,4,0,0,4,1,3,25,1,2,1,579610,0.44867429213504334,290070,33.35364731855395,144902.5,109368,471024,18.84381590373403,0.3899999999999992,132.75,1.4615384615384615,0.0508678543956044
1001,1968,FolkRock,Folk,1965,,0.55,0.6,64,28,33,3,64,59,5,92.1875,59,3,2,4758544,3.6835740597875426,767574,13.889931412973809,74352.25,4760203,0,100,0.7475887582417572,25.03846153846154,5.826923076923077,1.8787520109890135
1001,1968,Funk,RhythmAndSoul,1967,,0.7,0.55,72,11,58,3,71,55,16,77.46478873239437,55,3,13,5672321,4.390925983743795,926939,14.046105169367474,78782.23611111111,5673869,0,100,0.7380344120879122,26.884615384615383,7.0576923076923075,1.9543671401098894
1001,1968,GarageRock,Rock,1963,1968,0.85,0.4,29,15,11,3,29,25,4,86.20689655172414,25,2,2,1718708,1.330446499002495,282859,14.131877673842544,59265.793103448275,1715911,3492,99.79690625176296,0.4533475576923076,20.01923076923077,1.8461538461538463,0.5908437060439566
1001,1968,Gospel,Gospel,1950,,0.5,0.45,160,121,36,3,160,12,148,7.5,12,121,27,1841539,1.425529592767681,400085,17.84799770166629,11509.61875,931666,911286,50.55291727619601,0.6107622912087914,379.2692307692308,1.7884615384615385,0.685125837912088
1001,1968,HardRock,Rock,1967,,0.4,0.5,54,14,37,3,54,44,10,81.48148148148148,44,3,7,3979896,3.0808250730164946,623628,13.5467524444317,73701.77777777778,3980889,0,100,0.7457251318681323,21.21153846153846,4.75,1.1798944313186814
1001,1968,Jazz,Jazz,1945,,0.3,0.4,118,91,24,3,118,9,109,7.627118644067797,9,93,16,8676857,6.716727924694183,1787283,17.080075381254456,73532.68644067796,3109215,5569625,35.8252370132414,0.5197692307692332,526.5384615384615,43.21153846153846,0.8750126538461541
1001,1968,LatinPop,Latin,1958,,0.6,0.35,44,25,16,3,44,2,42,4.545454545454546,2,37,5,284994,0.22061296598184044,98886,25.759612378868397,6477.136363636364,106548,178713,37.351057452648625,0.4190189258241762,89.15384615384616,0.07692307692307693,0.09083028021978018
1001,1968,ProgressiveRock,Rock,1968,,0.25,0.25,14,0,11,3,14,4,10,28.571428571428573,4,4,6,1062800,0.8227101631806285,73742,6.488277599947912,75914.28571428571,1062862,0,100,0.39510039285714255,5.384615384615385,0.7692307692307693,0.17049715384615383
1001,1968,ProtoMetal,Rock,1968,,0.4,0.2,19,2,14,3,19,14,5,73.6842105263158,14,1,4,843330,0.6528191211094462,227535,21.247776330349765,44385.78947368421,843672,0,100,0.3543641730769236,7.3076923076923075,1.2115384615384615,0.29012430494505487
1001,1968,ProtoPunk,Rock,1967,,0.4,0.25,31,8,20,3,31,25,6,80.64516129032258,25,4,2,1278765,0.989887995690324,180366,12.361193066283974,41250.48387096774,1279357,0,100,0.3531116923076924,11.673076923076923,1.6538461538461537,0.4395939313186809
1001,1968,PsychedelicRock,Rock,1966,1971,0.45,0.75,53,33,17,3,53,3,50,5.660377358490566,3,47,3,283639,0.2195640647105667,115324,28.9059386459396,5351.679245283019,153359,130481,54.03008737316798,0.8317804890109893,62.44230769230769,0.19230769230769232,0.14394728296703296
1001,1968,Reggae,Caribbean,1968,,0.8,0.1,15,6,6,3,15,0,15,0,0,13,2,18791,0.014546054456461413,3239,14.702678166137085,1252.7333333333333,5072,13735,26.968681873770404,0.15147061263736267,6.923076923076923,0,0.006377667582417585
1001,1968,RnB,RhythmAndSoul,1949,1965,0.8,0.35,8,8,0,0,8,2,6,25,2,4,2,678202,0.5249940516460563,78095,10.32596982402416,84775.25,436434,242179,64.31264947768463,0.3879931456043954,95.0576923076923,1.4615384615384615,0.11020892032967029
1001,1968,RockAndRoll,Rock,1955,,0.85,0.35,244,210,31,3,242,36,206,14.87603305785124,36,147,59,10707112,8.288341984111089,1753042,14.06918405663365,43881.60655737705,5990470,4718971,55.936346257475066,0.45500000000000174,704.5384615384615,26.173076923076923,2.0304912390109897
1001,1968,Rocksteady,Caribbean,1966,1968,0.8,0.12,15,7,5,3,15,1,14,6.666666666666667,1,8,6,91341,0.07070678304015975,0,0,6089.4,21377,70093,23.37050399037936,0.11002732692307672,37.13461538461539,0,0.0458063901098901
1001,1968,SingerSongwriter,Folk,1967,,0.35,0.4,30,10,17,3,30,2,28,6.666666666666667,2,25,3,250837,0.19417213888007084,37423,12.98237702074516,8361.233333333334,133674,117260,53.27058110897686,0.531491788461537,28.615384615384617,0.8653846153846154,0.09231443681318681
1001,1968,Ska,Caribbean,1964,1967,0.8,0.1,0,0,0,0,0,0,0,0,0,0,0,39595,0.030650365930689673,1696,4.107432612433702,0,0,39658,0,0.09299843406593411,19.76923076923077,0,0
1001,1968,Soul,RhythmAndSoul,1961,,0.7,0.9,443,338,102,3,440,50,390,11.363636363636363,50,383,7,8382024,6.488498619518201,1259832,13.066281014775578,18921.047404063207,6492238,1893719,77.41797388181217,0.9660768571428571,985.8846153846154,7.230769230769231,2.7940789010989024
1001,1968,SunshinePop,Pop,1965,1971,0.55,0.6,84,35,46,3,84,75,9,89.28571428571429,75,2,7,7064877,5.468899237411619,1236826,14.898461195251143,84105.67857142857,7067187,0,100,0.7151742005494508,35.67307692307692,8.903846153846153,2.786201090659339
1001,1968,SurfRock,Rock,1961,1966,0.8,0.25,2,2,0,0,2,2,0,100,2,0,0,46014,0.03561929379807437,4958,9.72690889115593,23007,46108,0,100,0.2922049615384612,0.8461538461538461,0.038461538461538464,0.03795621153846155
1001,1968,TeenPop,Pop,1957,1965,0.9,0.28,6,6,0,0,6,0,6,0,0,5,1,632149,0.4893445680696943,156317,19.8254585486248,105358.16666666667,204404,428155,32.31382369075454,0.34455323076923067,85.51923076923077,2.8653846153846154,0.0558748956043956
1001,1968,TexMex,Latin,1959,,0.75,0.3,49,30,16,3,49,2,47,4.081632653061225,2,36,11,421742,0.3264691660144191,25165,5.630925449813944,8606.979591836734,250398,171699,59.322383243662,0.4113796703296701,94.23076923076923,0.3269230769230769,0.19803425000000002
1001,1968,TraditionalPop,Pop,1950,1971,0.45,0.32,235,189,43,3,235,38,197,16.170212765957448,38,135,62,34872047,26.994342752928628,4131280,10.592122051536784,148391.68936170213,22772183,12104350,65.29371196385833,0.4030355302197809,838.25,116.92307692307692,3.3760456318681324
1001,1969,AcidRock,Rock,1966,1971,0.4,0.65,80,40,37,3,80,5,75,6.25,5,72,3,480559,0.3663012290553825,89404,15.685930490224804,6006.9875,167488,313135,34.848103399129876,0.7727399395604386,83.11538461538461,0.4807692307692308,0.1332843489010988
1001,1969,BaroquePop,Pop,1966,1970,0.5,0.45,60,26,31,3,60,47,13,78.33333333333333,47,1,12,6716808,5.1198188479021844,923170,12.083411758515535,111946.8,6718526,0,100,0.5850000000000015,33,6.519230769230769,2.0045247884615383
1001,1969,Blues,Blues,1945,,0.5,0.4,59,45,11,3,59,1,58,1.694915254237288,1,34,24,1739978,1.326280602234744,587018,25.226429267605102,29491.15254237288,717881,1023429,41.226490400905064,0.5098043653846183,165.05769230769232,3.0576923076923075,0.6376814175824177
1001,1969,BluesRock,Rock,1966,,0.45,0.7,101,57,41,3,101,83,18,82.17821782178218,83,6,12,5506550,4.197311948907244,1496803,21.372662494665054,54520.29702970297,5508510,0,100,0.8962362857142849,38.76923076923077,6.923076923076923,3.031015673076924
1001,1969,Boogaloo,Latin,1966,1969,0.7,0.25,14,7,4,3,14,0,14,0,0,8,6,251075,0.1913793750300799,4544,1.7776456366702005,17933.928571428572,58966,192612,23.438456462806762,0.25381479945054836,68.09615384615384,0.019230769230769232,0.09762260439560437
1001,1969,BossaNova,Jazz,1962,1967,0.45,0.2,1,1,0,0,1,1,0,100,1,0,0,45970,0.03504016676344826,14312,23.741747121860588,45970,46063,0,100,0.2521016895604404,0.75,0.038461538461538464,0.04164337087912087
1001,1969,BritishBeat,Rock,1963,1967,0.75,0.35,46,8,35,3,46,3,43,6.521739130434782,3,35,8,557123,0.42466136236137886,145100,20.662951797363515,12111.369565217392,249823,307985,44.78655738175143,0.45500000000000174,128.65384615384616,0.3269230769230769,0.19125401373626377
1001,1969,BritishBlues,Rock,1964,,0.65,0.55,78,40,35,3,78,4,74,5.128205128205129,4,72,2,811271,0.6183831005079277,55323,6.38395834727681,10400.910256410256,281473,530541,34.663564913905425,0.6999173461538482,209.80769230769232,0.46153846153846156,0.13636833241758248
1001,1969,BritishPop,Pop,1964,1968,0.8,0.3,31,3,25,3,31,1,30,3.225806451612903,1,23,7,428241,0.326422363605522,143147,25.05250372776467,13814.225806451614,132794,296436,30.937725694848915,0.38961274999999923,163.42307692307693,0.09615384615384616,0.1418629010989011
1001,1969,Bubblegum,Pop,1967,1971,0.9,0.6,63,26,34,3,63,57,6,90.47619047619048,57,1,5,6239489,4.755987276021341,1080822,14.764700570781761,99039.50793650794,6241378,0,100,0.7244297142857122,31.03846153846154,6.711538461538462,2.144562151098901
1001,1969,Childrens,NonMusic,1950,,0.3,0.35,32,21,8,3,30,3,27,10,3,20,7,418603,0.31907589575113626,160686,27.73848631684703,13081.34375,180695,238449,43.11048231633997,0.3949752499999996,94.88461538461539,0.17307692307692307,0.20261105769230767
1001,1969,Classical,Classical,1945,,0.15,0.3,37,27,7,3,34,0,34,0,0,25,9,317341,0.2418899621683584,85347,21.194324141767325,8576.783783783783,86649,231307,27.251883908465324,0.33791405769230703,99.5576923076923,0.057692307692307696,0.17323691758241763
1001,1969,Comedy,NonMusic,1955,,0.15,0.4,56,37,16,3,56,1,55,1.7857142857142858,1,46,9,606188,0.46206066151840713,84686,12.257806778081097,10824.785714285714,285590,321327,47.055857720248405,0.5000612115384632,129.75,0.5,0.21492839285714294
1001,1969,ContemporaryFolk,Folk,1961,1969,0.5,0.4,24,14,7,3,24,3,21,12.5,3,18,3,504374,0.38445397152811517,151811,23.135396267820813,21015.583333333332,157815,347338,31.241029945382884,0.5198093653846176,140.6153846153846,0.11538461538461539,0.16311312362637367
1001,1969,Country,Country,1950,,0.65,0.6,176,139,34,3,176,15,161,8.522727272727273,15,138,23,7629205,5.815284217370748,474506,5.855416117381283,43347.755681818184,2727282,4905152,35.732795069043505,0.7917648571428534,548,24.98076923076923,1.5959064807692303
1001,1969,CountryRock,Country,1968,,0.4,0.55,35,16,16,3,35,32,3,91.42857142857143,32,0,3,1532147,1.1678635280860772,553585,26.541521154203895,43775.62857142857,1533042,0,100,0.7136306153846178,12.75,2.1923076923076925,0.917026401098901
1001,1969,DooWop,RhythmAndSoul,1954,1965,0.85,0.02,1,1,0,0,1,0,1,0,0,1,0,131545,0.10026884352616493,26641,16.84156625744377,131545,18269,113677,13.845815712488442,0.02599999999999985,41.78846153846154,0,0.0411207857142857
1001,1969,EasyListening,Pop,1950,,0.35,0.55,109,71,35,3,109,9,100,8.256880733944953,9,92,8,4616034,3.518525150005376,876269,15.954491221624153,42348.935779816515,1031490,3585818,22.33964032722097,0.6857861016483532,353.38461538461536,17.98076923076923,0.5717282664835164
1001,1969,Folk,Folk,1958,1966,0.5,0.3,0,0,0,0,0,0,0,0,0,0,0,213339,0.1626154913453837,262406,55.156859241820726,0,9303,204396,4.353319388485674,0.3899999999999992,58.82692307692308,0.4230769230769231,0.014836755494505496
1001,1969,FolkRock,Folk,1965,,0.55,0.55,65,39,23,3,65,56,9,86.15384615384616,56,0,9,4486770,3.4199949756196815,1040037,18.81804448753141,69027.23076923077,4488647,0,100,0.7150000000000025,30.942307692307693,5.461538461538462,2.1010345961538457
1001,1969,Funk,RhythmAndSoul,1967,,0.7,0.7,85,24,58,3,85,70,15,82.3529411764706,70,5,10,9304021,7.091895745282242,1439994,13.402754929139618,109459.07058823529,9306584,0,100,0.8159484285714279,44.17307692307692,10.76923076923077,3.49256183516484
1001,1969,GarageRock,Rock,1963,1968,0.85,0.3,5,5,0,0,5,5,0,100,5,0,0,364708,0.27799497802835954,121675,25.016293743819173,72941.6,364982,0,100,0.38375513461538385,3.8653846153846154,0.5769230769230769,0.20326096703296706
1001,1969,Gospel,Gospel,1950,,0.5,0.5,156,118,35,3,156,17,139,10.897435897435898,17,123,16,2635520,2.008898418716623,667412,20.206652755793943,16894.358974358973,1367431,1270459,51.838059964592915,0.6453689697802206,407.63461538461536,2.173076923076923,0.9656293379120885
1001,1969,HardRock,Rock,1967,,0.4,0.65,70,35,32,3,70,58,12,82.85714285714286,58,2,10,6550549,4.993089609574489,1002033,13.267422981968286,93579.27142857143,6552386,0,100,0.8422212857142825,31.73076923076923,6.480769230769231,1.9359633434065922
1001,1969,Jazz,Jazz,1945,,0.3,0.4,113,91,19,3,113,7,106,6.1946902654867255,7,86,20,7269172,5.540852710728491,2442647,25.151282164546107,64328.95575221239,1296212,5975295,17.825905964196966,0.5197692307692332,507.65384615384613,34.51923076923077,0.7357557884615384
1001,1969,LatinPop,Latin,1958,,0.6,0.35,47,35,9,3,47,4,43,8.51063829787234,4,35,8,429113,0.3270870367710153,180921,29.657527285364424,9130.063829787234,198952,230762,46.298700996476725,0.3755042527472531,109.88461538461539,0.3076923076923077,0.18011070329670348
1001,1969,ProgressiveRock,Rock,1968,,0.25,0.4,44,8,33,3,44,35,9,79.54545454545455,35,3,6,2401313,1.8303765057915213,598010,19.938166046137745,54575.295454545456,2402413,0,100,0.5197692307692332,20.442307692307693,3.2115384615384617,0.9167134752747254
1001,1969,ProtoMetal,Rock,1968,,0.4,0.35,29,7,19,3,29,17,12,58.62068965517241,17,2,10,1612520,1.2291270330518946,365577,18.481247380689624,55604.137931034486,1613540,0,100,0.45378248076923183,15,2.326923076923077,0.5661539010989013
1001,1969,ProtoPunk,Rock,1967,,0.4,0.3,36,13,20,3,36,28,8,77.77777777777777,28,1,7,1526737,1.1637398103964913,493289,24.41993320878048,42409.36111111111,1528009,0,100,0.38958684615384526,17.096153846153847,2.1923076923076925,0.6705663021978016
1001,1969,PsychedelicRock,Rock,1966,1971,0.45,0.65,53,37,13,3,53,3,50,5.660377358490566,3,49,1,414896,0.31625027255792104,99242,19.30259969113351,7828.226415094339,189050,226179,45.529093584503975,0.8325856978021958,95.01923076923077,0.2692307692307692,0.1314978956043957
1001,1969,Reggae,Caribbean,1968,,0.8,0.2,26,11,12,3,26,3,23,11.538461538461538,3,16,7,199383,0.1519776717380162,71245,26.325805164284553,7668.576923076923,103736,95832,51.980277399182235,0.21051287912087943,28.53846153846154,0.038461538461538464,0.1293904505494506
1001,1969,RnB,RhythmAndSoul,1949,1965,0.8,0.3,7,7,0,0,7,2,5,28.571428571428573,2,5,0,413955,0.3155330048414885,48490,10.48557125712247,59136.42857142857,159053,255299,38.385961694404756,0.3580724285714275,63.82692307692308,1.4038461538461537,0.05068096978021976
1001,1969,RockAndRoll,Rock,1955,,0.85,0.35,244,211,30,3,244,18,226,7.377049180327869,18,133,93,11724153,8.936616843162547,2945434,20.078506640984507,48049.80737704918,6079108,5650908,51.825231951942776,0.45500000000000174,828.6153846153846,23.442307692307693,2.846309651098899
1001,1969,Rocksteady,Caribbean,1966,1968,0.8,0.1,0,0,0,0,0,0,0,0,0,0,0,77301,0.058921904089217186,644,0.8262236192186798,0,17613,59925,22.715313781629654,0.11464407692307649,33.61538461538461,0,0.04531993406593407
1001,1969,SingerSongwriter,Folk,1967,,0.35,0.5,45,27,15,3,45,6,39,13.333333333333334,6,39,0,787241,0.6000664764634277,64202,7.540375574172317,17494.244444444445,530839,256593,67.41394812504444,0.5965402417582436,63.21153846153846,0.5384615384615384,0.16655246428571432
1001,1969,Ska,Caribbean,1964,1967,0.8,0.08,1,1,0,0,1,0,1,0,0,1,0,19859,0.015137321552214903,1195,5.6758810677305975,19859,0,19928,0,0.08512723351648349,11.884615384615385,0,0
1001,1969,Soul,RhythmAndSoul,1961,,0.7,0.9,439,355,81,3,428,35,393,8.177570093457945,35,388,5,7586241,5.782535343652567,1039015,12.046193179657509,17280.731207289293,5152401,2438303,67.8777752366579,0.9660768571428571,1097.5384615384614,5.615384615384615,2.3135916291208796
1001,1969,SunshinePop,Pop,1965,1971,0.55,0.5,60,26,31,3,60,45,15,75,45,4,11,6222928,4.743363821556049,974008,13.533648208070767,103715.46666666666,6224963,0,100,0.6500000000000039,32.90384615384615,6.9423076923076925,2.028192695054946
1001,1969,SurfRock,Rock,1961,1966,0.8,0.2,3,3,0,0,3,2,1,66.66666666666667,2,0,1,60274,0.045943245845118136,29158,32.6035423562036,20091.333333333332,60290,0,100,0.25604486538461624,1.1923076923076923,0.11538461538461539,0.03521856318681317
1001,1969,TeenPop,Pop,1957,1965,0.9,0.25,3,3,0,0,3,0,3,0,0,2,1,368252,0.2806963561229791,90657,19.75489694035201,122750.66666666667,54259,314277,14.722849328152474,0.32500000000000195,52.19230769230769,1.1153846153846154,0.026547571428571424
1001,1969,TexMex,Latin,1959,,0.75,0.3,40,25,12,3,40,3,37,7.5,3,28,9,407827,0.310861998926187,7746,1.8639324498944831,10195.675,179628,229078,43.95041912768592,0.3592089065934065,111.57692307692308,0.038461538461538464,0.21029989285714296
1001,1969,TraditionalPop,Pop,1950,1971,0.45,0.3,232,195,34,3,230,20,210,8.695652173913043,20,128,82,27583725,21.02541492184244,6439644,18.927120356599605,118895.36637931035,13320199,14269196,48.28014169937398,0.3899999999999992,884.7115384615385,121.40384615384616,3.1905910247252747
1002,1960,AcidRock,Rock,1966,1971,0.4,0.02,0,0,0,0,0,0,0,0,0,0,0,0,0,0,0,0,0,0,0,0.019999999999999817,0,0,0
1002,1960,BaroquePop,Pop,1966,1970,0.5,0.02,0,0,0,0,0,0,0,0,0,0,0,0,0,0,0,0,0,0,0,0.019999999999999817,0,0,0
1002,1960,Blues,Blues,1945,,0.5,0.3,21,13,5,3,21,11,10,52.38095238095238,11,0,10,169434,0.11415356372840951,62072,26.812264044992354,8068.285714285715,162037,7777,95.4202833688624,0.3002322115384596,9.73076923076923,0.23076923076923078,0.2668463186813187
1002,1960,BluesRock,Rock,1966,,0.45,0.02,22,22,0,0,22,22,0,100,22,0,0,207845,0.14003238696561066,163292,43.99776901790983,9447.5,208515,0,100,0.035789829670329745,6.980769230769231,0.019230769230769232,0.2831907032967033
1002,1960,Boogaloo,Latin,1966,1969,0.7,0.02,0,0,0,0,0,0,0,0,0,0,0,0,0,0,0,0,0,0,0,0.023631664835164882,0,0,0
1002,1960,BossaNova,Jazz,1962,1967,0.45,0.05,0,0,0,0,0,0,0,0,0,0,0,0,0,0,0,0,0,0,0,0.16403656593406568,0,0,0
1002,1960,BritishBeat,Rock,1963,1967,0.75,0.01,0,0,0,0,0,0,0,0,0,0,0,0,0,0,0,0,0,0,0,0.012534181318681344,0,0,0
1002,1960,BritishBlues,Rock,1964,,0.65,0.01,0,0,0,0,0,0,0,0,0,0,0,0,0,0,0,0,0,0,0,0.012534178571428595,0,0,0
1002,1960,BritishPop,Pop,1964,1968,0.8,0.01,0,0,0,0,0,0,0,0,0,0,0,0,0,0,0,0,0,0,0,0.0125341730769231,0,0,0
1002,1960,Bubblegum,Pop,1967,1971,0.9,0.01,0,0,0,0,0,0,0,0,0,0,0,0,0,0,0,0,0,0,0,0.012534175824175847,0,0,0
1002,1960,Childrens,NonMusic,1950,,0.3,0.35,21,13,5,3,21,10,11,47.61904761904762,10,0,11,587184,0.39560623112422777,236051,28.67358652146714,27961.14285714286,584585,3012,99.48740378184368,0.4276898131868135,10.096153846153847,0.5576923076923077,0.39773758516483537
1002,1960,Classical,Classical,1945,,0.15,0.3,14,8,3,3,14,4,10,28.571428571428573,4,0,10,128397,0.08650551319119301,72264,36.0129771106493,9171.214285714286,126858,1739,98.64771339922393,0.29999999999999816,6.096153846153846,0.019230769230769232,0.1664191456043955
1002,1960,Comedy,NonMusic,1955,,0.15,0.4,19,13,3,3,17,8,9,47.05882352941177,8,0,9,555987,0.3745877299518823,184994,24.96609224797937,29262.473684210527,553561,2676,99.51891010486537,0.5236564038461532,7.019230769230769,0.5384615384615384,0.3023903214285714
1002,1960,ContemporaryFolk,Folk,1961,1969,0.5,0.1,0,0,0,0,0,0,0,0,0,0,0,0,0,0,0,0,0,0,0,0.1760244065934061,0,0,0
1002,1960,Country,Country,1950,,0.65,0.65,222,203,16,3,226,197,29,87.16814159292035,197,0,29,12114378,8.161876725173473,188269,1.5303129480997057,54569.27027027027,12102500,19010,99.84317135406397,0.8213246236263748,112.98076923076923,8.288461538461538,7.347295123626373
1002,1960,CountryRock,Country,1968,,0.4,0.01,0,0,0,0,0,0,0,0,0,0,0,0,0,0,0,0,0,0,0,0.012534175824175847,0,0,0
1002,1960,DooWop,RhythmAndSoul,1954,1965,0.85,0.75,693,649,41,3,711,635,76,89.31082981715893,635,0,76,20775901,13.99744525194841,10450392,33.46664299857815,29979.655122655124,20782790,13080,99.93710289591155,0.8545870576923081,294.21153846153845,13.134615384615385,21.417988851648364
1002,1960,EasyListening,Pop,1950,,0.35,0.8,38,21,14,3,38,9,29,23.68421052631579,9,0,29,878083,0.5915949791619923,542848,38.20368476724063,23107.447368421053,833201,45545,94.81704610888698,0.8474537280219769,22.057692307692307,1.0961538461538463,1.0008690576923078
1002,1960,Folk,Folk,1958,1966,0.5,0.4,224,211,10,3,226,78,148,34.51327433628319,78,0,148,6046928,4.074025170916722,2627319,30.28872707913436,26995.214285714286,5881684,170946,97.17567404582802,0.5529439780219783,138.03846153846155,4.961538461538462,4.755070802197801
1002,1960,FolkRock,Folk,1965,,0.55,0.02,0,0,0,0,0,0,0,0,0,0,0,0,0,0,0,0,0,0,0,0.022453826923076854,0,0,0
1002,1960,Funk,RhythmAndSoul,1967,,0.7,0.02,0,0,0,0,0,0,0,0,0,0,0,0,0,0,0,0,0,0,0,0.025401873626373618,0,0,0
1002,1960,GarageRock,Rock,1963,1968,0.85,0.1,0,0,0,0,0,0,0,0,0,0,0,0,0,0,0,0,0,0,0,0.12534148351648328,0,0,0
1002,1960,Gospel,Gospel,1950,,0.5,0.35,262,242,17,3,267,136,131,50.93632958801498,136,0,131,4825306,3.2509760495536715,2966139,38.06917715520035,18417.198473282442,4778203,54070,98.88106487361124,0.452213428571429,149.15384615384616,2.230769230769231,5.102018332417582
1002,1960,HardRock,Rock,1967,,0.4,0.01,0,0,0,0,0,0,0,0,0,0,0,0,0,0,0,0,0,0,0,0.012534181318681344,0,0,0
1002,1960,Jazz,Jazz,1945,,0.3,0.5,175,163,9,3,177,38,139,21.468926553672315,38,0,139,8561970,5.768496217026868,2290915,21.108811159429038,48925.54285714286,8091609,475094,94.45417916320899,0.6334721016483518,128.8653846153846,17.403846153846153,4.6066773269230765
1002,1960,LatinPop,Latin,1958,,0.6,0.2,17,12,2,3,16,4,12,25,4,0,12,127738,0.08606152202946028,16060,11.168444623708258,7514,124818,3199,97.50111313341196,0.21323249450549467,9.153846153846153,0.019230769230769232,0.19359981318681327
1002,1960,ProgressiveRock,Rock,1968,,0.25,0.01,0,0,0,0,0,0,0,0,0,0,0,0,0,0,0,0,0,0,0,0.009999999999999908,0,0,0
1002,1960,ProtoMetal,Rock,1968,,0.4,0.01,0,0,0,0,0,0,0,0,0,0,0,0,0,0,0,0,0,0,0,0.009999999999999908,0,0,0
1002,1960,ProtoPunk,Rock,1967,,0.4,0.01,0,0,0,0,0,0,0,0,0,0,0,0,0,0,0,0,0,0,0,0.009999999999999908,0,0,0
1002,1960,PsychedelicRock,Rock,1966,1971,0.45,0.02,0,0,0,0,0,0,0,0,0,0,0,0,0,0,0,0,0,0,0,0.019999999999999817,0,0,0
1002,1960,Reggae,Caribbean,1968,,0.8,0.01,0,0,0,0,0,0,0,0,0,0,0,0,0,0,0,0,0,0,0,0.009999999999999908,0,0,0
1002,1960,RnB,RhythmAndSoul,1949,1965,0.8,0.4,542,512,27,3,555,513,42,92.43243243243244,513,0,42,17736411,11.949635394323238,7446655,29.570088884332034,32724.005535055352,17737961,12796,99.92791293351601,0.5076700769230769,208.19230769230768,13.153846153846153,12.200433054945057
1002,1960,RockAndRoll,Rock,1955,,0.85,0.6,660,630,27,3,675,641,34,94.96296296296296,641,0,34,17427336,11.741400844531826,8219224,32.04805634751795,26405.054545454546,17430724,14060,99.91940284270645,0.7634025549450557,248.21153846153845,10.73076923076923,16.82463960989011
1002,1960,Rocksteady,Caribbean,1966,1968,0.8,0.01,0,0,0,0,0,0,0,0,0,0,0,0,0,0,0,0,0,0,0,0.009999999999999908,0,0,0
1002,1960,SingerSongwriter,Folk,1967,,0.35,0.02,0,0,0,0,0,0,0,0,0,0,0,0,0,0,0,0,0,0,0,0.027602442307692324,0,0,0
1002,1960,Ska,Caribbean,1964,1967,0.8,0.01,0,0,0,0,0,0,0,0,0,0,0,0,0,0,0,0,0,0,0,0.012534181318681344,0,0,0
1002,1960,Soul,RhythmAndSoul,1961,,0.7,0.2,540,540,0,0,556,266,290,47.84172661870504,266,0,290,10700723,7.209448309787631,5823773,35.2432715648332,19816.153703703705,10695158,24373,99.77262997793467,0.34472043956043963,324.4423076923077,5.134615384615385,10.373548997252747
1002,1960,SunshinePop,Pop,1965,1971,0.55,0.02,0,0,0,0,0,0,0,0,0,0,0,0,0,0,0,0,0,0,0,0.027602442307692324,0,0,0
1002,1960,SurfRock,Rock,1961,1966,0.8,0.05,57,57,0,0,61,60,1,98.36065573770492,60,0,1,372861,0.25120939082674376,292258,43.940708354444844,6541.421052631579,374456,0,100,0.18989311538461504,20.807692307692307,0,0.817402750000001
1002,1960,TeenPop,Pop,1957,1965,0.9,0.7,391,364,24,3,404,372,32,92.07920792079207,372,0,32,19545839,13.168709809788663,5249029,21.169820303136923,49989.358056265984,19544085,12560,99.93577630518936,0.8424082472527471,170.3653846153846,15.884615384615385,13.374422115384611
1002,1960,TexMex,Latin,1959,,0.75,0.15,7,1,3,3,7,4,3,57.142857142857146,4,0,3,47841,0.03223214137853583,152,0.31671285395786886,6834.428571428572,47791,201,99.58118019669945,0.18260690934065907,2.5576923076923075,0,0.08192820054945056
1002,1960,TraditionalPop,Pop,1950,1971,0.45,0.9,396,368,25,3,403,148,255,36.72456575682382,148,0,255,27616216,18.60600276859144,5472163,16.53802079576035,69737.9191919192,26931779,694636,97.4856093343997,0.9524334890109881,278.1923076923077,43.61538461538461,16.325127299450543
1002,1961,AcidRock,Rock,1966,1971,0.4,0.02,0,0,0,0,0,0,0,0,0,0,0,0,0,0,0,0,0,0,0,0.019999999999999817,0,0,0
1002,1961,BaroquePop,Pop,1966,1970,0.5,0.02,0,0,0,0,0,0,0,0,0,0,0,0,0,0,0,0,0,0,0,0.019999999999999817,0,0,0
1002,1961,Blues,Blues,1945,,0.5,0.3,38,20,15,3,38,23,15,60.526315789473685,23,0,15,515878,0.3424810363037812,291183,36.07942894031554,13575.736842105263,490501,26659,94.84511563152603,0.3215870000000001,31.903846153846153,0.1346153846153846,0.6948830000000004
1002,1961,BluesRock,Rock,1966,,0.45,0.035,11,11,0,0,11,11,0,100,11,0,0,149527,0.09926797017007023,111077,42.62290678577458,13593.363636363636,149978,0,100,0.05499582692307697,4.9423076923076925,0,0.20306109340659337
1002,1961,Boogaloo,Latin,1966,1969,0.7,0.035,0,0,0,0,0,0,0,0,0,0,0,0,0,0,0,0,0,0,0,0.036421274725274747,0,0,0
1002,1961,BossaNova,Jazz,1962,1967,0.45,0.275,0,0,0,0,0,0,0,0,0,0,0,0,0,0,0,0,0,0,0,0.3881164670329676,0,0,0
1002,1961,BritishBeat,Rock,1963,1967,0.75,0.015,0,0,0,0,0,0,0,0,0,0,0,0,0,0,0,0,0,0,0,0.01751363461538458,0,0,0
1002,1961,BritishBlues,Rock,1964,,0.65,0.015,0,0,0,0,0,0,0,0,0,0,0,0,0,0,0,0,0,0,0,0.01751363461538458,0,0,0
1002,1961,BritishPop,Pop,1964,1968,0.8,0.015,0,0,0,0,0,0,0,0,0,0,0,0,0,0,0,0,0,0,0,0.01751363461538458,0,0,0
1002,1961,Bubblegum,Pop,1967,1971,0.9,0.015,0,0,0,0,0,0,0,0,0,0,0,0,0,0,0,0,0,0,0,0.01751363461538458,0,0,0
1002,1961,Childrens,NonMusic,1950,,0.3,0.35,42,22,17,3,41,15,26,36.58536585365854,15,0,26,784462,0.5207885560169978,583747,42.66504605656007,18677.666666666668,773664,12100,98.4600974338351,0.4478888708791217,32.94230769230769,0.3269230769230769,0.8852728818681312
1002,1961,Classical,Classical,1945,,0.15,0.3,30,14,13,3,30,7,23,23.333333333333332,7,0,23,352076,0.23373618052657813,115842,24.7569018503242,11735.866666666667,344177,8826,97.4997379625669,0.318425725274725,27.134615384615383,0.09615384615384616,0.49729518131868083
1002,1961,Comedy,NonMusic,1955,,0.15,0.47500000000000003,64,38,23,3,64,24,40,37.5,24,0,40,2021357,1.3419382879283517,964726,32.307407396244514,31583.703125,2012958,10392,99.48639632292979,0.6639591181318666,41.59615384615385,1.2307692307692308,1.6432039010989008
1002,1961,ContemporaryFolk,Folk,1961,1969,0.5,0.25,20,8,9,3,20,8,12,40,8,0,12,317056,0.21048710634361545,143677,31.184438709621407,15852.8,316400,1035,99.67394899743255,0.3551332307692311,9.461538461538462,0.17307692307692307,0.28246035714285717
1002,1961,Country,Country,1950,,0.65,0.625,222,168,51,3,222,195,27,87.83783783783784,195,0,27,10563445,7.01285883588367,174465,1.62475751799,47583.085585585584,10516337,56457,99.4660162677907,0.8016089642857132,142.25,6.0576923076923075,7.4020774780219805
1002,1961,CountryRock,Country,1968,,0.4,0.015,0,0,0,0,0,0,0,0,0,0,0,0,0,0,0,0,0,0,0,0.01751363461538458,0,0,0
1002,1961,DooWop,RhythmAndSoul,1954,1965,0.85,0.625,473,371,99,3,473,412,61,87.10359408033827,412,0,61,16649954,11.053569836919362,8023867,32.51975849220921,35200.74841437632,16647830,25655,99.84613294701138,0.7270994065934067,259.65384615384613,11.711538461538462,15.572228280219786
1002,1961,EasyListening,Pop,1950,,0.35,0.75,102,44,55,3,102,38,64,37.254901960784316,38,0,64,4334950,2.8778861830221025,1490386,25.58454997273977,42499.509803921566,4105568,232746,94.6351047895565,0.8643148846153837,95.90384615384616,6.3076923076923075,3.5459696043956033
1002,1961,Folk,Folk,1958,1966,0.5,0.45,195,146,46,3,194,75,119,38.65979381443299,75,0,119,6599545,4.381305290656779,3226182,32.83402846425511,33843.820512820515,6071131,535928,91.88855434770599,0.6176781346153862,274.8076923076923,6.846153846153846,5.256642851648351
1002,1961,FolkRock,Folk,1965,,0.55,0.02,0,0,0,0,0,0,0,0,0,0,0,0,0,0,0,0,0,0,0,0.02310461538461534,0,0,0
1002,1961,Funk,RhythmAndSoul,1967,,0.7,0.035,0,0,0,0,0,0,0,0,0,0,0,0,0,0,0,0,0,0,0,0.039149587912087926,0,0,0
1002,1961,GarageRock,Rock,1963,1968,0.85,0.15000000000000002,0,0,0,0,0,0,0,0,0,0,0,0,0,0,0,0,0,0,0,0.17513707967032988,0,0,0
1002,1961,Gospel,Gospel,1950,,0.5,0.35,200,154,43,3,197,100,97,50.76142131979695,100,0,97,3800280,2.52292951559193,2145913,36.08885550805364,19001.4,3696496,112151,97.05535850395167,0.452213428571429,203.34615384615384,1.5192307692307692,4.338448678571424
1002,1961,HardRock,Rock,1967,,0.4,0.015,0,0,0,0,0,0,0,0,0,0,0,0,0,0,0,0,0,0,0,0.01751363461538458,0,0,0
1002,1961,Jazz,Jazz,1945,,0.3,0.475,167,118,46,3,167,39,128,23.353293413173652,39,0,128,8243642,5.472788246595853,2510662,23.345648402723224,49363.12574850299,7205031,1045762,87.32531527575591,0.6011610219780219,269.61538461538464,24.73076923076923,5.074873876373625
1002,1961,LatinPop,Latin,1958,,0.6,0.225,33,16,14,3,33,16,17,48.484848484848484,16,0,17,889409,0.5904607601369117,206258,18.82488018713715,26951.78787878788,883127,7252,99.18551538165208,0.2885269368131865,23.23076923076923,0.5384615384615384,0.5911683324175824
1002,1961,ProgressiveRock,Rock,1968,,0.25,0.01,0,0,0,0,0,0,0,0,0,0,0,0,0,0,0,0,0,0,0,0.009999999999999908,0,0,0
1002,1961,ProtoMetal,Rock,1968,,0.4,0.01,0,0,0,0,0,0,0,0,0,0,0,0,0,0,0,0,0,0,0,0.009999999999999908,0,0,0
1002,1961,ProtoPunk,Rock,1967,,0.4,0.01,0,0,0,0,0,0,0,0,0,0,0,0,0,0,0,0,0,0,0,0.009999999999999908,0,0,0
1002,1961,PsychedelicRock,Rock,1966,1971,0.45,0.02,0,0,0,0,0,0,0,0,0,0,0,0,0,0,0,0,0,0,0,0.019999999999999817,0,0,0
1002,1961,Reggae,Caribbean,1968,,0.8,0.01,0,0,0,0,0,0,0,0,0,0,0,0,0,0,0,0,0,0,0,0.009999999999999908,0,0,0
1002,1961,RnB,RhythmAndSoul,1949,1965,0.8,0.45,479,379,97,3,479,423,56,88.3089770354906,423,0,56,19985962,13.268278502452114,7523129,27.347792044455414,41724.34655532359,19961372,43554,99.78228362354352,0.5652589450549448,246.44230769230768,14.403846153846153,13.296477307692303
1002,1961,RockAndRoll,Rock,1955,,0.85,0.625,458,391,64,3,458,408,50,89.08296943231441,408,0,50,15492644,10.285254987042592,6683162,30.137177426606275,33826.73362445415,15456073,57258,99.63091098874897,0.7879371016483517,250.07692307692307,9.942307692307692,14.62012804945054
1002,1961,Rocksteady,Caribbean,1966,1968,0.8,0.01,0,0,0,0,0,0,0,0,0,0,0,0,0,0,0,0,0,0,0,0.009999999999999908,0,0,0
1002,1961,SingerSongwriter,Folk,1967,,0.35,0.035,0,0,0,0,0,0,0,0,0,0,0,0,0,0,0,0,0,0,0,0.042541096153846165,0,0,0
1002,1961,Ska,Caribbean,1964,1967,0.8,0.015,0,0,0,0,0,0,0,0,0,0,0,0,0,0,0,0,0,0,0,0.01751363461538458,0,0,0
1002,1961,Soul,RhythmAndSoul,1961,,0.7,0.375,486,437,46,3,486,267,219,54.93827160493827,267,0,219,13191616,8.757648742922825,7618684,36.61015939222404,27143.24279835391,13182000,28909,99.7811732712715,0.5526395000000001,303.25,8.403846153846153,11.90992214835165
1002,1961,SunshinePop,Pop,1965,1971,0.55,0.035,0,0,0,0,0,0,0,0,0,0,0,0,0,0,0,0,0,0,0,0.042541096153846165,0,0,0
1002,1961,SurfRock,Rock,1961,1966,0.8,0.32499999999999996,72,60,9,3,71,67,4,94.36619718309859,67,0,4,1483077,0.9845850140504206,911908,38.07572907554744,20598.291666666668,1484597,0,100,0.5597071703296697,24.134615384615383,0.6923076923076923,1.5290908104395609
1002,1961,TeenPop,Pop,1957,1965,0.9,0.725,338,252,83,3,338,278,60,82.24852071005917,278,0,60,16414761,10.897429931028057,5210515,24.094559533020526,48564.38165680473,16351216,78582,99.52171049211925,0.8638738956043959,214.78846153846155,12.48076923076923,13.081225164835157
1002,1961,TexMex,Latin,1959,,0.75,0.175,37,20,14,3,37,28,9,75.67567567567568,28,0,9,289602,0.1922609475024088,2038,0.6988067480455356,7827.081081081081,288248,2069,99.28733074535766,0.2112692527472528,16.28846153846154,0.019230769230769232,0.5138662115384617
1002,1961,TraditionalPop,Pop,1950,1971,0.45,0.825,386,298,85,3,386,165,221,42.74611398963731,165,0,221,28550411,18.95404406890558,6690323,18.98463011581995,73964.79533678756,26968876,1598119,94.40571540688826,0.9201554368131861,529.6153846153846,41.69230769230769,17.21964032967034
1002,1962,AcidRock,Rock,1966,1971,0.4,0.02,0,0,0,0,0,0,0,0,0,0,0,0,0,0,0,0,0,0,0,0.027500008241758217,0,0,0
1002,1962,BaroquePop,Pop,1966,1970,0.5,0.02,0,0,0,0,0,0,0,0,0,0,0,0,0,0,0,0,0,0,0,0.04000000000000009,0,0,0
1002,1962,Blues,Blues,1945,,0.5,0.3,40,29,8,3,40,25,15,62.5,25,0,15,655284,0.434904369541047,368399,35.98760553804254,16382.1,619724,36815,94.39256464581693,0.3508495741758244,40.59615384615385,0.23076923076923078,0.7436034065934068
1002,1962,BluesRock,Rock,1966,,0.45,0.05,2,2,0,0,2,2,0,100,2,0,0,30208,0.020048698266852155,15406,33.774718288244834,15104,30351,0,100,0.09744702197802182,0.9807692307692307,0,0.03818738736263735
1002,1962,Boogaloo,Latin,1966,1969,0.7,0.05,0,0,0,0,0,0,0,0,0,0,0,0,0,0,0,0,0,0,0,0.053508964285714306,0,0,0
1002,1962,BossaNova,Jazz,1962,1967,0.45,0.5,33,18,12,3,33,33,0,100,33,0,0,1004042,0.6663709979226289,427876,29.881320019721798,30425.515151515152,1004536,0,100,0.6334306675824183,9.846153846153847,0.7307692307692307,0.7590813873626371
1002,1962,BritishBeat,Rock,1963,1967,0.75,0.02,0,0,0,0,0,0,0,0,0,0,0,0,0,0,0,0,0,0,0,0.2525000686813185,0,0,0
1002,1962,BritishBlues,Rock,1964,,0.65,0.02,0,0,0,0,0,0,0,0,0,0,0,0,0,0,0,0,0,0,0,0.1650000659340659,0,0,0
1002,1962,BritishPop,Pop,1964,1968,0.8,0.02,0,0,0,0,0,0,0,0,0,0,0,0,0,0,0,0,0,0,0,0.2150000576923075,0,0,0
1002,1962,Bubblegum,Pop,1967,1971,0.9,0.02,0,0,0,0,0,0,0,0,0,0,0,0,0,0,0,0,0,0,0,0.02749999999999997,0,0,0
1002,1962,Childrens,NonMusic,1950,,0.3,0.35,36,23,10,3,36,15,21,41.666666666666664,15,0,21,727602,0.4829009850489328,397017,35.30235573114095,20211.166666666668,717522,11490,98.42389425688467,0.44644350549450607,33.13461538461539,0.36538461538461536,0.7706022115384619
1002,1962,Classical,Classical,1945,,0.15,0.3,36,17,16,3,36,9,27,25,9,0,27,925809,0.6144486657089555,430724,31.751826162725123,25716.916666666668,914832,12398,98.66289917280503,0.3819789917582413,32.46153846153846,0.6153846153846154,0.7946679670329672
1002,1962,Comedy,NonMusic,1955,,0.15,0.55,59,24,32,3,58,26,32,44.827586206896555,26,0,32,1903422,1.2632790437131973,927364,32.75994723726908,32261.389830508473,1882730,23313,98.77689013311871,0.6577791318681341,54.32692307692308,1.2115384615384615,1.7389194010988998
1002,1962,ContemporaryFolk,Folk,1961,1969,0.5,0.4,39,19,17,3,39,19,20,48.717948717948715,19,0,20,998438,0.6626516882997661,378690,27.498533179196123,25600.97435897436,995163,4448,99.55502690546622,0.5472208296703307,22.692307692307693,0.6346153846153846,0.8486672115384619
1002,1962,Country,Country,1950,,0.65,0.6,217,159,55,3,217,192,25,88.47926267281106,192,0,25,12182074,8.085100830590067,218874,1.7649779678134285,56138.589861751156,12113008,78786,99.35377845130914,0.7816910576923078,161.48076923076923,7.384615384615385,7.487363280219775
1002,1962,CountryRock,Country,1968,,0.4,0.02,0,0,0,0,0,0,0,0,0,0,0,0,0,0,0,0,0,0,0,0.027500010989010962,0,0,0
1002,1962,DooWop,RhythmAndSoul,1954,1965,0.85,0.5,347,275,69,3,347,302,45,87.03170028818444,302,0,45,10000173,6.636998513417695,5267044,34.499044586842516,28818.942363112394,9993769,22359,99.7767700253032,0.5525000659340671,189.40384615384616,6.115384615384615,9.617414071428577
1002,1962,EasyListening,Pop,1950,,0.35,0.7,104,58,43,3,101,39,62,38.613861386138616,39,0,62,4940730,3.279105038002663,1397659,22.050697740387974,47507.019230769234,4546724,398030,91.95045901171221,0.8007193461538457,158.92307692307693,6.923076923076923,3.569038609890112
1002,1962,Folk,Folk,1958,1966,0.5,0.5,195,159,33,3,195,79,116,40.51282051282051,79,0,116,7405926,4.915226951821879,3041796,29.114442363608067,37979.10769230769,6691059,722675,90.25221298740958,0.6801265686813187,371.96153846153845,9.23076923076923,5.832655197802196
1002,1962,FolkRock,Folk,1965,,0.55,0.02,0,0,0,0,0,0,0,0,0,0,0,0,0,0,0,0,0,0,0,0.05127190384615374,0,0,0
1002,1962,Funk,RhythmAndSoul,1967,,0.7,0.05,0,0,0,0,0,0,0,0,0,0,0,0,0,0,0,0,0,0,0,0.05751731043956044,0,0,0
1002,1962,GarageRock,Rock,1963,1968,0.85,0.2,0,0,0,0,0,0,0,0,0,0,0,0,0,0,0,0,0,0,0,0.27500010439560435,0,0,0
1002,1962,Gospel,Gospel,1950,,0.5,0.35,166,120,43,3,166,100,66,60.24096385542169,100,0,66,3021183,2.0051240193307467,1901625,38.628867914409824,18199.897590361445,2935522,92690,96.93911786889426,0.452213428571429,164.19230769230768,1.1346153846153846,3.5409761153846127
1002,1962,HardRock,Rock,1967,,0.4,0.02,0,0,0,0,0,0,0,0,0,0,0,0,0,0,0,0,0,0,0,0.027500005494505465,0,0,0
1002,1962,Jazz,Jazz,1945,,0.3,0.45,155,121,31,3,154,42,112,27.272727272727273,42,0,112,8774123,5.823283387951789,2277846,20.61031839665855,56607.245161290324,7519498,1260594,85.64258779976338,0.5687500357142848,381.0769230769231,21.903846153846153,4.6624882115384585
1002,1962,LatinPop,Latin,1958,,0.6,0.25,21,12,6,3,21,15,6,71.42857142857143,15,0,6,222650,0.14777021547651722,82691,27.081525245545144,10602.380952380952,214306,9229,95.87134005860379,0.2791661785714289,15.538461538461538,0.038461538461538464,0.35926514010988997
1002,1962,ProgressiveRock,Rock,1968,,0.25,0.01,0,0,0,0,0,0,0,0,0,0,0,0,0,0,0,0,0,0,0,0.012499999999999982,0,0,0
1002,1962,ProtoMetal,Rock,1968,,0.4,0.01,0,0,0,0,0,0,0,0,0,0,0,0,0,0,0,0,0,0,0,0.012499999999999982,0,0,0
1002,1962,ProtoPunk,Rock,1967,,0.4,0.01,0,0,0,0,0,0,0,0,0,0,0,0,0,0,0,0,0,0,0,0.012499999999999982,0,0,0
1002,1962,PsychedelicRock,Rock,1966,1971,0.45,0.02,0,0,0,0,0,0,0,0,0,0,0,0,0,0,0,0,0,0,0,0.04000000000000009,0,0,0
1002,1962,Reggae,Caribbean,1968,,0.8,0.01,0,0,0,0,0,0,0,0,0,0,0,0,0,0,0,0,0,0,0,0.012499999999999982,0,0,0
1002,1962,RnB,RhythmAndSoul,1949,1965,0.8,0.5,432,342,87,3,430,362,68,84.18604651162791,362,0,68,17848655,11.84594473530661,7548249,29.721138450576497,41316.33101851852,17800313,65448,99.63366799768563,0.6073216346153841,250.8653846153846,12.711538461538462,12.605315219780216
1002,1962,RockAndRoll,Rock,1955,,0.85,0.65,452,388,61,3,452,407,45,90.04424778761062,407,0,45,16966423,11.260417617676794,6589369,27.973455530597317,37536.33407079646,16890467,92980,99.45252574462651,0.7632342719780215,264.9230769230769,11.5,14.25195563186812
1002,1962,Rocksteady,Caribbean,1966,1968,0.8,0.01,0,0,0,0,0,0,0,0,0,0,0,0,0,0,0,0,0,0,0,0.012499999999999982,0,0,0
1002,1962,SingerSongwriter,Folk,1967,,0.35,0.05,0,0,0,0,0,0,0,0,0,0,0,0,0,0,0,0,0,0,0,0.06249999999999999,0,0,0
1002,1962,Ska,Caribbean,1964,1967,0.8,0.02,0,0,0,0,0,0,0,0,0,0,0,0,0,0,0,0,0,0,0,0.02750000274725272,0,0,0
1002,1962,Soul,RhythmAndSoul,1961,,0.7,0.55,425,354,68,3,425,238,187,56,238,0,187,13676810,9.077139729312309,6598065,32.54306130124107,32180.729411764707,13671108,24087,99.82412079565133,0.7113295439560441,287.61538461538464,9.326923076923077,13.172115771978019
1002,1962,SunshinePop,Pop,1965,1971,0.55,0.05,0,0,0,0,0,0,0,0,0,0,0,0,0,0,0,0,0,0,0,0.08750001923076915,0,0,0
1002,1962,SurfRock,Rock,1961,1966,0.8,0.6,100,62,35,3,100,93,7,93,93,0,7,2990099,1.9844939300521838,1673971,35.89077779707423,29900.99,2987394,6685,99.7767259982118,0.752484197802198,47.71153846153846,2.076923076923077,3.2728921923076912
1002,1962,TeenPop,Pop,1957,1965,0.9,0.75,312,227,82,3,311,260,51,83.60128617363344,260,0,51,14795598,9.819666312885369,4806791,24.521455012447717,47421.78846153846,14703624,105902,99.28490621509425,0.8178294313186815,227.65384615384616,11.538461538461538,11.63971679395604
1002,1962,TexMex,Latin,1959,,0.75,0.2,34,24,7,3,34,26,8,76.47058823529412,26,0,8,376904,0.250146801230457,3632,0.9544432064246221,11085.411764705883,374548,3593,99.04982532970506,0.24709802747252768,19.423076923076923,0.038461538461538464,0.5717753461538463
1002,1962,TraditionalPop,Pop,1950,1971,0.45,0.75,387,305,79,3,385,175,210,45.45454545454545,175,0,210,31226971,20.724977468443544,6318195,16.828251605013545,80689.84754521964,29184595,2057646,93.41389754979484,0.8420674423076916,720.7884615384615,46.28846153846154,16.587951923076915
1002,1963,AcidRock,Rock,1966,1971,0.4,0.035,0,0,0,0,0,0,0,0,0,0,0,0,0,0,0,0,0,0,0,0.04245891758241752,0,0,0
1002,1963,BaroquePop,Pop,1966,1970,0.5,0.06,0,0,0,0,0,0,0,0,0,0,0,0,0,0,0,0,0,0,0,0.07989042307692291,0,0,0
1002,1963,Blues,Blues,1945,,0.5,0.3,42,29,10,3,42,22,20,52.38095238095238,22,0,20,868342,0.5769725901840188,362505,29.45167027258465,20674.809523809523,819090,50707,94.17024892015033,0.3559308516483515,53.82692307692308,0.7307692307692307,0.8739987472527466
1002,1963,BluesRock,Rock,1966,,0.45,0.1,2,2,0,0,2,2,0,100,2,0,0,25029,0.016630598266254317,18320,42.26164386721724,12514.5,25135,0,100,0.1615742829670331,0.7307692307692307,0,0.030866686813186807
1002,1963,Boogaloo,Latin,1966,1969,0.7,0.07500000000000001,0,0,0,0,0,0,0,0,0,0,0,0,0,0,0,0,0,0,0,0.07485388461538461,0,0,0
1002,1963,BossaNova,Jazz,1962,1967,0.45,0.525,49,30,16,3,49,48,1,97.95918367346938,48,0,1,1207648,0.8024255357803146,733193,37.77707705061878,24645.877551020407,1209525,0,100,0.674832700549451,19.673076923076923,0.6346153846153846,1.2904238736263725
1002,1963,BritishBeat,Rock,1963,1967,0.75,0.485,0,0,0,0,0,0,0,0,0,0,0,0,0,0,0,0,0,0,0,0.687042986263736,0,0,0
1002,1963,BritishBlues,Rock,1964,,0.65,0.31,0,0,0,0,0,0,0,0,0,0,0,0,0,0,0,0,0,0,0,0.45420560714285746,0,0,0
1002,1963,BritishPop,Pop,1964,1968,0.8,0.41000000000000003,0,0,0,0,0,0,0,0,0,0,0,0,0,0,0,0,0,0,0,0.5887751236263736,0,0,0
1002,1963,Bubblegum,Pop,1967,1971,0.9,0.035,0,0,0,0,0,0,0,0,0,0,0,0,0,0,0,0,0,0,0,0.04245891758241752,0,0,0
1002,1963,Childrens,NonMusic,1950,,0.3,0.35,39,24,12,3,38,12,26,31.57894736842105,12,0,26,1121109,0.7449244233362144,451921,28.729331290566613,28746.384615384617,1110913,11646,98.96254896179177,0.44978129395604477,33.38461538461539,0.8269230769230769,0.882970134615385
1002,1963,Classical,Classical,1945,,0.15,0.3,29,17,9,3,29,5,24,17.24137931034483,5,0,24,493004,0.32757806814720697,264889,34.9507120398262,17000.137931034482,475872,18130,96.32997437257339,0.35274504120879113,30.826923076923077,0.23076923076923078,0.5461867417582417
1002,1963,Comedy,NonMusic,1955,,0.15,0.47500000000000003,68,48,17,3,68,25,43,36.76470588235294,25,0,43,2133679,1.4177297645987952,967019,31.187139153829236,31377.632352941175,2112307,23741,98.88855493884033,0.5662223736263736,61.21153846153846,1.3461538461538463,1.676953659340661
1002,1963,ContemporaryFolk,Folk,1961,1969,0.5,0.47500000000000003,60,23,34,3,60,27,33,45,27,0,33,2228169,1.4805139441576418,705591,24.05074034685864,37136.15,2212736,17625,99.20976918086355,0.6550489395604395,48.51923076923077,1.6153846153846154,1.7519797087912101
1002,1963,Country,Country,1950,,0.65,0.575,157,125,29,3,156,129,27,82.6923076923077,129,0,27,11627099,7.725662730071809,270464,2.273272265925383,74057.95541401274,11522692,112451,99.0335228368057,0.7607392197802217,144.80769230769232,9.942307692307692,6.308550881868133
1002,1963,CountryRock,Country,1968,,0.4,0.035,0,0,0,0,0,0,0,0,0,0,0,0,0,0,0,0,0,0,0,0.042458909340659275,0,0,0
1002,1963,DooWop,RhythmAndSoul,1954,1965,0.85,0.35,259,207,49,3,259,206,53,79.53667953667954,206,0,53,6016838,3.9979070522646967,2838575,32.05468790670746,23231.03474903475,6002159,24705,99.59008532463982,0.3580342335164824,138.65384615384616,3.4423076923076925,5.730056310439561
1002,1963,EasyListening,Pop,1950,,0.35,0.625,68,41,24,3,67,23,44,34.32835820895522,23,0,44,4009599,2.6641907458458207,1085266,21.301172847563183,58964.69117647059,3452234,560977,86.02174169262469,0.7242971648351649,194.90384615384616,10.403846153846153,2.6277334093406632
1002,1963,Folk,Folk,1958,1966,0.5,0.55,204,164,37,3,204,84,120,41.1764705882353,84,0,120,8586407,5.7052653069460995,3435143,28.574875951936313,42090.23039215686,7793802,800693,90.68365273352303,0.7359305741758242,436.0769230769231,13.326923076923077,6.340195651098902
1002,1963,FolkRock,Folk,1965,,0.55,0.06,0,0,0,0,0,0,0,0,0,0,0,0,0,0,0,0,0,0,0,0.10306055769230768,0,0,0
1002,1963,Funk,RhythmAndSoul,1967,,0.7,0.07500000000000001,0,0,0,0,0,0,0,0,0,0,0,0,0,0,0,0,0,0,0,0.08046123076923078,0,0,0
1002,1963,GarageRock,Rock,1963,1968,0.85,0.35,16,3,10,3,16,13,3,81.25,13,0,3,248172,0.16489867085911808,185285,42.74587790715111,15510.75,248550,0,100,0.45280830219780294,5.269230769230769,0.09615384615384616,0.24269106318681322
1002,1963,Gospel,Gospel,1950,,0.5,0.35,175,136,36,3,175,92,83,52.57142857142857,92,0,83,3901875,2.5926131931016445,1989829,33.7734040949783,22296.428571428572,3824291,84385,97.84108480723395,0.452213428571429,159.6153846153846,1.9615384615384615,4.050103164835164
1002,1963,HardRock,Rock,1967,,0.4,0.035,0,0,0,0,0,0,0,0,0,0,0,0,0,0,0,0,0,0,0,0.042458912087912026,0,0,0
1002,1963,Jazz,Jazz,1945,,0.3,0.42500000000000004,145,115,27,3,145,36,109,24.82758620689655,36,0,109,8923511,5.929255126673112,2396926,21.173440565942816,61541.45517241379,7493252,1436704,83.91141008981455,0.5363390851648345,435.4807692307692,33.57692307692308,4.265268711538459
1002,1963,LatinPop,Latin,1958,,0.6,0.275,31,15,13,3,31,15,16,48.38709677419355,15,0,16,647733,0.4303882419112113,261759,28.780791914607274,20894.612903225807,642056,6717,98.96466098311735,0.3389508956043961,22.057692307692307,0.4807692307692308,0.5623665027472525
1002,1963,ProgressiveRock,Rock,1968,,0.25,0.015,0,0,0,0,0,0,0,0,0,0,0,0,0,0,0,0,0,0,0,0.017486368131868137,0,0,0
1002,1963,ProtoMetal,Rock,1968,,0.4,0.015,0,0,0,0,0,0,0,0,0,0,0,0,0,0,0,0,0,0,0,0.017486368131868137,0,0,0
1002,1963,ProtoPunk,Rock,1967,,0.4,0.015,0,0,0,0,0,0,0,0,0,0,0,0,0,0,0,0,0,0,0,0.01748636538461539,0,0,0
1002,1963,PsychedelicRock,Rock,1966,1971,0.45,0.06,0,0,0,0,0,0,0,0,0,0,0,0,0,0,0,0,0,0,0,0.07989042307692291,0,0,0
1002,1963,Reggae,Caribbean,1968,,0.8,0.015,0,0,0,0,0,0,0,0,0,0,0,0,0,0,0,0,0,0,0,0.01748636538461539,0,0,0
1002,1963,RnB,RhythmAndSoul,1949,1965,0.8,0.525,424,355,66,3,424,372,52,87.73584905660377,372,0,52,17598203,11.693181681289365,6854929,28.032928460861374,41505.19575471698,17540655,73610,99.5821000762734,0.6353889560439564,253.84615384615384,12.461538461538462,12.167366590659343
1002,1963,RockAndRoll,Rock,1955,,0.85,0.575,389,337,49,3,388,344,44,88.65979381443299,344,0,44,13894648,9.232342839866316,6117844,30.57012589936326,35718.88946015424,13798159,113963,99.18083668328958,0.6894135604395599,255.69230769230768,8.576923076923077,12.15086517307691
1002,1963,Rocksteady,Caribbean,1966,1968,0.8,0.015,0,0,0,0,0,0,0,0,0,0,0,0,0,0,0,0,0,0,0,0.017486368131868137,0,0,0
1002,1963,SingerSongwriter,Folk,1967,,0.35,0.07500000000000001,0,0,0,0,0,0,0,0,0,0,0,0,0,0,0,0,0,0,0,0.08743151923076922,0,0,0
1002,1963,Ska,Caribbean,1964,1967,0.8,0.035,0,0,0,0,0,0,0,0,0,0,0,0,0,0,0,0,0,0,0,0.04245891483516477,0,0,0
1002,1963,Soul,RhythmAndSoul,1961,,0.7,0.65,463,360,100,3,457,219,238,47.921225382932164,219,0,238,15185913,10.090327955942662,6054299,28.50394807735441,32798.94816414687,15176193,26243,99.8273763494219,0.8089790439560446,291.59615384615387,10.173076923076923,14.308403384615394
1002,1963,SunshinePop,Pop,1965,1971,0.55,0.125,0,0,0,0,0,0,0,0,0,0,0,0,0,0,0,0,0,0,0,0.1622945714285714,0,0,0
1002,1963,SurfRock,Rock,1961,1966,0.8,0.625,103,59,41,3,103,82,21,79.6116504854369,82,0,21,3921038,2.6053461091021335,1452324,27.02821808767025,38068.330097087375,3913890,10675,99.72799533196672,0.7764199532967028,55.30769230769231,2.6346153846153846,3.1781897252747253
1002,1963,TeenPop,Pop,1957,1965,0.9,0.625,284,219,62,3,283,234,49,82.68551236749117,234,0,49,14411359,9.575673099195674,4226321,22.67621828467921,50744.221830985916,14321551,101833,99.29397289845434,0.6988725961538459,219.03846153846155,11.173076923076923,9.492585629120876
1002,1963,TexMex,Latin,1959,,0.75,0.225,40,18,19,3,40,32,8,80,32,0,8,562310,0.3736286591992275,8412,1.473922505177652,14057.75,561658,1967,99.65100909292526,0.2974529945054943,19.03846153846154,0.19230769230769232,0.6585377747252745
1002,1963,TraditionalPop,Pop,1950,1971,0.45,0.625,389,296,90,3,389,164,225,42.159383033419026,164,0,225,32888012,21.852543663260665,6246890,15.962452135436546,84545.01799485862,30385047,2520659,92.33975104500114,0.7126584505494505,844.9615384615385,66.5576923076923,15.086710357142854
1002,1964,AcidRock,Rock,1966,1971,0.4,0.05,0,0,0,0,0,0,0,0,0,0,0,0,0,0,0,0,0,0,0,0.11164644230769231,0,0,0
1002,1964,BaroquePop,Pop,1966,1970,0.5,0.1,0,0,0,0,0,0,0,0,0,0,0,0,0,0,0,0,0,0,0,0.19863429120879184,0,0,0
1002,1964,Blues,Blues,1945,,0.5,0.3,28,22,3,3,28,18,10,64.28571428571429,18,0,10,754591,0.46982162018865886,308305,29.00613042103837,26949.678571428572,667135,88864,88.24548709720516,0.35359775549450495,51.78846153846154,0.9230769230769231,0.5686793241758243
1002,1964,BluesRock,Rock,1966,,0.45,0.15,0,0,0,0,0,0,0,0,0,0,0,0,0,0,0,0,0,0,0,0.2899513846153847,0,0,0
1002,1964,Boogaloo,Latin,1966,1969,0.7,0.1,0,0,0,0,0,0,0,0,0,0,0,0,0,0,0,0,0,0,0,0.13839248901098922,0,0,0
1002,1964,BossaNova,Jazz,1962,1967,0.45,0.55,51,30,18,3,51,51,0,100,51,0,0,1836669,1.1435424028782266,842203,31.43871749004805,36013.117647058825,1838660,0,100,0.6572691236263746,21.403846153846153,1,1.5126987719780203
1002,1964,BritishBeat,Rock,1963,1967,0.75,0.95,129,37,89,3,127,82,45,64.56692913385827,82,0,45,5995025,3.732607940687756,1621027,21.28434784846532,46473.06201550388,5989218,8074,99.86537257148727,0.948640054945055,52.86538461538461,4.326923076923077,3.984636252747256
1002,1964,BritishBlues,Rock,1964,,0.65,0.6,0,0,0,0,0,0,0,0,0,0,0,0,0,0,0,0,0,0,0,0.6246586620879123,0,0,0
1002,1964,BritishPop,Pop,1964,1968,0.8,0.8,112,28,81,3,111,67,44,60.36036036036036,67,0,44,6132016,3.8179009452044608,1497886,19.63178557208205,54750.142857142855,6113426,20591,99.66431459188979,0.8770877032967034,51.57692307692308,4.269230769230769,3.3798791291208796
1002,1964,Bubblegum,Pop,1967,1971,0.9,0.05,0,0,0,0,0,0,0,0,0,0,0,0,0,0,0,0,0,0,0,0.08698784340659331,0,0,0
1002,1964,Childrens,NonMusic,1950,,0.3,0.35,35,23,9,3,35,8,27,22.857142857142858,8,0,27,660854,0.41145931635568933,448287,40.41749425907076,18881.542857142857,641118,21016,96.82602011073287,0.45238989010989117,37.57692307692308,0.25,0.6870594230769237
1002,1964,Classical,Classical,1945,,0.15,0.3,33,26,4,3,33,11,22,33.333333333333336,11,0,22,859982,0.5354399092661896,308651,26.411285664532834,26060.060606060608,832626,28479,96.69273781942968,0.3559308681318681,42.59615384615385,0.4230769230769231,0.6891503131868132
1002,1964,Comedy,NonMusic,1955,,0.15,0.4,50,31,16,3,49,15,34,30.612244897959183,15,0,34,2144406,1.3351448682296518,754981,26.03933176219663,42888.12,2105075,41672,98.05883040712297,0.49918631868131885,65.57692307692308,1.4423076923076923,1.3308698928571432
1002,1964,ContemporaryFolk,Folk,1961,1969,0.5,0.55,43,26,14,3,43,19,24,44.18604651162791,19,0,24,1625745,1.0122174130272044,829242,33.77785707215558,37808.023255813954,1603026,24401,98.50063935279432,0.6731923763736261,42.34615384615385,1.0576923076923077,1.3457622252747248
1002,1964,Country,Country,1950,,0.65,0.55,162,131,28,3,162,158,4,97.53086419753086,158,0,4,13419538,8.355240236556327,240045,1.757337687394996,82836.65432098765,13272299,153771,98.85468346284505,0.7500914285714272,141.75,11.942307692307692,5.953056450549451
1002,1964,CountryRock,Country,1968,,0.4,0.05,0,0,0,0,0,0,0,0,0,0,0,0,0,0,0,0,0,0,0,0.06232929395604411,0,0,0
1002,1964,DooWop,RhythmAndSoul,1954,1965,0.85,0.2,294,260,31,3,293,246,47,83.95904436860069,246,0,47,6504578,4.049864594997166,3161654,32.70823626000286,22124.414965986394,6465594,49704,99.2371185477625,0.2279439780219783,172.32692307692307,2.923076923076923,5.742422997252746
1002,1964,EasyListening,Pop,1950,,0.35,0.55,63,33,27,3,63,32,31,50.79365079365079,32,0,31,4734905,2.9480350793202965,1005765,17.519993310885315,75157.22222222222,4156517,580970,87.73674735149669,0.6985689065934068,189.67307692307693,15.73076923076923,2.1218412362637356
1002,1964,Folk,Folk,1958,1966,0.5,0.6,169,132,34,3,167,95,72,56.88622754491018,95,0,72,9226157,5.74436751810575,3225674,25.90521827673376,54592.6449704142,8203509,1030602,88.83918549387158,0.7227637087912091,426.88461538461536,20.596153846153847,5.508291145604392
1002,1964,FolkRock,Folk,1965,,0.55,0.1,0,0,0,0,0,0,0,0,0,0,0,0,0,0,0,0,0,0,0,0.3340254258241758,0,0,0
1002,1964,Funk,RhythmAndSoul,1967,,0.7,0.1,0,0,0,0,0,0,0,0,0,0,0,0,0,0,0,0,0,0,0,0.12606682417582427,0,0,0
1002,1964,GarageRock,Rock,1963,1968,0.85,0.5,28,8,17,3,28,24,4,85.71428571428571,24,0,4,1039665,0.6473137033882488,452297,30.31558444518024,37130.892857142855,1040376,0,100,0.666385005494505,11.384615384615385,0.8269230769230769,0.7651138406593408
1002,1964,Gospel,Gospel,1950,,0.5,0.35,116,98,15,3,116,59,57,50.86206896551724,59,0,57,2787943,1.7358223160011583,1414824,33.664107479667564,24033.991379310344,2661769,131077,95.306687157115,0.46814361813186833,152.42307692307693,1.3653846153846154,2.6270147829670325
1002,1964,HardRock,Rock,1967,,0.4,0.05,0,0,0,0,0,0,0,0,0,0,0,0,0,0,0,0,0,0,0,0.07465856868131877,0,0,0
1002,1964,Jazz,Jazz,1945,,0.3,0.4,137,115,19,3,136,58,78,42.64705882352941,58,0,78,10423799,6.490040478485593,2794681,21.142226640279368,76086.12408759125,8800175,1629420,84.37695806980041,0.5200000000000025,422.9423076923077,49.53846153846154,4.184918620879122
1002,1964,LatinPop,Latin,1958,,0.6,0.3,28,14,11,3,28,18,10,64.28571428571429,18,0,10,1189451,0.7405730998050871,427815,26.452976813956393,42480.392857142855,1175764,14582,98.77497803159754,0.3947141181318683,21.865384615384617,0.5961538461538461,0.5972659807692307
1002,1964,ProgressiveRock,Rock,1968,,0.25,0.02,0,0,0,0,0,0,0,0,0,0,0,0,0,0,0,0,0,0,0,0.02739759340659344,0,0,0
1002,1964,ProtoMetal,Rock,1968,,0.4,0.02,0,0,0,0,0,0,0,0,0,0,0,0,0,0,0,0,0,0,0,0.02739759340659344,0,0,0
1002,1964,ProtoPunk,Rock,1967,,0.4,0.02,0,0,0,0,0,0,0,0,0,0,0,0,0,0,0,0,0,0,0,0.027397596153846186,0,0,0
1002,1964,PsychedelicRock,Rock,1966,1971,0.45,0.1,0,0,0,0,0,0,0,0,0,0,0,0,0,0,0,0,0,0,0,0.19863429120879184,0,0,0
1002,1964,Reggae,Caribbean,1968,,0.8,0.02,0,0,0,0,0,0,0,0,0,0,0,0,0,0,0,0,0,0,0,0.022465846153846145,0,0,0
1002,1964,RnB,RhythmAndSoul,1949,1965,0.8,0.55,353,296,54,3,352,298,54,84.6590909090909,298,0,54,16722566,10.411763527303904,5909957,26.112674225493993,47372.70821529745,16637949,98954,99.40876755992431,0.6217782087912087,247.6153846153846,11.134615384615385,10.62925281593406
1002,1964,RockAndRoll,Rock,1955,,0.85,0.5,320,284,33,3,318,279,39,87.73584905660377,279,0,39,11644620,7.2501450916871,4886536,29.559554092889815,36389.4375,11487136,169909,98.54243506823556,0.6179439642857143,236.6153846153846,6.903846153846154,8.845921986263741
1002,1964,Rocksteady,Caribbean,1966,1968,0.8,0.02,0,0,0,0,0,0,0,0,0,0,0,0,0,0,0,0,0,0,0,0.03479513461538463,0,0,0
1002,1964,SingerSongwriter,Folk,1967,,0.35,0.1,0,0,0,0,0,0,0,0,0,0,0,0,0,0,0,0,0,0,0,0.12465863736263763,0,0,0
1002,1964,Ska,Caribbean,1964,1967,0.8,0.05,9,2,4,3,9,5,4,55.55555555555556,5,0,4,217701,0.13554446917163235,13950,6.0219899763005555,24189,210380,7564,96.52938369489411,0.06955637637362627,6.1923076923076925,0.11538461538461539,0.15916146703296705
1002,1964,Soul,RhythmAndSoul,1961,,0.7,0.75,430,333,94,3,429,228,201,53.14685314685315,228,0,201,18160617,11.307119356798188,7543819,29.348315598132555,42233.99302325581,18122630,56195,99.69087661056201,0.874623697802198,324.63461538461536,12.23076923076923,16.198126730769218
1002,1964,SunshinePop,Pop,1965,1971,0.55,0.2,0,0,0,0,0,0,0,0,0,0,0,0,0,0,0,0,0,0,0,0.286305041208791,0,0,0
1002,1964,SurfRock,Rock,1961,1966,0.8,0.65,92,67,22,3,91,77,14,84.61538461538461,77,0,14,3208877,1.997903223237652,1707820,34.73510773594549,34879.09782608696,3190183,22248,99.30744037770772,0.727291370879121,60.76923076923077,2.1153846153846154,2.8774734862637352
1002,1964,TeenPop,Pop,1957,1965,0.9,0.5,255,200,52,3,254,203,51,79.92125984251969,203,0,51,12016373,7.48160504385986,4150885,25.674638210140518,47123.03137254902,11859409,168035,98.60290349304474,0.5993446565934057,236.76923076923077,7.75,7.695594813186811
1002,1964,TexMex,Latin,1959,,0.75,0.25,28,18,7,3,28,19,9,67.85714285714286,19,0,9,1134327,0.7062519284801182,24581,2.1210484352511156,40511.67857142857,1128694,7059,99.37847401679767,0.3632360082417582,17.96153846153846,0.6346153846153846,0.6312897994505499
1002,1964,TraditionalPop,Pop,1950,1971,0.45,0.5,291,242,46,3,291,198,93,68.04123711340206,198,0,93,28171829,17.540275916964085,5561968,16.48782080475554,96810.4089347079,25166968,3019166,89.28847070690858,0.6175791868131867,796.3846153846154,91.90384615384616,10.560527054945052
1002,1965,AcidRock,Rock,1966,1971,0.4,0.175,0,0,0,0,0,0,0,0,0,0,0,0,0,0,0,0,0,0,0,0.23732848787061994,0,0,0
1002,1965,BaroquePop,Pop,1966,1970,0.5,0.30000000000000004,0,0,0,0,0,0,0,0,0,0,0,0,0,0,0,0,0,0,0,0.39972567385444685,0,0,0
1002,1965,Blues,Blues,1945,,0.5,0.32499999999999996,43,23,17,3,43,17,26,39.53488372093023,17,0,26,1332941,0.7830530237776556,563251,29.7043231909005,30998.627906976744,1185346,148695,88.85379085050609,0.4234120566037746,62.20754716981132,2.2830188679245285,0.8178365336927215
1002,1965,BluesRock,Rock,1966,,0.45,0.30000000000000004,0,0,0,0,0,0,0,0,0,0,0,0,0,0,0,0,0,0,0,0.47434315094339546,0,0,0
1002,1965,Boogaloo,Latin,1966,1969,0.7,0.22499999999999998,0,0,0,0,0,0,0,0,0,0,0,0,0,0,0,0,0,0,0,0.24599426954177936,0,0,0
1002,1965,BossaNova,Jazz,1962,1967,0.45,0.47500000000000003,60,33,24,3,60,60,0,100,60,0,0,1894942,1.1132076085762823,881879,31.758582926303134,31582.366666666665,1896932,0,100,0.5625532345013499,22.528301886792452,1.1132075471698113,1.4330133288409692
1002,1965,BritishBeat,Rock,1963,1967,0.75,0.825,157,59,95,3,153,32,121,20.915032679738562,32,1,120,6611758,3.8841607350858776,2677959,28.827132193585662,42113.108280254775,6544963,72988,98.89712087623495,0.8845633773584899,146.16981132075472,3.9245283018867925,5.70020023180593
1002,1965,BritishBlues,Rock,1964,,0.65,0.6499999999999999,122,32,87,3,120,27,93,22.5,27,1,92,4576785,2.6886901471484617,1535754,25.1246495114387,37514.63114754098,4541003,38155,99.16676821371964,0.847962835579515,66.58490566037736,2.9245283018867925,3.1539451644204877
1002,1965,BritishPop,Pop,1964,1968,0.8,0.775,183,59,121,3,183,41,142,22.404371584699454,41,0,142,9800341,5.757334086131444,2801165,22.22881138175072,53553.77595628415,9695564,110667,98.87146244056457,0.8669726415094341,157.9433962264151,5.830188679245283,6.3830648490566
1002,1965,Bubblegum,Pop,1967,1971,0.9,0.125,0,0,0,0,0,0,0,0,0,0,0,0,0,0,0,0,0,0,0,0.16239711320754713,0,0,0
1002,1965,Childrens,NonMusic,1950,,0.3,0.35,35,19,13,3,35,2,33,5.714285714285714,2,0,33,917858,0.5392072734641004,620946,40.35250753182341,26224.514285714286,872578,46673,94.92271425323443,0.4435931994609167,54.83018867924528,0.39622641509433965,0.7870157115902963
1002,1965,Classical,Classical,1945,,0.15,0.3,36,20,13,3,36,1,35,2.7777777777777777,1,1,34,767808,0.4510585060259038,221046,22.353754952702825,21328,708572,60609,92.12032018471595,0.34154768733153557,56.9811320754717,0.3018867924528302,0.6679950323450133
1002,1965,Comedy,NonMusic,1955,,0.15,0.375,51,25,23,3,49,1,48,2.0408163265306123,1,0,48,1711574,1.005485761274668,693793,28.843540299671528,33560.27450980392,1614506,99176,94.21269523750614,0.46306114824797895,93.0754716981132,0.8113207547169812,1.226168873315363
1002,1965,ContemporaryFolk,Folk,1961,1969,0.5,0.5,60,29,28,3,60,16,44,26.666666666666668,16,0,44,2497599,1.4672460740078135,1079134,30.170940911720276,41626.65,2442666,56931,97.72239284972737,0.6147304420485187,66.79245283018868,1.6415094339622642,1.632246628032343
1002,1965,Country,Country,1950,,0.65,0.55,191,132,56,3,191,131,60,68.58638743455498,131,0,60,14075917,8.26907520234827,318663,2.213770738708597,73695.90052356021,13853280,230089,98.36623609024232,0.7500914285714274,173.9245283018868,11.566037735849056,6.509085862533693
1002,1965,CountryRock,Country,1968,,0.4,0.07500000000000001,0,0,0,0,0,0,0,0,0,0,0,0,0,0,0,0,0,0,0,0.08746570889487873,0,0,0
1002,1965,DooWop,RhythmAndSoul,1954,1965,0.85,0.15000000000000002,124,98,23,3,124,101,23,81.45161290322581,101,1,22,2259149,1.327165610191499,1074636,32.23471219649738,18218.9435483871,2160097,105737,95.33341807034408,0.16253258760107822,127.9245283018868,0.4528301886792453,2.5131295229110506
1002,1965,EasyListening,Pop,1950,,0.35,0.575,98,44,51,3,97,25,72,25.77319587628866,25,0,72,5057593,2.971146878734096,1917897,27.494799648483475,51608.0918367347,4433862,627241,87.6066343640902,0.7242021293800535,205.03773584905662,11.773584905660377,2.945858902964959
1002,1965,Folk,Folk,1958,1966,0.5,0.525,183,127,53,3,175,69,106,39.42857142857143,69,0,106,11676067,6.859253012834402,3645635,23.793929682224597,63803.64480874317,10275719,1407418,87.95342381074535,0.633726819407009,421.5660377358491,22.11320754716981,5.469512644204849
1002,1965,FolkRock,Folk,1965,,0.55,0.42500000000000004,27,1,23,3,27,21,6,77.77777777777777,21,1,5,1091432,0.641175511780112,461631,29.72390688594088,40423.40740740741,1092012,0,100,0.7508479029649605,10.69811320754717,0.8301886792452831,0.6885751132075473
1002,1965,Funk,RhythmAndSoul,1967,,0.7,0.175,0,0,0,0,0,0,0,0,0,0,0,0,0,0,0,0,0,0,0,0.19546416172506736,0,0,0
1002,1965,GarageRock,Rock,1963,1968,0.85,0.575,52,21,28,3,52,13,39,25,13,0,39,1818766,1.068457055371537,738390,28.875438182105434,34976.269230769234,1808783,11548,99.36560988084035,0.771544385444744,35.77358490566038,1.2452830188679245,1.479272938005391
1002,1965,Gospel,Gospel,1950,,0.5,0.375,136,83,50,3,135,26,109,19.25925925925926,26,0,109,4018926,2.360968832557959,2009852,33.337634923694324,29550.926470588234,3792788,230734,94.26537247714813,0.5006207789757413,202.1509433962264,2.2830188679245285,3.191851110512126
1002,1965,HardRock,Rock,1967,,0.4,0.1,0,0,0,0,0,0,0,0,0,0,0,0,0,0,0,0,0,0,0,0.12493141509433969,0,0,0
1002,1965,Jazz,Jazz,1945,,0.3,0.4,151,113,35,3,150,29,121,19.333333333333332,29,0,121,12131067,7.126548508898243,2831330,18.922970697809983,80338.19205298013,9924756,2212657,81.76994553946545,0.5200000000000026,413.0943396226415,48.15094339622642,4.398869229110514
1002,1965,LatinPop,Latin,1958,,0.6,0.32499999999999996,33,15,15,3,31,9,22,29.032258064516128,9,0,22,830573,0.48793059791699617,362921,30.408280225958404,25168.878787878788,804440,27224,96.72656265030108,0.392371668463612,32.58490566037736,0.3584905660377358,0.6629176819407007
1002,1965,ProgressiveRock,Rock,1968,,0.25,0.035,0,0,0,0,0,0,0,0,0,0,0,0,0,0,0,0,0,0,0,0.04247942318059301,0,0,0
1002,1965,ProtoMetal,Rock,1968,,0.4,0.035,0,0,0,0,0,0,0,0,0,0,0,0,0,0,0,0,0,0,0,0.04247941509433965,0,0,0
1002,1965,ProtoPunk,Rock,1967,,0.4,0.035,0,0,0,0,0,0,0,0,0,0,0,0,0,0,0,0,0,0,0,0.04247941509433965,0,0,0
1002,1965,PsychedelicRock,Rock,1966,1971,0.45,0.30000000000000004,0,0,0,0,0,0,0,0,0,0,0,0,0,0,0,0,0,0,0,0.39972567115902896,0,0,0
1002,1965,Reggae,Caribbean,1968,,0.8,0.025,0,0,0,0,0,0,0,0,0,0,0,0,0,0,0,0,0,0,0,0.027493132075471678,0,0,0
1002,1965,RnB,RhythmAndSoul,1949,1965,0.8,0.5,155,112,40,3,155,98,57,63.225806451612904,98,4,53,8415197,4.94361375074715,3010404,26.34788314417771,54291.5935483871,8190775,233126,97.23256481765395,0.5651817601078168,214.41509433962264,5.415094339622642,5.260221628032347
1002,1965,RockAndRoll,Rock,1955,,0.85,0.45,284,234,47,3,284,216,68,76.05633802816901,216,2,66,12612338,7.409277235680971,4424134,25.96860429788515,44409.640845070426,12205676,417056,96.69599259494696,0.5525892884097026,261.54716981132077,12.018867924528301,7.324367043126689
1002,1965,Rocksteady,Caribbean,1966,1968,0.8,0.05,0,0,0,0,0,0,0,0,0,0,0,0,0,0,0,0,0,0,0,0.06495881940700803,0,0,0
1002,1965,SingerSongwriter,Folk,1967,,0.35,0.15000000000000002,0,0,0,0,0,0,0,0,0,0,0,0,0,0,0,0,0,0,0,0.17493141509433965,0,0,0
1002,1965,Ska,Caribbean,1964,1967,0.8,0.07500000000000001,18,10,5,3,18,3,15,16.666666666666668,3,0,15,115600,0.06791067987907716,5745,4.73443487576744,6422.222222222223,101303,14609,87.39647318655531,0.08864620754716986,14.81132075471698,0.018867924528301886,0.22031461994609167
1002,1965,Soul,RhythmAndSoul,1961,,0.7,0.8,478,342,133,3,478,125,353,26.15062761506276,125,1,352,20902207,12.279265470096936,8269640,28.348016496864254,43728.46652719665,20747963,172470,99.17559067730578,0.9137910700808624,429.2830188679245,14.018867924528301,17.37293644204853
1002,1965,SunshinePop,Pop,1965,1971,0.55,0.375,34,2,29,3,33,28,5,84.84848484848484,28,0,5,1599513,0.9396541116386017,536612,25.12081455907309,47044.5,1600282,0,100,0.5813650781671165,13.150943396226415,1.2264150943396226,0.791442692722372
1002,1965,SurfRock,Rock,1961,1966,0.8,0.525,92,61,28,3,91,33,58,36.26373626373626,33,1,57,2602019,1.5285889216978934,1332818,33.87225442883657,28282.815217391304,2554256,50876,98.04708552196203,0.5961943665768182,82.24528301886792,1.6037735849056605,2.338558935309972
1002,1965,TeenPop,Pop,1957,1965,0.9,0.425,105,77,25,3,105,72,33,68.57142857142857,72,0,33,5674749,3.333702964819319,2418513,29.883043450218217,54045.22857142857,5371801,309205,94.55721398639606,0.5038838894878731,200.79245283018867,4.283018867924528,3.3149985444743946
1002,1965,TexMex,Latin,1959,,0.75,0.275,33,17,13,3,33,8,25,24.242424242424242,8,0,25,629248,0.36965968419160505,11842,1.8471665444789342,19068.121212121212,611252,19371,96.92827568927869,0.3707600700808625,27.07547169811321,0.2830188679245283,0.5614788221024261
1002,1965,TraditionalPop,Pop,1950,1971,0.45,0.45,271,223,45,3,269,100,169,37.174721189591075,100,0,169,34601627,20.327162755123123,5357796,13.408091503223158,127681.28044280443,30556318,4057674,88.27735905179617,0.5525892991913739,745.0754716981132,93.13207547169812,9.463235832884092
1002,1966,AcidRock,Rock,1966,1971,0.4,0.3,21,2,16,3,21,15,6,71.42857142857143,15,4,2,728076,0.49040674919462973,283519,28.026927772478118,34670.28571428572,728570,0,100,0.5812184505494498,8.75,0.7115384615384616,0.35930311263736253
1002,1966,BaroquePop,Pop,1966,1970,0.5,0.5,46,10,33,3,46,37,9,80.43478260869566,37,2,7,1780104,1.1990163332788846,543926,23.40443109598413,38697.913043478264,1780985,0,100,0.7378055521978023,16.673076923076923,1.75,1.0610948818681316
1002,1966,Blues,Blues,1945,,0.5,0.35,44,26,15,3,42,3,39,7.142857142857143,3,15,24,1146913,0.7725208301592971,392965,25.519229445449575,26066.204545454544,832107,316286,72.45838314932257,0.45989130769230735,87.57692307692308,1.5384615384615385,0.7006605467032962
1002,1966,BluesRock,Rock,1966,,0.45,0.45,69,42,24,3,69,61,8,88.40579710144928,61,3,5,3875220,2.6102138274218802,828837,17.61962068061675,56162.608695652176,3876702,0,100,0.6835689642857155,25.21153846153846,2.519230769230769,1.7261940054945064
1002,1966,Boogaloo,Latin,1966,1969,0.7,0.35,25,3,19,3,25,0,25,0,0,7,18,1081813,0.7286717273560589,20931,1.8980833266832555,43272.52,1053909,28370,97.37867961958054,0.38882851098901133,20.5,0.75,0.4116695329670329
1002,1966,BossaNova,Jazz,1962,1967,0.45,0.4,52,27,22,3,52,52,0,100,52,0,0,3094396,2.0842778543460647,895369,22.441647565708756,59507.61538461538,3096278,0,100,0.4540742472527474,21.942307692307693,2.4423076923076925,1.375938917582417
1002,1966,BritishBeat,Rock,1963,1967,0.75,0.7,103,54,46,3,102,9,93,8.823529411764707,9,56,37,1482387,0.9984844847493662,755552,33.76106319251776,14392.106796116504,1310682,175136,88.21282283563667,0.7120452115384622,162.6153846153846,0.6346153846153846,1.6429472005494512
1002,1966,BritishBlues,Rock,1964,,0.65,0.7,113,41,69,3,113,6,107,5.3097345132743365,6,80,27,2071520,1.395304046681472,831893,28.652244789149872,18332.035398230088,1856877,217584,89.51129956166928,0.8158406346153848,147.15384615384616,1.3846153846153846,1.7676951813186816
1002,1966,BritishPop,Pop,1964,1968,0.8,0.75,109,52,54,3,108,13,95,12.037037037037036,13,64,31,3900096,2.62696943850227,1266806,24.517709064348423,35780.69724770642,3589519,315359,91.9239730408991,0.7715646071428572,209.28846153846155,2.019230769230769,2.359104445054944
1002,1966,Bubblegum,Pop,1967,1971,0.9,0.2,0,0,0,0,0,0,0,0,0,0,0,0,0,0,0,0,0,0,0,0.3010961978021968,0,0,0
1002,1966,Childrens,NonMusic,1950,,0.3,0.35,62,31,28,3,61,6,55,9.836065573770492,6,39,16,900656,0.6066506533694812,219217,19.57516611258598,14526.709677419354,750055,151575,83.18878032008695,0.4267654697802195,83.90384615384616,0.9615384615384616,0.4433002939560434
1002,1966,Classical,Classical,1945,,0.15,0.3,51,23,25,3,51,4,47,7.8431372549019605,4,24,23,1429648,0.9629613229561255,339689,19.19866028913655,28032.313725490196,1307996,122879,91.41231763780904,0.3586701071428568,85.4423076923077,0.8076923076923077,0.5721027115384612
1002,1966,Comedy,NonMusic,1955,,0.15,0.35,44,25,16,3,44,1,43,2.272727272727273,1,25,18,1231157,0.8292646675871925,169814,12.121164535168822,27980.840909090908,1052622,179945,85.40079362825712,0.4319091263736276,110.36538461538461,0.5769230769230769,0.5018729615384613
1002,1966,ContemporaryFolk,Folk,1961,1969,0.5,0.45,71,28,40,3,71,4,67,5.633802816901408,4,34,33,1494692,1.0067727061010383,512940,25.549503096184957,21052,1361748,134839,90.99023311040388,0.5476455879120885,102.28846153846153,0.8269230769230769,0.9697881236263745
1002,1966,Country,Country,1950,,0.65,0.55,181,120,58,3,181,55,126,30.386740331491712,55,43,83,19205566,12.93620334759408,497543,2.525200464556127,106108.09944751381,18154281,1058671,94.48980562695415,0.7500914285714272,252.94230769230768,22.634615384615383,6.15054317307692
1002,1966,CountryRock,Country,1968,,0.4,0.1,0,0,0,0,0,0,0,0,0,0,0,0,0,0,0,0,0,0,0,0.15054824175824155,0,0,0
1002,1966,DooWop,RhythmAndSoul,1954,1965,0.85,0.1,29,29,0,0,29,10,19,34.48275862068966,10,7,12,609092,0.41026325229846256,197972,24.52990097439608,21003.172413793105,456321,154660,74.68661054926422,0.0971437335164836,104.78846153846153,0.17307692307692307,0.5494597087912086
1002,1966,EasyListening,Pop,1950,,0.35,0.6,88,33,52,3,88,19,69,21.59090909090909,19,41,28,3926439,2.6447131699177184,1305565,24.9534404025685,44618.625,2992488,936658,76.16128288437233,0.7369519642857144,217,5.480769230769231,1.7172180549450549
1002,1966,Folk,Folk,1958,1966,0.5,0.45,71,47,21,3,71,20,51,28.169014084507044,20,26,25,4903250,3.3026591907830616,1639239,25.05528094888658,69059.85915492958,3224619,1682847,65.70843282459828,0.5192874697802198,373.4230769230769,12.884615384615385,1.903054252747252
1002,1966,FolkRock,Folk,1965,,0.55,0.75,67,17,47,3,67,59,8,88.05970149253731,59,2,6,4637908,3.1239340197228955,1120586,19.45970595784245,69222.50746268657,4639271,0,100,0.896939722527473,26.46153846153846,4.346153846153846,2.226991964285714
1002,1966,Funk,RhythmAndSoul,1967,,0.7,0.25,0,0,0,0,0,0,0,0,0,0,0,0,0,0,0,0,0,0,0,0.29984673076923063,0,0,0
1002,1966,GarageRock,Rock,1963,1968,0.85,0.65,61,23,35,3,61,7,54,11.475409836065573,7,32,22,1418175,0.955233507956716,501893,26.13933464856453,23248.77049180328,1368687,51121,96.39944274155378,0.7342643983516477,62.15384615384615,0.8269230769230769,0.9977367582417583
1002,1966,Gospel,Gospel,1950,,0.5,0.4,154,106,45,3,150,12,138,8,12,72,66,4018671,2.7068374471795966,1466106,26.730457774308782,26095.266233766233,3485402,537391,86.64134595043792,0.5494707142857139,279.11538461538464,3.519230769230769,2.283148151098899
1002,1966,HardRock,Rock,1967,,0.4,0.15,0,0,0,0,0,0,0,0,0,0,0,0,0,0,0,0,0,0,0,0.2258222774725275,0,0,0
1002,1966,Jazz,Jazz,1945,,0.3,0.4,158,116,39,3,156,24,132,15.384615384615385,24,68,64,11575846,7.797088499054573,2557753,18.096968790468726,73264.84810126582,8117529,3463479,70.09345818602318,0.5200000000000025,447.03846153846155,43.36538461538461,3.0850489890109865
1002,1966,LatinPop,Latin,1958,,0.6,0.35,44,27,14,3,44,2,42,4.545454545454546,2,20,22,895929,0.603466710067624,320651,26.35675417974979,20362.022727272728,838587,58447,93.48441642122818,0.43160878021977955,51.73076923076923,0.5576923076923077,0.5668522967032965
1002,1966,ProgressiveRock,Rock,1968,,0.25,0.05,0,0,0,0,0,0,0,0,0,0,0,0,0,0,0,0,0,0,0,0.07527403296703286,0,0,0
1002,1966,ProtoMetal,Rock,1968,,0.4,0.05,0,0,0,0,0,0,0,0,0,0,0,0,0,0,0,0,0,0,0,0.07527403296703286,0,0,0
1002,1966,ProtoPunk,Rock,1967,,0.4,0.05,0,0,0,0,0,0,0,0,0,0,0,0,0,0,0,0,0,0,0,0.10054813736263732,0,0,0
1002,1966,PsychedelicRock,Rock,1966,1971,0.45,0.5,9,5,1,3,9,0,9,0,0,3,6,168550,0.11352943590607964,66933,28.423707868508554,18727.777777777777,162293,6471,96.16565144225072,0.7346481565934069,6.769230769230769,0.11538461538461539,0.11832374175824178
1002,1966,Reggae,Caribbean,1968,,0.8,0.03,0,0,0,0,0,0,0,0,0,0,0,0,0,0,0,0,0,0,0,0.040109626373626375,0,0,0
1002,1966,RnB,RhythmAndSoul,1949,1965,0.8,0.45,27,27,0,0,27,9,18,33.333333333333336,9,7,11,2029720,1.3671490160028952,679106,25.070122628769806,75174.81481481482,1668433,363950,82.09245009429817,0.5069372912087917,169.90384615384616,1.4615384615384615,0.9750754175824167
1002,1966,RockAndRoll,Rock,1955,,0.85,0.4,254,209,42,3,254,69,185,27.165354330708663,69,66,119,11594339,7.809544742651198,2970399,20.394455430643518,45647.003937007874,10413906,1188639,89.7553597077193,0.4871437609890119,354.88461538461536,15.942307692307692,4.976026505494508
1002,1966,Rocksteady,Caribbean,1966,1968,0.8,0.08,7,0,4,3,7,0,7,0,0,2,5,40005,0.026945980916183422,16948,29.75787052481871,5715,35146,4963,87.62621855443915,0.10021927197802191,5.096153846153846,0,0.051444269230769224
1002,1966,SingerSongwriter,Folk,1967,,0.35,0.2,0,0,0,0,0,0,0,0,0,0,0,0,0,0,0,0,0,0,0,0.25054830769230874,0,0,0
1002,1966,Ska,Caribbean,1964,1967,0.8,0.1,23,10,10,3,22,2,20,9.090909090909092,2,8,12,166803,0.11235271727939367,42180,20.183459898652043,7252.304347826087,123023,44382,73.48824706549983,0.1129324368131865,30.423076923076923,0.038461538461538464,0.2105826923076922
1002,1966,Soul,RhythmAndSoul,1961,,0.7,0.85,506,356,147,3,505,59,446,11.683168316831683,59,373,73,11045108,7.4396017844065705,3225403,22.601874592998108,21828.276679841896,10442696,613129,94.45424470810636,0.9513826263736264,576.3461538461538,8.192307692307692,6.631678307692308
1002,1966,SunshinePop,Pop,1965,1971,0.55,0.55,71,18,50,3,71,64,7,90.14084507042253,64,1,6,6062923,4.083774714517924,1187479,16.378112551552313,85393.28169014085,6064303,0,100,0.8043114725274725,27.98076923076923,5.576923076923077,2.3260761730769226
1002,1966,SurfRock,Rock,1961,1966,0.8,0.4,29,14,12,3,29,27,2,93.10344827586206,27,0,2,1318283,0.8879497202881897,677399,33.943233440999116,45458.03448275862,1318341,1397,99.89414565618327,0.44733703846153866,24.326923076923077,1.0961538461538463,0.8030739285714288
1002,1966,TeenPop,Pop,1957,1965,0.9,0.35,23,23,0,0,23,9,14,39.130434782608695,9,3,11,2625432,1.768399964222904,673857,20.42430960125045,114149.21739130435,2143812,483884,81.58523664837942,0.4221437664835173,185.46153846153845,2.5,0.9473140192307703
1002,1966,TexMex,Latin,1959,,0.75,0.3,38,18,17,3,37,4,33,10.81081081081081,4,17,16,1486240,1.001079731955217,33287,2.1906158956043558,39111.57894736842,1426321,61198,95.88590128932807,0.43542677197802304,43.75,1.0576923076923077,0.6302986978021982
1002,1966,TraditionalPop,Pop,1950,1971,0.45,0.4,297,207,87,3,293,71,222,24.2320819112628,71,90,132,36518742,24.597758405574954,5392996,12.86750742715561,122958.72727272728,28922339,7606000,79.17781041180109,0.4871437582417591,770.6730769230769,103.3076923076923,7.198362969780219
1002,1967,AcidRock,Rock,1966,1971,0.4,0.65,55,12,40,3,55,42,13,76.36363636363636,42,8,5,2756307,2.182645493446367,710076,20.484637733337603,50114.67272727273,2757242,0,100,0.8595121675824182,20.46153846153846,3.0961538461538463,1.0983849670329673
1002,1967,BaroquePop,Pop,1966,1970,0.5,0.65,64,10,51,3,64,49,15,76.5625,49,7,8,6981988,5.528848797864901,1000108,12.529390776557937,109093.5625,6983300,0,100,0.779481467032968,29.98076923076923,6.326923076923077,2.134158162087913
1002,1967,Blues,Blues,1945,,0.5,0.4,58,34,21,3,57,10,47,17.54385964912281,10,44,3,1616740,1.280252988899451,200221,11.019554079586738,27874.827586206895,988736,628453,61.13917420907513,0.4987749010989028,110.21153846153847,3.576923076923077,0.300998173076923
1002,1967,BluesRock,Rock,1966,,0.45,0.6,57,22,32,3,57,49,8,85.96491228070175,49,5,3,3158825,2.5013886881380483,808158,20.372106459745353,55417.98245614035,3160326,0,100,0.8416649587912091,23.51923076923077,4,1.6531311318681317
1002,1967,Boogaloo,Latin,1966,1969,0.7,0.4,38,18,17,3,37,4,33,10.81081081081081,4,32,1,345461,0.2735612886414595,18645,5.120761536475642,9091.078947368422,232729,113028,67.30998938560897,0.37916340659340664,42.34615384615385,0.3269230769230769,0.1024171978021978
1002,1967,BossaNova,Jazz,1962,1967,0.45,0.3,17,6,8,3,17,17,0,100,17,0,0,1064100,0.8426322138920951,310713,22.600382742962132,62594.117647058825,1065290,0,100,0.3549557390109894,10.211538461538462,1.4230769230769231,0.5447111208791203
1002,1967,BritishBeat,Rock,1963,1967,0.75,0.5,31,19,9,3,31,2,29,6.451612903225806,2,29,0,405361,0.3209944900437116,72524,15.17603607562489,13076.161290322581,158706,247419,39.07811634349031,0.5830440879120874,162.75,0.19230769230769232,0.15391476923076913
1002,1967,BritishBlues,Rock,1964,,0.65,0.65,101,67,31,3,101,10,91,9.900990099009901,10,91,0,970367,0.7684075683655959,165168,14.54539049875169,9607.594059405941,566606,404178,58.36581567063322,0.7648397967032969,199.67307692307693,0.6923076923076923,0.33825042582417586
1002,1967,BritishPop,Pop,1964,1968,0.8,0.55,97,55,39,3,97,11,86,11.34020618556701,11,85,1,1733967,1.3730819021011507,252606,12.71566662790645,17875.94845360825,1270366,464490,73.22601991173907,0.6008635714285694,224.8653846153846,1,0.38871978846153826
1002,1967,Bubblegum,Pop,1967,1971,0.9,0.4,25,0,22,3,25,14,11,56,14,7,4,1424941,1.128372511507956,262979,15.580063036162851,56997.64,1425196,0,100,0.6496531346153845,9.615384615384615,1.75,0.44875815384615403
1002,1967,Childrens,NonMusic,1950,,0.3,0.35,67,39,25,3,65,8,57,12.307692307692308,8,57,0,988960,0.7831308657557808,154073,13.47931337065509,14760.597014925374,690139,299181,69.7589253224437,0.4513601098901106,121.38461538461539,1.1923076923076923,0.24208196978021992
1002,1967,Classical,Classical,1945,,0.15,0.3,40,29,8,3,40,5,35,12.5,5,35,0,757611,0.5999318054684748,72641,8.74927130557951,18940.275,494012,263937,65.17747236291623,0.3746098846153847,103.53846153846153,1.75,0.13749272527472522
1002,1967,Comedy,NonMusic,1955,,0.15,0.35,70,43,24,3,69,6,63,8.695652173913043,6,62,1,817564,0.6474069761474268,70080,7.8950570273668275,11679.485714285714,516989,300990,63.20321181839632,0.4666893104395597,125.28846153846153,1,0.13387454120879116
1002,1967,ContemporaryFolk,Folk,1961,1969,0.5,0.4,62,32,27,3,62,11,51,17.741935483870968,11,50,1,1453706,1.1511507425319256,157469,9.773550359209894,23446.870967741936,1172106,282017,80.60569841753414,0.4920737719780238,130.1346153846154,1.2307692307692308,0.2955944093406592
1002,1967,Country,Country,1950,,0.65,0.55,155,103,49,3,155,27,128,17.419354838709676,27,117,11,7495053,5.935131193147814,428045,5.402495337051239,48355.180645161294,4864068,2634614,64.86563905496993,0.7500914285714272,309.63461538461536,30.192307692307693,1.8714578324175832
1002,1967,CountryRock,Country,1968,,0.4,0.2,0,0,0,0,0,0,0,0,0,0,0,0,0,0,0,0,0,0,0,0.3005478461538464,0,0,0
1002,1967,DooWop,RhythmAndSoul,1954,1965,0.85,0.05,10,10,0,0,10,4,6,40,4,6,0,367002,0.29061902806392886,44833,10.886155863391892,36700.2,216949,150571,59.0305289508054,0.05192876923076925,85.51923076923077,0.2692307692307692,0.07092796978021973
1002,1967,EasyListening,Pop,1950,,0.35,0.6,87,41,43,3,87,13,74,14.942528735632184,13,73,1,3601891,2.8522407551245297,490059,11.976172729383302,41401.0459770115,2222611,1380224,61.69061308663871,0.7113503708791209,222.25,10.173076923076923,0.6456339505494504
1002,1967,Folk,Folk,1958,1966,0.5,0.35,19,19,0,0,19,6,13,31.57894736842105,6,10,3,2424529,1.919919405051769,414119,14.588599925034735,127606.78947368421,1482552,943402,61.11212331313784,0.4223219972527471,247.84615384615384,2.480769230769231,0.3450324725274725
1002,1967,FolkRock,Folk,1965,,0.55,0.7,68,27,38,3,68,58,10,85.29411764705883,58,4,6,7707883,6.1036655546576855,1281640,14.257041224545507,113351.2205882353,7709424,0,100,0.8300733516483517,31.173076923076923,7.538461538461538,2.6407167554945055
1002,1967,Funk,RhythmAndSoul,1967,,0.7,0.4,41,3,35,3,41,30,11,73.17073170731707,30,7,4,1808937,1.4324486318027674,471091,20.66163222556916,44120.41463414634,1809476,0,100,0.5521741895604395,14.211538461538462,2.230769230769231,0.7100153021978015
1002,1967,GarageRock,Rock,1963,1968,0.85,0.55,71,29,39,3,71,3,68,4.225352112676056,3,68,0,507564,0.4019263011107296,105903,17.263031263295336,7148.788732394366,349559,158515,68.80080460720289,0.6025502582417545,98.6923076923077,0.46153846153846156,0.1933596978021978
1002,1967,Gospel,Gospel,1950,,0.5,0.45,155,108,44,3,154,18,136,11.688311688311689,18,134,2,2082808,1.6493197219736555,365791,14.938787445392242,13437.470967741936,1337726,746162,64.19375705412192,0.5814177142857142,318.0769230769231,2.4038461538461537,0.5625026978021973
1002,1967,HardRock,Rock,1967,,0.4,0.3,22,5,14,3,22,20,2,90.9090909090909,20,1,1,654487,0.5182706792346543,235442,26.45626785957082,29749.409090909092,654972,0,100,0.5093693049450544,7.326923076923077,0.8461538461538461,0.3439685412087914
1002,1967,Jazz,Jazz,1945,,0.3,0.4,130,106,21,3,127,16,111,12.598425196850394,16,95,16,9071450,7.183437643747247,1405901,13.418477628553248,69780.38461538461,4891152,4182414,53.90550969706949,0.5200000000000025,446.1923076923077,39.86538461538461,1.2138247032967027
1002,1967,LatinPop,Latin,1958,,0.6,0.35,51,32,16,3,49,3,46,6.122448979591836,3,40,6,1330380,1.0534921950171652,85923,6.066710301397371,26085.882352941175,1156458,174223,86.90723020769065,0.4426902280219787,77.03846153846153,1.4423076923076923,0.2255080274725275
1002,1967,ProgressiveRock,Rock,1968,,0.25,0.1,0,0,0,0,0,0,0,0,0,0,0,0,0,0,0,0,0,0,0,0.175410978021978,0,0,0
1002,1967,ProtoMetal,Rock,1968,,0.4,0.1,0,0,0,0,0,0,0,0,0,0,0,0,0,0,0,0,0,0,0,0.15027393131868164,0,0,0
1002,1967,ProtoPunk,Rock,1967,,0.4,0.15,19,7,9,3,19,17,2,89.47368421052632,17,2,0,234780,0.18591597704876053,132286,36.03875052442885,12356.842105263158,235068,0,100,0.2295001016483516,5.365384615384615,0.25,0.20973334890109888
1002,1967,PsychedelicRock,Rock,1966,1971,0.45,0.85,38,24,11,3,35,3,32,8.571428571428571,3,32,0,241844,0.1915097689470161,81057,25.102740468440793,6364.315789473684,185863,56017,76.84099553497602,0.8954371703296707,23.115384615384617,0.23076923076923078,0.08264644505494506
1002,1967,Reggae,Caribbean,1968,,0.8,0.05,0,0,0,0,0,0,0,0,0,0,0,0,0,0,0,0,0,0,0,0.07513694230769234,0,0,0
1002,1967,RnB,RhythmAndSoul,1949,1965,0.8,0.4,18,18,0,0,18,1,17,5.555555555555555,1,13,4,866746,0.6863528811785714,150086,14.7601570367573,48152.555555555555,513354,353947,59.18983144260182,0.44742696978022,152.17307692307693,0.5576923076923077,0.11826243131868133
1002,1967,RockAndRoll,Rock,1955,,0.85,0.35,223,192,28,3,221,32,189,14.479638009049774,32,153,36,10071606,7.97543432123758,1638638,13.993201166431716,45164.15246636771,7265056,2809254,72.11467584380469,0.45500000000000174,474.6730769230769,26,2.1685597115384607
1002,1967,Rocksteady,Caribbean,1966,1968,0.8,0.12,19,9,7,3,19,1,18,5.2631578947368425,1,16,2,98276,0.07782212522550469,9287,8.634009836096055,5172.421052631579,57582,40841,58.50461782306981,0.11999999999999955,17.365384615384617,0,0.06526136813186813
1002,1967,SingerSongwriter,Folk,1967,,0.35,0.3,20,5,12,3,20,1,19,5,1,16,3,115567,0.09151440378053544,69973,37.713161582408105,5778.35,81465,34165,70.45316959266626,0.3679512912087919,9.596153846153847,0.09615384615384616,0.05733257417582416
1002,1967,Ska,Caribbean,1964,1967,0.8,0.12,11,3,5,3,11,1,10,9.090909090909092,1,8,2,106129,0.08404070503538592,4749,4.283085914248092,9648.09090909091,41246,65066,38.797125442094966,0.11665721978021946,37.03846153846154,0.019230769230769232,0.060438211538461566
1002,1967,Soul,RhythmAndSoul,1961,,0.7,0.9,455,331,121,3,451,58,393,12.86031042128603,58,390,3,9345002,7.400056126384791,1472821,13.614763340091624,20538.465934065935,7984868,1363591,85.41373503376332,0.9660768571428571,799.7884615384615,8.846153846153847,3.322012332417579
1002,1967,SunshinePop,Pop,1965,1971,0.55,0.7,77,24,50,3,77,69,8,89.6103896103896,69,5,3,6650262,5.266163886873858,1216513,15.463935348347958,86367.03896103895,6652043,0,100,0.8315250384615379,34.55769230769231,8.538461538461538,2.8812689175824175
1002,1967,SurfRock,Rock,1961,1966,0.8,0.3,5,5,0,0,5,4,1,80,4,0,1,124305,0.09843379132398918,139686,52.913167494346396,24861,124693,0,100,0.3430995439560444,4.134615384615385,0.07692307692307693,0.1694154285714286
1002,1967,TeenPop,Pop,1957,1965,0.9,0.3,15,15,0,0,15,4,11,26.666666666666668,4,10,1,1343193,1.0636384656276336,208690,13.447534382424449,89546.2,854740,489057,63.60633339708304,0.3769288571428572,164.09615384615384,1.9423076923076923,0.19491758791208783
1002,1967,TexMex,Latin,1959,,0.75,0.3,44,30,11,3,44,2,42,4.545454545454546,2,42,0,204391,0.1618517440368567,2807,1.3547428063977451,4645.25,82291,122471,40.18860921460036,0.36221825824175846,63.69230769230769,0,0.0694272637362637
1002,1967,TraditionalPop,Pop,1950,1971,0.45,0.35,246,193,50,3,246,62,184,25.203252032520325,62,122,62,35352870,27.994988361563227,3668680,9.40167676578711,143710.8536585366,25891526,9467119,73.22544741179986,0.4353931840659338,750.6923076923077,110.67307692307692,4.449436609890111
1002,1968,AcidRock,Rock,1966,1971,0.4,0.7,57,14,40,3,57,2,55,3.508771929824561,2,51,4,273885,0.20643663371431434,200364,42.248692142735145,4805,218232,56131,79.54133757102817,0.7780139313186814,32.23076923076923,0.1346153846153846,0.26178260714285717
1002,1968,BaroquePop,Pop,1966,1970,0.5,0.55,58,21,34,3,58,48,10,82.75862068965517,48,1,9,5356522,4.0373966084183746,1073181,16.690988681747818,92353.8275862069,5357915,0,100,0.6501772774725276,26.403846153846153,5.365384615384615,1.838608013736264
1002,1968,Blues,Blues,1945,,0.5,0.4,60,39,18,3,60,3,57,5,3,27,30,1958078,1.4758713725470807,673459,25.59184993408795,32634.633333333335,1002823,956468,51.18295342549933,0.5157041923076937,144.25,4.576923076923077,0.7692943543956041
1002,1968,BluesRock,Rock,1966,,0.45,0.7,107,56,48,3,107,88,19,82.24299065420561,88,1,18,7395878,5.574530031515986,1768884,19.300926745288095,69120.35514018692,7398110,0,100,0.8962362857142849,44.59615384615385,8.288461538461538,3.6221432609890116
1002,1968,Boogaloo,Latin,1966,1969,0.7,0.35,41,28,10,3,41,2,39,4.878048780487805,2,27,12,536236,0.40417969117121805,24105,4.301844769524272,13078.926829268292,367197,169584,68.40722752854516,0.31450976648351653,74.0576923076923,0.25,0.25925370879120874
1002,1968,BossaNova,Jazz,1962,1967,0.45,0.25,3,3,0,0,3,3,0,100,3,0,0,58359,0.043987204508949634,31906,35.34703373400543,19453,58428,0,100,0.28395053296703265,1.3653846153846154,0.038461538461538464,0.06427140934065934
1002,1968,BritishBeat,Rock,1963,1967,0.75,0.4,43,12,28,3,43,2,41,4.651162790697675,2,33,8,475655,0.3585176881150197,101138,17.534540120979276,11061.744186046511,242245,234279,50.83584457446005,0.48478624175824103,133.23076923076923,0.28846153846153844,0.15563000000000007
1002,1968,BritishBlues,Rock,1964,,0.65,0.6,80,57,20,3,80,11,69,13.75,11,67,2,1119532,0.8438301382531126,158618,12.409967531197434,13994.15,650317,470227,58.035829025901705,0.7165446950549453,239.59615384615384,0.7115384615384616,0.3753115879120877
1002,1968,BritishPop,Pop,1964,1968,0.8,0.4,33,19,11,3,32,0,32,0,0,31,1,818965,0.6172823547468589,97821,10.669992779121845,24817.121212121212,353877,466153,43.15415289684524,0.4548546181318685,217.98076923076923,0.40384615384615385,0.17139268956043982
1002,1968,Bubblegum,Pop,1967,1971,0.9,0.65,57,15,39,3,56,47,9,83.92857142857143,47,1,8,7845054,5.913089577987171,939136,10.691207726608829,137632.52631578947,7846197,0,100,0.7476813434065935,25.01923076923077,7.3076923076923075,2.0380917664835163
1002,1968,Childrens,NonMusic,1950,,0.3,0.35,75,52,20,3,74,6,68,8.108108108108109,6,54,14,1024928,0.7725238188274084,214871,17.331115769572325,13665.706666666667,608519,417145,59.329273524273056,0.45034015659340687,155.53846153846155,1.4807692307692308,0.40307173351648357
1002,1968,Classical,Classical,1945,,0.15,0.3,42,28,11,3,41,1,40,2.4390243902439024,1,23,17,523168,0.3943298858537357,187349,26.367982750588656,12456.380952380952,235928,288127,45.01970213050157,0.34161413461538415,114.28846153846153,0.75,0.3685043983516483
1002,1968,Comedy,NonMusic,1955,,0.15,0.4,54,41,10,3,54,2,52,3.7037037037037037,2,43,9,724356,0.5459722666475559,115474,13.74968743674315,13414,306108,419154,42.20654053293844,0.49718685439560645,148.34615384615384,0.3269230769230769,0.2982384230769232
1002,1968,ContemporaryFolk,Folk,1961,1969,0.5,0.4,72,41,28,3,70,3,67,4.285714285714286,3,51,16,913799,0.6887620331581018,307599,25.184174200383495,12691.652777777777,546870,367861,59.784789189390104,0.4827842280219789,147.44230769230768,0.5192307692307693,0.41616078846153864
1002,1968,Country,Country,1950,,0.65,0.55,159,105,51,3,159,20,139,12.578616352201259,20,101,38,7944846,5.988306273138855,716931,8.276950561068473,49967.58490566038,3771003,4176266,47.450300222629934,0.7711304890109891,426.7307692307692,32.11538461538461,1.9808319917582429
1002,1968,CountryRock,Country,1968,,0.4,0.4,20,3,14,3,20,13,7,65,13,0,7,1320133,0.9950300767664491,240676,15.419952088948744,66006.65,1320625,0,100,0.612188461538462,9.192307692307692,1.5961538461538463,0.5489253406593407
1002,1968,DooWop,RhythmAndSoul,1954,1965,0.85,0.03,11,11,0,0,11,4,7,36.36363636363637,4,0,7,331170,0.24961432713426976,85823,20.581400647013258,30106.363636363636,235030,96742,70.84081839335447,0.0325132115384615,58.84615384615385,0.25,0.18827846703296702
1002,1968,EasyListening,Pop,1950,,0.35,0.55,99,65,31,3,98,7,91,7.142857142857143,7,67,24,3527012,2.6584314013180395,887804,20.109648963852628,35626.38383838384,1506537,2021620,42.700395702345446,0.6852068269230785,253.57692307692307,11.903846153846153,0.8083747829670336
1002,1968,Folk,Folk,1958,1966,0.5,0.3,8,8,0,0,8,2,6,25,2,3,3,1120705,0.8447142690793604,347385,23.662377647146972,140088.125,499793,621760,44.562584202440725,0.3899999999999992,154.46153846153845,2.8076923076923075,0.17269880769230764
1002,1968,FolkRock,Folk,1965,,0.55,0.6,86,43,40,3,86,76,10,88.37209302325581,76,0,10,6011785,4.531291082075357,1302239,17.804685902042433,69904.47674418605,6014145,0,100,0.7475887582417572,36.53846153846154,6.6923076923076925,2.7292648021978003
1002,1968,Funk,RhythmAndSoul,1967,,0.7,0.55,62,11,48,3,61,49,12,80.32786885245902,49,0,12,8029006,6.0517405871516585,1054160,11.605644992065542,129500.09677419355,8030111,0,100,0.7380344120879122,28.03846153846154,7.884615384615385,2.2391057252747255
1002,1968,GarageRock,Rock,1963,1968,0.85,0.4,23,5,15,3,23,23,0,100,23,0,0,867324,0.6537322120584697,304925,26.01196503473238,37709.739130434784,863771,4101,99.52746487961359,0.4469911153846155,16.076923076923077,0.8269230769230769,0.4723636291208787
1002,1968,Gospel,Gospel,1950,,0.5,0.45,150,108,39,3,148,8,140,5.405405405405405,8,74,66,2406878,1.814147514763647,1116341,31.685257146944313,16045.853333333333,1511458,897941,62.73174347627769,0.6136303956043957,387.0769230769231,1.4615384615384615,1.523900326923076
1002,1968,HardRock,Rock,1967,,0.4,0.5,41,14,24,3,41,30,11,73.17073170731707,30,0,11,4192685,3.1601722534074517,609430,12.690866420316882,102260.60975609756,4193575,0,100,0.7457376483516489,18.75,3.8653846153846154,1.0740164725274748
1002,1968,Jazz,Jazz,1945,,0.3,0.4,121,91,27,3,119,13,106,10.92436974789916,13,66,40,7342784,5.5345112403064345,2004636,21.44587490451911,60684.1652892562,2402650,4942321,32.711497431371754,0.5200000000000025,459.0769230769231,39.53846153846154,1.362331362637364
1002,1968,LatinPop,Latin,1958,,0.6,0.35,51,31,17,3,48,1,47,2.0833333333333335,1,26,21,490231,0.3695041253898608,234754,32.380532011007126,9612.372549019608,287478,203585,58.541979338699925,0.42671251648351644,101.3076923076923,0.11538461538461539,0.34328324725274695
1002,1968,ProgressiveRock,Rock,1968,,0.25,0.25,18,1,14,3,18,11,7,61.111111111111114,11,0,7,1010449,0.7616104938203815,152209,13.09146799832797,56136.055555555555,1010829,0,100,0.41627975274725254,7.230769230769231,1.3461538461538463,0.32288880494505484
1002,1968,ProtoMetal,Rock,1968,,0.4,0.2,12,2,7,3,12,9,3,75,9,0,3,322675,0.24321135069013045,153285,32.20543743171695,26889.583333333332,322973,0,100,0.3239631895604396,4.980769230769231,0.34615384615384615,0.19161385164835154
1002,1968,ProtoPunk,Rock,1967,,0.4,0.25,34,7,24,3,34,28,6,82.3529411764706,28,1,5,790451,0.595790362948367,338859,30.005844276593674,23248.558823529413,791178,0,100,0.3501964093406591,11.307692307692308,0.6346153846153846,0.45599163186813196
1002,1968,PsychedelicRock,Rock,1966,1971,0.45,0.75,48,27,18,3,43,2,41,4.651162790697675,2,41,0,186794,0.1407931232379708,31246,14.330398092093194,3891.5416666666665,35231,151707,18.84635547614717,0.8696994120879119,59.59615384615385,0.46153846153846156,0.0302434065934066
1002,1968,Reggae,Caribbean,1968,,0.8,0.1,15,2,10,3,15,0,15,0,0,8,7,75962,0.057255196780425156,12186,13.824477015927759,5064.133333333333,51622,24458,67.85226077812828,0.15363234340659312,10.307692307692308,0.038461538461538464,0.08997091208791202
1002,1968,RnB,RhythmAndSoul,1949,1965,0.8,0.35,8,8,0,0,8,2,6,25,2,4,2,1082822,0.8161605366916818,236698,17.93818964471929,135352.75,786308,297151,72.57385835550768,0.3879931456043954,120.15384615384616,1.4807692307692308,0.17019240384615383
1002,1968,RockAndRoll,Rock,1955,,0.85,0.35,208,172,33,3,208,30,178,14.423076923076923,30,31,147,15621046,11.774124728760082,3367925,17.736216459543805,75101.18269230769,11089812,4535566,70.97307981925302,0.45500000000000174,642.8076923076923,38.86538461538461,4.010282035714289
1002,1968,Rocksteady,Caribbean,1966,1968,0.8,0.12,7,1,3,3,7,0,7,0,0,3,4,107756,0.08121943845964422,4086,3.653368144346489,15393.714285714286,34803,73121,32.24769282087395,0.11415480769230749,27.807692307692307,0,0.06167160164835166
1002,1968,SingerSongwriter,Folk,1967,,0.35,0.4,42,22,17,3,42,2,40,4.761904761904762,2,29,11,249253,0.18787064009782933,117748,32.08383628382484,5934.5952380952385,98408,151017,39.453944071364134,0.5660781208791215,38.82692307692308,0.5192307692307693,0.15082504945054953
1002,1968,Ska,Caribbean,1964,1967,0.8,0.1,3,3,0,0,3,0,3,0,0,0,3,69287,0.0522240175262015,1015,1.443771158715257,23095.666666666668,15757,53728,22.676836727351226,0.09512953021978032,31.28846153846154,0,0.04546220879120879
1002,1968,Soul,RhythmAndSoul,1961,,0.7,0.9,447,347,97,3,443,41,402,9.255079006772009,41,396,6,8578720,6.46607911487545,1262571,12.829322900826732,19191.767337807607,6610525,1972173,77.02152633123058,0.9660768571428571,933.75,7.134615384615385,2.630522865384616
1002,1968,SunshinePop,Pop,1965,1971,0.55,0.6,74,28,43,3,74,65,9,87.83783783783784,65,0,9,7848371,5.915589716052529,1228312,13.532608773491374,106059.06756756757,7850379,0,100,0.7151742005494508,32.38461538461539,7.153846153846154,2.5344296510989017
1002,1968,SurfRock,Rock,1961,1966,0.8,0.25,4,4,0,0,4,4,0,100,4,0,0,123739,0.09326638048515085,32853,20.979998978236438,30934.75,123911,0,100,0.2765148351648348,2,0.19230769230769232,0.07834881043956048
1002,1968,TeenPop,Pop,1957,1965,0.9,0.28,8,8,0,0,8,0,8,0,0,3,5,609772,0.4596063275215688,179724,22.764396526391522,76221.5,221493,388933,36.28498786093646,0.34455323076923067,120.46153846153847,0.6730769230769231,0.09172669230769233
1002,1968,TexMex,Latin,1959,,0.75,0.3,41,25,13,3,41,2,39,4.878048780487805,2,12,27,859686,0.6479751862691423,24801,2.803998249832954,20967.951219512193,670396,190168,77.90193408044027,0.4266606071428582,94.96153846153847,0.5192307692307693,0.5333646153846152
1002,1968,TraditionalPop,Pop,1950,1971,0.45,0.32,215,174,38,3,215,38,177,17.674418604651162,38,80,97,22526916,16.979318717728706,4592384,16.934006408719988,104776.35348837209,11338798,11193661,50.322062052792376,0.4030355302197809,786.25,101.13461538461539,3.718355486263737
1002,1969,AcidRock,Rock,1966,1971,0.4,0.65,59,26,30,3,58,2,56,3.4482758620689653,2,49,7,489257,0.4096953921286922,52202,9.640988514365816,8292.49152542373,183549,305910,37.50038307600841,0.8307964670329658,84.3076923076923,0.2692307692307692,0.12343236263736267
1002,1969,BaroquePop,Pop,1966,1970,0.5,0.45,52,18,31,3,51,34,17,66.66666666666667,34,7,10,4153182,3.4778031342869413,891401,17.67045958010801,79868.88461538461,4154736,0,100,0.5850000000000015,25.615384615384617,4.961538461538462,1.4157469368131868
1002,1969,Blues,Blues,1945,,0.5,0.4,57,37,17,3,57,3,54,5.2631578947368425,3,43,11,2025470,1.6960937214897327,324919,13.824052103715598,35534.56140350877,521748,1504404,25.75068405529299,0.5072011373626387,172.28846153846155,7.153846153846154,0.30588199999999993
1002,1969,BluesRock,Rock,1966,,0.45,0.7,82,47,32,3,82,67,15,81.70731707317073,67,4,11,5747314,4.812701837514277,1219769,17.5075996654554,70089.19512195123,5749964,0,100,0.8962362857142849,37.84615384615385,7.596153846153846,2.8725370961538443
1002,1969,Boogaloo,Latin,1966,1969,0.7,0.25,19,12,4,3,19,3,16,15.789473684210526,3,15,1,431251,0.361122165959589,5310,1.2163248663989683,22697.42105263158,221961,209703,51.419854331146446,0.27824671428571307,85.6923076923077,0.21153846153846154,0.13337997527472534
1002,1969,BossaNova,Jazz,1962,1967,0.45,0.2,2,2,0,0,2,2,0,100,2,0,0,43746,0.0366321475708304,41550,48.712718064153066,21873,43928,0,100,0.2588128269230776,0.9615384615384616,0.11538461538461539,0.048997708791208766
1002,1969,BritishBeat,Rock,1963,1967,0.75,0.35,29,5,21,3,28,1,27,3.5714285714285716,1,23,4,505745,0.42350215958509624,71982,12.45951807687714,17439.48275862069,286713,219562,56.63187003110958,0.4548063846153863,106.51923076923077,0.3076923076923077,0.13264249450549456
1002,1969,BritishBlues,Rock,1964,,0.65,0.55,94,66,25,3,93,7,86,7.526881720430108,7,83,3,869739,0.728304471176941,177867,16.978425094930728,9252.54255319149,376995,493913,43.287580318472216,0.7067123681318701,238.15384615384616,0.36538461538461536,0.30579301373626344
1002,1969,BritishPop,Pop,1964,1968,0.8,0.3,34,4,27,3,34,5,29,14.705882352941176,5,25,4,619646,0.518880896851707,64201,9.388211105700544,18224.882352941175,253919,366463,40.92945959102617,0.3897348461538463,167,0.2692307692307692,0.13309611538461538
1002,1969,Bubblegum,Pop,1967,1971,0.9,0.6,70,30,37,3,70,55,15,78.57142857142857,55,3,12,4871044,4.07892841932995,1066646,17.963989362866705,69586.34285714285,4872822,0,100,0.7244297142857122,30.884615384615383,7.076923076923077,2.109471697802199
1002,1969,Childrens,NonMusic,1950,,0.3,0.35,65,50,12,3,65,2,63,3.076923076923077,2,57,6,695013,0.5819919256536723,123817,15.121209530671813,10692.507692307692,210689,485176,30.277280794406963,0.43979935714285767,177.34615384615384,0.4423076923076923,0.21475581868131877
1002,1969,Classical,Classical,1945,,0.15,0.3,42,28,11,3,41,2,39,4.878048780487805,2,34,5,429223,0.3594239536596383,49016,10.24926867110378,10219.595238095239,129238,300487,30.074582581883764,0.36782482692307655,109.13461538461539,0.5384615384615384,0.10091743956043958
1002,1969,Comedy,NonMusic,1955,,0.15,0.4,74,53,18,3,71,11,60,15.492957746478874,11,56,4,1160356,0.9716621457207169,88978,7.12203462004556,15680.486486486487,654453,506343,56.379673947877144,0.47083662087912304,162.25,1.0769230769230769,0.32609681318681316
1002,1969,ContemporaryFolk,Folk,1961,1969,0.5,0.4,33,16,14,3,32,2,30,6.25,2,26,4,613751,0.5139445252993354,103006,14.37111880316481,18598.515151515152,210368,404031,34.239639061912534,0.5086686153846187,146.46153846153845,0.23076923076923078,0.16021539560439568
1002,1969,Country,Country,1950,,0.65,0.6,167,121,43,3,166,17,149,10.240963855421686,17,142,7,8966222,7.50816000221337,747626,7.6964967950908845,53689.95209580838,2976569,5991599,33.19037957362083,0.7917648571428534,525,36.05769230769231,1.1643572939560443
1002,1969,CountryRock,Country,1968,,0.4,0.55,41,17,21,3,41,33,8,80.48780487804878,33,2,6,2653856,2.2222933439339294,582821,18.006770524213568,64728.19512195122,2654750,0,100,0.7150000000000025,17.846153846153847,3.3076923076923075,1.2124855329670332
1002,1969,DooWop,RhythmAndSoul,1954,1965,0.85,0.02,4,4,0,0,4,1,3,25,1,2,1,196822,0.1648153556710552,18681,8.66855681823455,49205.5,95963,101342,48.636881984744434,0.025941076923076803,31.192307692307693,0.19230769230769232,0.04593712912087911
1002,1969,EasyListening,Pop,1950,,0.35,0.55,109,65,41,3,107,13,94,12.149532710280374,13,85,9,4455828,3.731233686422486,614221,12.114695538445487,40879.15596330275,1564541,2892417,35.103337298668734,0.6855976785714306,279.46153846153845,13.442307692307692,0.659754662087912
1002,1969,Folk,Folk,1958,1966,0.5,0.3,7,7,0,0,7,2,5,28.571428571428573,2,4,1,1150162,0.9631258655502545,343927,23.019177572420386,164308.85714285713,731198,419485,63.544694759547156,0.3899999999999992,80.73076923076923,3.326923076923077,0.13564799175824171
1002,1969,FolkRock,Folk,1965,,0.55,0.55,73,34,36,3,73,53,20,72.6027397260274,53,7,13,5300014,4.43814051514349,1215880,18.660217615572016,72602.93150684932,5302398,0,100,0.7150000000000025,36.28846153846154,8.25,2.438128260989011
1002,1969,Funk,RhythmAndSoul,1967,,0.7,0.7,90,29,58,3,90,75,15,83.33333333333333,75,5,10,8890353,7.444628607250372,1254480,12.365703802122717,98781.7,8892362,0,100,0.8159484285714279,40.84615384615385,10.76923076923077,3.1734232967032936
1002,1969,GarageRock,Rock,1963,1968,0.85,0.3,2,2,0,0,2,2,0,100,2,0,0,80169,0.06713214096388018,45754,36.33490307568911,40084.5,80343,0,100,0.38706690934066007,1.6923076923076923,0.11538461538461539,0.07392356868131868
1002,1969,Gospel,Gospel,1950,,0.5,0.5,161,115,43,3,156,17,139,10.897435897435898,17,126,13,2294225,1.9211445334587933,429544,15.770206651151401,14249.844720496894,1157791,1138426,50.4216718193446,0.6460195714285724,406.1730769230769,1.8269230769230769,0.8345955082417588
1002,1969,HardRock,Rock,1967,,0.4,0.65,51,22,26,3,51,38,13,74.50980392156863,38,2,11,3766844,3.1542903416151664,723470,16.11179084580722,73859.6862745098,3768123,0,100,0.8422212857142825,25.384615384615383,4.923076923076923,1.4936273818681312
1002,1969,Jazz,Jazz,1945,,0.3,0.4,126,94,29,3,125,13,112,10.4,13,89,23,7224564,6.04972556537532,1946040,21.220412526808484,57337.80952380953,1776157,5450849,24.57666425072845,0.5200000000000025,444.53846153846155,32.53846153846154,1.0209348351648346
1002,1969,LatinPop,Latin,1958,,0.6,0.35,63,45,15,3,63,5,58,7.936507936507937,5,51,7,484304,0.40554783516535103,176346,26.692802542950126,7687.3650793650795,219453,265652,45.238247389740366,0.4287734725274723,117.86538461538461,0.2692307692307692,0.2547916208791207
1002,1969,ProgressiveRock,Rock,1968,,0.25,0.4,33,9,21,3,33,26,7,78.78787878787878,26,3,4,1651386,1.3828422175376796,353460,17.63028182713286,50042,1652322,0,100,0.5200000000000025,15.403846153846153,2.0961538461538463,0.63248410989011
1002,1969,ProtoMetal,Rock,1968,,0.4,0.35,40,16,21,3,40,30,10,75,30,2,8,1684847,1.4108618831040756,413368,19.700936272021696,42121.175,1685557,0,100,0.45405555769230893,15.653846153846153,2.4615384615384617,0.6567799395604396
1002,1969,ProtoPunk,Rock,1967,,0.4,0.3,35,16,16,3,35,26,9,74.28571428571429,26,2,7,1090504,0.9131692830105801,451922,29.29942830320547,31157.257142857143,1091623,0,100,0.3884338269230761,17.692307692307693,1.6538461538461537,0.6697416730769233
1002,1969,PsychedelicRock,Rock,1966,1971,0.45,0.65,52,38,11,3,52,3,49,5.769230769230769,3,48,1,338244,0.2832397047260997,48054,12.439619154124536,6504.692307692308,99226,239249,29.315606765640002,0.8325099945054923,94.17307692307692,0.11538461538461539,0.07719854395604395
1002,1969,Reggae,Caribbean,1968,,0.8,0.2,22,12,7,3,21,0,21,0,0,14,7,115385,0.09662141332831038,18618,13.893718797340359,5244.772727272727,39784,75800,34.419988925802876,0.2014008021978021,26.076923076923077,0.019230769230769232,0.07524411263736257
1002,1969,RnB,RhythmAndSoul,1949,1965,0.8,0.3,6,6,0,0,6,2,4,33.333333333333336,2,4,0,863859,0.723380660366433,89957,9.431273956402492,143976.5,623657,240806,72.14386272171278,0.3580724285714275,64.3076923076923,0.9615384615384616,0.09927589010989006
1002,1969,RockAndRoll,Rock,1955,,0.85,0.35,167,145,19,3,165,15,150,9.090909090909092,15,99,51,10123446,8.47719946503298,1879732,15.660285967599581,60619.4371257485,4611225,5516623,45.53015606079396,0.45500000000000174,665.1730769230769,27.326923076923077,1.8875017032967047
1002,1969,Rocksteady,Caribbean,1966,1968,0.8,0.1,0,0,0,0,0,0,0,0,0,0,0,50413,0.04221497863777884,1196,2.317425255284931,0,264,50226,0.5228758169934641,0.10549304670329655,25.942307692307693,0,0.002304728021978022
1002,1969,SingerSongwriter,Folk,1967,,0.35,0.5,58,28,27,3,58,3,55,5.172413793103448,3,51,4,467069,0.3911155427641426,108037,18.785580397352835,8052.913793103448,157073,310271,33.6097178951693,0.6391932307692337,85.38461538461539,0.8653846153846154,0.2120318324175827
1002,1969,Ska,Caribbean,1964,1967,0.8,0.08,3,3,0,0,3,0,3,0,0,2,1,37865,0.0317074993775315,5285,12.247972190034762,12621.666666666666,5627,32389,14.801662457912458,0.09183308516483492,17.78846153846154,0,0.017124269230769224
1002,1969,Soul,RhythmAndSoul,1961,,0.7,0.9,414,323,88,3,413,32,381,7.74818401937046,32,377,4,6845709,5.73247890812787,775865,10.179852613121646,16535.528985507248,4295275,2553760,62.713579358259956,0.9660768571428571,1072.7115384615386,5.5,1.841085758241758
1002,1969,SunshinePop,Pop,1965,1971,0.55,0.5,63,33,27,3,63,48,15,76.19047619047619,48,4,11,6670315,5.585606990900279,859748,11.4175405969379,105878.01587301587,6672025,0,100,0.6500000000000039,31.865384615384617,7.788461538461538,2.0849563818681327
1002,1969,SurfRock,Rock,1961,1966,0.8,0.2,1,1,0,0,1,1,0,100,1,0,0,98098,0.08214557702197506,17730,15.307179611147564,98098,98178,0,100,0.25405990934066,0.8076923076923077,0.19230769230769232,0.04187456043956041
1002,1969,TeenPop,Pop,1957,1965,0.9,0.25,6,6,0,0,6,1,5,16.666666666666668,1,4,1,516631,0.4326179086468633,182179,26.0698902419828,86105.16666666667,220851,296343,42.70177148226777,0.32500000000000195,69.13461538461539,0.75,0.08516072802197802
1002,1969,TexMex,Latin,1959,,0.75,0.3,54,41,10,3,54,8,46,14.814814814814815,8,37,9,694671,0.5817055407391836,32917,4.524126291252742,12864.277777777777,462566,233209,66.48212424993712,0.42442355494505535,114.57692307692308,0.7307692307692307,0.3829590851648352
1002,1969,TraditionalPop,Pop,1950,1971,0.45,0.3,213,168,42,3,213,29,184,13.615023474178404,29,123,61,20053156,16.79216773768763,4992651,19.934079185390193,94146.27230046949,7280158,12777904,36.29542076398009,0.3899999999999992,788.2884615384615,103.90384615384616,2.360089266483517
2007,1960,AcidRock,Rock,1966,1971,0.4,0.02,0,0,0,0,0,0,0,0,0,0,0,0,0,0,0,0,0,0,0,0.019999999999999817,0,0,0
2007,1960,BaroquePop,Pop,1966,1970,0.5,0.02,0,0,0,0,0,0,0,0,0,0,0,0,0,0,0,0,0,0,0,0.019999999999999817,0,0,0
2007,1960,Blues,Blues,1945,,0.5,0.3,12,7,2,3,12,7,5,58.333333333333336,7,0,5,146335,0.09854294888045553,63301,30.195672498998263,12194.583333333334,140834,5759,96.07143588029442,0.29999999999999816,6.365384615384615,0.07692307692307693,0.17236900274725273
2007,1960,BluesRock,Rock,1966,,0.45,0.02,60,60,0,0,63,57,6,90.47619047619048,57,0,6,608202,0.40956721628448983,173249,22.17016805916174,10136.7,610337,0,100,0.0358267692307693,25.057692307692307,0.057692307692307696,0.9577973159340659
2007,1960,Boogaloo,Latin,1966,1969,0.7,0.02,0,0,0,0,0,0,0,0,0,0,0,0,0,0,0,0,0,0,0,0.023631664835164882,0,0,0
2007,1960,BossaNova,Jazz,1962,1967,0.45,0.05,0,0,0,0,0,0,0,0,0,0,0,0,0,0,0,0,0,0,0,0.16403656593406568,0,0,0
2007,1960,BritishBeat,Rock,1963,1967,0.75,0.01,0,0,0,0,0,0,0,0,0,0,0,0,0,0,0,0,0,0,0,0.012534181318681344,0,0,0
2007,1960,BritishBlues,Rock,1964,,0.65,0.01,0,0,0,0,0,0,0,0,0,0,0,0,0,0,0,0,0,0,0,0.012534178571428595,0,0,0
2007,1960,BritishPop,Pop,1964,1968,0.8,0.01,0,0,0,0,0,0,0,0,0,0,0,0,0,0,0,0,0,0,0,0.0125341730769231,0,0,0
2007,1960,Bubblegum,Pop,1967,1971,0.9,0.01,0,0,0,0,0,0,0,0,0,0,0,0,0,0,0,0,0,0,0,0.012534175824175847,0,0,0
2007,1960,Childrens,NonMusic,1950,,0.3,0.35,24,17,4,3,23,7,16,30.434782608695652,7,0,16,195578,0.13170350808857575,92955,32.21641891915309,8149.083333333333,194191,1600,99.18280206955376,0.35072921428571335,9.692307692307692,0,0.2737830274725275
2007,1960,Classical,Classical,1945,,0.15,0.3,22,17,2,3,22,9,13,40.90909090909091,9,0,13,216742,0.14595548451325857,121126,35.8500953034913,9851.90909090909,214733,2488,98.85462271143214,0.30726724999999905,11.057692307692308,0.038461538461538464,0.3218876483516482
2007,1960,Comedy,NonMusic,1955,,0.15,0.4,15,6,6,3,15,4,11,26.666666666666668,4,0,11,171299,0.11535387023113508,105665,38.151167660779016,11419.933333333332,169714,1972,98.85139149377352,0.46210836538461464,8.75,0.057692307692307696,0.24266279395604395
2007,1960,ContemporaryFolk,Folk,1961,1969,0.5,0.1,0,0,0,0,0,0,0,0,0,0,0,0,0,0,0,0,0,0,0,0.1760244065934061,0,0,0
2007,1960,Country,Country,1950,,0.65,0.65,224,200,21,3,228,201,27,88.15789473684211,201,0,27,12017809,8.092871411091526,149043,1.2249922987474493,53650.93303571428,11994792,29015,99.75868707806104,0.8213246236263748,99.82692307692308,9.615384615384615,6.786059967032967
2007,1960,CountryRock,Country,1968,,0.4,0.01,0,0,0,0,0,0,0,0,0,0,0,0,0,0,0,0,0,0,0,0.012534175824175847,0,0,0
2007,1960,DooWop,RhythmAndSoul,1954,1965,0.85,0.75,651,610,38,3,667,606,61,90.85457271364318,606,0,61,23584028,15.88163915399072,11856781,33.455164638030695,36227.38556067588,23591752,10701,99.95466149217626,0.8545870576923081,270.9423076923077,17.48076923076923,20.901529162087904
2007,1960,EasyListening,Pop,1950,,0.35,0.8,35,18,14,3,35,5,30,14.285714285714286,5,0,30,1410049,0.9495362457780944,340925,19.470591796337352,40287.114285714284,1342645,68207,95.16554535840754,0.9009326071428566,25.192307692307693,2.4038461538461537,1.097466953296703
2007,1960,Folk,Folk,1958,1966,0.5,0.4,189,176,10,3,194,52,142,26.804123711340207,52,0,142,7479358,5.036648737845534,2881657,27.81249713469192,39573.322751322754,7294211,190626,97.453170990898,0.5529439780219783,133.53846153846155,7.423076923076923,4.517783041208791
2007,1960,FolkRock,Folk,1965,,0.55,0.02,0,0,0,0,0,0,0,0,0,0,0,0,0,0,0,0,0,0,0,0.022957711538461507,0,0,0
2007,1960,Funk,RhythmAndSoul,1967,,0.7,0.02,0,0,0,0,0,0,0,0,0,0,0,0,0,0,0,0,0,0,0,0.025401873626373618,0,0,0
2007,1960,GarageRock,Rock,1963,1968,0.85,0.1,0,0,0,0,0,0,0,0,0,0,0,0,0,0,0,0,0,0,0,0.12534148351648328,0,0,0
2007,1960,Gospel,Gospel,1950,,0.5,0.35,260,242,15,3,261,139,122,53.25670498084291,139,0,122,4837626,3.257689080676274,3148793,39.42684449688903,18606.253846153846,4783877,61004,98.74085658657044,0.452213428571429,147,2.4615384615384617,5.153296063186813
2007,1960,HardRock,Rock,1967,,0.4,0.01,0,0,0,0,0,0,0,0,0,0,0,0,0,0,0,0,0,0,0,0.012534181318681344,0,0,0
2007,1960,Jazz,Jazz,1945,,0.3,0.5,182,169,10,3,183,51,132,27.868852459016395,51,0,132,7610412,5.124901361090685,2007449,20.87209411739263,41815.45054945055,7282478,332673,95.63143265314109,0.6334721016483518,122.73076923076923,13.557692307692308,4.409120521978018
2007,1960,LatinPop,Latin,1958,,0.6,0.2,15,11,1,3,15,3,12,20,3,0,12,92342,0.06218370851483941,21506,18.890099079474385,6156.133333333333,91477,1122,98.78832384798972,0.23372426373626393,7.769230769230769,0,0.182791793956044
2007,1960,ProgressiveRock,Rock,1968,,0.25,0.01,0,0,0,0,0,0,0,0,0,0,0,0,0,0,0,0,0,0,0,0.009999999999999908,0,0,0
2007,1960,ProtoMetal,Rock,1968,,0.4,0.01,0,0,0,0,0,0,0,0,0,0,0,0,0,0,0,0,0,0,0,0.009999999999999908,0,0,0
2007,1960,ProtoPunk,Rock,1967,,0.4,0.01,0,0,0,0,0,0,0,0,0,0,0,0,0,0,0,0,0,0,0,0.009999999999999908,0,0,0
2007,1960,PsychedelicRock,Rock,1966,1971,0.45,0.02,0,0,0,0,0,0,0,0,0,0,0,0,0,0,0,0,0,0,0,0.019999999999999817,0,0,0
2007,1960,Reggae,Caribbean,1968,,0.8,0.01,0,0,0,0,0,0,0,0,0,0,0,0,0,0,0,0,0,0,0,0.009999999999999908,0,0,0
2007,1960,RnB,RhythmAndSoul,1949,1965,0.8,0.4,569,542,24,3,583,535,48,91.76672384219555,535,0,48,16726698,11.263868151520947,6468536,27.88734961673592,29396.657293497363,16733453,9445,99.94358802161968,0.5076700769230769,225.26923076923077,11.307692307692308,12.466466576923077
2007,1960,RockAndRoll,Rock,1955,,0.85,0.6,665,638,24,3,674,638,36,94.65875370919882,638,0,36,18456609,12.428801566225138,8881534,32.48770042647008,27754.2992481203,18463191,11516,99.93766612915701,0.7634025549450557,254.76923076923077,10.596153846153847,17.071315486263728
2007,1960,Rocksteady,Caribbean,1966,1968,0.8,0.01,0,0,0,0,0,0,0,0,0,0,0,0,0,0,0,0,0,0,0,0.009999999999999908,0,0,0
2007,1960,SingerSongwriter,Folk,1967,,0.35,0.02,0,0,0,0,0,0,0,0,0,0,0,0,0,0,0,0,0,0,0,0.027602442307692324,0,0,0
2007,1960,Ska,Caribbean,1964,1967,0.8,0.01,0,0,0,0,0,0,0,0,0,0,0,0,0,0,0,0,0,0,0,0.012534181318681344,0,0,0
2007,1960,Soul,RhythmAndSoul,1961,,0.7,0.2,588,588,0,0,595,287,308,48.23529411764706,287,0,308,10815462,7.283203054529055,5131033,32.17655666652766,18393.64285714286,10813387,21068,99.80554628728441,0.34472043956043963,341.25,5.5,10.77192684065934
2007,1960,SunshinePop,Pop,1965,1971,0.55,0.02,0,0,0,0,0,0,0,0,0,0,0,0,0,0,0,0,0,0,0,0.027602442307692324,0,0,0
2007,1960,SurfRock,Rock,1961,1966,0.8,0.05,83,83,0,0,85,83,2,97.6470588235294,83,0,2,1115056,0.750886024579528,658750,37.13765766944074,13434.409638554216,1117376,0,100,0.21590746153846166,30.576923076923077,0.2692307692307692,1.3749897170329661
2007,1960,TeenPop,Pop,1957,1965,0.9,0.7,457,423,31,3,467,426,41,91.22055674518201,426,0,41,15907070,10.711925279993357,7521219,32.10315102396082,34807.592997811815,15898567,21249,99.86652483923181,0.8424082472527471,192.6346153846154,11.903846153846153,14.437125983516482
2007,1960,TexMex,Latin,1959,,0.75,0.15,14,9,2,3,14,10,4,71.42857142857143,10,0,4,50767,0.0341868308047568,469,0.9153720040596456,3626.214285714286,50761,193,99.62122698904895,0.18260690934065907,4.461538461538462,0,0.16361674450549463
2007,1960,TraditionalPop,Pop,1950,1971,0.45,0.9,414,380,31,3,420,146,274,34.76190476190476,146,0,274,27057260,18.22053636536163,5319938,16.43112538645253,65355.70048309179,26241540,826429,96.94683779193038,0.9524334890109881,284.6923076923077,44.15384615384615,16.12966182417582
2007,1961,AcidRock,Rock,1966,1971,0.4,0.02,0,0,0,0,0,0,0,0,0,0,0,0,0,0,0,0,0,0,0,0.019999999999999817,0,0,0
2007,1961,BaroquePop,Pop,1966,1970,0.5,0.02,0,0,0,0,0,0,0,0,0,0,0,0,0,0,0,0,0,0,0,0.019999999999999817,0,0,0
2007,1961,Blues,Blues,1945,,0.5,0.3,38,18,17,3,38,15,23,39.473684210526315,15,0,23,1558183,1.0342669206407533,437037,21.904201040486765,41004.81578947369,1498630,60879,96.09627132642389,0.36022855219780303,32.61538461538461,1.4423076923076923,0.8153979340659337
2007,1961,BluesRock,Rock,1966,,0.45,0.035,23,23,0,0,23,20,3,86.95652173913044,20,0,3,299506,0.1988015196760775,13661,4.362209300469079,13022,300732,0,100,0.05530344230769234,12.153846153846153,0,0.47255292857142867
2007,1961,Boogaloo,Latin,1966,1969,0.7,0.035,0,0,0,0,0,0,0,0,0,0,0,0,0,0,0,0,0,0,0,0.036421274725274747,0,0,0
2007,1961,BossaNova,Jazz,1962,1967,0.45,0.275,0,0,0,0,0,0,0,0,0,0,0,0,0,0,0,0,0,0,0,0.3881164670329676,0,0,0
2007,1961,BritishBeat,Rock,1963,1967,0.75,0.015,0,0,0,0,0,0,0,0,0,0,0,0,0,0,0,0,0,0,0,0.01751363461538458,0,0,0
2007,1961,BritishBlues,Rock,1964,,0.65,0.015,0,0,0,0,0,0,0,0,0,0,0,0,0,0,0,0,0,0,0,0.01751363461538458,0,0,0
2007,1961,BritishPop,Pop,1964,1968,0.8,0.015,0,0,0,0,0,0,0,0,0,0,0,0,0,0,0,0,0,0,0,0.01751363461538458,0,0,0
2007,1961,Bubblegum,Pop,1967,1971,0.9,0.015,0,0,0,0,0,0,0,0,0,0,0,0,0,0,0,0,0,0,0,0.01751363461538458,0,0,0
2007,1961,Childrens,NonMusic,1950,,0.3,0.35,42,25,14,3,42,17,25,40.476190476190474,17,0,25,827752,0.549432584038091,454341,35.43744486554407,19708.380952380954,819731,9801,98.81849042592691,0.406092560439561,33.15384615384615,0.25,0.9153884120879121
2007,1961,Classical,Classical,1945,,0.15,0.3,43,26,14,3,43,17,26,39.53488372093023,17,0,26,1044062,0.6930115331113395,369353,26.13195699776782,24280.511627906977,1035674,9670,99.07494566381976,0.3729355961538458,29.134615384615383,0.5192307692307693,0.8505010906593409
2007,1961,Comedy,NonMusic,1955,,0.15,0.47500000000000003,45,19,23,3,45,15,30,33.333333333333336,15,0,30,834748,0.5540762820997454,588014,41.32904870948198,18549.955555555556,827378,8671,98.96285983237824,0.6405805054945053,29.346153846153847,0.34615384615384615,1.013608233516483
2007,1961,ContemporaryFolk,Folk,1961,1969,0.5,0.25,19,7,9,3,19,8,11,42.10526315789474,8,0,11,550030,0.36509051527325964,260091,32.10520403742157,28948.947368421053,546260,4112,99.25286896862485,0.40395428571428565,10.26923076923077,0.4423076923076923,0.36809542582417587
2007,1961,Country,Country,1950,,0.65,0.625,222,170,49,3,222,197,25,88.73873873873873,197,0,25,12224468,8.114170719890685,193984,1.5620626467775534,55065.17117117117,12170716,63021,99.48485896010352,0.8016089642857132,144.21153846153845,8.576923076923077,7.891677648351653
2007,1961,CountryRock,Country,1968,,0.4,0.015,0,0,0,0,0,0,0,0,0,0,0,0,0,0,0,0,0,0,0,0.01751363461538458,0,0,0
2007,1961,DooWop,RhythmAndSoul,1954,1965,0.85,0.625,444,337,104,3,444,384,60,86.48648648648648,384,0,60,16238282,10.778398891937707,9075586,35.852229299765646,36572.707207207204,16226304,33768,99.79232564283848,0.7270994065934067,262.6923076923077,11.884615384615385,15.284293409340657
2007,1961,EasyListening,Pop,1950,,0.35,0.75,99,37,59,3,99,32,67,32.323232323232325,32,0,67,3165667,2.101258106309754,1334543,29.65512720517487,31976.434343434343,2962119,206047,93.49633194725277,0.8639458379120872,92.82692307692308,4.134615384615385,3.020206967032965
2007,1961,Folk,Folk,1958,1966,0.5,0.45,179,127,49,3,179,47,132,26.256983240223462,47,0,132,6692855,4.44248110212027,2856031,29.90957269779951,37390.25139664805,6158731,540995,91.92511753465739,0.6176781346153862,273.1923076923077,6.153846153846154,4.895617112637359
2007,1961,FolkRock,Folk,1965,,0.55,0.02,0,0,0,0,0,0,0,0,0,0,0,0,0,0,0,0,0,0,0,0.024686230769230762,0,0,0
2007,1961,Funk,RhythmAndSoul,1967,,0.7,0.035,0,0,0,0,0,0,0,0,0,0,0,0,0,0,0,0,0,0,0,0.039149587912087926,0,0,0
2007,1961,GarageRock,Rock,1963,1968,0.85,0.15000000000000002,0,0,0,0,0,0,0,0,0,0,0,0,0,0,0,0,0,0,0,0.17513707967032988,0,0,0
2007,1961,Gospel,Gospel,1950,,0.5,0.35,220,173,44,3,218,131,87,60.091743119266056,131,0,87,4499569,2.986655209202381,2560580,36.26807309590775,20452.586363636365,4390188,118033,97.38182755459415,0.452213428571429,196.32692307692307,2.3461538461538463,4.676541387362635
2007,1961,HardRock,Rock,1967,,0.4,0.015,0,0,0,0,0,0,0,0,0,0,0,0,0,0,0,0,0,0,0,0.01751363461538458,0,0,0
2007,1961,Jazz,Jazz,1945,,0.3,0.475,202,164,35,3,202,42,160,20.792079207920793,42,0,160,8556343,5.679398714115136,2737322,24.237676608966176,42358.13366336634,7778739,784897,90.83453570422657,0.6011610219780219,276.4807692307692,18.192307692307693,5.5752812142857096
2007,1961,LatinPop,Latin,1958,,0.6,0.225,17,8,6,3,17,9,8,52.94117647058823,9,0,8,157495,0.10453962638940063,65114,29.250389696732835,9264.411764705883,155947,2099,98.67190564772281,0.24445871978022005,12.115384615384615,0,0.275259293956044
2007,1961,ProgressiveRock,Rock,1968,,0.25,0.01,0,0,0,0,0,0,0,0,0,0,0,0,0,0,0,0,0,0,0,0.009999999999999908,0,0,0
2007,1961,ProtoMetal,Rock,1968,,0.4,0.01,0,0,0,0,0,0,0,0,0,0,0,0,0,0,0,0,0,0,0,0.009999999999999908,0,0,0
2007,1961,ProtoPunk,Rock,1967,,0.4,0.01,0,0,0,0,0,0,0,0,0,0,0,0,0,0,0,0,0,0,0,0.009999999999999908,0,0,0
2007,1961,PsychedelicRock,Rock,1966,1971,0.45,0.02,0,0,0,0,0,0,0,0,0,0,0,0,0,0,0,0,0,0,0,0.019999999999999817,0,0,0
2007,1961,Reggae,Caribbean,1968,,0.8,0.01,0,0,0,0,0,0,0,0,0,0,0,0,0,0,0,0,0,0,0,0.009999999999999908,0,0,0
2007,1961,RnB,RhythmAndSoul,1949,1965,0.8,0.45,492,402,87,3,488,441,47,90.3688524590164,441,0,47,16389643,10.878866985464017,6720091,29.079049546827324,33312.28252032521,16387950,20356,99.87594088018592,0.5652589450549448,231.71153846153845,11.307692307692308,12.686366642857148
2007,1961,RockAndRoll,Rock,1955,,0.85,0.625,464,392,69,3,462,434,28,93.93939393939394,434,0,28,15522612,10.303362386536886,7203101,31.69581962070893,33453.90517241379,15502102,41191,99.73499180643381,0.7879371016483517,246.3653846153846,9.557692307692308,14.73440021978022
2007,1961,Rocksteady,Caribbean,1966,1968,0.8,0.01,0,0,0,0,0,0,0,0,0,0,0,0,0,0,0,0,0,0,0,0.009999999999999908,0,0,0
2007,1961,SingerSongwriter,Folk,1967,,0.35,0.035,0,0,0,0,0,0,0,0,0,0,0,0,0,0,0,0,0,0,0,0.042541096153846165,0,0,0
2007,1961,Ska,Caribbean,1964,1967,0.8,0.015,0,0,0,0,0,0,0,0,0,0,0,0,0,0,0,0,0,0,0,0.01751363461538458,0,0,0
2007,1961,Soul,RhythmAndSoul,1961,,0.7,0.375,444,373,68,3,441,242,199,54.87528344671202,242,0,199,11367629,7.54543121110712,5783734,33.72171646066846,25602.768018018018,11362184,22827,99.79949953495873,0.5526395000000001,281.28846153846155,7.1923076923076925,10.725350895604405
2007,1961,SunshinePop,Pop,1965,1971,0.55,0.035,0,0,0,0,0,0,0,0,0,0,0,0,0,0,0,0,0,0,0,0.042541096153846165,0,0,0
2007,1961,SurfRock,Rock,1961,1966,0.8,0.32499999999999996,66,45,18,3,66,60,6,90.9090909090909,60,0,6,1622247,1.0767903444003049,1022947,38.671908374206204,24579.5,1624720,0,100,0.5877842445054955,28.71153846153846,0.8076923076923077,1.7022144505494514
2007,1961,TeenPop,Pop,1957,1965,0.9,0.725,382,313,66,3,381,330,51,86.61417322834646,330,0,51,14729510,9.776929250445669,7237760,32.94792661992137,38558.92670157068,14671034,76215,99.4831917464742,0.8638738956043959,240.25,10.26923076923077,14.817210307692283
2007,1961,TexMex,Latin,1959,,0.75,0.175,24,11,10,3,24,13,11,54.166666666666664,13,0,11,184397,0.12239622519652249,244,0.13214833108572852,7683.208333333333,182847,2064,98.88378733552898,0.21336661538461538,12.5,0.038461538461538464,0.34078516758241756
2007,1961,TraditionalPop,Pop,1950,1971,0.45,0.825,405,316,86,3,405,171,234,42.22222222222222,171,0,234,34190792,22.69464187204488,6390033,15.74643443054694,84421.7086419753,32373310,1834806,94.63634302456177,0.9201554368131861,566.2307692307693,53.84615384615385,18.903113461538457
2007,1962,AcidRock,Rock,1966,1971,0.4,0.02,0,0,0,0,0,0,0,0,0,0,0,0,0,0,0,0,0,0,0,0.027500008241758217,0,0,0
2007,1962,BaroquePop,Pop,1966,1970,0.5,0.02,0,0,0,0,0,0,0,0,0,0,0,0,0,0,0,0,0,0,0,0.04000000000000009,0,0,0
2007,1962,Blues,Blues,1945,,0.5,0.3,33,22,8,3,33,20,13,60.60606060606061,20,0,13,451869,0.30008929182051086,246188,35.26760708652732,13693,384634,68255,84.92897818229191,0.31038500000000047,41.71153846153846,0.5,0.5246184065934065
2007,1962,BluesRock,Rock,1966,,0.45,0.05,4,4,0,0,4,4,0,100,4,0,0,33624,0.022329928249498986,8001,19.221621621621622,8406,33896,0,100,0.09750004120879108,1.8653846153846154,0,0.06693880219780224
2007,1962,Boogaloo,Latin,1966,1969,0.7,0.05,0,0,0,0,0,0,0,0,0,0,0,0,0,0,0,0,0,0,0,0.053508964285714306,0,0,0
2007,1962,BossaNova,Jazz,1962,1967,0.45,0.5,30,12,15,3,30,30,0,100,30,0,0,741474,0.49241795202441746,343310,31.647775040929808,24715.8,741957,0,100,0.6352862225274727,9.326923076923077,0.5384615384615384,0.685895956043956
2007,1962,BritishBeat,Rock,1963,1967,0.75,0.02,0,0,0,0,0,0,0,0,0,0,0,0,0,0,0,0,0,0,0,0.2525000686813185,0,0,0
2007,1962,BritishBlues,Rock,1964,,0.65,0.02,0,0,0,0,0,0,0,0,0,0,0,0,0,0,0,0,0,0,0,0.1650000659340659,0,0,0
2007,1962,BritishPop,Pop,1964,1968,0.8,0.02,0,0,0,0,0,0,0,0,0,0,0,0,0,0,0,0,0,0,0,0.2150000576923075,0,0,0
2007,1962,Bubblegum,Pop,1967,1971,0.9,0.02,0,0,0,0,0,0,0,0,0,0,0,0,0,0,0,0,0,0,0,0.02749999999999997,0,0,0
2007,1962,Childrens,NonMusic,1950,,0.3,0.35,37,21,13,3,37,13,24,35.13513513513514,13,0,24,651286,0.43252348471042107,316076,32.67401448475338,17602.324324324323,639017,13862,97.87678880772701,0.41313040659340794,38.5,0.25,0.8115702307692307
2007,1962,Classical,Classical,1945,,0.15,0.3,32,21,8,3,31,11,20,35.483870967741936,11,0,20,602617,0.4002020691151657,335630,35.77203017968616,18831.78125,587106,17239,97.14749025804797,0.3525431428571429,34.03846153846154,0.15384615384615385,0.7009110192307695
2007,1962,Comedy,NonMusic,1955,,0.15,0.55,40,29,8,3,40,13,27,32.5,13,0,27,666843,0.44285499475614604,581389,46.57699850668786,16671.075,654815,13499,97.98014107141255,0.6040492500000012,39.5,0.25,0.9597615137362638
2007,1962,ContemporaryFolk,Folk,1961,1969,0.5,0.4,43,20,20,3,43,23,20,53.48837209302326,23,0,20,897283,0.5958917740154414,577132,39.14311777891571,20867.04651162791,888186,10369,98.8460361357958,0.5442335329670339,27.153846153846153,0.4230769230769231,0.8824346153846154
2007,1962,Country,Country,1950,,0.65,0.6,219,164,52,3,219,191,28,87.21461187214612,191,0,28,13928963,9.250319544965684,195975,1.3874397183194715,63602.57077625571,13816306,122915,99.11820753828353,0.7816910576923078,164.53846153846155,10.288461538461538,8.15326629945055
2007,1962,CountryRock,Country,1968,,0.4,0.02,0,0,0,0,0,0,0,0,0,0,0,0,0,0,0,0,0,0,0,0.027500010989010962,0,0,0
2007,1962,DooWop,RhythmAndSoul,1954,1965,0.85,0.5,305,251,51,3,305,251,54,82.29508196721312,251,0,54,10388058,6.8987803292777174,5298576,33.77764790075423,34059.20655737705,10371359,31464,99.69754363791444,0.5525000659340671,186.09615384615384,7.269230769230769,8.892175074175826
2007,1962,EasyListening,Pop,1950,,0.35,0.7,100,47,50,3,100,28,72,28,28,0,72,3966972,2.634493222929202,1684193,29.802580529855348,39669.72,3586874,384652,90.3147555876507,0.8007193461538457,165.55769230769232,3.75,3.515936277472527
2007,1962,Folk,Folk,1958,1966,0.5,0.5,187,142,42,3,187,65,122,34.75935828877005,65,0,122,7566653,5.025065982002625,2709753,26.3686837596724,40463.38502673797,6871833,702273,90.72797502437912,0.6801265686813187,390.9807692307692,5.769230769230769,5.399357576923078
2007,1962,FolkRock,Folk,1965,,0.55,0.02,0,0,0,0,0,0,0,0,0,0,0,0,0,0,0,0,0,0,0,0.04679984615384619,0,0,0
2007,1962,Funk,RhythmAndSoul,1967,,0.7,0.05,0,0,0,0,0,0,0,0,0,0,0,0,0,0,0,0,0,0,0,0.05751731043956044,0,0,0
2007,1962,GarageRock,Rock,1963,1968,0.85,0.2,0,0,0,0,0,0,0,0,0,0,0,0,0,0,0,0,0,0,0,0.27500010439560435,0,0,0
2007,1962,Gospel,Gospel,1950,,0.5,0.35,186,150,33,3,186,108,78,58.064516129032256,108,0,78,4110174,2.729594650040336,2019588,32.94724982797048,22097.709677419356,4000530,117441,97.14808579273628,0.452213428571429,195.26923076923077,2.173076923076923,4.177738247252751
2007,1962,HardRock,Rock,1967,,0.4,0.02,0,0,0,0,0,0,0,0,0,0,0,0,0,0,0,0,0,0,0,0.027500005494505465,0,0,0
2007,1962,Jazz,Jazz,1945,,0.3,0.45,169,140,26,3,168,31,137,18.452380952380953,31,0,137,10218489,6.786168397225038,2442915,19.294187279704527,60464.43195266272,8811858,1414089,86.1715594653483,0.5687500357142848,418.5192307692308,22,5.247372387362639
2007,1962,LatinPop,Latin,1958,,0.6,0.25,35,22,10,3,35,22,13,62.857142857142854,22,0,13,479439,0.3183987172856158,199541,29.388347226722438,13698.257142857143,477570,3092,99.35672052294544,0.3223356263736263,19.134615384615383,0.19230769230769232,0.5885442554945056
2007,1962,ProgressiveRock,Rock,1968,,0.25,0.01,0,0,0,0,0,0,0,0,0,0,0,0,0,0,0,0,0,0,0,0.012499999999999982,0,0,0
2007,1962,ProtoMetal,Rock,1968,,0.4,0.01,0,0,0,0,0,0,0,0,0,0,0,0,0,0,0,0,0,0,0,0.012499999999999982,0,0,0
2007,1962,ProtoPunk,Rock,1967,,0.4,0.01,0,0,0,0,0,0,0,0,0,0,0,0,0,0,0,0,0,0,0,0.012499999999999982,0,0,0
2007,1962,PsychedelicRock,Rock,1966,1971,0.45,0.02,0,0,0,0,0,0,0,0,0,0,0,0,0,0,0,0,0,0,0,0.04000000000000009,0,0,0
2007,1962,Reggae,Caribbean,1968,,0.8,0.01,0,0,0,0,0,0,0,0,0,0,0,0,0,0,0,0,0,0,0,0.012499999999999982,0,0,0
2007,1962,RnB,RhythmAndSoul,1949,1965,0.8,0.5,421,352,66,3,418,368,50,88.03827751196172,368,0,50,15958480,10.598135658192499,6023184,27.4009465343479,37906.12826603325,15933246,41767,99.73854794359166,0.6073216346153841,218.25,11.288461538461538,11.698697843406583
2007,1962,RockAndRoll,Rock,1955,,0.85,0.65,474,410,61,3,474,442,32,93.24894514767932,442,0,32,16739048,11.116516202858659,6871042,29.102142346767845,35314.44725738397,16700984,56270,99.66420512573241,0.7632342719780215,244.76923076923077,11,14.180079560439554
2007,1962,Rocksteady,Caribbean,1966,1968,0.8,0.01,0,0,0,0,0,0,0,0,0,0,0,0,0,0,0,0,0,0,0,0.012499999999999982,0,0,0
2007,1962,SingerSongwriter,Folk,1967,,0.35,0.05,0,0,0,0,0,0,0,0,0,0,0,0,0,0,0,0,0,0,0,0.06249999999999999,0,0,0
2007,1962,Ska,Caribbean,1964,1967,0.8,0.02,0,0,0,0,0,0,0,0,0,0,0,0,0,0,0,0,0,0,0,0.02750000274725272,0,0,0
2007,1962,Soul,RhythmAndSoul,1961,,0.7,0.55,428,349,76,3,428,203,225,47.429906542056074,203,0,225,13877155,9.215913498012613,6050774,30.36328561788834,32423.25934579439,13870793,23921,99.82784100485983,0.7113295439560441,286.15384615384613,9.346153846153847,12.571004939560439
2007,1962,SunshinePop,Pop,1965,1971,0.55,0.05,0,0,0,0,0,0,0,0,0,0,0,0,0,0,0,0,0,0,0,0.08750001923076915,0,0,0
2007,1962,SurfRock,Rock,1961,1966,0.8,0.6,111,70,38,3,111,95,16,85.58558558558559,95,0,16,3998484,2.6554205575413308,1427449,26.30789948935971,36022.37837837838,3996616,4782,99.88049176812704,0.7497116181318684,46.09615384615385,2.7884615384615383,3.14379548901099
2007,1962,TeenPop,Pop,1957,1965,0.9,0.75,326,251,72,3,326,278,48,85.2760736196319,278,0,48,15303909,10.163430582526226,5386149,26.032546646316796,46944.50613496933,15210094,107872,99.29578117616921,0.8178294313186815,234.76923076923077,12.903846153846153,12.147059002747245
2007,1962,TexMex,Latin,1959,,0.75,0.2,34,19,12,3,34,19,15,55.88235294117647,19,0,15,541474,0.3595965848491915,4702,0.8608946566674479,15925.70588235294,537267,5414,99.00236050276314,0.2725893241758242,20.807692307692307,0.28846153846153844,0.5383484972527472
2007,1962,TraditionalPop,Pop,1950,1971,0.45,0.75,348,273,72,3,347,137,210,39.481268011527376,137,0,210,29455888,19.56185657760166,5609273,15.996712520441585,84643.35632183908,26918126,2554565,91.33243381135438,0.8420674423076916,754.4038461538462,48.82692307692308,15.458361868131854
2007,1963,AcidRock,Rock,1966,1971,0.4,0.035,0,0,0,0,0,0,0,0,0,0,0,0,0,0,0,0,0,0,0,0.04245891758241752,0,0,0
2007,1963,BaroquePop,Pop,1966,1970,0.5,0.06,0,0,0,0,0,0,0,0,0,0,0,0,0,0,0,0,0,0,0,0.07989042307692291,0,0,0
2007,1963,Blues,Blues,1945,,0.5,0.3,45,31,11,3,45,31,14,68.88888888888889,31,0,14,1007216,0.6699440591628896,532418,34.58081596015676,22382.577777777777,943340,65223,93.53307626791782,0.35867730769230804,52.65384615384615,0.7307692307692307,0.8757551153846154
2007,1963,BluesRock,Rock,1966,,0.45,0.1,0,0,0,0,0,0,0,0,0,0,0,5479,0.0036443260434241235,5626,50.661864025213866,0,5520,0,100,0.16215303846153842,0.28846153846153844,0,0.008707939560439564
2007,1963,Boogaloo,Latin,1966,1969,0.7,0.07500000000000001,0,0,0,0,0,0,0,0,0,0,0,0,0,0,0,0,0,0,0,0.07485388461538461,0,0,0
2007,1963,BossaNova,Jazz,1962,1967,0.45,0.525,46,19,24,3,46,45,1,97.82608695652173,45,0,1,2058144,1.3689629093478919,566302,21.57796350163044,44742.260869565216,2059651,0,100,0.6856375851648354,18.03846153846154,1.3653846153846154,1.2731260412087906
2007,1963,BritishBeat,Rock,1963,1967,0.75,0.485,0,0,0,0,0,0,0,0,0,0,0,0,0,0,0,0,0,0,0,0.687042986263736,0,0,0
2007,1963,BritishBlues,Rock,1964,,0.65,0.31,0,0,0,0,0,0,0,0,0,0,0,0,0,0,0,0,0,0,0,0.45420560714285746,0,0,0
2007,1963,BritishPop,Pop,1964,1968,0.8,0.41000000000000003,0,0,0,0,0,0,0,0,0,0,0,0,0,0,0,0,0,0,0,0.5887751236263736,0,0,0
2007,1963,Bubblegum,Pop,1967,1971,0.9,0.035,0,0,0,0,0,0,0,0,0,0,0,0,0,0,0,0,0,0,0,0.04245891758241752,0,0,0
2007,1963,Childrens,NonMusic,1950,,0.3,0.35,33,20,10,3,33,14,19,42.42424242424242,14,0,19,966325,0.6427456404292419,419386,30.265040834632906,29282.575757575756,953474,14263,98.52614915002734,0.41931834065934037,30.076923076923077,0.7115384615384616,0.7293333928571429
2007,1963,Classical,Classical,1945,,0.15,0.3,31,16,12,3,31,10,21,32.25806451612903,10,0,21,605550,0.4027781776958346,344091,36.23379782465163,19533.870967741936,591650,15234,97.48980035723466,0.34076858791208786,35.69230769230769,0.19230769230769232,0.6562190027472524
2007,1963,Comedy,NonMusic,1955,,0.15,0.47500000000000003,51,36,12,3,51,14,37,27.45098039215686,14,0,37,988365,0.6574054225057281,456414,31.59057544441053,19379.70588235294,976698,13528,98.63384722275521,0.5384699835164831,40.67307692307692,0.5,1.0435267582417598
2007,1963,ContemporaryFolk,Folk,1961,1969,0.5,0.47500000000000003,44,19,22,3,43,16,27,37.2093023255814,16,0,27,1039061,0.6911255818591555,514244,33.10644078271814,23615.022727272728,1030207,10515,98.98964372810414,0.6404696153846154,36.80769230769231,0.7115384615384616,1.1347182252747254
2007,1963,Country,Country,1950,,0.65,0.575,201,154,44,3,201,172,29,85.57213930348259,172,0,29,11847707,7.880435695374757,196379,1.6305014759941103,58943.81592039801,11685945,170291,98.56370099245663,0.7607392197802217,155.92307692307693,11.153846153846153,6.762289928571434
2007,1963,CountryRock,Country,1968,,0.4,0.035,0,0,0,0,0,0,0,0,0,0,0,0,0,0,0,0,0,0,0,0.042458909340659275,0,0,0
2007,1963,DooWop,RhythmAndSoul,1954,1965,0.85,0.35,288,235,50,3,287,241,46,83.97212543554006,241,0,46,7378051,4.907469138348494,3919203,34.69164276557825,25618.23263888889,7356061,33738,99.54345172311181,0.3580342335164824,167.1346153846154,4.038461538461538,6.649491807692307
2007,1963,EasyListening,Pop,1950,,0.35,0.625,82,30,49,3,81,21,60,25.925925925925927,21,0,60,4527546,3.011471765030246,1132292,20.005731612812948,55213.9756097561,3980317,550656,87.8468487894322,0.7244466126373627,204.8846153846154,7.884615384615385,2.77623403021978
2007,1963,Folk,Folk,1958,1966,0.5,0.55,168,124,41,3,168,71,97,42.26190476190476,71,0,97,8505863,5.6576269488405995,2363161,21.742163785819223,50630.13690476191,7770238,742619,91.27650094439505,0.7359305741758242,425.59615384615387,8.865384615384615,5.1303585769230775
2007,1963,FolkRock,Folk,1965,,0.55,0.06,0,0,0,0,0,0,0,0,0,0,0,0,0,0,0,0,0,0,0,0.08560373076923088,0,0,0
2007,1963,Funk,RhythmAndSoul,1967,,0.7,0.07500000000000001,0,0,0,0,0,0,0,0,0,0,0,0,0,0,0,0,0,0,0,0.08046123076923078,0,0,0
2007,1963,GarageRock,Rock,1963,1968,0.85,0.35,19,4,12,3,19,16,3,84.21052631578948,16,0,3,359871,0.23936617221629544,172730,32.43140737625352,18940.57894736842,360225,0,100,0.4672758791208797,7.6923076923076925,0.19230769230769232,0.352104401098901
2007,1963,Gospel,Gospel,1950,,0.5,0.35,188,149,36,3,188,102,86,54.255319148936174,102,0,86,4258591,2.832577859023833,2829225,39.91673880924674,22652.07978723404,4162372,103578,97.57198279398493,0.452213428571429,178.46153846153845,2.0576923076923075,4.255538291208789
2007,1963,HardRock,Rock,1967,,0.4,0.035,0,0,0,0,0,0,0,0,0,0,0,0,0,0,0,0,0,0,0,0.042458912087912026,0,0,0
2007,1963,Jazz,Jazz,1945,,0.3,0.42500000000000004,148,120,25,3,148,32,116,21.62162162162162,32,0,116,12051435,8.015944229080672,2213834,15.51904839649361,81428.61486486487,10278829,1778886,85.24690623389257,0.5363390851648345,485.8269230769231,38.82692307692308,4.604023379120882
2007,1963,LatinPop,Latin,1958,,0.6,0.275,30,15,12,3,30,15,15,50,15,0,15,565126,0.37589038138640285,333496,37.11193360500856,18837.533333333333,561288,4908,99.13316236780196,0.3503510164835165,20.73076923076923,0.3076923076923077,0.5735456373626369
2007,1963,ProgressiveRock,Rock,1968,,0.25,0.015,0,0,0,0,0,0,0,0,0,0,0,0,0,0,0,0,0,0,0,0.017486368131868137,0,0,0
2007,1963,ProtoMetal,Rock,1968,,0.4,0.015,0,0,0,0,0,0,0,0,0,0,0,0,0,0,0,0,0,0,0,0.017486368131868137,0,0,0
2007,1963,ProtoPunk,Rock,1967,,0.4,0.015,0,0,0,0,0,0,0,0,0,0,0,0,0,0,0,0,0,0,0,0.01748636538461539,0,0,0
2007,1963,PsychedelicRock,Rock,1966,1971,0.45,0.06,0,0,0,0,0,0,0,0,0,0,0,0,0,0,0,0,0,0,0,0.07989042307692291,0,0,0
2007,1963,Reggae,Caribbean,1968,,0.8,0.015,0,0,0,0,0,0,0,0,0,0,0,0,0,0,0,0,0,0,0,0.01748636538461539,0,0,0
2007,1963,RnB,RhythmAndSoul,1949,1965,0.8,0.525,400,331,66,3,400,361,39,90.25,361,0,39,16788030,11.166463761048638,5905110,26.0215642260172,41970.075,16752360,50495,99.6994855933709,0.6353889560439564,209.03846153846155,11.903846153846153,11.017631260989013
2007,1963,RockAndRoll,Rock,1955,,0.85,0.575,416,366,47,3,413,380,33,92.00968523002422,380,0,33,15317609,10.188421500581812,6547767,29.945823936437225,36821.175480769234,15245168,89267,99.41786573812469,0.6894135604395599,235.44230769230768,10,12.481721118131874
2007,1963,Rocksteady,Caribbean,1966,1968,0.8,0.015,0,0,0,0,0,0,0,0,0,0,0,0,0,0,0,0,0,0,0,0.017486368131868137,0,0,0
2007,1963,SingerSongwriter,Folk,1967,,0.35,0.07500000000000001,0,0,0,0,0,0,0,0,0,0,0,0,0,0,0,0,0,0,0,0.08743151923076922,0,0,0
2007,1963,Ska,Caribbean,1964,1967,0.8,0.035,0,0,0,0,0,0,0,0,0,0,0,0,0,0,0,0,0,0,0,0.04245891483516477,0,0,0
2007,1963,Soul,RhythmAndSoul,1961,,0.7,0.65,429,329,97,3,428,214,214,50,214,0,214,15177391,10.095156286280508,6085073,28.618851512223607,35378.5337995338,15165900,26954,99.82258764548122,0.8089790439560446,288.9230769230769,11.288461538461538,13.403352802197801
2007,1963,SunshinePop,Pop,1965,1971,0.55,0.125,0,0,0,0,0,0,0,0,0,0,0,0,0,0,0,0,0,0,0,0.1622945714285714,0,0,0
2007,1963,SurfRock,Rock,1961,1966,0.8,0.625,114,77,34,3,114,92,22,80.70175438596492,92,0,22,4580822,3.0469079968772004,1847660,28.741777607839612,40182.649122807015,4568726,17604,99.61616368643338,0.7774648241758236,73.92307692307692,3.0961538461538463,4.13307654945055
2007,1963,TeenPop,Pop,1957,1965,0.9,0.625,317,262,52,3,317,283,34,89.27444794952682,283,0,34,13836972,9.20358412515612,5071367,26.820795840396134,43649.75394321766,13745157,104571,99.24495990101755,0.6988725961538459,222.8653846153846,11.134615384615385,10.499389475274725
2007,1963,TexMex,Latin,1959,,0.75,0.225,24,14,7,3,24,19,5,79.16666666666667,19,0,5,334630,0.22257726298795666,4862,1.4321397853263111,13942.916666666666,328744,7064,97.89641700019058,0.30729564560439565,17.865384615384617,0.09615384615384616,0.4603306071428573
2007,1963,TraditionalPop,Pop,1950,1971,0.45,0.625,337,272,62,3,337,158,179,46.88427299703264,158,0,179,28143515,18.719500760722298,5704692,16.85374944675799,83511.91394658753,25338631,2820000,89.98530858975353,0.7126584505494505,838.0384615384615,65.32692307692308,12.882106458791212
2007,1964,AcidRock,Rock,1966,1971,0.4,0.05,0,0,0,0,0,0,0,0,0,0,0,0,0,0,0,0,0,0,0,0.11164644230769231,0,0,0
2007,1964,BaroquePop,Pop,1966,1970,0.5,0.1,0,0,0,0,0,0,0,0,0,0,0,0,0,0,0,0,0,0,0,0.19863429120879184,0,0,0
2007,1964,Blues,Blues,1945,,0.5,0.3,33,19,11,3,33,14,19,42.42424242424242,14,0,19,1143207,0.7157203660088398,297954,20.674581118972828,34642.63636363636,1038719,106027,90.73794536080493,0.3838760082417579,58.03846153846154,2.4038461538461537,0.6954328269230771
2007,1964,BluesRock,Rock,1966,,0.45,0.15,0,0,0,0,0,0,0,0,0,0,0,0,0,0,0,0,0,0,0,0.29083489835164833,0,0,0
2007,1964,Boogaloo,Latin,1966,1969,0.7,0.1,0,0,0,0,0,0,0,0,0,0,0,0,0,0,0,0,0,0,0,0.13839248901098922,0,0,0
2007,1964,BossaNova,Jazz,1962,1967,0.45,0.55,46,23,20,3,46,46,0,100,46,0,0,1802541,1.1285054275087016,826809,31.44537623366992,39185.67391304348,1804561,0,100,0.6568394175824176,21.78846153846154,0.9230769230769231,1.5042128241758241
2007,1964,BritishBeat,Rock,1963,1967,0.75,0.95,133,42,88,3,133,85,48,63.909774436090224,85,0,48,6042212,3.782809398597983,1900534,23.92792114968803,45430.16541353383,6028108,16690,99.72389482659305,0.9413688269230771,60.48076923076923,4.1923076923076925,4.250680145604396
2007,1964,BritishBlues,Rock,1964,,0.65,0.6,0,0,0,0,0,0,0,0,0,0,0,0,0,0,0,0,0,0,0,0.6246586620879123,0,0,0
2007,1964,BritishPop,Pop,1964,1968,0.8,0.8,97,21,73,3,96,56,40,58.333333333333336,56,0,40,5081228,3.18117223209302,1304369,20.426735354580003,52383.79381443299,5068376,14221,99.72020209353605,0.8769082802197802,38.82692307692308,3.480769230769231,2.710250983516484
2007,1964,Bubblegum,Pop,1967,1971,0.9,0.05,0,0,0,0,0,0,0,0,0,0,0,0,0,0,0,0,0,0,0,0.08698784340659331,0,0,0
2007,1964,Childrens,NonMusic,1950,,0.3,0.35,34,14,17,3,33,14,19,42.42424242424242,14,0,19,772361,0.4835471595353716,501166,39.35260108344778,22716.5,754848,18676,97.58559527564755,0.43924298351648444,35.05769230769231,0.3269230769230769,0.6859658489010984
2007,1964,Classical,Classical,1945,,0.15,0.3,23,16,4,3,23,6,17,26.08695652173913,6,0,17,736105,0.4608485952421014,268792,26.74821399606129,32004.565217391304,713039,23939,96.75173478719853,0.3719787115384618,35.75,0.40384615384615385,0.4623908159340663
2007,1964,Comedy,NonMusic,1955,,0.15,0.4,56,36,17,3,56,14,42,25,14,0,42,2686926,1.6821867432220656,732371,21.418759470148395,47980.82142857143,2648228,40649,98.48825364641075,0.5033011785714288,63.55769230769231,1.6730769230769231,1.5147086153846157
2007,1964,ContemporaryFolk,Folk,1961,1969,0.5,0.55,38,21,14,3,38,17,21,44.73684210526316,17,0,21,1856834,1.1624963021549537,480199,20.547377807673232,48864.05263157895,1843265,14921,99.19701257032396,0.6526395879120879,35.76923076923077,1.25,1.1460798571428572
2007,1964,Country,Country,1950,,0.65,0.55,191,155,33,3,191,190,1,99.47643979057591,190,0,1,15821027,9.90497017169746,272230,1.6915780317185016,82832.60209424084,15626129,203196,98.71633187138428,0.7500914285714272,167.19230769230768,16.096153846153847,7.155203546703298
2007,1964,CountryRock,Country,1968,,0.4,0.05,0,0,0,0,0,0,0,0,0,0,0,0,0,0,0,0,0,0,0,0.06232929395604411,0,0,0
2007,1964,DooWop,RhythmAndSoul,1954,1965,0.85,0.2,252,227,22,3,252,207,45,82.14285714285714,207,0,45,4653240,2.9132244955873907,2667953,36.44150618621856,18465.238095238095,4621328,41039,99.11978186187402,0.2279439780219783,146.69230769230768,1.6923076923076923,4.56205851098901
2007,1964,EasyListening,Pop,1950,,0.35,0.55,72,38,31,3,72,28,44,38.888888888888886,28,0,44,3683367,2.3060222491507507,1180928,24.277474947551497,51157.875,3077376,609279,83.47339254690228,0.6983184230769233,216.32692307692307,11.884615384615385,2.24947367857143
2007,1964,Folk,Folk,1958,1966,0.5,0.6,138,106,29,3,138,80,58,57.971014492753625,80,0,58,8795664,5.506645653298813,2887915,24.717725621575376,63736.69565217391,7914666,887665,89.91556895554143,0.7227637087912091,407.21153846153845,17.846153846153847,5.021149782967034
2007,1964,FolkRock,Folk,1965,,0.55,0.1,0,0,0,0,0,0,0,0,0,0,0,0,0,0,0,0,0,0,0,0.29425359615384644,0,0,0
2007,1964,Funk,RhythmAndSoul,1967,,0.7,0.1,0,0,0,0,0,0,0,0,0,0,0,0,0,0,0,0,0,0,0,0.12606682417582427,0,0,0
2007,1964,GarageRock,Rock,1963,1968,0.85,0.5,39,12,24,3,39,38,1,97.43589743589743,38,0,1,992089,0.6211108768519996,570297,36.50167116192797,25438.17948717949,993161,0,100,0.6323511510989006,14.25,0.4423076923076923,0.926229574175824
2007,1964,Gospel,Gospel,1950,,0.5,0.35,169,137,29,3,167,80,87,47.90419161676647,80,0,87,4397740,2.753265228792087,2446170,35.74228766889103,26022.13017751479,4257161,146730,96.66817366733191,0.46814361813186833,190.65384615384616,2.480769230769231,3.830925346153849
2007,1964,HardRock,Rock,1967,,0.4,0.05,0,0,0,0,0,0,0,0,0,0,0,0,0,0,0,0,0,0,0,0.07465856868131877,0,0,0
2007,1964,Jazz,Jazz,1945,,0.3,0.4,145,120,22,3,145,69,76,47.58620689655172,69,0,76,14108812,8.833014570930647,2932495,17.20815780151135,97302.15172413793,12026487,2089179,85.19957187992405,0.5200000000000025,484.3076923076923,62.21153846153846,4.806767618131869
2007,1964,LatinPop,Latin,1958,,0.6,0.3,28,18,7,3,28,17,11,60.714285714285715,17,0,11,433877,0.27163462543775313,211105,32.73037077003699,15495.607142857143,426573,8092,98.13833642000161,0.3446209890109892,21.846153846153847,0.1346153846153846,0.46161405769230757
2007,1964,ProgressiveRock,Rock,1968,,0.25,0.02,0,0,0,0,0,0,0,0,0,0,0,0,0,0,0,0,0,0,0,0.02739759340659344,0,0,0
2007,1964,ProtoMetal,Rock,1968,,0.4,0.02,0,0,0,0,0,0,0,0,0,0,0,0,0,0,0,0,0,0,0,0.02739759340659344,0,0,0
2007,1964,ProtoPunk,Rock,1967,,0.4,0.02,0,0,0,0,0,0,0,0,0,0,0,0,0,0,0,0,0,0,0,0.027397596153846186,0,0,0
2007,1964,PsychedelicRock,Rock,1966,1971,0.45,0.1,0,0,0,0,0,0,0,0,0,0,0,0,0,0,0,0,0,0,0,0.19863429120879184,0,0,0
2007,1964,Reggae,Caribbean,1968,,0.8,0.02,0,0,0,0,0,0,0,0,0,0,0,0,0,0,0,0,0,0,0,0.022465846153846145,0,0,0
2007,1964,RnB,RhythmAndSoul,1949,1965,0.8,0.55,339,283,53,3,338,286,52,84.61538461538461,286,0,52,15707679,9.834007107224998,5706343,26.647693740111034,46335.33628318584,15645144,75578,99.51924599900691,0.6217782087912087,219.80769230769232,10.711538461538462,10.084881659340654
2007,1964,RockAndRoll,Rock,1955,,0.85,0.5,305,272,30,3,305,267,38,87.54098360655738,267,0,38,12858969,8.050533279779012,4850852,27.390745507817385,42160.554098360655,12722697,150078,98.83414415306723,0.6179439642857143,213.8846153846154,8.884615384615385,8.686009991758246
2007,1964,Rocksteady,Caribbean,1966,1968,0.8,0.02,0,0,0,0,0,0,0,0,0,0,0,0,0,0,0,0,0,0,0,0.03479513461538463,0,0,0
2007,1964,SingerSongwriter,Folk,1967,,0.35,0.1,0,0,0,0,0,0,0,0,0,0,0,0,0,0,0,0,0,0,0,0.12465863736263763,0,0,0
2007,1964,Ska,Caribbean,1964,1967,0.8,0.05,6,0,3,3,6,1,5,16.666666666666668,1,0,5,34594,0.021658046479517537,1154,3.2281526239230165,5765.666666666667,33936,815,97.65474374838134,0.06232928846153861,3.923076923076923,0,0.07135853571428569
2007,1964,Soul,RhythmAndSoul,1961,,0.7,0.75,383,320,60,3,383,193,190,50.391644908616186,193,0,190,15432819,9.66192724784591,6429887,29.410298066488203,40294.56657963446,15405986,42737,99.72336224812886,0.874623697802198,270.86538461538464,10.307692307692308,13.313910000000005
2007,1964,SunshinePop,Pop,1965,1971,0.55,0.2,0,0,0,0,0,0,0,0,0,0,0,0,0,0,0,0,0,0,0,0.286305041208791,0,0,0
2007,1964,SurfRock,Rock,1961,1966,0.8,0.65,108,83,22,3,108,90,18,83.33333333333333,90,0,18,3107079,1.9452292709005283,1475682,32.20071917344151,28769.25,3090146,20744,99.33318117966242,0.7294387774725275,67.9423076923077,1.6153846153846154,3.1993488818681333
2007,1964,TeenPop,Pop,1957,1965,0.9,0.5,287,241,43,3,287,240,47,83.62369337979094,240,0,47,11585219,7.253084684551936,4829223,29.42057366311934,40366.61672473868,11458447,139031,98.80119626008344,0.5993446565934057,215.32692307692307,7.673076923076923,8.324705989010987
2007,1964,TexMex,Latin,1959,,0.75,0.25,24,17,4,3,24,19,5,79.16666666666667,19,0,5,349383,0.21873600199899623,8118,2.270762878984954,14557.625,345051,4794,98.62967885777988,0.31918067582417575,12.403846153846153,0.07692307692307693,0.36598814560439535
2007,1964,TraditionalPop,Pop,1950,1971,0.45,0.5,304,252,49,3,304,231,73,75.98684210526316,231,0,73,27645192,17.307650265109164,5423380,16.400405799198104,90938.13157894737,25090232,2568346,90.71410684960014,0.6175791868131867,772.2692307692307,83.28846153846153,10.675495076923081
2007,1965,AcidRock,Rock,1966,1971,0.4,0.175,0,0,0,0,0,0,0,0,0,0,0,0,0,0,0,0,0,0,0,0.23732848787061994,0,0,0
2007,1965,BaroquePop,Pop,1966,1970,0.5,0.30000000000000004,0,0,0,0,0,0,0,0,0,0,0,0,0,0,0,0,0,0,0,0.39972567385444685,0,0,0
2007,1965,Blues,Blues,1945,,0.5,0.32499999999999996,44,21,20,3,44,16,28,36.36363636363637,16,0,28,1001814,0.5906586337193104,630474,38.62516908780803,22768.5,836708,166658,83.3901088934646,0.3900933530997297,76.26415094339623,2.150943396226415,0.8706618652291113
2007,1965,BluesRock,Rock,1966,,0.45,0.30000000000000004,0,0,0,0,0,0,0,0,0,0,0,0,0,0,0,0,0,0,0,0.48352208894878645,0,0,0
2007,1965,Boogaloo,Latin,1966,1969,0.7,0.22499999999999998,0,0,0,0,0,0,0,0,0,0,0,0,0,0,0,0,0,0,0,0.24599426954177936,0,0,0
2007,1965,BossaNova,Jazz,1962,1967,0.45,0.47500000000000003,54,25,26,3,54,54,0,100,54,0,0,2156755,1.2715992804725142,662066,23.487337436467232,39939.90740740741,2158689,0,100,0.5636565579514844,19.62264150943396,1.3396226415094339,1.3179892533692719
2007,1965,BritishBeat,Rock,1963,1967,0.75,0.825,149,63,83,3,149,44,105,29.530201342281877,44,0,105,6991796,4.122286844268636,2726759,28.05724719364144,46924.80536912752,6907643,90050,98.7131473186949,0.8847519811320751,135.67924528301887,4.09433962264151,5.521402636118599
2007,1965,BritishBlues,Rock,1964,,0.65,0.6499999999999999,108,16,89,3,107,30,77,28.037383177570092,30,0,77,4405564,2.5974725977107327,1325883,23.13347746214874,40792.25925925926,4371652,35817,99.18735673467017,0.842566064690027,62.339622641509436,2.660377358490566,2.8677931805929906
2007,1965,BritishPop,Pop,1964,1968,0.8,0.775,189,44,142,3,187,46,141,24.59893048128342,46,0,141,8898082,5.246212327679977,3341348,27.29986608853517,47079.798941798945,8799603,104376,98.82776003851761,0.8669726415094341,150.75471698113208,5.660377358490566,6.391918725067386
2007,1965,Bubblegum,Pop,1967,1971,0.9,0.125,0,0,0,0,0,0,0,0,0,0,0,0,0,0,0,0,0,0,0,0.16239711320754713,0,0,0
2007,1965,Childrens,NonMusic,1950,,0.3,0.35,41,14,24,3,41,1,40,2.4390243902439024,1,0,40,2152001,1.2687963738005157,534222,19.887477696378895,52487.829268292684,2094350,58978,97.26107680762058,0.45220992991913844,53,2.2641509433962264,0.9336108436657686
2007,1965,Classical,Classical,1945,,0.15,0.3,43,26,14,3,41,2,39,4.878048780487805,2,0,39,1362171,0.8031211998954564,277741,16.93633560825215,31678.39534883721,1303627,59646,95.6247941534821,0.379167113207547,54.113207547169814,1.490566037735849,0.7316138517520221
2007,1965,Comedy,NonMusic,1955,,0.15,0.375,42,17,22,3,42,2,40,4.761904761904762,2,0,40,1020978,0.6019575195969252,495300,32.665513843767435,24309,940120,82462,91.93590342877148,0.45518448517520177,75.35849056603773,0.4528301886792453,0.9298207439353096
2007,1965,ContemporaryFolk,Folk,1961,1969,0.5,0.5,66,32,31,3,66,9,57,13.636363636363637,9,0,57,2543502,1.4996211035005833,794657,23.80524714371005,38537.90909090909,2491038,54546,97.8572304037109,0.6157938194070093,68.71698113207547,2.339622641509434,1.622045323450135
2007,1965,Country,Country,1950,,0.65,0.55,209,154,52,3,208,148,60,71.15384615384616,148,0,60,17548704,10.346524931958026,278860,1.5642069774647842,83965.09090909091,17312971,245022,98.60449881714841,0.7500914285714274,196.69811320754718,13.339622641509434,7.689995762803236
2007,1965,CountryRock,Country,1968,,0.4,0.07500000000000001,0,0,0,0,0,0,0,0,0,0,0,0,0,0,0,0,0,0,0,0.08746570889487873,0,0,0
2007,1965,DooWop,RhythmAndSoul,1954,1965,0.85,0.15000000000000002,126,100,23,3,126,105,21,83.33333333333333,105,0,21,1970262,1.1616450368921536,1068039,35.152507931241836,15637,1898520,77910,96.05804404911886,0.16258926684636132,123.86792452830188,0.20754716981132076,2.5184147412398916
2007,1965,EasyListening,Pop,1950,,0.35,0.575,78,25,50,3,77,23,54,29.87012987012987,23,1,53,4835485,2.850949341364984,1586882,24.708678280141886,61993.39743589744,4125132,713467,85.25467805866946,0.7242021293800535,219.71698113207546,12.39622641509434,2.463359420485174
2007,1965,Folk,Folk,1958,1966,0.5,0.525,139,107,29,3,139,47,92,33.81294964028777,47,1,91,9788182,5.771005602552916,2614101,21.07757902315243,70418.57553956835,8538318,1255926,87.17689696111307,0.633726819407009,373.58490566037733,25.50943396226415,4.308211970350404
2007,1965,FolkRock,Folk,1965,,0.55,0.42500000000000004,23,7,13,3,23,23,0,100,23,0,0,583142,0.3438141780653356,381282,39.53468598873525,25354,583590,0,100,0.721238328840971,6.962264150943396,0.33962264150943394,0.519021444743935
2007,1965,Funk,RhythmAndSoul,1967,,0.7,0.175,0,0,0,0,0,0,0,0,0,0,0,0,0,0,0,0,0,0,0,0.19546416172506736,0,0,0
2007,1965,GarageRock,Rock,1963,1968,0.85,0.575,68,14,51,3,68,21,47,30.88235294117647,21,0,47,3175078,1.8719914409583422,871239,21.531654588604898,46692.32352941176,3158715,18259,99.4252707135784,0.7703247574123993,41.60377358490566,1.830188679245283,1.8827556064690043
2007,1965,Gospel,Gospel,1950,,0.5,0.375,204,153,48,3,198,45,153,22.727272727272727,45,0,153,4737159,2.7929774016445514,2684573,36.17178577722828,23221.367647058825,4469426,275213,94.1994954726798,0.5006207789757413,273.8301886792453,2.4339622641509435,4.50229869811321
2007,1965,HardRock,Rock,1967,,0.4,0.1,0,0,0,0,0,0,0,0,0,0,0,0,0,0,0,0,0,0,0,0.12493141509433969,0,0,0
2007,1965,Jazz,Jazz,1945,,0.3,0.4,148,114,31,3,148,35,113,23.64864864864865,35,1,112,13165415,7.762185431874295,2931451,18.21131517153712,88955.50675675676,10859050,2312448,82.44354590495325,0.5200000000000026,447.77358490566036,61.113207547169814,4.473928283018874
2007,1965,LatinPop,Latin,1958,,0.6,0.32499999999999996,23,10,10,3,23,4,19,17.391304347826086,4,0,19,801351,0.4724678301457188,207753,20.58786804927936,34841.34782608696,780358,21949,97.26426417817619,0.4225733908355801,27.056603773584907,0.49056603773584906,0.48961662533692735
2007,1965,ProgressiveRock,Rock,1968,,0.25,0.035,0,0,0,0,0,0,0,0,0,0,0,0,0,0,0,0,0,0,0,0.04247942318059301,0,0,0
2007,1965,ProtoMetal,Rock,1968,,0.4,0.035,0,0,0,0,0,0,0,0,0,0,0,0,0,0,0,0,0,0,0,0.04247941509433965,0,0,0
2007,1965,ProtoPunk,Rock,1967,,0.4,0.035,0,0,0,0,0,0,0,0,0,0,0,0,0,0,0,0,0,0,0,0.04247941509433965,0,0,0
2007,1965,PsychedelicRock,Rock,1966,1971,0.45,0.30000000000000004,0,0,0,0,0,0,0,0,0,0,0,0,0,0,0,0,0,0,0,0.39972567115902896,0,0,0
2007,1965,Reggae,Caribbean,1968,,0.8,0.025,0,0,0,0,0,0,0,0,0,0,0,0,0,0,0,0,0,0,0,0.027493132075471678,0,0,0
2007,1965,RnB,RhythmAndSoul,1949,1965,0.8,0.5,146,98,45,3,146,100,46,68.4931506849315,100,0,46,8020385,4.728731726650707,2866280,26.32835675571904,54934.143835616436,7850857,178103,97.78174259181762,0.5651817601078168,176.18867924528303,5.452830188679245,4.922847299191371
2007,1965,RockAndRoll,Rock,1955,,0.85,0.45,306,255,48,3,306,234,72,76.47058823529412,234,0,72,11746360,6.925526044530381,4748876,28.789378945533123,38386.797385620914,11406723,350955,97.0150994099345,0.5525892884097026,251.0943396226415,10.39622641509434,7.762399277628028
2007,1965,Rocksteady,Caribbean,1966,1968,0.8,0.05,0,0,0,0,0,0,0,0,0,0,0,0,0,0,0,0,0,0,0,0.06495881940700803,0,0,0
2007,1965,SingerSongwriter,Folk,1967,,0.35,0.15000000000000002,0,0,0,0,0,0,0,0,0,0,0,0,0,0,0,0,0,0,0,0.17493141509433965,0,0,0
2007,1965,Ska,Caribbean,1964,1967,0.8,0.07500000000000001,19,8,8,3,19,7,12,36.8421052631579,7,0,12,336180,0.1982080700446967,36676,9.836505245993092,17693.684210526317,317637,18935,94.37416065507529,0.09550399999999981,14.339622641509434,0.4339622641509434,0.26297046900269505
2007,1965,Soul,RhythmAndSoul,1961,,0.7,0.8,499,355,141,3,495,127,368,25.656565656565657,127,0,368,21246557,12.526738824631568,8782760,29.24728524461612,42578.270541082165,21109158,155636,99.26810483092383,0.9137910700808624,433.75471698113205,14.245283018867925,18.077454016172506
2007,1965,SunshinePop,Pop,1965,1971,0.55,0.375,29,0,26,3,29,21,8,72.41379310344827,21,0,8,1866068,1.1002133882210932,460521,19.79382692860664,64347.1724137931,1866833,0,100,0.5882349056603783,14.60377358490566,1.2452830188679245,0.7707951401617253
2007,1965,SurfRock,Rock,1961,1966,0.8,0.525,102,62,37,3,102,36,66,35.294117647058826,36,0,66,3774164,2.225206027937928,1438140,27.591253311395498,37001.60784313725,3726972,51117,98.64701440331342,0.5987413719676539,90.54716981132076,2.169811320754717,2.5995571428571442
2007,1965,TeenPop,Pop,1957,1965,0.9,0.425,124,90,31,3,124,85,39,68.54838709677419,85,0,39,6145161,3.6231200604555247,2715348,30.64550806279865,49557.75,5819480,333509,94.57972377327506,0.5038838894878731,197.35849056603774,4.90566037735849,4.078805878706198
2007,1965,TexMex,Latin,1959,,0.75,0.275,36,17,16,3,36,10,26,27.77777777777778,10,0,26,722592,0.4260323807178817,11515,1.568572428814873,20072,712051,11882,98.35868788962514,0.3575677466307278,28,0.16981132075471697,0.639011946091644
2007,1965,TraditionalPop,Pop,1950,1971,0.45,0.45,292,227,62,3,290,122,168,42.06896551724138,122,0,168,28614735,16.870936400709244,6175889,17.751590198554645,97995.66780821918,25644985,2982764,89.58086435646757,0.5525892991913739,704.9811320754717,70.86792452830188,9.37149981132075
2007,1966,AcidRock,Rock,1966,1971,0.4,0.3,29,6,20,3,29,25,4,86.20689655172414,25,0,4,1279213,0.8832499284455378,297714,18.879377422036658,44110.793103448275,1279641,0,100,0.5623278214285717,8.98076923076923,1.1730769230769231,0.44430069230769204
2007,1966,BaroquePop,Pop,1966,1970,0.5,0.5,38,6,29,3,38,35,3,92.10526315789474,35,1,2,2935520,2.026869512700735,558010,15.97266947757712,77250.52631578948,2936125,0,100,0.7435219285714282,12.865384615384615,2.5,1.010542527472526
2007,1966,Blues,Blues,1945,,0.5,0.35,46,23,20,3,46,4,42,8.695652173913043,4,11,31,2026741,1.3993907529298388,502546,19.86907772822934,44059.586956521736,1671634,356514,82.42169703591651,0.4834325521978021,100.5576923076923,4.019230769230769,0.8547860686813192
2007,1966,BluesRock,Rock,1966,,0.45,0.45,60,31,26,3,60,49,11,81.66666666666667,49,1,10,3502404,2.41828224258772,861285,19.737543165885562,58373.4,3503743,0,100,0.6835689642857155,21.51923076923077,3.5384615384615383,1.5132050604395602
2007,1966,Boogaloo,Latin,1966,1969,0.7,0.35,19,3,13,3,19,0,19,0,0,2,17,1518382,1.048387401357704,16016,1.043796980965825,79914.84210526316,1495647,23039,98.48296487884922,0.41229636538461506,14.307692307692308,1.1153846153846154,0.3972731703296703
2007,1966,BossaNova,Jazz,1962,1967,0.45,0.4,45,14,28,3,45,45,0,100,45,0,0,1786095,1.23323346537827,854777,32.36722567394406,39691,1787731,0,100,0.45269638186813166,17.865384615384617,1.6923076923076923,1.0934666098901096
2007,1966,BritishBeat,Rock,1963,1967,0.75,0.7,108,56,49,3,107,12,95,11.214953271028037,12,52,43,2327442,1.6070138280029513,1083656,31.768539045198935,21550.38888888889,2079421,251631,89.20526011431748,0.7363820302197803,169.34615384615384,1.1538461538461537,1.9013923708791185
2007,1966,BritishBlues,Rock,1964,,0.65,0.7,106,46,57,3,104,15,89,14.423076923076923,15,61,28,2398451,1.6560429530735918,864284,26.489555541593173,22626.896226415094,2217754,183297,92.36596806981609,0.8493750302197808,115.53846153846153,1.8461538461538463,1.6679778269230767
2007,1966,BritishPop,Pop,1964,1968,0.8,0.75,122,40,79,3,119,18,101,15.126050420168067,18,55,46,4303791,2.9716107425382243,1498813,25.830006665972725,35276.975409836065,3970457,337939,92.15626882951335,0.7742977032967032,208.71153846153845,3.230769230769231,2.7668686263736255
2007,1966,Bubblegum,Pop,1967,1971,0.9,0.2,0,0,0,0,0,0,0,0,0,0,0,0,0,0,0,0,0,0,0,0.3010961978021968,0,0,0
2007,1966,Childrens,NonMusic,1950,,0.3,0.35,27,11,13,3,27,1,26,3.7037037037037037,1,9,17,476783,0.32920127502929447,173089,26.634321835684567,17658.62962962963,344581,133332,72.10119833526186,0.4443749752747256,72.53846153846153,0.6730769230769231,0.41922170054945046
2007,1966,Classical,Classical,1945,,0.15,0.3,33,8,22,3,33,2,31,6.0606060606060606,2,10,21,707736,0.4886658995478714,350110,33.09649986860091,21446.545454545456,586636,122469,82.72907397353,0.37825807967033026,76.84615384615384,0.4230769230769231,0.5712133104395608
2007,1966,Comedy,NonMusic,1955,,0.15,0.35,54,29,22,3,54,4,50,7.407407407407407,4,21,29,1244232,0.8590968235701548,355591,22.226896350408765,23041.333333333332,1092813,153175,87.70654292015654,0.4385991126373648,103.73076923076923,0.9230769230769231,0.7237515467032969
2007,1966,ContemporaryFolk,Folk,1961,1969,0.5,0.45,49,21,25,3,49,3,46,6.122448979591836,3,25,21,739126,0.5103395498734273,461560,38.441357690520256,15084.204081632653,608109,132611,82.09701371638405,0.5443156565934061,91.92307692307692,0.34615384615384615,0.7488225851648344
2007,1966,Country,Country,1950,,0.65,0.55,166,122,41,3,165,49,116,29.696969696969695,49,29,87,18693544,12.907210449232076,494235,2.5757801358875354,112611.7108433735,17664597,1036456,94.45776662950476,0.7500914285714272,251.15384615384616,21.423076923076923,5.697857656593408
2007,1966,CountryRock,Country,1968,,0.4,0.1,0,0,0,0,0,0,0,0,0,0,0,0,0,0,0,0,0,0,0,0.15054824175824155,0,0,0
2007,1966,DooWop,RhythmAndSoul,1954,1965,0.85,0.1,20,20,0,0,20,8,12,40,8,2,10,510330,0.35236425519722775,116276,18.55647727599161,25516.5,401834,110572,78.42101770861387,0.0971437335164836,90.15384615384616,0.11538461538461539,0.5498718104395597
2007,1966,EasyListening,Pop,1950,,0.35,0.6,106,33,70,3,104,8,96,7.6923076923076925,8,58,38,3632390,2.508032835490483,1004896,21.669916412315306,34267.83018867925,2509794,1125089,69.0474493952075,0.7369841428571432,234.82692307692307,7.384615384615385,1.4603825137362638
2007,1966,Folk,Folk,1958,1966,0.5,0.45,60,42,15,3,60,8,52,13.333333333333334,8,16,36,4659696,3.217350166530483,1427927,23.456232424379763,77661.6,2762064,1901517,59.22624695486151,0.5192874697802198,312.25,18.326923076923077,1.5965538159340693
2007,1966,FolkRock,Folk,1965,,0.55,0.75,68,21,44,3,68,61,7,89.70588235294117,61,2,5,4093695,2.826547115943831,1155686,22.01566241810225,60201.39705882353,4095215,0,100,0.896939722527473,25.923076923076923,3.6923076923076925,2.215088986263736
2007,1966,Funk,RhythmAndSoul,1967,,0.7,0.25,0,0,0,0,0,0,0,0,0,0,0,0,0,0,0,0,0,0,0,0.29984673076923063,0,0,0
2007,1966,GarageRock,Rock,1963,1968,0.85,0.65,96,35,58,3,96,12,84,12.5,12,40,44,2503719,1.7287266683482216,1028309,29.11384054713043,26080.40625,2390327,116334,95.35900546583683,0.7600964285714278,101.42307692307692,2.173076923076923,1.9845753021978012
2007,1966,Gospel,Gospel,1950,,0.5,0.4,193,138,52,3,193,18,175,9.32642487046632,18,57,118,5021739,3.467327655693123,2331186,31.704199349238568,26019.37305699482,4402374,625930,87.5518663947128,0.5494707142857139,382.36538461538464,3.8846153846153846,3.6353099615384643
2007,1966,HardRock,Rock,1967,,0.4,0.15,0,0,0,0,0,0,0,0,0,0,0,0,0,0,0,0,0,0,0,0.2258222774725275,0,0,0
2007,1966,Jazz,Jazz,1945,,0.3,0.4,145,105,37,3,145,14,131,9.655172413793103,14,66,65,8959066,6.185908369785838,2805875,23.84946086852454,61786.66206896552,5068400,3895722,56.54095292321992,0.5200000000000025,458.4807692307692,50.5,2.6246650082417595
2007,1966,LatinPop,Latin,1958,,0.6,0.35,36,14,19,3,35,3,32,8.571428571428571,3,10,22,1692914,1.168895382836517,280400,14.209598675122155,47025.38888888889,1609615,83986,95.04098072686541,0.4519385549450555,44.98076923076923,1.5576923076923077,0.5632269560439561
2007,1966,ProgressiveRock,Rock,1968,,0.25,0.05,0,0,0,0,0,0,0,0,0,0,0,0,0,0,0,0,0,0,0,0.07527403296703286,0,0,0
2007,1966,ProtoMetal,Rock,1968,,0.4,0.05,0,0,0,0,0,0,0,0,0,0,0,0,0,0,0,0,0,0,0,0.07527403296703286,0,0,0
2007,1966,ProtoPunk,Rock,1967,,0.4,0.05,0,0,0,0,0,0,0,0,0,0,0,0,0,0,0,0,0,0,0,0.10054813736263732,0,0,0
2007,1966,PsychedelicRock,Rock,1966,1971,0.45,0.5,15,7,5,3,15,2,13,13.333333333333334,2,3,10,321076,0.22169126957401114,159863,33.23976637369812,21405.066666666666,311885,9499,97.04434570482663,0.7591064697802201,9.865384615384615,0.36538461538461536,0.2157110247252746
2007,1966,Reggae,Caribbean,1968,,0.8,0.03,0,0,0,0,0,0,0,0,0,0,0,0,0,0,0,0,0,0,0,0.040109626373626375,0,0,0
2007,1966,RnB,RhythmAndSoul,1949,1965,0.8,0.45,30,30,0,0,30,8,22,26.666666666666668,8,3,19,1601493,1.1057725161142278,600655,27.275868833520725,53383.1,1315147,289097,81.97923757233937,0.5069372912087917,137.78846153846155,0.9807692307692307,0.9819648049450549
2007,1966,RockAndRoll,Rock,1955,,0.85,0.4,255,198,54,3,253,72,181,28.458498023715414,72,22,159,14505702,10.015658262972856,3002536,17.149275672400616,56885.10588235294,13316443,1198399,91.74363041636967,0.4871437609890119,345.21153846153845,21.5,5.904536063186814
2007,1966,Rocksteady,Caribbean,1966,1968,0.8,0.08,14,1,10,3,14,0,14,0,0,2,12,245977,0.16983814865018418,48419,16.446894658894823,17569.785714285714,223534,22755,90.76085411853555,0.10962766208791216,11.461538461538462,0.17307692307692307,0.20209522527472518
2007,1966,SingerSongwriter,Folk,1967,,0.35,0.2,0,0,0,0,0,0,0,0,0,0,0,0,0,0,0,0,0,0,0,0.25054830769230874,0,0,0
2007,1966,Ska,Caribbean,1964,1967,0.8,0.1,31,17,11,3,31,3,28,9.67741935483871,3,8,20,163294,0.11274855228612096,28935,15.052359425476904,5267.548387096775,127558,36300,77.84667211854166,0.11083445329670336,30.365384615384617,0,0.2918595384615385
2007,1966,Soul,RhythmAndSoul,1961,,0.7,0.85,524,373,148,3,519,45,474,8.670520231213873,45,346,128,7493204,5.173784113222597,3485515,31.747920681820894,14300.007633587786,6891531,612796,91.834097847815,0.9513826263736264,577.6153846153846,4.269230769230769,6.903977813186816
2007,1966,SunshinePop,Pop,1965,1971,0.55,0.55,80,16,61,3,79,73,6,92.40506329113924,73,0,6,8423734,5.816281145316882,1180495,12.291408295241606,105296.675,8425746,0,100,0.8046302142857141,30.653846153846153,6.461538461538462,2.577552925824175
2007,1966,SurfRock,Rock,1961,1966,0.8,0.4,35,16,16,3,35,34,1,97.14285714285714,34,0,1,1988175,1.3727623362858314,730931,26.881298485605196,56805,1988725,1847,99.90721260019733,0.4536598461538458,31.576923076923077,1.9230769230769231,1.1384249642857143
2007,1966,TeenPop,Pop,1957,1965,0.9,0.35,28,28,0,0,28,12,16,42.857142857142854,12,3,13,2077127,1.4341804485432017,700973,25.232101076275153,74183.10714285714,1579870,499962,75.96142380730751,0.4221437664835173,174.48076923076923,2.173076923076923,0.9959358846153842
2007,1966,TexMex,Latin,1959,,0.75,0.3,42,17,22,3,42,3,39,7.142857142857143,3,10,29,1537717,1.0617375137834646,27075,1.7302619134044652,36612.30952380953,1481930,57421,96.26979161997491,0.42425599450549534,55.30769230769231,0.7692307692307693,0.7609134587912084
2007,1966,TraditionalPop,Pop,1950,1971,0.45,0.4,269,198,68,3,267,68,199,25.46816479400749,68,65,134,31459733,21.7217984191575,5495743,14.871254804024172,116950.68029739778,25575158,5894682,81.26878941869421,0.4871437582417591,721.1730769230769,79.6923076923077,6.728098164835167
2007,1967,AcidRock,Rock,1966,1971,0.4,0.65,65,11,51,3,65,56,9,86.15384615384616,56,6,3,3886908,3.235389765609816,835253,17.687939907173856,59798.584615384614,3888404,0,100,0.8636864780219788,24.826923076923077,5.461538461538462,1.6076363214285707
2007,1967,BaroquePop,Pop,1966,1970,0.5,0.65,63,17,43,3,63,52,11,82.53968253968254,52,1,10,6341022,5.278148513498825,922202,12.696868498066424,100651.14285714286,6342539,0,100,0.779481467032968,30.846153846153847,7.019230769230769,2.3069112774725276
2007,1967,Blues,Blues,1945,,0.5,0.4,52,24,25,3,52,5,47,9.615384615384615,5,38,9,1162561,0.967694105776909,227417,16.36119420595146,22356.94230769231,601124,562056,51.67936174968621,0.5044212197802224,119.90384615384616,2.2115384615384617,0.32946634615384635
2007,1967,BluesRock,Rock,1966,,0.45,0.6,79,41,35,3,79,71,8,89.87341772151899,71,6,2,4836478,4.025794133228014,1028332,17.533935455709564,61221.240506329115,4838151,0,100,0.8416649587912091,32.69230769230769,6.115384615384615,2.4094172609890117
2007,1967,Boogaloo,Latin,1966,1969,0.7,0.4,25,3,19,3,24,2,22,8.333333333333334,2,18,4,334440,0.2783816218985751,11226,3.247643679158494,13377.6,256062,78905,76.44394820982366,0.3943497994505496,30.75,0.2692307692307692,0.15247996978021972
2007,1967,BossaNova,Jazz,1962,1967,0.45,0.3,16,6,7,3,16,16,0,100,16,0,0,600249,0.499636078707684,276420,31.530714557033498,37515.5625,601368,0,100,0.3538579670329678,7.884615384615385,0.8653846153846154,0.4228894395604395
2007,1967,BritishBeat,Rock,1963,1967,0.75,0.5,29,16,10,3,29,2,27,6.896551724137931,2,26,1,791735,0.6590254557285863,160541,16.858662824643275,27301.206896551725,482390,310235,60.85980129317142,0.5836252417582409,173.8846153846154,0.6153846153846154,0.25657084890109905
2007,1967,BritishBlues,Rock,1964,,0.65,0.65,91,52,36,3,89,12,77,13.48314606741573,12,76,1,1297346,1.079886627328157,328867,20.222873633404728,14256.54945054945,895091,402885,68.96052007124939,0.7812047582417586,162.48076923076923,1.3269230769230769,0.5066097445054945
2007,1967,BritishPop,Pop,1964,1968,0.8,0.55,76,36,37,3,76,3,73,3.9473684210526314,3,69,4,1387752,1.1551388965225196,289674,17.26895851143359,18259.894736842107,893026,495739,64.30360788182305,0.5963928626373605,234.23076923076923,1.4807692307692308,0.46307271978021913
2007,1967,Bubblegum,Pop,1967,1971,0.9,0.4,27,4,20,3,27,19,8,70.37037037037037,19,2,6,3180577,2.647453007514964,365457,10.306077155492586,117799.14814814815,3180998,0,100,0.6486549642857141,11.25,2.4038461538461537,0.6892328791208795
2007,1967,Childrens,NonMusic,1950,,0.3,0.35,50,25,22,3,50,4,46,8,4,43,3,374614,0.31182171063841896,27128,6.752592459837408,7492.28,146889,228258,39.15505121992179,0.4248647829670337,82.07692307692308,0.19230769230769232,0.13120842307692296
2007,1967,Classical,Classical,1945,,0.15,0.3,33,22,8,3,33,4,29,12.121212121212121,4,27,2,324329,0.2699654139718424,34147,9.525602829757084,9828.151515151516,147122,177584,45.309295177791604,0.3289514972527479,74.88461538461539,0.21153846153846154,0.08751236813186813
2007,1967,Comedy,NonMusic,1955,,0.15,0.35,49,31,15,3,49,3,46,6.122448979591836,3,41,5,404503,0.3367007570949628,125566,23.688614123821615,8255.163265306122,172806,232314,42.65550947867298,0.463288785714285,118.21153846153847,0.11538461538461539,0.16607739010989014
2007,1967,ContemporaryFolk,Folk,1961,1969,0.5,0.4,69,43,23,3,68,6,62,8.823529411764707,6,60,2,351367,0.2924713411722182,83386,19.18008616386776,5092.275362318841,135578,216239,38.53651187975567,0.5092375989011005,110.75,0.11538461538461539,0.17124252197802198
2007,1967,Country,Country,1950,,0.65,0.55,146,101,42,3,144,32,112,22.22222222222222,32,95,17,10246109,8.52867013984448,618447,5.692335701523375,70178.82876712328,7499066,2750923,73.16169802718812,0.7500914285714272,313.88461538461536,34.53846153846154,2.4710953214285722
2007,1967,CountryRock,Country,1968,,0.4,0.2,0,0,0,0,0,0,0,0,0,0,0,0,0,0,0,0,0,0,0,0.3005478461538464,0,0,0
2007,1967,DooWop,RhythmAndSoul,1954,1965,0.85,0.05,14,14,0,0,14,0,14,0,0,8,6,224332,0.18672977515772982,21663,8.806276550336388,16023.714285714286,81854,143128,36.38246615284778,0.05192876923076925,75.78846153846153,0.3269230769230769,0.1170989285714286
2007,1967,EasyListening,Pop,1950,,0.35,0.6,94,36,55,3,90,15,75,16.666666666666668,15,71,4,3248820,2.7042572086369123,612843,15.869924434110382,34561.914893617024,1747903,1502116,53.78131635538131,0.7113503708791209,240.46153846153845,8.423076923076923,0.8203200467032964
2007,1967,Folk,Folk,1958,1966,0.5,0.35,9,9,0,0,9,2,7,22.22222222222222,2,5,2,2974339,2.475784340677509,361554,10.838297271525196,330482.1111111111,1765702,1209711,59.34308951395991,0.4223219972527471,214.3653846153846,6.5,0.3273696565934065
2007,1967,FolkRock,Folk,1965,,0.55,0.7,60,24,33,3,60,55,5,91.66666666666667,55,1,4,5042268,4.197089893216376,1115427,18.1143593503738,84037.8,5043856,0,100,0.8300733516483517,25.557692307692307,5.846153846153846,2.1640391785714286
2007,1967,Funk,RhythmAndSoul,1967,,0.7,0.4,32,2,27,3,32,28,4,87.5,28,2,2,2418178,2.0128462913510723,476064,16.44865909623314,75568.0625,2418650,0,100,0.5632341456043953,11.48076923076923,3.25,0.7921280906593409
2007,1967,GarageRock,Rock,1963,1968,0.85,0.55,78,34,41,3,78,5,73,6.410256410256411,5,69,4,640246,0.5329288359468818,127190,16.57336898451467,8208.28205128205,387539,253278,60.47576765285565,0.6152424010988967,137.57692307692307,0.4807692307692308,0.2514313846153849
2007,1967,Gospel,Gospel,1950,,0.5,0.45,172,125,44,3,171,14,157,8.187134502923977,14,148,9,2949381,2.4550097667050634,556037,15.862216717093368,17147.56395348837,1986439,965130,67.30112018387508,0.5787017307692303,410.78846153846155,2.730769230769231,0.9148603543956046
2007,1967,HardRock,Rock,1967,,0.4,0.3,35,9,23,3,35,27,8,77.14285714285714,27,3,5,1399235,1.1646971316745987,440534,23.945071364937665,39978.142857142855,1399889,0,100,0.5153532692307686,12.711538461538462,2.0961538461538463,0.5372742994505493
2007,1967,Jazz,Jazz,1945,,0.3,0.4,139,106,30,3,139,17,122,12.23021582733813,17,103,19,7393168,6.153935231457496,1862697,20.12450484098461,53188.25899280576,2930879,4464220,39.6327216173847,0.5200000000000025,424.2692307692308,45,1.1092851208791215
2007,1967,LatinPop,Latin,1958,,0.6,0.35,40,15,22,3,39,1,38,2.5641025641025643,1,35,3,324873,0.270418229431455,128073,28.275556026546212,8121.825,147053,178165,45.21674692052716,0.42380824450549465,61.26923076923077,0.7692307692307693,0.11926818406593404
2007,1967,ProgressiveRock,Rock,1968,,0.25,0.1,0,0,0,0,0,0,0,0,0,0,0,0,0,0,0,0,0,0,0,0.175410978021978,0,0,0
2007,1967,ProtoMetal,Rock,1968,,0.4,0.1,0,0,0,0,0,0,0,0,0,0,0,0,0,0,0,0,0,0,0,0.15027393131868164,0,0,0
2007,1967,ProtoPunk,Rock,1967,,0.4,0.15,18,5,10,3,18,12,6,66.66666666666667,12,5,1,104931,0.08734260844228976,41588,28.384032105051222,5829.5,105162,0,100,0.21645256043956063,5.903846153846154,0,0.15662059065934053
2007,1967,PsychedelicRock,Rock,1966,1971,0.45,0.85,32,11,18,3,31,0,31,0,0,30,1,83679,0.06965283978845493,30096,26.452208305866844,2614.96875,23231,60583,27.71732646097311,0.9142406840659344,28.78846153846154,0,0.04962106318681318
2007,1967,Reggae,Caribbean,1968,,0.8,0.05,0,0,0,0,0,0,0,0,0,0,0,0,0,0,0,0,0,0,0,0.07513694230769234,0,0,0
2007,1967,RnB,RhythmAndSoul,1949,1965,0.8,0.4,14,14,0,0,14,4,10,28.571428571428573,4,8,2,1139884,0.9488181936856699,183384,13.858417191377711,81420.28571428571,843490,296990,73.95921015712682,0.44742696978022,125.51923076923077,1.2307692307692308,0.28146889010989007
2007,1967,RockAndRoll,Rock,1955,,0.85,0.35,239,196,40,3,239,40,199,16.736401673640167,40,135,64,11499635,9.572081815995757,1954405,14.526528834461619,48115.62761506276,8438224,3066440,73.34611423679996,0.45500000000000174,481.4807692307692,28.76923076923077,2.9226421318681326
2007,1967,Rocksteady,Caribbean,1966,1968,0.8,0.12,16,8,5,3,16,1,15,6.25,1,12,3,126441,0.10524713148689673,21385,14.466332039018846,7902.5625,70724,55927,55.84164357170492,0.13216894780219765,22.884615384615383,0.17307692307692307,0.053669087912087944
2007,1967,SingerSongwriter,Folk,1967,,0.35,0.3,24,7,14,3,24,0,24,0,0,22,2,85990,0.07157647311044874,14423,14.363678009819445,3582.9166666666665,35302,50735,41.03118425793554,0.35368765659340684,13.596153846153847,0,0.02935085989010988
2007,1967,Ska,Caribbean,1964,1967,0.8,0.12,15,9,3,3,15,0,15,0,0,13,2,104370,0.08687564249956431,17849,14.604112290233106,6958,25027,79648,23.90924289467399,0.12599751923076888,39.84615384615385,0,0.06064992582417581
2007,1967,Soul,RhythmAndSoul,1961,,0.7,0.9,451,338,110,3,448,36,412,8.035714285714286,36,409,3,6856464,5.7071928262444445,1067090,13.467315298160397,15202.80266075388,5484077,1375838,79.94380396841652,0.9660768571428571,802.5192307692307,6.288461538461538,2.396987063186812
2007,1967,SunshinePop,Pop,1965,1971,0.55,0.7,88,27,58,3,88,82,6,93.18181818181819,82,2,4,7969700,6.633829721459976,1551014,16.29094204489285,90564.77272727272,7972298,0,100,0.8315250384615379,38.40384615384615,8.173076923076923,3.1808003406593426
2007,1967,SurfRock,Rock,1961,1966,0.8,0.3,3,3,0,0,3,2,1,66.66666666666667,2,1,0,81034,0.06745119109236078,99353,55.07769406886305,27011.333333333332,81282,0,100,0.35593171428571424,2.8461538461538463,0.057692307692307696,0.10796399999999998
2007,1967,TeenPop,Pop,1957,1965,0.9,0.3,24,24,0,0,24,5,19,20.833333333333332,5,13,6,1528970,1.2726861273599583,260158,14.541050165220152,63707.083333333336,981089,548422,64.14396496658082,0.3769288571428572,162.25,2.6538461538461537,0.287911414835165
2007,1967,TexMex,Latin,1959,,0.75,0.3,45,33,9,3,45,3,42,6.666666666666667,3,37,5,501015,0.41703554687093236,10070,1.9703180488568437,11133.666666666666,333326,168335,66.44447146579064,0.3911166043956045,75.59615384615384,0.38461538461538464,0.19184720879120867
2007,1967,TraditionalPop,Pop,1950,1971,0.45,0.35,204,163,38,3,204,39,165,19.11764705882353,39,103,62,27920298,23.24033560917218,3521248,11.199347513000792,136864.20588235295,19786515,8139205,70.85409078082857,0.4353931840659338,672.5192307692307,96.59615384615384,3.685034703296702
2007,1968,AcidRock,Rock,1966,1971,0.4,0.7,78,28,47,3,76,5,71,6.578947368421052,5,71,0,638836,0.48441647305064656,232941,26.72025070631595,8190.205128205128,549283,90390,85.8693426172435,0.7810066950549456,44.48076923076923,0.6923076923076923,0.336782554945055
2007,1968,BaroquePop,Pop,1966,1970,0.5,0.55,56,22,31,3,56,46,10,82.14285714285714,46,3,7,3818620,2.895582641430132,689124,15.287558477145108,68189.64285714286,3820306,0,100,0.6499069423076926,22.76923076923077,4.730769230769231,1.5599463681318677
2007,1968,Blues,Blues,1945,,0.5,0.4,61,43,15,3,61,6,55,9.836065573770492,6,30,25,2087816,1.5831488255181434,658201,23.96929807790702,34226.49180327869,1218496,870163,58.338675676594406,0.5169051730769253,148.05769230769232,2.673076923076923,0.7791580164835171
2007,1968,BluesRock,Rock,1966,,0.45,0.7,89,46,40,3,88,68,20,77.27272727272727,68,8,12,5143330,3.9000835556161237,1255259,19.617746975153427,57790.22471910113,5145920,0,100,0.8962362857142849,38.86538461538461,6.480769230769231,2.874437329670331
2007,1968,Boogaloo,Latin,1966,1969,0.7,0.35,41,22,16,3,40,4,36,10,4,25,11,466677,0.3538717705230397,16254,3.3656982053336812,11382.365853658537,332297,134888,71.12749767222834,0.32608198901098895,57.26923076923077,0.34615384615384615,0.2330227362637362
2007,1968,BossaNova,Jazz,1962,1967,0.45,0.25,6,6,0,0,6,6,0,100,6,0,0,185047,0.1403174133715116,66530,26.44518378071127,30841.166666666668,185350,0,100,0.2867035357142857,2.5,0.3269230769230769,0.14111860714285723
2007,1968,BritishBeat,Rock,1963,1967,0.75,0.4,47,4,40,3,46,3,43,6.521739130434782,3,36,7,608614,0.46149973910243974,100391,14.159420596469701,12949.234042553191,357581,251840,58.67552972411519,0.4868531923076923,144.3653846153846,0.3269230769230769,0.16299613186813175
2007,1968,BritishBlues,Rock,1964,,0.65,0.6,100,61,36,3,99,6,93,6.0606060606060606,6,88,5,882636,0.6692851030742326,198377,18.351028155998122,8826.36,418658,464636,47.39735580678687,0.7090213434065933,202.25,0.4230769230769231,0.26531545604395596
2007,1968,BritishPop,Pop,1964,1968,0.8,0.4,21,6,12,3,21,2,19,9.523809523809524,2,16,3,835072,0.6332182797828386,54049,6.0789251406726414,39765.333333333336,447270,388830,53.494797273053464,0.44434163186813247,200.15384615384616,0.38461538461538464,0.10198368131868124
2007,1968,Bubblegum,Pop,1967,1971,0.9,0.65,69,20,46,3,69,51,18,73.91304347826087,51,4,14,8328682,6.3154718262596425,839337,9.155053016360458,120705.53623188406,8330129,0,100,0.7480257499999999,30.25,7.230769230769231,2.167994494505494
2007,1968,Childrens,NonMusic,1950,,0.3,0.35,53,30,20,3,52,7,45,13.461538461538462,7,37,8,673684,0.5108410096341656,136224,16.81968816211224,12711.018867924528,401012,273183,59.480120736582144,0.4287184203296711,100.92307692307692,0.40384615384615385,0.2542798269230768
2007,1968,Classical,Classical,1945,,0.15,0.3,32,20,9,3,32,2,30,6.25,2,23,7,404931,0.3070510222480752,73151,15.300931639342204,12654.09375,182811,222531,45.100433707831904,0.3761940000000006,85.96153846153847,0.4807692307692308,0.15472032967032978
2007,1968,Comedy,NonMusic,1955,,0.15,0.4,53,39,11,3,53,4,49,7.547169811320755,4,41,8,603063,0.4572905275960373,86174,12.502811079498054,11378.547169811322,282908,320716,46.86824910871668,0.47736426373626467,127.28846153846153,0.6538461538461539,0.2085447994505495
2007,1968,ContemporaryFolk,Folk,1961,1969,0.5,0.4,67,39,25,3,66,3,63,4.545454545454546,3,53,10,864856,0.6558028871520859,157291,15.388295421304372,12908.298507462687,492346,373242,56.879947503893305,0.5183383571428596,144.5,0.9615384615384616,0.26738928021978026
2007,1968,Country,Country,1950,,0.65,0.55,172,137,32,3,171,28,143,16.374269005847953,28,110,33,9666098,7.329607444354902,631184,6.129617504891097,56198.24418604651,5468756,4199170,56.565968750691724,0.7711304890109891,406.3076923076923,37.07692307692308,2.0397374258241756
2007,1968,CountryRock,Country,1968,,0.4,0.4,23,7,13,3,23,17,6,73.91304347826087,17,3,3,1579700,1.1978546958501186,248823,13.60786820838458,68682.60869565218,1580143,0,100,0.6039345741758241,8.711538461538462,1.2307692307692308,0.5096291538461535
2007,1968,DooWop,RhythmAndSoul,1954,1965,0.85,0.03,9,9,0,0,9,1,8,11.11111111111111,1,1,7,252664,0.19159002270828282,11028,4.182151904494638,28073.777777777777,104795,148351,41.397059404454346,0.03251774999999996,47.98076923076923,0.11538461538461539,0.10716013736263734
2007,1968,EasyListening,Pop,1950,,0.35,0.55,92,46,43,3,91,13,78,14.285714285714286,13,67,11,4103095,3.1112943047851758,538779,11.60692858099983,44598.858695652176,2025390,2078710,49.350405691869106,0.685995857142859,257.5,9.557692307692308,0.666437516483517
2007,1968,Folk,Folk,1958,1966,0.5,0.3,7,7,0,0,7,0,7,0,0,2,5,2399214,1.8192756575611486,375811,13.542616733182584,342744.85714285716,1707118,692780,71.13293981660887,0.3899999999999992,148.30769230769232,3.480769230769231,0.17941820054945049
2007,1968,FolkRock,Folk,1965,,0.55,0.6,80,42,35,3,80,69,11,86.25,69,5,6,5437722,4.123315080349116,1185122,17.89445742644701,67971.525,5439301,0,100,0.7475887582417572,31.903846153846153,7.134615384615385,2.4388074917582436
2007,1968,Funk,RhythmAndSoul,1967,,0.7,0.55,71,18,50,3,70,57,13,81.42857142857143,57,1,12,6626122,5.024454866731518,1052453,13.70635827611243,93325.66197183098,6627819,0,100,0.7380344120879122,29.53846153846154,6.903846153846154,2.2372535082417584
2007,1968,GarageRock,Rock,1963,1968,0.85,0.4,14,5,6,3,14,12,2,85.71428571428571,12,0,2,716876,0.5435926333748494,275742,27.779266545639913,51205.42857142857,712376,4889,99.31838302440521,0.4538456153846152,16.903846153846153,1.1346153846153846,0.3554429560439562
2007,1968,Gospel,Gospel,1950,,0.5,0.45,200,144,53,3,199,20,179,10.050251256281408,20,130,49,3687389,2.7960728170387243,979364,20.985983187882454,18436.945,2443917,1245657,66.23846004985941,0.6136303956043957,460.61538461538464,2.826923076923077,1.4328200604395602
2007,1968,HardRock,Rock,1967,,0.4,0.5,45,15,27,3,45,41,4,91.11111111111111,41,0,4,2329346,1.766296160258081,652326,21.877859134069745,51763.24444444444,2330327,0,100,0.7442785164835171,17.307692307692307,3,1.0419864478021978
2007,1968,Jazz,Jazz,1945,,0.3,0.4,144,108,33,3,144,18,126,12.5,18,90,36,9537441,7.232049432324778,1987205,17.243089288816332,66232.22916666667,3559932,5979300,37.31885334165266,0.5200000000000025,455.96153846153845,49.88461538461539,1.267774631868131
2007,1968,LatinPop,Latin,1958,,0.6,0.35,43,23,17,3,42,0,42,0,0,25,17,463396,0.35138385430028585,194467,29.56040999417812,10776.651162790698,261765,201996,56.44394418676862,0.4034760879120874,86.5576923076923,0.36538461538461536,0.2441245054945056
2007,1968,ProgressiveRock,Rock,1968,,0.25,0.25,11,1,7,3,11,7,4,63.63636363636363,7,1,3,604946,0.4587183685736189,58962,8.881049784006217,54995.09090909091,605154,0,100,0.374284980769231,4.134615384615385,0.34615384615384615,0.14996344230769226
2007,1968,ProtoMetal,Rock,1968,,0.4,0.2,28,4,21,3,28,16,12,57.142857142857146,16,2,10,1469255,1.1141064766419357,323363,18.038589370406857,52473.392857142855,1469752,0,100,0.33610805494505536,10.365384615384615,1.1153846153846154,0.3942346346153846
2007,1968,ProtoPunk,Rock,1967,,0.4,0.25,32,9,20,3,32,25,7,78.125,25,2,5,1583979,1.2010993753737893,235193,12.928574098545932,49499.34375,1584539,0,100,0.34641286813186817,12.365384615384615,1.4807692307692308,0.46663669505494487
2007,1968,PsychedelicRock,Rock,1966,1971,0.45,0.75,39,26,10,3,39,1,38,2.5641025641025643,1,35,3,139828,0.10602875635331416,31029,18.160801137793595,3585.3333333333335,37094,102882,26.500257186946335,0.7753722802197793,56.71153846153846,0,0.049432379120879125
2007,1968,Reggae,Caribbean,1968,,0.8,0.1,12,3,6,3,12,0,12,0,0,6,6,94055,0.07132001229232317,18395,16.358381502890172,7837.916666666667,48276,45903,51.25983499506259,0.15341750549450567,8.884615384615385,0.038461538461538464,0.07667316758241766
2007,1968,RnB,RhythmAndSoul,1949,1965,0.8,0.35,10,10,0,0,10,3,7,30,3,6,1,556114,0.42169004641893576,121945,17.984423184413156,55611.4,299432,257190,53.79449608531463,0.3879931456043954,101.57692307692308,0.4807692307692308,0.09486761813186809
2007,1968,RockAndRoll,Rock,1955,,0.85,0.35,244,206,35,3,241,33,208,13.692946058091286,33,88,120,13707589,10.394188676605324,2630618,16.101020142540733,56178.64344262295,8752837,4958270,63.83756614254414,0.45500000000000174,646.3653846153846,37.15384615384615,3.245894956043956
2007,1968,Rocksteady,Caribbean,1966,1968,0.8,0.12,11,7,1,3,11,1,10,9.090909090909092,1,7,3,76206,0.05778547505979245,8789,10.34060827107477,6927.818181818182,16796,59491,22.016857393789245,0.11073061263736286,32.53846153846154,0,0.04416757692307696
2007,1968,SingerSongwriter,Folk,1967,,0.35,0.4,52,17,32,3,52,2,50,3.8461538461538463,2,39,11,441776,0.3349898437132886,130405,22.790865128342254,8495.692307692309,267591,174394,60.54300485310588,0.5790199615384628,51.59615384615385,0.5769230769230769,0.20414028571428575
2007,1968,Ska,Caribbean,1964,1967,0.8,0.1,2,2,0,0,2,0,2,0,0,1,1,85864,0.0651089419538359,1314,1.507261006217165,42932,4730,81293,5.49852946305058,0.0930172500000001,37.53846153846154,0,0.01699520329670329
2007,1968,Soul,RhythmAndSoul,1961,,0.7,0.9,403,306,94,3,401,36,365,8.977556109725686,36,360,5,5145267,3.9015523437061796,810229,13.6047274651851,12767.411910669975,3260702,1887908,63.331695350783995,0.9660768571428571,926.0961538461538,3.5384615384615383,1.5802618049450545
2007,1968,SunshinePop,Pop,1965,1971,0.55,0.6,60,23,34,3,59,51,8,86.44067796610169,51,1,7,7058486,5.3523077803964805,1083851,13.311301165746395,117641.43333333333,7060267,0,100,0.7151742005494508,29.403846153846153,7.846153846153846,2.3511031126373623
2007,1968,SurfRock,Rock,1961,1966,0.8,0.25,2,2,0,0,2,0,2,0,0,0,2,61287,0.04647269781893158,7279,10.616048770527668,30643.5,61346,0,100,0.2904988241758242,1,0.07692307692307693,0.028605906593406602
2007,1968,TeenPop,Pop,1957,1965,0.9,0.28,8,8,0,0,8,2,6,25,2,2,4,1407751,1.0674692320932457,250029,15.082158066812243,175968.875,933148,475396,66.24911965831383,0.34455323076923067,132.3653846153846,3.3846153846153846,0.22829086813186822
2007,1968,TexMex,Latin,1959,,0.75,0.3,49,35,11,3,49,2,47,4.081632653061225,2,33,14,474534,0.3598295753880738,9026,1.8665729175283314,9684.367346938776,262587,212469,55.27495705769425,0.4165132664835169,105.9423076923077,0.17307692307692307,0.23938952197802202
2007,1968,TraditionalPop,Pop,1950,1971,0.45,0.32,209,166,40,3,209,40,169,19.138755980861244,40,77,92,26629567,20.192664353614834,3958930,12.942545035802183,127414.1961722488,16599216,10035012,62.32287265844536,0.4030355302197809,687.7884615384615,94.96153846153847,3.682897398351647
2007,1969,AcidRock,Rock,1966,1971,0.4,0.65,58,33,22,3,56,1,55,1.7857142857142858,1,52,3,629693,0.4537368850784463,61399,8.884345354887627,10856.775862068966,253736,376080,40.287322011508124,0.7991686318681309,96.09615384615384,0.75,0.11032615109890101
2007,1969,BaroquePop,Pop,1966,1970,0.5,0.45,61,35,23,3,61,40,21,65.57377049180327,40,4,17,5287681,3.8101359015083283,786138,12.943059383231539,86683.29508196721,5288991,0,100,0.5850000000000015,31.192307692307693,5.538461538461538,1.6813781978021964
2007,1969,Blues,Blues,1945,,0.5,0.4,46,28,15,3,45,0,45,0,0,26,19,1588851,1.1448758420274237,400418,20.128901621650968,34540.239130434784,479692,1110311,30.169251252985056,0.5095077170329702,164.6153846153846,1.5576923076923077,0.4611106401098902
2007,1969,BluesRock,Rock,1966,,0.45,0.7,84,53,28,3,84,68,16,80.95238095238095,68,0,16,6864526,4.946360599180881,1365942,16.59616439794189,81720.54761904762,6866504,0,100,0.8962362857142849,37.19230769230769,7.615384615384615,3.0613190796703305
2007,1969,Boogaloo,Latin,1966,1969,0.7,0.25,10,4,3,3,10,0,10,0,0,4,6,361738,0.26065697623207973,10823,2.9050276330587472,36173.8,202257,160062,55.822907437920726,0.26372165659340574,69.65384615384616,0.17307692307692307,0.17311367582417572
2007,1969,BossaNova,Jazz,1962,1967,0.45,0.2,1,1,0,0,1,1,0,100,1,0,0,36388,0.026220043377065495,29080,44.41864727805951,36388,36523,0,100,0.24703276923076883,1.0384615384615385,0,0.05094740109890112
2007,1969,BritishBeat,Rock,1963,1967,0.75,0.35,44,7,34,3,43,1,42,2.3255813953488373,1,32,10,597658,0.4306534759989615,206717,25.69908313908314,13583.136363636364,302602,295926,50.557701561163384,0.4549959807692325,124.1923076923077,0.36538461538461536,0.2244470357142859
2007,1969,BritishBlues,Rock,1964,,0.65,0.55,91,65,23,3,91,5,86,5.4945054945054945,5,82,4,1141495,0.822525239493882,240958,17.429742638628582,12543.901098901099,506581,635776,44.34524408744377,0.6773694065934086,237.59615384615384,0.3269230769230769,0.2632140906593408
2007,1969,BritishPop,Pop,1964,1968,0.8,0.3,30,6,21,3,30,0,30,0,0,23,7,529528,0.3815611500871369,176884,25.03977848620918,17650.933333333334,238462,291930,44.95957706752741,0.3899999999999992,142.46153846153845,0.38461538461538464,0.1613334313186814
2007,1969,Bubblegum,Pop,1967,1971,0.9,0.6,64,23,38,3,64,53,11,82.8125,53,0,11,6516823,4.695816800611688,1255752,16.156190194369305,101825.359375,6518442,0,100,0.7244297142857122,32.82692307692308,6.5,2.2106389313186816
2007,1969,Childrens,NonMusic,1950,,0.3,0.35,53,32,18,3,53,1,52,1.8867924528301887,1,38,14,700857,0.5050154155523797,263972,27.35945955189987,13223.716981132075,351827,349761,50.147237409989906,0.44755237087912064,121.84615384615384,0.5,0.3546488324175825
2007,1969,Classical,Classical,1945,,0.15,0.3,42,31,8,3,42,3,39,7.142857142857143,3,22,17,377622,0.2721024848888157,150165,28.451818631379705,8991,156625,221629,41.407361191157264,0.3163809587912083,96.0576923076923,0.057692307692307696,0.27731188186813194
2007,1969,Comedy,NonMusic,1955,,0.15,0.4,60,42,15,3,58,6,52,10.344827586206897,6,41,11,677465,0.4881598792580982,216000,24.175541291488756,11291.083333333334,264505,413672,39.002354842467376,0.4949157335164844,134.73076923076923,0.8461538461538461,0.32060735714285704
2007,1969,ContemporaryFolk,Folk,1961,1969,0.5,0.4,18,9,6,3,16,0,16,0,0,16,0,382309,0.2754797890360155,34884,8.361597629873943,21239.38888888889,16479,366376,4.304240508808818,0.5066279258241776,141.07692307692307,0,0.0549577445054945
2007,1969,Country,Country,1950,,0.65,0.6,170,140,27,3,166,29,137,17.46987951807229,29,116,21,12125784,8.737456921538055,548313,4.326249041647701,71328.14117647058,6567601,5561402,54.147904819547,0.7917648571428534,504.6730769230769,36.84615384615385,2.1171732170329682
2007,1969,CountryRock,Country,1968,,0.4,0.55,57,26,28,3,57,47,10,82.45614035087719,47,1,9,3743016,2.6970990953350054,790078,17.429111331024682,65666.94736842105,3743823,0,100,0.7150000000000025,21.923076923076923,3.923076923076923,1.4940430247252752
2007,1969,DooWop,RhythmAndSoul,1954,1965,0.85,0.02,6,6,0,0,6,1,5,16.666666666666668,1,3,2,150003,0.10808742351022192,3446,2.245697267496041,25000.5,23190,127027,15.43766684196862,0.025992365384615242,32.13461538461539,0,0.04815848076923076
2007,1969,EasyListening,Pop,1950,,0.35,0.55,95,56,36,3,94,5,89,5.319148936170213,5,79,10,3353776,2.4166250466351875,601890,15.215895376404378,35302.905263157896,810914,2544106,24.170168881258533,0.685565310439562,273.21153846153845,8.538461538461538,0.47192587912087874
2007,1969,Folk,Folk,1958,1966,0.5,0.3,5,5,0,0,5,2,3,40,2,2,1,992976,0.7155071395071174,463907,31.842433469262804,198595.2,566452,427118,57.011785782582,0.3899999999999992,77.48076923076923,3.75,0.102803282967033
2007,1969,FolkRock,Folk,1965,,0.55,0.55,65,34,28,3,65,57,8,87.6923076923077,57,0,8,4671209,3.3659256514053735,944845,16.824001336169488,71864.75384615385,4673223,0,100,0.7150000000000025,28.48076923076923,4.6923076923076925,1.977413612637362
2007,1969,Funk,RhythmAndSoul,1967,,0.7,0.7,75,19,53,3,75,62,13,82.66666666666667,62,1,12,8194957,5.905027152170675,1239902,13.14171202770492,109266.09333333334,8196735,0,100,0.8159484285714279,35.05769230769231,7.865384615384615,2.6796939478021984
2007,1969,GarageRock,Rock,1963,1968,0.85,0.3,0,0,0,0,0,0,0,0,0,0,0,186288,0.134233248340848,32973,15.038242095037422,0,186355,0,100,0.38484771153846076,0.9230769230769231,0.25,0.04940968956043957
2007,1969,Gospel,Gospel,1950,,0.5,0.5,166,121,42,3,161,9,152,5.590062111801243,9,130,22,3067791,2.210553289319862,754446,19.738336476780482,18480.668674698794,1480181,1590194,48.2084761633351,0.6460195714285724,486.11538461538464,1.5961538461538463,1.0649114258241752
2007,1969,HardRock,Rock,1967,,0.4,0.65,52,15,34,3,52,39,13,75,39,2,11,2883723,2.0779197028537277,799505,21.706638850486584,55456.21153846154,2885092,0,100,0.8422212857142825,21.71153846153846,3.769230769230769,1.2348246291208789
2007,1969,Jazz,Jazz,1945,,0.3,0.4,134,110,21,3,134,5,129,3.7313432835820897,5,95,34,8433690,6.077050610880606,2435348,22.406288394612293,62937.985074626864,2069837,6366008,24.536214214462216,0.5200000000000025,461.75,40.75,1.0406389340659337
2007,1969,LatinPop,Latin,1958,,0.6,0.35,51,26,22,3,51,5,46,9.803921568627452,5,39,7,495597,0.3571115432984371,124028,20.01662295743393,9717.588235294117,228129,268160,45.9669668277959,0.4376249835164846,118.6923076923077,0.19230769230769232,0.2365939010989011
2007,1969,ProgressiveRock,Rock,1968,,0.25,0.4,43,10,30,3,43,37,6,86.04651162790698,37,0,6,1716454,1.2368225331081009,508161,22.842649177498128,39917.53488372093,1717365,0,100,0.5200000000000025,15.384615384615385,2.5961538461538463,0.7551831373626379
2007,1969,ProtoMetal,Rock,1968,,0.4,0.35,31,6,22,3,31,23,8,74.19354838709677,23,1,7,2053445,1.4796476028475942,395366,16.14522313073569,66240.16129032258,2054394,0,100,0.4547980769230787,16.98076923076923,2.5961538461538463,0.6471780109890111
2007,1969,ProtoPunk,Rock,1967,,0.4,0.3,35,16,16,3,35,28,7,80,28,1,6,1361521,0.9810690249199073,556003,28.99588218974052,38900.6,1362996,0,100,0.38485794780219684,17.48076923076923,2.076923076923077,0.6858179587912087
2007,1969,PsychedelicRock,Rock,1966,1971,0.45,0.65,57,37,17,3,56,5,51,8.928571428571429,5,51,0,392265,0.28265376814621845,54967,12.290489052661705,6881.8421052631575,218931,173538,55.783004517554254,0.8152269615384595,86,0.34615384615384615,0.09186640659340663
2007,1969,Reggae,Caribbean,1968,,0.8,0.2,19,7,9,3,17,1,16,5.882352941176471,1,9,7,206041,0.14846663618374056,12469,5.706374994279438,10844.263157894737,122712,83511,59.50451695494683,0.2115765961538468,22.75,0.17307692307692307,0.09701114835164835
2007,1969,RnB,RhythmAndSoul,1949,1965,0.8,0.3,9,9,0,0,9,2,7,22.22222222222222,2,6,1,451864,0.32559892493498743,101647,18.364043352345302,50207.11111111111,218796,233599,48.36392975165508,0.3580724285714275,59.09615384615385,1.0192307692307692,0.0691462005494506
2007,1969,RockAndRoll,Rock,1955,,0.85,0.35,217,174,40,3,214,25,189,11.682242990654206,25,87,102,14429238,10.397253112509667,3081323,17.596940497794446,66494.18433179724,7766888,6668688,53.80379695275062,0.45500000000000174,749.1538461538462,37.42307692307692,3.21868239835165
2007,1969,Rocksteady,Caribbean,1966,1968,0.8,0.1,1,1,0,0,1,0,1,0,0,0,1,44898,0.03235208056346836,2172,4.61440407903123,44898,3962,41133,8.7858964408471,0.10000253571428597,25.884615384615383,0,0.025730337912087932
2007,1969,SingerSongwriter,Folk,1967,,0.35,0.5,54,30,21,3,54,3,51,5.555555555555555,3,48,3,1043768,0.7521062502911097,90240,7.957615819288753,19329.037037037036,719962,323972,68.96623732917982,0.6434995357142884,97.40384615384616,0.7884615384615384,0.2162246401098902
2007,1969,Ska,Caribbean,1964,1967,0.8,0.08,2,2,0,0,2,0,2,0,0,1,1,46745,0.03368297042049375,1115,2.3297116590054325,23372.5,1185,45693,2.5278382183540256,0.08246962087912081,25.942307692307693,0,0.0033510192307692308
2007,1969,Soul,RhythmAndSoul,1961,,0.7,0.9,382,300,79,3,380,29,351,7.631578947368421,29,347,4,6531911,4.7066887368124455,766857,10.5066635903484,17099.24345549738,4254101,2281384,65.09235351316697,0.9660768571428571,1016.0576923076923,4.4423076923076925,1.7326361620879123
2007,1969,SunshinePop,Pop,1965,1971,0.55,0.5,57,23,31,3,56,45,11,80.35714285714286,45,2,9,6230641,4.489603091319191,985069,13.651726579920757,109309.49122807017,6232404,0,100,0.6500000000000039,27.326923076923077,5.25,1.7268448928571436
2007,1969,SurfRock,Rock,1961,1966,0.8,0.2,0,0,0,0,0,0,0,0,0,0,0,16473,0.011869923451423544,9177,35.77777777777778,0,16517,0,100,0.2522929615384623,0.7307692307692307,0,0.012446217032967033
2007,1969,TeenPop,Pop,1957,1965,0.9,0.25,7,7,0,0,7,1,6,14.285714285714286,1,4,2,1043695,0.7520536487970312,155516,12.968193253730995,149099.2857142857,712417,331834,68.2227740265511,0.32500000000000195,78.51923076923077,1.2692307692307692,0.08801005769230769
2007,1969,TexMex,Latin,1959,,0.75,0.3,37,25,9,3,36,1,35,2.7777777777777777,1,29,6,670669,0.48326289632992026,20555,2.97371040357395,18126.18918918919,425029,246493,63.293384282272214,0.39228628296703366,116.86538461538461,0.3076923076923077,0.19750719780219794
2007,1969,TraditionalPop,Pop,1950,1971,0.45,0.3,229,193,33,3,228,34,194,14.912280701754385,34,108,86,28548256,20.57097149223838,4940068,14.751613129399967,124664.87336244542,16081342,12472803,56.318765629298305,0.3899999999999992,711.5192307692307,104.92307692307692,3.7182513131868142
