arm,seed,month,genre,unsigned,acts,observedSlotActs,slotP10,slotMedian,slotP90
baseline-replay,1001,1960-01,TraditionalPop,false,285,4,3,3,5
baseline-replay,1001,1960-01,TraditionalPop,true,0,0,,,
baseline-replay,1001,1960-01,EasyListening,false,87,4,3,5,5
baseline-replay,1001,1960-01,EasyListening,true,64,4,3,3,5
baseline-replay,1001,1960-01,Jazz,false,116,8,3,4,5
baseline-replay,1001,1960-01,Jazz,true,0,0,,,
baseline-replay,1001,1960-01,Blues,false,134,4,4,4,5
baseline-replay,1001,1960-01,Blues,true,0,0,,,
baseline-replay,1001,1960-01,RockAndRoll,false,497,0,,,
baseline-replay,1001,1960-01,RockAndRoll,true,0,0,,,
baseline-replay,1001,1960-01,DooWop,false,94,0,,,
baseline-replay,1001,1960-01,DooWop,true,0,0,,,
baseline-replay,1001,1960-01,TeenPop,false,310,0,,,
baseline-replay,1001,1960-01,TeenPop,true,0,0,,,
baseline-replay,1001,1960-01,RnB,false,437,0,,,
baseline-replay,1001,1960-01,RnB,true,0,0,,,
baseline-replay,1001,1960-01,Soul,false,427,0,,,
baseline-replay,1001,1960-01,Soul,true,0,0,,,
baseline-replay,1001,1960-01,Motown,false,0,0,,,
baseline-replay,1001,1960-01,Motown,true,0,0,,,
baseline-replay,1001,1960-01,Funk,false,0,0,,,
baseline-replay,1001,1960-01,Funk,true,0,0,,,
baseline-replay,1001,1960-01,GirlGroup,false,0,0,,,
baseline-replay,1001,1960-01,GirlGroup,true,0,0,,,
baseline-replay,1001,1960-01,Country,false,189,0,,,
baseline-replay,1001,1960-01,Country,true,0,0,,,
baseline-replay,1001,1960-01,Folk,false,176,4,3,4,5
baseline-replay,1001,1960-01,Folk,true,0,0,,,
baseline-replay,1001,1960-01,FolkRock,false,0,0,,,
baseline-replay,1001,1960-01,FolkRock,true,0,0,,,
baseline-replay,1001,1960-01,CountryRock,false,0,0,,,
baseline-replay,1001,1960-01,CountryRock,true,0,0,,,
baseline-replay,1001,1960-01,BritishInvasion,false,0,0,,,
baseline-replay,1001,1960-01,BritishInvasion,true,0,0,,,
baseline-replay,1001,1960-01,Skiffle,false,0,0,,,
baseline-replay,1001,1960-01,Skiffle,true,0,0,,,
baseline-replay,1001,1960-01,SurfRock,false,0,0,,,
baseline-replay,1001,1960-01,SurfRock,true,0,0,,,
baseline-replay,1001,1960-01,GarageRock,false,0,0,,,
baseline-replay,1001,1960-01,GarageRock,true,0,0,,,
baseline-replay,1001,1960-01,ProtoPunk,false,0,0,,,
baseline-replay,1001,1960-01,ProtoPunk,true,0,0,,,
baseline-replay,1001,1960-01,Psychedelic,false,0,0,,,
baseline-replay,1001,1960-01,Psychedelic,true,0,0,,,
baseline-replay,1001,1960-01,AcidRock,false,0,0,,,
baseline-replay,1001,1960-01,AcidRock,true,0,0,,,
baseline-replay,1001,1960-01,BaroquePop,false,0,0,,,
baseline-replay,1001,1960-01,BaroquePop,true,0,0,,,
baseline-replay,1001,1960-01,SunshinePop,false,0,0,,,
baseline-replay,1001,1960-01,SunshinePop,true,0,0,,,
baseline-replay,1001,1960-01,ProgressiveRock,false,0,0,,,
baseline-replay,1001,1960-01,ProgressiveRock,true,0,0,,,
baseline-replay,1001,1960-01,BluesRock,false,0,0,,,
baseline-replay,1001,1960-01,BluesRock,true,0,0,,,
baseline-replay,1001,1960-01,HardRock,false,0,0,,,
baseline-replay,1001,1960-01,HardRock,true,0,0,,,
baseline-replay,1001,1960-01,ProtoMetal,false,0,0,,,
baseline-replay,1001,1960-01,ProtoMetal,true,0,0,,,
baseline-replay,1001,1960-01,Bubblegum,false,0,0,,,
baseline-replay,1001,1960-01,Bubblegum,true,0,0,,,
baseline-replay,1001,1960-01,BossaNova,false,0,0,,,
baseline-replay,1001,1960-01,BossaNova,true,0,0,,,
baseline-replay,1001,1960-01,SkaRocksteady,false,0,0,,,
baseline-replay,1001,1960-01,SkaRocksteady,true,0,0,,,
baseline-replay,1001,1960-01,Gospel,false,53,53,3,4,5
baseline-replay,1001,1960-01,Gospel,true,0,0,,,
baseline-replay,1001,1960-01,BritishPop,false,0,0,,,
baseline-replay,1001,1960-01,BritishPop,true,0,0,,,
baseline-replay,1001,1960-01,PsychedelicRock,false,0,0,,,
baseline-replay,1001,1960-01,PsychedelicRock,true,0,0,,,
baseline-replay,1001,1960-01,BritishBeat,false,0,0,,,
baseline-replay,1001,1960-01,BritishBeat,true,0,0,,,
baseline-replay,1001,1960-01,BritishBlues,false,0,0,,,
baseline-replay,1001,1960-01,BritishBlues,true,0,0,,,
baseline-replay,1001,1960-01,Classical,false,41,0,,,
baseline-replay,1001,1960-01,Classical,true,34,0,,,
baseline-replay,1001,1960-01,Boogaloo,false,0,0,,,
baseline-replay,1001,1960-01,Boogaloo,true,0,0,,,
baseline-replay,1001,1960-01,TexMex,false,1,0,,,
baseline-replay,1001,1960-01,TexMex,true,4,0,,,
baseline-replay,1001,1960-01,LatinPop,false,0,0,,,
baseline-replay,1001,1960-01,LatinPop,true,20,0,,,
baseline-replay,1001,1960-01,Ska,false,0,0,,,
baseline-replay,1001,1960-01,Ska,true,0,0,,,
baseline-replay,1001,1960-01,Rocksteady,false,0,0,,,
baseline-replay,1001,1960-01,Rocksteady,true,0,0,,,
baseline-replay,1001,1960-01,Reggae,false,0,0,,,
baseline-replay,1001,1960-01,Reggae,true,0,0,,,
baseline-replay,1001,1960-01,Comedy,false,14,0,,,
baseline-replay,1001,1960-01,Comedy,true,7,0,,,
baseline-replay,1001,1960-01,Childrens,false,4,0,,,
baseline-replay,1001,1960-01,Childrens,true,6,0,,,
baseline-replay,1001,1960-01,ContemporaryFolk,false,0,0,,,
baseline-replay,1001,1960-01,ContemporaryFolk,true,0,0,,,
baseline-replay,1001,1960-01,SingerSongwriter,false,0,0,,,
baseline-replay,1001,1960-01,SingerSongwriter,true,0,0,,,
baseline-replay,1001,1960-01,PopRock,false,0,0,,,
baseline-replay,1001,1960-01,PopRock,true,0,0,,,
baseline-replay,1001,1960-01,RootsRock,false,0,0,,,
baseline-replay,1001,1960-01,RootsRock,true,0,0,,,
baseline-replay,1001,1960-01,PsychedelicPop,false,0,0,,,
baseline-replay,1001,1960-01,PsychedelicPop,true,0,0,,,
baseline-replay,1001,1960-02,TraditionalPop,false,286,4,4,4,5
baseline-replay,1001,1960-02,TraditionalPop,true,9,4,3,5,5
baseline-replay,1001,1960-02,EasyListening,false,135,4,3,3,5
baseline-replay,1001,1960-02,EasyListening,true,32,4,3,3,5
baseline-replay,1001,1960-02,Jazz,false,117,8,3,4,5
baseline-replay,1001,1960-02,Jazz,true,7,4,4,4,5
baseline-replay,1001,1960-02,Blues,false,137,4,3,3,4
baseline-replay,1001,1960-02,Blues,true,2,2,3,3,4
baseline-replay,1001,1960-02,RockAndRoll,false,500,0,,,
baseline-replay,1001,1960-02,RockAndRoll,true,6,0,,,
baseline-replay,1001,1960-02,DooWop,false,98,0,,,
baseline-replay,1001,1960-02,DooWop,true,15,0,,,
baseline-replay,1001,1960-02,TeenPop,false,314,0,,,
baseline-replay,1001,1960-02,TeenPop,true,5,0,,,
baseline-replay,1001,1960-02,RnB,false,439,0,,,
baseline-replay,1001,1960-02,RnB,true,7,0,,,
baseline-replay,1001,1960-02,Soul,false,429,0,,,
baseline-replay,1001,1960-02,Soul,true,12,0,,,
baseline-replay,1001,1960-02,Motown,false,0,0,,,
baseline-replay,1001,1960-02,Motown,true,0,0,,,
baseline-replay,1001,1960-02,Funk,false,0,0,,,
baseline-replay,1001,1960-02,Funk,true,0,0,,,
baseline-replay,1001,1960-02,GirlGroup,false,0,0,,,
baseline-replay,1001,1960-02,GirlGroup,true,0,0,,,
baseline-replay,1001,1960-02,Country,false,197,0,,,
baseline-replay,1001,1960-02,Country,true,23,0,,,
baseline-replay,1001,1960-02,Folk,false,179,4,3,3,5
baseline-replay,1001,1960-02,Folk,true,9,4,4,4,4
baseline-replay,1001,1960-02,FolkRock,false,0,0,,,
baseline-replay,1001,1960-02,FolkRock,true,0,0,,,
baseline-replay,1001,1960-02,CountryRock,false,0,0,,,
baseline-replay,1001,1960-02,CountryRock,true,0,0,,,
baseline-replay,1001,1960-02,BritishInvasion,false,0,0,,,
baseline-replay,1001,1960-02,BritishInvasion,true,0,0,,,
baseline-replay,1001,1960-02,Skiffle,false,0,0,,,
baseline-replay,1001,1960-02,Skiffle,true,0,0,,,
baseline-replay,1001,1960-02,SurfRock,false,0,0,,,
baseline-replay,1001,1960-02,SurfRock,true,4,0,,,
baseline-replay,1001,1960-02,GarageRock,false,0,0,,,
baseline-replay,1001,1960-02,GarageRock,true,0,0,,,
baseline-replay,1001,1960-02,ProtoPunk,false,0,0,,,
baseline-replay,1001,1960-02,ProtoPunk,true,0,0,,,
baseline-replay,1001,1960-02,Psychedelic,false,0,0,,,
baseline-replay,1001,1960-02,Psychedelic,true,0,0,,,
baseline-replay,1001,1960-02,AcidRock,false,0,0,,,
baseline-replay,1001,1960-02,AcidRock,true,0,0,,,
baseline-replay,1001,1960-02,BaroquePop,false,0,0,,,
baseline-replay,1001,1960-02,BaroquePop,true,0,0,,,
baseline-replay,1001,1960-02,SunshinePop,false,0,0,,,
baseline-replay,1001,1960-02,SunshinePop,true,0,0,,,
baseline-replay,1001,1960-02,ProgressiveRock,false,0,0,,,
baseline-replay,1001,1960-02,ProgressiveRock,true,0,0,,,
baseline-replay,1001,1960-02,BluesRock,false,0,0,,,
baseline-replay,1001,1960-02,BluesRock,true,0,0,,,
baseline-replay,1001,1960-02,HardRock,false,0,0,,,
baseline-replay,1001,1960-02,HardRock,true,0,0,,,
baseline-replay,1001,1960-02,ProtoMetal,false,0,0,,,
baseline-replay,1001,1960-02,ProtoMetal,true,0,0,,,
baseline-replay,1001,1960-02,Bubblegum,false,0,0,,,
baseline-replay,1001,1960-02,Bubblegum,true,0,0,,,
baseline-replay,1001,1960-02,BossaNova,false,0,0,,,
baseline-replay,1001,1960-02,BossaNova,true,0,0,,,
baseline-replay,1001,1960-02,SkaRocksteady,false,0,0,,,
baseline-replay,1001,1960-02,SkaRocksteady,true,0,0,,,
baseline-replay,1001,1960-02,Gospel,false,53,53,3,4,5
baseline-replay,1001,1960-02,Gospel,true,10,10,3,3,5
baseline-replay,1001,1960-02,BritishPop,false,0,0,,,
baseline-replay,1001,1960-02,BritishPop,true,0,0,,,
baseline-replay,1001,1960-02,PsychedelicRock,false,0,0,,,
baseline-replay,1001,1960-02,PsychedelicRock,true,0,0,,,
baseline-replay,1001,1960-02,BritishBeat,false,0,0,,,
baseline-replay,1001,1960-02,BritishBeat,true,0,0,,,
baseline-replay,1001,1960-02,BritishBlues,false,0,0,,,
baseline-replay,1001,1960-02,BritishBlues,true,0,0,,,
baseline-replay,1001,1960-02,Classical,false,67,0,,,
baseline-replay,1001,1960-02,Classical,true,17,0,,,
baseline-replay,1001,1960-02,Boogaloo,false,0,0,,,
baseline-replay,1001,1960-02,Boogaloo,true,0,0,,,
baseline-replay,1001,1960-02,TexMex,false,5,0,,,
baseline-replay,1001,1960-02,TexMex,true,6,0,,,
baseline-replay,1001,1960-02,LatinPop,false,15,0,,,
baseline-replay,1001,1960-02,LatinPop,true,10,0,,,
baseline-replay,1001,1960-02,Ska,false,0,0,,,
baseline-replay,1001,1960-02,Ska,true,0,0,,,
baseline-replay,1001,1960-02,Rocksteady,false,0,0,,,
baseline-replay,1001,1960-02,Rocksteady,true,0,0,,,
baseline-replay,1001,1960-02,Reggae,false,0,0,,,
baseline-replay,1001,1960-02,Reggae,true,0,0,,,
baseline-replay,1001,1960-02,Comedy,false,20,0,,,
baseline-replay,1001,1960-02,Comedy,true,22,0,,,
baseline-replay,1001,1960-02,Childrens,false,11,0,,,
baseline-replay,1001,1960-02,Childrens,true,13,0,,,
baseline-replay,1001,1960-02,ContemporaryFolk,false,0,0,,,
baseline-replay,1001,1960-02,ContemporaryFolk,true,0,0,,,
baseline-replay,1001,1960-02,SingerSongwriter,false,0,0,,,
baseline-replay,1001,1960-02,SingerSongwriter,true,0,0,,,
baseline-replay,1001,1960-02,PopRock,false,0,0,,,
baseline-replay,1001,1960-02,PopRock,true,0,0,,,
baseline-replay,1001,1960-02,RootsRock,false,0,0,,,
baseline-replay,1001,1960-02,RootsRock,true,0,0,,,
baseline-replay,1001,1960-02,PsychedelicPop,false,0,0,,,
baseline-replay,1001,1960-02,PsychedelicPop,true,0,0,,,
baseline-replay,1001,1960-03,TraditionalPop,false,290,4,4,4,5
baseline-replay,1001,1960-03,TraditionalPop,true,15,4,3,3,5
baseline-replay,1001,1960-03,EasyListening,false,136,4,3,4,5
baseline-replay,1001,1960-03,EasyListening,true,42,4,3,4,5
baseline-replay,1001,1960-03,Jazz,false,117,8,3,4,5
baseline-replay,1001,1960-03,Jazz,true,15,6,3,4,5
baseline-replay,1001,1960-03,Blues,false,137,4,3,3,4
baseline-replay,1001,1960-03,Blues,true,10,4,4,4,5
baseline-replay,1001,1960-03,RockAndRoll,false,501,0,,,
baseline-replay,1001,1960-03,RockAndRoll,true,7,0,,,
baseline-replay,1001,1960-03,DooWop,false,98,0,,,
baseline-replay,1001,1960-03,DooWop,true,32,0,,,
baseline-replay,1001,1960-03,TeenPop,false,315,0,,,
baseline-replay,1001,1960-03,TeenPop,true,11,0,,,
baseline-replay,1001,1960-03,RnB,false,440,0,,,
baseline-replay,1001,1960-03,RnB,true,17,0,,,
baseline-replay,1001,1960-03,Soul,false,430,0,,,
baseline-replay,1001,1960-03,Soul,true,27,0,,,
baseline-replay,1001,1960-03,Motown,false,0,0,,,
baseline-replay,1001,1960-03,Motown,true,0,0,,,
baseline-replay,1001,1960-03,Funk,false,0,0,,,
baseline-replay,1001,1960-03,Funk,true,0,0,,,
baseline-replay,1001,1960-03,GirlGroup,false,0,0,,,
baseline-replay,1001,1960-03,GirlGroup,true,0,0,,,
baseline-replay,1001,1960-03,Country,false,201,0,,,
baseline-replay,1001,1960-03,Country,true,43,0,,,
baseline-replay,1001,1960-03,Folk,false,179,4,4,5,5
baseline-replay,1001,1960-03,Folk,true,16,4,3,3,4
baseline-replay,1001,1960-03,FolkRock,false,0,0,,,
baseline-replay,1001,1960-03,FolkRock,true,0,0,,,
baseline-replay,1001,1960-03,CountryRock,false,0,0,,,
baseline-replay,1001,1960-03,CountryRock,true,0,0,,,
baseline-replay,1001,1960-03,BritishInvasion,false,0,0,,,
baseline-replay,1001,1960-03,BritishInvasion,true,0,0,,,
baseline-replay,1001,1960-03,Skiffle,false,0,0,,,
baseline-replay,1001,1960-03,Skiffle,true,0,0,,,
baseline-replay,1001,1960-03,SurfRock,false,0,0,,,
baseline-replay,1001,1960-03,SurfRock,true,10,0,,,
baseline-replay,1001,1960-03,GarageRock,false,0,0,,,
baseline-replay,1001,1960-03,GarageRock,true,0,0,,,
baseline-replay,1001,1960-03,ProtoPunk,false,0,0,,,
baseline-replay,1001,1960-03,ProtoPunk,true,0,0,,,
baseline-replay,1001,1960-03,Psychedelic,false,0,0,,,
baseline-replay,1001,1960-03,Psychedelic,true,0,0,,,
baseline-replay,1001,1960-03,AcidRock,false,0,0,,,
baseline-replay,1001,1960-03,AcidRock,true,0,0,,,
baseline-replay,1001,1960-03,BaroquePop,false,0,0,,,
baseline-replay,1001,1960-03,BaroquePop,true,0,0,,,
baseline-replay,1001,1960-03,SunshinePop,false,0,0,,,
baseline-replay,1001,1960-03,SunshinePop,true,0,0,,,
baseline-replay,1001,1960-03,ProgressiveRock,false,0,0,,,
baseline-replay,1001,1960-03,ProgressiveRock,true,0,0,,,
baseline-replay,1001,1960-03,BluesRock,false,0,0,,,
baseline-replay,1001,1960-03,BluesRock,true,0,0,,,
baseline-replay,1001,1960-03,HardRock,false,0,0,,,
baseline-replay,1001,1960-03,HardRock,true,0,0,,,
baseline-replay,1001,1960-03,ProtoMetal,false,0,0,,,
baseline-replay,1001,1960-03,ProtoMetal,true,0,0,,,
baseline-replay,1001,1960-03,Bubblegum,false,0,0,,,
baseline-replay,1001,1960-03,Bubblegum,true,0,0,,,
baseline-replay,1001,1960-03,BossaNova,false,0,0,,,
baseline-replay,1001,1960-03,BossaNova,true,0,0,,,
baseline-replay,1001,1960-03,SkaRocksteady,false,0,0,,,
baseline-replay,1001,1960-03,SkaRocksteady,true,0,0,,,
baseline-replay,1001,1960-03,Gospel,false,53,53,3,4,5
baseline-replay,1001,1960-03,Gospel,true,18,18,3,4,5
baseline-replay,1001,1960-03,BritishPop,false,0,0,,,
baseline-replay,1001,1960-03,BritishPop,true,0,0,,,
baseline-replay,1001,1960-03,PsychedelicRock,false,0,0,,,
baseline-replay,1001,1960-03,PsychedelicRock,true,0,0,,,
baseline-replay,1001,1960-03,BritishBeat,false,0,0,,,
baseline-replay,1001,1960-03,BritishBeat,true,0,0,,,
baseline-replay,1001,1960-03,BritishBlues,false,0,0,,,
baseline-replay,1001,1960-03,BritishBlues,true,0,0,,,
baseline-replay,1001,1960-03,Classical,false,69,0,,,
baseline-replay,1001,1960-03,Classical,true,19,0,,,
baseline-replay,1001,1960-03,Boogaloo,false,0,0,,,
baseline-replay,1001,1960-03,Boogaloo,true,0,0,,,
baseline-replay,1001,1960-03,TexMex,false,6,0,,,
baseline-replay,1001,1960-03,TexMex,true,10,0,,,
baseline-replay,1001,1960-03,LatinPop,false,17,0,,,
baseline-replay,1001,1960-03,LatinPop,true,12,0,,,
baseline-replay,1001,1960-03,Ska,false,0,0,,,
baseline-replay,1001,1960-03,Ska,true,0,0,,,
baseline-replay,1001,1960-03,Rocksteady,false,0,0,,,
baseline-replay,1001,1960-03,Rocksteady,true,0,0,,,
baseline-replay,1001,1960-03,Reggae,false,0,0,,,
baseline-replay,1001,1960-03,Reggae,true,0,0,,,
baseline-replay,1001,1960-03,Comedy,false,21,0,,,
baseline-replay,1001,1960-03,Comedy,true,37,0,,,
baseline-replay,1001,1960-03,Childrens,false,11,0,,,
baseline-replay,1001,1960-03,Childrens,true,18,0,,,
baseline-replay,1001,1960-03,ContemporaryFolk,false,0,0,,,
baseline-replay,1001,1960-03,ContemporaryFolk,true,0,0,,,
baseline-replay,1001,1960-03,SingerSongwriter,false,0,0,,,
baseline-replay,1001,1960-03,SingerSongwriter,true,0,0,,,
baseline-replay,1001,1960-03,PopRock,false,0,0,,,
baseline-replay,1001,1960-03,PopRock,true,0,0,,,
baseline-replay,1001,1960-03,RootsRock,false,0,0,,,
baseline-replay,1001,1960-03,RootsRock,true,0,0,,,
baseline-replay,1001,1960-03,PsychedelicPop,false,0,0,,,
baseline-replay,1001,1960-03,PsychedelicPop,true,0,0,,,
baseline-replay,1001,1960-04,TraditionalPop,false,291,4,3,3,3
baseline-replay,1001,1960-04,TraditionalPop,true,23,4,3,3,4
baseline-replay,1001,1960-04,EasyListening,false,138,4,4,4,5
baseline-replay,1001,1960-04,EasyListening,true,54,4,3,4,5
baseline-replay,1001,1960-04,Jazz,false,118,8,3,4,5
baseline-replay,1001,1960-04,Jazz,true,25,8,3,4,5
baseline-replay,1001,1960-04,Blues,false,137,4,3,5,5
baseline-replay,1001,1960-04,Blues,true,13,4,3,3,4
baseline-replay,1001,1960-04,RockAndRoll,false,501,0,,,
baseline-replay,1001,1960-04,RockAndRoll,true,11,0,,,
baseline-replay,1001,1960-04,DooWop,false,99,0,,,
baseline-replay,1001,1960-04,DooWop,true,47,0,,,
baseline-replay,1001,1960-04,TeenPop,false,315,0,,,
baseline-replay,1001,1960-04,TeenPop,true,25,0,,,
baseline-replay,1001,1960-04,RnB,false,441,0,,,
baseline-replay,1001,1960-04,RnB,true,24,0,,,
baseline-replay,1001,1960-04,Soul,false,430,0,,,
baseline-replay,1001,1960-04,Soul,true,37,0,,,
baseline-replay,1001,1960-04,Motown,false,0,0,,,
baseline-replay,1001,1960-04,Motown,true,0,0,,,
baseline-replay,1001,1960-04,Funk,false,0,0,,,
baseline-replay,1001,1960-04,Funk,true,0,0,,,
baseline-replay,1001,1960-04,GirlGroup,false,0,0,,,
baseline-replay,1001,1960-04,GirlGroup,true,0,0,,,
baseline-replay,1001,1960-04,Country,false,201,0,,,
baseline-replay,1001,1960-04,Country,true,72,0,,,
baseline-replay,1001,1960-04,Folk,false,179,4,3,4,5
baseline-replay,1001,1960-04,Folk,true,27,4,3,3,5
baseline-replay,1001,1960-04,FolkRock,false,0,0,,,
baseline-replay,1001,1960-04,FolkRock,true,0,0,,,
baseline-replay,1001,1960-04,CountryRock,false,0,0,,,
baseline-replay,1001,1960-04,CountryRock,true,0,0,,,
baseline-replay,1001,1960-04,BritishInvasion,false,0,0,,,
baseline-replay,1001,1960-04,BritishInvasion,true,0,0,,,
baseline-replay,1001,1960-04,Skiffle,false,0,0,,,
baseline-replay,1001,1960-04,Skiffle,true,0,0,,,
baseline-replay,1001,1960-04,SurfRock,false,0,0,,,
baseline-replay,1001,1960-04,SurfRock,true,15,0,,,
baseline-replay,1001,1960-04,GarageRock,false,0,0,,,
baseline-replay,1001,1960-04,GarageRock,true,0,0,,,
baseline-replay,1001,1960-04,ProtoPunk,false,0,0,,,
baseline-replay,1001,1960-04,ProtoPunk,true,0,0,,,
baseline-replay,1001,1960-04,Psychedelic,false,0,0,,,
baseline-replay,1001,1960-04,Psychedelic,true,0,0,,,
baseline-replay,1001,1960-04,AcidRock,false,0,0,,,
baseline-replay,1001,1960-04,AcidRock,true,0,0,,,
baseline-replay,1001,1960-04,BaroquePop,false,0,0,,,
baseline-replay,1001,1960-04,BaroquePop,true,0,0,,,
baseline-replay,1001,1960-04,SunshinePop,false,0,0,,,
baseline-replay,1001,1960-04,SunshinePop,true,0,0,,,
baseline-replay,1001,1960-04,ProgressiveRock,false,0,0,,,
baseline-replay,1001,1960-04,ProgressiveRock,true,0,0,,,
baseline-replay,1001,1960-04,BluesRock,false,0,0,,,
baseline-replay,1001,1960-04,BluesRock,true,0,0,,,
baseline-replay,1001,1960-04,HardRock,false,0,0,,,
baseline-replay,1001,1960-04,HardRock,true,0,0,,,
baseline-replay,1001,1960-04,ProtoMetal,false,0,0,,,
baseline-replay,1001,1960-04,ProtoMetal,true,0,0,,,
baseline-replay,1001,1960-04,Bubblegum,false,0,0,,,
baseline-replay,1001,1960-04,Bubblegum,true,0,0,,,
baseline-replay,1001,1960-04,BossaNova,false,0,0,,,
baseline-replay,1001,1960-04,BossaNova,true,0,0,,,
baseline-replay,1001,1960-04,SkaRocksteady,false,0,0,,,
baseline-replay,1001,1960-04,SkaRocksteady,true,0,0,,,
baseline-replay,1001,1960-04,Gospel,false,53,53,3,4,5
baseline-replay,1001,1960-04,Gospel,true,23,23,3,4,5
baseline-replay,1001,1960-04,BritishPop,false,0,0,,,
baseline-replay,1001,1960-04,BritishPop,true,0,0,,,
baseline-replay,1001,1960-04,PsychedelicRock,false,0,0,,,
baseline-replay,1001,1960-04,PsychedelicRock,true,0,0,,,
baseline-replay,1001,1960-04,BritishBeat,false,0,0,,,
baseline-replay,1001,1960-04,BritishBeat,true,0,0,,,
baseline-replay,1001,1960-04,BritishBlues,false,0,0,,,
baseline-replay,1001,1960-04,BritishBlues,true,0,0,,,
baseline-replay,1001,1960-04,Classical,false,70,0,,,
baseline-replay,1001,1960-04,Classical,true,21,0,,,
baseline-replay,1001,1960-04,Boogaloo,false,0,0,,,
baseline-replay,1001,1960-04,Boogaloo,true,0,0,,,
baseline-replay,1001,1960-04,TexMex,false,6,0,,,
baseline-replay,1001,1960-04,TexMex,true,12,0,,,
baseline-replay,1001,1960-04,LatinPop,false,18,0,,,
baseline-replay,1001,1960-04,LatinPop,true,19,0,,,
baseline-replay,1001,1960-04,Ska,false,0,0,,,
baseline-replay,1001,1960-04,Ska,true,0,0,,,
baseline-replay,1001,1960-04,Rocksteady,false,0,0,,,
baseline-replay,1001,1960-04,Rocksteady,true,0,0,,,
baseline-replay,1001,1960-04,Reggae,false,0,0,,,
baseline-replay,1001,1960-04,Reggae,true,0,0,,,
baseline-replay,1001,1960-04,Comedy,false,22,0,,,
baseline-replay,1001,1960-04,Comedy,true,45,0,,,
baseline-replay,1001,1960-04,Childrens,false,11,0,,,
baseline-replay,1001,1960-04,Childrens,true,27,0,,,
baseline-replay,1001,1960-04,ContemporaryFolk,false,0,0,,,
baseline-replay,1001,1960-04,ContemporaryFolk,true,0,0,,,
baseline-replay,1001,1960-04,SingerSongwriter,false,0,0,,,
baseline-replay,1001,1960-04,SingerSongwriter,true,0,0,,,
baseline-replay,1001,1960-04,PopRock,false,0,0,,,
baseline-replay,1001,1960-04,PopRock,true,0,0,,,
baseline-replay,1001,1960-04,RootsRock,false,0,0,,,
baseline-replay,1001,1960-04,RootsRock,true,0,0,,,
baseline-replay,1001,1960-04,PsychedelicPop,false,0,0,,,
baseline-replay,1001,1960-04,PsychedelicPop,true,0,0,,,
baseline-replay,1001,1960-05,TraditionalPop,false,291,4,3,4,5
baseline-replay,1001,1960-05,TraditionalPop,true,31,4,3,3,5
baseline-replay,1001,1960-05,EasyListening,false,138,4,3,4,5
baseline-replay,1001,1960-05,EasyListening,true,69,4,3,4,5
baseline-replay,1001,1960-05,Jazz,false,118,8,4,4,5
baseline-replay,1001,1960-05,Jazz,true,38,8,3,4,5
baseline-replay,1001,1960-05,Blues,false,137,4,3,4,5
baseline-replay,1001,1960-05,Blues,true,18,4,4,4,5
baseline-replay,1001,1960-05,RockAndRoll,false,501,0,,,
baseline-replay,1001,1960-05,RockAndRoll,true,20,0,,,
baseline-replay,1001,1960-05,DooWop,false,97,0,,,
baseline-replay,1001,1960-05,DooWop,true,75,0,,,
baseline-replay,1001,1960-05,TeenPop,false,315,0,,,
baseline-replay,1001,1960-05,TeenPop,true,43,0,,,
baseline-replay,1001,1960-05,RnB,false,441,0,,,
baseline-replay,1001,1960-05,RnB,true,37,0,,,
baseline-replay,1001,1960-05,Soul,false,427,0,,,
baseline-replay,1001,1960-05,Soul,true,61,0,,,
baseline-replay,1001,1960-05,Motown,false,0,0,,,
baseline-replay,1001,1960-05,Motown,true,0,0,,,
baseline-replay,1001,1960-05,Funk,false,0,0,,,
baseline-replay,1001,1960-05,Funk,true,0,0,,,
baseline-replay,1001,1960-05,GirlGroup,false,0,0,,,
baseline-replay,1001,1960-05,GirlGroup,true,0,0,,,
baseline-replay,1001,1960-05,Country,false,201,0,,,
baseline-replay,1001,1960-05,Country,true,97,0,,,
baseline-replay,1001,1960-05,Folk,false,179,4,3,3,5
baseline-replay,1001,1960-05,Folk,true,40,4,4,4,5
baseline-replay,1001,1960-05,FolkRock,false,0,0,,,
baseline-replay,1001,1960-05,FolkRock,true,0,0,,,
baseline-replay,1001,1960-05,CountryRock,false,0,0,,,
baseline-replay,1001,1960-05,CountryRock,true,0,0,,,
baseline-replay,1001,1960-05,BritishInvasion,false,0,0,,,
baseline-replay,1001,1960-05,BritishInvasion,true,0,0,,,
baseline-replay,1001,1960-05,Skiffle,false,0,0,,,
baseline-replay,1001,1960-05,Skiffle,true,0,0,,,
baseline-replay,1001,1960-05,SurfRock,false,0,0,,,
baseline-replay,1001,1960-05,SurfRock,true,20,0,,,
baseline-replay,1001,1960-05,GarageRock,false,0,0,,,
baseline-replay,1001,1960-05,GarageRock,true,0,0,,,
baseline-replay,1001,1960-05,ProtoPunk,false,0,0,,,
baseline-replay,1001,1960-05,ProtoPunk,true,0,0,,,
baseline-replay,1001,1960-05,Psychedelic,false,0,0,,,
baseline-replay,1001,1960-05,Psychedelic,true,0,0,,,
baseline-replay,1001,1960-05,AcidRock,false,0,0,,,
baseline-replay,1001,1960-05,AcidRock,true,0,0,,,
baseline-replay,1001,1960-05,BaroquePop,false,0,0,,,
baseline-replay,1001,1960-05,BaroquePop,true,0,0,,,
baseline-replay,1001,1960-05,SunshinePop,false,0,0,,,
baseline-replay,1001,1960-05,SunshinePop,true,0,0,,,
baseline-replay,1001,1960-05,ProgressiveRock,false,0,0,,,
baseline-replay,1001,1960-05,ProgressiveRock,true,0,0,,,
baseline-replay,1001,1960-05,BluesRock,false,0,0,,,
baseline-replay,1001,1960-05,BluesRock,true,0,0,,,
baseline-replay,1001,1960-05,HardRock,false,0,0,,,
baseline-replay,1001,1960-05,HardRock,true,0,0,,,
baseline-replay,1001,1960-05,ProtoMetal,false,0,0,,,
baseline-replay,1001,1960-05,ProtoMetal,true,0,0,,,
baseline-replay,1001,1960-05,Bubblegum,false,0,0,,,
baseline-replay,1001,1960-05,Bubblegum,true,0,0,,,
baseline-replay,1001,1960-05,BossaNova,false,0,0,,,
baseline-replay,1001,1960-05,BossaNova,true,0,0,,,
baseline-replay,1001,1960-05,SkaRocksteady,false,0,0,,,
baseline-replay,1001,1960-05,SkaRocksteady,true,0,0,,,
baseline-replay,1001,1960-05,Gospel,false,53,53,3,4,5
baseline-replay,1001,1960-05,Gospel,true,33,33,3,4,5
baseline-replay,1001,1960-05,BritishPop,false,0,0,,,
baseline-replay,1001,1960-05,BritishPop,true,0,0,,,
baseline-replay,1001,1960-05,PsychedelicRock,false,0,0,,,
baseline-replay,1001,1960-05,PsychedelicRock,true,0,0,,,
baseline-replay,1001,1960-05,BritishBeat,false,0,0,,,
baseline-replay,1001,1960-05,BritishBeat,true,0,0,,,
baseline-replay,1001,1960-05,BritishBlues,false,0,0,,,
baseline-replay,1001,1960-05,BritishBlues,true,0,0,,,
baseline-replay,1001,1960-05,Classical,false,69,0,,,
baseline-replay,1001,1960-05,Classical,true,30,0,,,
baseline-replay,1001,1960-05,Boogaloo,false,0,0,,,
baseline-replay,1001,1960-05,Boogaloo,true,0,0,,,
baseline-replay,1001,1960-05,TexMex,false,6,0,,,
baseline-replay,1001,1960-05,TexMex,true,14,0,,,
baseline-replay,1001,1960-05,LatinPop,false,18,0,,,
baseline-replay,1001,1960-05,LatinPop,true,21,0,,,
baseline-replay,1001,1960-05,Ska,false,0,0,,,
baseline-replay,1001,1960-05,Ska,true,0,0,,,
baseline-replay,1001,1960-05,Rocksteady,false,0,0,,,
baseline-replay,1001,1960-05,Rocksteady,true,0,0,,,
baseline-replay,1001,1960-05,Reggae,false,0,0,,,
baseline-replay,1001,1960-05,Reggae,true,0,0,,,
baseline-replay,1001,1960-05,Comedy,false,22,0,,,
baseline-replay,1001,1960-05,Comedy,true,58,0,,,
baseline-replay,1001,1960-05,Childrens,false,11,0,,,
baseline-replay,1001,1960-05,Childrens,true,32,0,,,
baseline-replay,1001,1960-05,ContemporaryFolk,false,0,0,,,
baseline-replay,1001,1960-05,ContemporaryFolk,true,0,0,,,
baseline-replay,1001,1960-05,SingerSongwriter,false,0,0,,,
baseline-replay,1001,1960-05,SingerSongwriter,true,0,0,,,
baseline-replay,1001,1960-05,PopRock,false,0,0,,,
baseline-replay,1001,1960-05,PopRock,true,0,0,,,
baseline-replay,1001,1960-05,RootsRock,false,0,0,,,
baseline-replay,1001,1960-05,RootsRock,true,0,0,,,
baseline-replay,1001,1960-05,PsychedelicPop,false,0,0,,,
baseline-replay,1001,1960-05,PsychedelicPop,true,0,0,,,
baseline-replay,1001,1960-06,TraditionalPop,false,291,4,3,3,5
baseline-replay,1001,1960-06,TraditionalPop,true,38,4,5,5,5
baseline-replay,1001,1960-06,EasyListening,false,139,4,3,3,5
baseline-replay,1001,1960-06,EasyListening,true,74,4,3,3,5
baseline-replay,1001,1960-06,Jazz,false,120,8,3,3,5
baseline-replay,1001,1960-06,Jazz,true,43,8,3,4,5
baseline-replay,1001,1960-06,Blues,false,134,4,3,4,5
baseline-replay,1001,1960-06,Blues,true,25,4,3,3,5
baseline-replay,1001,1960-06,RockAndRoll,false,501,0,,,
baseline-replay,1001,1960-06,RockAndRoll,true,30,0,,,
baseline-replay,1001,1960-06,DooWop,false,97,0,,,
baseline-replay,1001,1960-06,DooWop,true,90,0,,,
baseline-replay,1001,1960-06,TeenPop,false,313,0,,,
baseline-replay,1001,1960-06,TeenPop,true,54,0,,,
baseline-replay,1001,1960-06,RnB,false,441,0,,,
baseline-replay,1001,1960-06,RnB,true,45,0,,,
baseline-replay,1001,1960-06,Soul,false,428,0,,,
baseline-replay,1001,1960-06,Soul,true,72,0,,,
baseline-replay,1001,1960-06,Motown,false,0,0,,,
baseline-replay,1001,1960-06,Motown,true,0,0,,,
baseline-replay,1001,1960-06,Funk,false,0,0,,,
baseline-replay,1001,1960-06,Funk,true,0,0,,,
baseline-replay,1001,1960-06,GirlGroup,false,0,0,,,
baseline-replay,1001,1960-06,GirlGroup,true,0,0,,,
baseline-replay,1001,1960-06,Country,false,206,0,,,
baseline-replay,1001,1960-06,Country,true,120,0,,,
baseline-replay,1001,1960-06,Folk,false,179,4,4,4,5
baseline-replay,1001,1960-06,Folk,true,54,4,3,4,5
baseline-replay,1001,1960-06,FolkRock,false,0,0,,,
baseline-replay,1001,1960-06,FolkRock,true,0,0,,,
baseline-replay,1001,1960-06,CountryRock,false,0,0,,,
baseline-replay,1001,1960-06,CountryRock,true,0,0,,,
baseline-replay,1001,1960-06,BritishInvasion,false,0,0,,,
baseline-replay,1001,1960-06,BritishInvasion,true,0,0,,,
baseline-replay,1001,1960-06,Skiffle,false,0,0,,,
baseline-replay,1001,1960-06,Skiffle,true,0,0,,,
baseline-replay,1001,1960-06,SurfRock,false,0,0,,,
baseline-replay,1001,1960-06,SurfRock,true,24,0,,,
baseline-replay,1001,1960-06,GarageRock,false,0,0,,,
baseline-replay,1001,1960-06,GarageRock,true,0,0,,,
baseline-replay,1001,1960-06,ProtoPunk,false,0,0,,,
baseline-replay,1001,1960-06,ProtoPunk,true,0,0,,,
baseline-replay,1001,1960-06,Psychedelic,false,0,0,,,
baseline-replay,1001,1960-06,Psychedelic,true,0,0,,,
baseline-replay,1001,1960-06,AcidRock,false,0,0,,,
baseline-replay,1001,1960-06,AcidRock,true,0,0,,,
baseline-replay,1001,1960-06,BaroquePop,false,0,0,,,
baseline-replay,1001,1960-06,BaroquePop,true,0,0,,,
baseline-replay,1001,1960-06,SunshinePop,false,0,0,,,
baseline-replay,1001,1960-06,SunshinePop,true,0,0,,,
baseline-replay,1001,1960-06,ProgressiveRock,false,0,0,,,
baseline-replay,1001,1960-06,ProgressiveRock,true,0,0,,,
baseline-replay,1001,1960-06,BluesRock,false,0,0,,,
baseline-replay,1001,1960-06,BluesRock,true,0,0,,,
baseline-replay,1001,1960-06,HardRock,false,0,0,,,
baseline-replay,1001,1960-06,HardRock,true,0,0,,,
baseline-replay,1001,1960-06,ProtoMetal,false,0,0,,,
baseline-replay,1001,1960-06,ProtoMetal,true,0,0,,,
baseline-replay,1001,1960-06,Bubblegum,false,0,0,,,
baseline-replay,1001,1960-06,Bubblegum,true,0,0,,,
baseline-replay,1001,1960-06,BossaNova,false,0,0,,,
baseline-replay,1001,1960-06,BossaNova,true,0,0,,,
baseline-replay,1001,1960-06,SkaRocksteady,false,0,0,,,
baseline-replay,1001,1960-06,SkaRocksteady,true,0,0,,,
baseline-replay,1001,1960-06,Gospel,false,54,54,3,4,5
baseline-replay,1001,1960-06,Gospel,true,36,36,3,4,5
baseline-replay,1001,1960-06,BritishPop,false,0,0,,,
baseline-replay,1001,1960-06,BritishPop,true,0,0,,,
baseline-replay,1001,1960-06,PsychedelicRock,false,0,0,,,
baseline-replay,1001,1960-06,PsychedelicRock,true,0,0,,,
baseline-replay,1001,1960-06,BritishBeat,false,0,0,,,
baseline-replay,1001,1960-06,BritishBeat,true,0,0,,,
baseline-replay,1001,1960-06,BritishBlues,false,0,0,,,
baseline-replay,1001,1960-06,BritishBlues,true,0,0,,,
baseline-replay,1001,1960-06,Classical,false,69,0,,,
baseline-replay,1001,1960-06,Classical,true,43,0,,,
baseline-replay,1001,1960-06,Boogaloo,false,0,0,,,
baseline-replay,1001,1960-06,Boogaloo,true,0,0,,,
baseline-replay,1001,1960-06,TexMex,false,6,0,,,
baseline-replay,1001,1960-06,TexMex,true,21,0,,,
baseline-replay,1001,1960-06,LatinPop,false,18,0,,,
baseline-replay,1001,1960-06,LatinPop,true,24,0,,,
baseline-replay,1001,1960-06,Ska,false,0,0,,,
baseline-replay,1001,1960-06,Ska,true,0,0,,,
baseline-replay,1001,1960-06,Rocksteady,false,0,0,,,
baseline-replay,1001,1960-06,Rocksteady,true,0,0,,,
baseline-replay,1001,1960-06,Reggae,false,0,0,,,
baseline-replay,1001,1960-06,Reggae,true,0,0,,,
baseline-replay,1001,1960-06,Comedy,false,21,0,,,
baseline-replay,1001,1960-06,Comedy,true,68,0,,,
baseline-replay,1001,1960-06,Childrens,false,11,0,,,
baseline-replay,1001,1960-06,Childrens,true,41,0,,,
baseline-replay,1001,1960-06,ContemporaryFolk,false,0,0,,,
baseline-replay,1001,1960-06,ContemporaryFolk,true,0,0,,,
baseline-replay,1001,1960-06,SingerSongwriter,false,0,0,,,
baseline-replay,1001,1960-06,SingerSongwriter,true,0,0,,,
baseline-replay,1001,1960-06,PopRock,false,0,0,,,
baseline-replay,1001,1960-06,PopRock,true,0,0,,,
baseline-replay,1001,1960-06,RootsRock,false,0,0,,,
baseline-replay,1001,1960-06,RootsRock,true,0,0,,,
baseline-replay,1001,1960-06,PsychedelicPop,false,0,0,,,
baseline-replay,1001,1960-06,PsychedelicPop,true,0,0,,,
baseline-replay,1001,1960-07,TraditionalPop,false,290,4,3,4,5
baseline-replay,1001,1960-07,TraditionalPop,true,45,4,3,4,5
baseline-replay,1001,1960-07,EasyListening,false,139,4,3,3,4
baseline-replay,1001,1960-07,EasyListening,true,87,4,3,4,4
baseline-replay,1001,1960-07,Jazz,false,120,8,3,4,5
baseline-replay,1001,1960-07,Jazz,true,52,8,3,3,5
baseline-replay,1001,1960-07,Blues,false,134,4,3,4,5
baseline-replay,1001,1960-07,Blues,true,35,4,3,4,5
baseline-replay,1001,1960-07,RockAndRoll,false,494,0,,,
baseline-replay,1001,1960-07,RockAndRoll,true,46,0,,,
baseline-replay,1001,1960-07,DooWop,false,99,0,,,
baseline-replay,1001,1960-07,DooWop,true,104,0,,,
baseline-replay,1001,1960-07,TeenPop,false,313,0,,,
baseline-replay,1001,1960-07,TeenPop,true,66,0,,,
baseline-replay,1001,1960-07,RnB,false,440,0,,,
baseline-replay,1001,1960-07,RnB,true,50,0,,,
baseline-replay,1001,1960-07,Soul,false,431,0,,,
baseline-replay,1001,1960-07,Soul,true,85,0,,,
baseline-replay,1001,1960-07,Motown,false,0,0,,,
baseline-replay,1001,1960-07,Motown,true,0,0,,,
baseline-replay,1001,1960-07,Funk,false,0,0,,,
baseline-replay,1001,1960-07,Funk,true,0,0,,,
baseline-replay,1001,1960-07,GirlGroup,false,0,0,,,
baseline-replay,1001,1960-07,GirlGroup,true,0,0,,,
baseline-replay,1001,1960-07,Country,false,207,0,,,
baseline-replay,1001,1960-07,Country,true,140,0,,,
baseline-replay,1001,1960-07,Folk,false,179,4,3,3,5
baseline-replay,1001,1960-07,Folk,true,58,4,3,4,5
baseline-replay,1001,1960-07,FolkRock,false,0,0,,,
baseline-replay,1001,1960-07,FolkRock,true,0,0,,,
baseline-replay,1001,1960-07,CountryRock,false,0,0,,,
baseline-replay,1001,1960-07,CountryRock,true,0,0,,,
baseline-replay,1001,1960-07,BritishInvasion,false,0,0,,,
baseline-replay,1001,1960-07,BritishInvasion,true,0,0,,,
baseline-replay,1001,1960-07,Skiffle,false,0,0,,,
baseline-replay,1001,1960-07,Skiffle,true,0,0,,,
baseline-replay,1001,1960-07,SurfRock,false,2,0,,,
baseline-replay,1001,1960-07,SurfRock,true,24,0,,,
baseline-replay,1001,1960-07,GarageRock,false,0,0,,,
baseline-replay,1001,1960-07,GarageRock,true,0,0,,,
baseline-replay,1001,1960-07,ProtoPunk,false,0,0,,,
baseline-replay,1001,1960-07,ProtoPunk,true,0,0,,,
baseline-replay,1001,1960-07,Psychedelic,false,0,0,,,
baseline-replay,1001,1960-07,Psychedelic,true,0,0,,,
baseline-replay,1001,1960-07,AcidRock,false,0,0,,,
baseline-replay,1001,1960-07,AcidRock,true,0,0,,,
baseline-replay,1001,1960-07,BaroquePop,false,0,0,,,
baseline-replay,1001,1960-07,BaroquePop,true,0,0,,,
baseline-replay,1001,1960-07,SunshinePop,false,0,0,,,
baseline-replay,1001,1960-07,SunshinePop,true,0,0,,,
baseline-replay,1001,1960-07,ProgressiveRock,false,0,0,,,
baseline-replay,1001,1960-07,ProgressiveRock,true,0,0,,,
baseline-replay,1001,1960-07,BluesRock,false,0,0,,,
baseline-replay,1001,1960-07,BluesRock,true,0,0,,,
baseline-replay,1001,1960-07,HardRock,false,0,0,,,
baseline-replay,1001,1960-07,HardRock,true,0,0,,,
baseline-replay,1001,1960-07,ProtoMetal,false,0,0,,,
baseline-replay,1001,1960-07,ProtoMetal,true,0,0,,,
baseline-replay,1001,1960-07,Bubblegum,false,0,0,,,
baseline-replay,1001,1960-07,Bubblegum,true,0,0,,,
baseline-replay,1001,1960-07,BossaNova,false,0,0,,,
baseline-replay,1001,1960-07,BossaNova,true,0,0,,,
baseline-replay,1001,1960-07,SkaRocksteady,false,0,0,,,
baseline-replay,1001,1960-07,SkaRocksteady,true,0,0,,,
baseline-replay,1001,1960-07,Gospel,false,52,52,3,4,5
baseline-replay,1001,1960-07,Gospel,true,49,49,3,4,5
baseline-replay,1001,1960-07,BritishPop,false,0,0,,,
baseline-replay,1001,1960-07,BritishPop,true,0,0,,,
baseline-replay,1001,1960-07,PsychedelicRock,false,0,0,,,
baseline-replay,1001,1960-07,PsychedelicRock,true,0,0,,,
baseline-replay,1001,1960-07,BritishBeat,false,0,0,,,
baseline-replay,1001,1960-07,BritishBeat,true,0,0,,,
baseline-replay,1001,1960-07,BritishBlues,false,0,0,,,
baseline-replay,1001,1960-07,BritishBlues,true,0,0,,,
baseline-replay,1001,1960-07,Classical,false,70,0,,,
baseline-replay,1001,1960-07,Classical,true,45,0,,,
baseline-replay,1001,1960-07,Boogaloo,false,0,0,,,
baseline-replay,1001,1960-07,Boogaloo,true,0,0,,,
baseline-replay,1001,1960-07,TexMex,false,6,0,,,
baseline-replay,1001,1960-07,TexMex,true,23,0,,,
baseline-replay,1001,1960-07,LatinPop,false,17,0,,,
baseline-replay,1001,1960-07,LatinPop,true,33,0,,,
baseline-replay,1001,1960-07,Ska,false,0,0,,,
baseline-replay,1001,1960-07,Ska,true,0,0,,,
baseline-replay,1001,1960-07,Rocksteady,false,0,0,,,
baseline-replay,1001,1960-07,Rocksteady,true,0,0,,,
baseline-replay,1001,1960-07,Reggae,false,0,0,,,
baseline-replay,1001,1960-07,Reggae,true,0,0,,,
baseline-replay,1001,1960-07,Comedy,false,21,0,,,
baseline-replay,1001,1960-07,Comedy,true,80,0,,,
baseline-replay,1001,1960-07,Childrens,false,11,0,,,
baseline-replay,1001,1960-07,Childrens,true,53,0,,,
baseline-replay,1001,1960-07,ContemporaryFolk,false,0,0,,,
baseline-replay,1001,1960-07,ContemporaryFolk,true,0,0,,,
baseline-replay,1001,1960-07,SingerSongwriter,false,0,0,,,
baseline-replay,1001,1960-07,SingerSongwriter,true,0,0,,,
baseline-replay,1001,1960-07,PopRock,false,0,0,,,
baseline-replay,1001,1960-07,PopRock,true,0,0,,,
baseline-replay,1001,1960-07,RootsRock,false,0,0,,,
baseline-replay,1001,1960-07,RootsRock,true,0,0,,,
baseline-replay,1001,1960-07,PsychedelicPop,false,0,0,,,
baseline-replay,1001,1960-07,PsychedelicPop,true,0,0,,,
baseline-replay,1001,1960-08,TraditionalPop,false,289,4,3,4,5
baseline-replay,1001,1960-08,TraditionalPop,true,61,4,3,3,5
baseline-replay,1001,1960-08,EasyListening,false,140,4,3,3,5
baseline-replay,1001,1960-08,EasyListening,true,108,4,3,4,4
baseline-replay,1001,1960-08,Jazz,false,120,8,3,4,5
baseline-replay,1001,1960-08,Jazz,true,66,8,3,4,5
baseline-replay,1001,1960-08,Blues,false,134,4,4,4,5
baseline-replay,1001,1960-08,Blues,true,43,4,4,4,4
baseline-replay,1001,1960-08,RockAndRoll,false,494,0,,,
baseline-replay,1001,1960-08,RockAndRoll,true,59,0,,,
baseline-replay,1001,1960-08,DooWop,false,99,0,,,
baseline-replay,1001,1960-08,DooWop,true,127,0,,,
baseline-replay,1001,1960-08,TeenPop,false,313,0,,,
baseline-replay,1001,1960-08,TeenPop,true,77,0,,,
baseline-replay,1001,1960-08,RnB,false,440,0,,,
baseline-replay,1001,1960-08,RnB,true,57,0,,,
baseline-replay,1001,1960-08,Soul,false,430,0,,,
baseline-replay,1001,1960-08,Soul,true,95,0,,,
baseline-replay,1001,1960-08,Motown,false,0,0,,,
baseline-replay,1001,1960-08,Motown,true,0,0,,,
baseline-replay,1001,1960-08,Funk,false,0,0,,,
baseline-replay,1001,1960-08,Funk,true,0,0,,,
baseline-replay,1001,1960-08,GirlGroup,false,0,0,,,
baseline-replay,1001,1960-08,GirlGroup,true,0,0,,,
baseline-replay,1001,1960-08,Country,false,208,0,,,
baseline-replay,1001,1960-08,Country,true,170,0,,,
baseline-replay,1001,1960-08,Folk,false,178,4,3,3,4
baseline-replay,1001,1960-08,Folk,true,71,4,3,3,5
baseline-replay,1001,1960-08,FolkRock,false,0,0,,,
baseline-replay,1001,1960-08,FolkRock,true,0,0,,,
baseline-replay,1001,1960-08,CountryRock,false,0,0,,,
baseline-replay,1001,1960-08,CountryRock,true,0,0,,,
baseline-replay,1001,1960-08,BritishInvasion,false,0,0,,,
baseline-replay,1001,1960-08,BritishInvasion,true,0,0,,,
baseline-replay,1001,1960-08,Skiffle,false,0,0,,,
baseline-replay,1001,1960-08,Skiffle,true,0,0,,,
baseline-replay,1001,1960-08,SurfRock,false,2,0,,,
baseline-replay,1001,1960-08,SurfRock,true,27,0,,,
baseline-replay,1001,1960-08,GarageRock,false,0,0,,,
baseline-replay,1001,1960-08,GarageRock,true,0,0,,,
baseline-replay,1001,1960-08,ProtoPunk,false,0,0,,,
baseline-replay,1001,1960-08,ProtoPunk,true,0,0,,,
baseline-replay,1001,1960-08,Psychedelic,false,0,0,,,
baseline-replay,1001,1960-08,Psychedelic,true,0,0,,,
baseline-replay,1001,1960-08,AcidRock,false,0,0,,,
baseline-replay,1001,1960-08,AcidRock,true,0,0,,,
baseline-replay,1001,1960-08,BaroquePop,false,0,0,,,
baseline-replay,1001,1960-08,BaroquePop,true,0,0,,,
baseline-replay,1001,1960-08,SunshinePop,false,0,0,,,
baseline-replay,1001,1960-08,SunshinePop,true,0,0,,,
baseline-replay,1001,1960-08,ProgressiveRock,false,0,0,,,
baseline-replay,1001,1960-08,ProgressiveRock,true,0,0,,,
baseline-replay,1001,1960-08,BluesRock,false,0,0,,,
baseline-replay,1001,1960-08,BluesRock,true,0,0,,,
baseline-replay,1001,1960-08,HardRock,false,0,0,,,
baseline-replay,1001,1960-08,HardRock,true,0,0,,,
baseline-replay,1001,1960-08,ProtoMetal,false,0,0,,,
baseline-replay,1001,1960-08,ProtoMetal,true,0,0,,,
baseline-replay,1001,1960-08,Bubblegum,false,0,0,,,
baseline-replay,1001,1960-08,Bubblegum,true,0,0,,,
baseline-replay,1001,1960-08,BossaNova,false,0,0,,,
baseline-replay,1001,1960-08,BossaNova,true,0,0,,,
baseline-replay,1001,1960-08,SkaRocksteady,false,0,0,,,
baseline-replay,1001,1960-08,SkaRocksteady,true,0,0,,,
baseline-replay,1001,1960-08,Gospel,false,53,53,3,4,5
baseline-replay,1001,1960-08,Gospel,true,59,59,3,4,5
baseline-replay,1001,1960-08,BritishPop,false,0,0,,,
baseline-replay,1001,1960-08,BritishPop,true,0,0,,,
baseline-replay,1001,1960-08,PsychedelicRock,false,0,0,,,
baseline-replay,1001,1960-08,PsychedelicRock,true,0,0,,,
baseline-replay,1001,1960-08,BritishBeat,false,0,0,,,
baseline-replay,1001,1960-08,BritishBeat,true,0,0,,,
baseline-replay,1001,1960-08,BritishBlues,false,0,0,,,
baseline-replay,1001,1960-08,BritishBlues,true,0,0,,,
baseline-replay,1001,1960-08,Classical,false,70,0,,,
baseline-replay,1001,1960-08,Classical,true,53,0,,,
baseline-replay,1001,1960-08,Boogaloo,false,0,0,,,
baseline-replay,1001,1960-08,Boogaloo,true,0,0,,,
baseline-replay,1001,1960-08,TexMex,false,7,0,,,
baseline-replay,1001,1960-08,TexMex,true,24,0,,,
baseline-replay,1001,1960-08,LatinPop,false,17,0,,,
baseline-replay,1001,1960-08,LatinPop,true,41,0,,,
baseline-replay,1001,1960-08,Ska,false,0,0,,,
baseline-replay,1001,1960-08,Ska,true,0,0,,,
baseline-replay,1001,1960-08,Rocksteady,false,0,0,,,
baseline-replay,1001,1960-08,Rocksteady,true,0,0,,,
baseline-replay,1001,1960-08,Reggae,false,0,0,,,
baseline-replay,1001,1960-08,Reggae,true,0,0,,,
baseline-replay,1001,1960-08,Comedy,false,20,0,,,
baseline-replay,1001,1960-08,Comedy,true,87,0,,,
baseline-replay,1001,1960-08,Childrens,false,11,0,,,
baseline-replay,1001,1960-08,Childrens,true,61,0,,,
baseline-replay,1001,1960-08,ContemporaryFolk,false,0,0,,,
baseline-replay,1001,1960-08,ContemporaryFolk,true,0,0,,,
baseline-replay,1001,1960-08,SingerSongwriter,false,0,0,,,
baseline-replay,1001,1960-08,SingerSongwriter,true,0,0,,,
baseline-replay,1001,1960-08,PopRock,false,0,0,,,
baseline-replay,1001,1960-08,PopRock,true,0,0,,,
baseline-replay,1001,1960-08,RootsRock,false,0,0,,,
baseline-replay,1001,1960-08,RootsRock,true,0,0,,,
baseline-replay,1001,1960-08,PsychedelicPop,false,0,0,,,
baseline-replay,1001,1960-08,PsychedelicPop,true,0,0,,,
baseline-replay,1001,1960-09,TraditionalPop,false,286,4,3,4,4
baseline-replay,1001,1960-09,TraditionalPop,true,73,4,3,3,4
baseline-replay,1001,1960-09,EasyListening,false,130,4,3,4,5
baseline-replay,1001,1960-09,EasyListening,true,135,4,3,3,5
baseline-replay,1001,1960-09,Jazz,false,119,8,3,4,5
baseline-replay,1001,1960-09,Jazz,true,75,8,3,4,5
baseline-replay,1001,1960-09,Blues,false,131,4,3,3,4
baseline-replay,1001,1960-09,Blues,true,49,4,3,3,5
baseline-replay,1001,1960-09,RockAndRoll,false,453,0,,,
baseline-replay,1001,1960-09,RockAndRoll,true,110,0,,,
baseline-replay,1001,1960-09,DooWop,false,93,0,,,
baseline-replay,1001,1960-09,DooWop,true,150,0,,,
baseline-replay,1001,1960-09,TeenPop,false,308,0,,,
baseline-replay,1001,1960-09,TeenPop,true,95,0,,,
baseline-replay,1001,1960-09,RnB,false,432,0,,,
baseline-replay,1001,1960-09,RnB,true,72,0,,,
baseline-replay,1001,1960-09,Soul,false,427,0,,,
baseline-replay,1001,1960-09,Soul,true,108,0,,,
baseline-replay,1001,1960-09,Motown,false,0,0,,,
baseline-replay,1001,1960-09,Motown,true,0,0,,,
baseline-replay,1001,1960-09,Funk,false,0,0,,,
baseline-replay,1001,1960-09,Funk,true,0,0,,,
baseline-replay,1001,1960-09,GirlGroup,false,0,0,,,
baseline-replay,1001,1960-09,GirlGroup,true,0,0,,,
baseline-replay,1001,1960-09,Country,false,201,0,,,
baseline-replay,1001,1960-09,Country,true,196,0,,,
baseline-replay,1001,1960-09,Folk,false,176,4,3,4,5
baseline-replay,1001,1960-09,Folk,true,82,4,3,4,5
baseline-replay,1001,1960-09,FolkRock,false,0,0,,,
baseline-replay,1001,1960-09,FolkRock,true,0,0,,,
baseline-replay,1001,1960-09,CountryRock,false,0,0,,,
baseline-replay,1001,1960-09,CountryRock,true,0,0,,,
baseline-replay,1001,1960-09,BritishInvasion,false,0,0,,,
baseline-replay,1001,1960-09,BritishInvasion,true,0,0,,,
baseline-replay,1001,1960-09,Skiffle,false,0,0,,,
baseline-replay,1001,1960-09,Skiffle,true,0,0,,,
baseline-replay,1001,1960-09,SurfRock,false,2,0,,,
baseline-replay,1001,1960-09,SurfRock,true,33,0,,,
baseline-replay,1001,1960-09,GarageRock,false,0,0,,,
baseline-replay,1001,1960-09,GarageRock,true,0,0,,,
baseline-replay,1001,1960-09,ProtoPunk,false,0,0,,,
baseline-replay,1001,1960-09,ProtoPunk,true,0,0,,,
baseline-replay,1001,1960-09,Psychedelic,false,0,0,,,
baseline-replay,1001,1960-09,Psychedelic,true,0,0,,,
baseline-replay,1001,1960-09,AcidRock,false,0,0,,,
baseline-replay,1001,1960-09,AcidRock,true,0,0,,,
baseline-replay,1001,1960-09,BaroquePop,false,0,0,,,
baseline-replay,1001,1960-09,BaroquePop,true,0,0,,,
baseline-replay,1001,1960-09,SunshinePop,false,0,0,,,
baseline-replay,1001,1960-09,SunshinePop,true,0,0,,,
baseline-replay,1001,1960-09,ProgressiveRock,false,0,0,,,
baseline-replay,1001,1960-09,ProgressiveRock,true,0,0,,,
baseline-replay,1001,1960-09,BluesRock,false,0,0,,,
baseline-replay,1001,1960-09,BluesRock,true,0,0,,,
baseline-replay,1001,1960-09,HardRock,false,0,0,,,
baseline-replay,1001,1960-09,HardRock,true,0,0,,,
baseline-replay,1001,1960-09,ProtoMetal,false,0,0,,,
baseline-replay,1001,1960-09,ProtoMetal,true,0,0,,,
baseline-replay,1001,1960-09,Bubblegum,false,0,0,,,
baseline-replay,1001,1960-09,Bubblegum,true,0,0,,,
baseline-replay,1001,1960-09,BossaNova,false,0,0,,,
baseline-replay,1001,1960-09,BossaNova,true,0,0,,,
baseline-replay,1001,1960-09,SkaRocksteady,false,0,0,,,
baseline-replay,1001,1960-09,SkaRocksteady,true,0,0,,,
baseline-replay,1001,1960-09,Gospel,false,51,51,3,4,5
baseline-replay,1001,1960-09,Gospel,true,70,70,3,4,5
baseline-replay,1001,1960-09,BritishPop,false,0,0,,,
baseline-replay,1001,1960-09,BritishPop,true,0,0,,,
baseline-replay,1001,1960-09,PsychedelicRock,false,0,0,,,
baseline-replay,1001,1960-09,PsychedelicRock,true,0,0,,,
baseline-replay,1001,1960-09,BritishBeat,false,0,0,,,
baseline-replay,1001,1960-09,BritishBeat,true,0,0,,,
baseline-replay,1001,1960-09,BritishBlues,false,0,0,,,
baseline-replay,1001,1960-09,BritishBlues,true,0,0,,,
baseline-replay,1001,1960-09,Classical,false,66,0,,,
baseline-replay,1001,1960-09,Classical,true,67,0,,,
baseline-replay,1001,1960-09,Boogaloo,false,0,0,,,
baseline-replay,1001,1960-09,Boogaloo,true,0,0,,,
baseline-replay,1001,1960-09,TexMex,false,5,0,,,
baseline-replay,1001,1960-09,TexMex,true,28,0,,,
baseline-replay,1001,1960-09,LatinPop,false,10,0,,,
baseline-replay,1001,1960-09,LatinPop,true,52,0,,,
baseline-replay,1001,1960-09,Ska,false,0,0,,,
baseline-replay,1001,1960-09,Ska,true,0,0,,,
baseline-replay,1001,1960-09,Rocksteady,false,0,0,,,
baseline-replay,1001,1960-09,Rocksteady,true,0,0,,,
baseline-replay,1001,1960-09,Reggae,false,0,0,,,
baseline-replay,1001,1960-09,Reggae,true,0,0,,,
baseline-replay,1001,1960-09,Comedy,false,19,0,,,
baseline-replay,1001,1960-09,Comedy,true,99,0,,,
baseline-replay,1001,1960-09,Childrens,false,13,0,,,
baseline-replay,1001,1960-09,Childrens,true,64,0,,,
baseline-replay,1001,1960-09,ContemporaryFolk,false,0,0,,,
baseline-replay,1001,1960-09,ContemporaryFolk,true,0,0,,,
baseline-replay,1001,1960-09,SingerSongwriter,false,0,0,,,
baseline-replay,1001,1960-09,SingerSongwriter,true,0,0,,,
baseline-replay,1001,1960-09,PopRock,false,0,0,,,
baseline-replay,1001,1960-09,PopRock,true,0,0,,,
baseline-replay,1001,1960-09,RootsRock,false,0,0,,,
baseline-replay,1001,1960-09,RootsRock,true,0,0,,,
baseline-replay,1001,1960-09,PsychedelicPop,false,0,0,,,
baseline-replay,1001,1960-09,PsychedelicPop,true,0,0,,,
baseline-replay,1001,1960-10,TraditionalPop,false,287,4,3,3,4
baseline-replay,1001,1960-10,TraditionalPop,true,84,4,4,5,5
baseline-replay,1001,1960-10,EasyListening,false,133,4,3,3,4
baseline-replay,1001,1960-10,EasyListening,true,140,4,3,3,5
baseline-replay,1001,1960-10,Jazz,false,119,8,3,3,5
baseline-replay,1001,1960-10,Jazz,true,81,8,3,4,4
baseline-replay,1001,1960-10,Blues,false,133,4,3,3,3
baseline-replay,1001,1960-10,Blues,true,56,4,4,4,5
baseline-replay,1001,1960-10,RockAndRoll,false,459,0,,,
baseline-replay,1001,1960-10,RockAndRoll,true,115,0,,,
baseline-replay,1001,1960-10,DooWop,false,98,0,,,
baseline-replay,1001,1960-10,DooWop,true,172,0,,,
baseline-replay,1001,1960-10,TeenPop,false,311,0,,,
baseline-replay,1001,1960-10,TeenPop,true,100,0,,,
baseline-replay,1001,1960-10,RnB,false,429,0,,,
baseline-replay,1001,1960-10,RnB,true,84,0,,,
baseline-replay,1001,1960-10,Soul,false,431,0,,,
baseline-replay,1001,1960-10,Soul,true,117,0,,,
baseline-replay,1001,1960-10,Motown,false,0,0,,,
baseline-replay,1001,1960-10,Motown,true,0,0,,,
baseline-replay,1001,1960-10,Funk,false,0,0,,,
baseline-replay,1001,1960-10,Funk,true,0,0,,,
baseline-replay,1001,1960-10,GirlGroup,false,0,0,,,
baseline-replay,1001,1960-10,GirlGroup,true,0,0,,,
baseline-replay,1001,1960-10,Country,false,204,0,,,
baseline-replay,1001,1960-10,Country,true,235,0,,,
baseline-replay,1001,1960-10,Folk,false,175,4,3,3,5
baseline-replay,1001,1960-10,Folk,true,93,4,3,3,5
baseline-replay,1001,1960-10,FolkRock,false,0,0,,,
baseline-replay,1001,1960-10,FolkRock,true,0,0,,,
baseline-replay,1001,1960-10,CountryRock,false,0,0,,,
baseline-replay,1001,1960-10,CountryRock,true,0,0,,,
baseline-replay,1001,1960-10,BritishInvasion,false,0,0,,,
baseline-replay,1001,1960-10,BritishInvasion,true,0,0,,,
baseline-replay,1001,1960-10,Skiffle,false,0,0,,,
baseline-replay,1001,1960-10,Skiffle,true,0,0,,,
baseline-replay,1001,1960-10,SurfRock,false,2,0,,,
baseline-replay,1001,1960-10,SurfRock,true,34,0,,,
baseline-replay,1001,1960-10,GarageRock,false,0,0,,,
baseline-replay,1001,1960-10,GarageRock,true,0,0,,,
baseline-replay,1001,1960-10,ProtoPunk,false,0,0,,,
baseline-replay,1001,1960-10,ProtoPunk,true,0,0,,,
baseline-replay,1001,1960-10,Psychedelic,false,0,0,,,
baseline-replay,1001,1960-10,Psychedelic,true,0,0,,,
baseline-replay,1001,1960-10,AcidRock,false,0,0,,,
baseline-replay,1001,1960-10,AcidRock,true,0,0,,,
baseline-replay,1001,1960-10,BaroquePop,false,0,0,,,
baseline-replay,1001,1960-10,BaroquePop,true,0,0,,,
baseline-replay,1001,1960-10,SunshinePop,false,0,0,,,
baseline-replay,1001,1960-10,SunshinePop,true,0,0,,,
baseline-replay,1001,1960-10,ProgressiveRock,false,0,0,,,
baseline-replay,1001,1960-10,ProgressiveRock,true,0,0,,,
baseline-replay,1001,1960-10,BluesRock,false,0,0,,,
baseline-replay,1001,1960-10,BluesRock,true,0,0,,,
baseline-replay,1001,1960-10,HardRock,false,0,0,,,
baseline-replay,1001,1960-10,HardRock,true,0,0,,,
baseline-replay,1001,1960-10,ProtoMetal,false,0,0,,,
baseline-replay,1001,1960-10,ProtoMetal,true,0,0,,,
baseline-replay,1001,1960-10,Bubblegum,false,0,0,,,
baseline-replay,1001,1960-10,Bubblegum,true,0,0,,,
baseline-replay,1001,1960-10,BossaNova,false,0,0,,,
baseline-replay,1001,1960-10,BossaNova,true,0,0,,,
baseline-replay,1001,1960-10,SkaRocksteady,false,0,0,,,
baseline-replay,1001,1960-10,SkaRocksteady,true,0,0,,,
baseline-replay,1001,1960-10,Gospel,false,51,51,3,4,5
baseline-replay,1001,1960-10,Gospel,true,83,83,3,4,5
baseline-replay,1001,1960-10,BritishPop,false,0,0,,,
baseline-replay,1001,1960-10,BritishPop,true,0,0,,,
baseline-replay,1001,1960-10,PsychedelicRock,false,0,0,,,
baseline-replay,1001,1960-10,PsychedelicRock,true,0,0,,,
baseline-replay,1001,1960-10,BritishBeat,false,0,0,,,
baseline-replay,1001,1960-10,BritishBeat,true,0,0,,,
baseline-replay,1001,1960-10,BritishBlues,false,0,0,,,
baseline-replay,1001,1960-10,BritishBlues,true,0,0,,,
baseline-replay,1001,1960-10,Classical,false,66,0,,,
baseline-replay,1001,1960-10,Classical,true,76,0,,,
baseline-replay,1001,1960-10,Boogaloo,false,0,0,,,
baseline-replay,1001,1960-10,Boogaloo,true,0,0,,,
baseline-replay,1001,1960-10,TexMex,false,5,0,,,
baseline-replay,1001,1960-10,TexMex,true,32,0,,,
baseline-replay,1001,1960-10,LatinPop,false,12,0,,,
baseline-replay,1001,1960-10,LatinPop,true,55,0,,,
baseline-replay,1001,1960-10,Ska,false,0,0,,,
baseline-replay,1001,1960-10,Ska,true,0,0,,,
baseline-replay,1001,1960-10,Rocksteady,false,0,0,,,
baseline-replay,1001,1960-10,Rocksteady,true,0,0,,,
baseline-replay,1001,1960-10,Reggae,false,0,0,,,
baseline-replay,1001,1960-10,Reggae,true,0,0,,,
baseline-replay,1001,1960-10,Comedy,false,20,0,,,
baseline-replay,1001,1960-10,Comedy,true,112,0,,,
baseline-replay,1001,1960-10,Childrens,false,12,0,,,
baseline-replay,1001,1960-10,Childrens,true,76,0,,,
baseline-replay,1001,1960-10,ContemporaryFolk,false,0,0,,,
baseline-replay,1001,1960-10,ContemporaryFolk,true,0,0,,,
baseline-replay,1001,1960-10,SingerSongwriter,false,0,0,,,
baseline-replay,1001,1960-10,SingerSongwriter,true,0,0,,,
baseline-replay,1001,1960-10,PopRock,false,0,0,,,
baseline-replay,1001,1960-10,PopRock,true,0,0,,,
baseline-replay,1001,1960-10,RootsRock,false,0,0,,,
baseline-replay,1001,1960-10,RootsRock,true,0,0,,,
baseline-replay,1001,1960-10,PsychedelicPop,false,0,0,,,
baseline-replay,1001,1960-10,PsychedelicPop,true,0,0,,,
baseline-replay,1001,1960-11,TraditionalPop,false,285,4,3,3,5
baseline-replay,1001,1960-11,TraditionalPop,true,96,4,3,4,5
baseline-replay,1001,1960-11,EasyListening,false,131,4,3,4,5
baseline-replay,1001,1960-11,EasyListening,true,153,4,3,4,5
baseline-replay,1001,1960-11,Jazz,false,120,8,3,4,5
baseline-replay,1001,1960-11,Jazz,true,91,8,3,4,5
baseline-replay,1001,1960-11,Blues,false,128,4,3,4,5
baseline-replay,1001,1960-11,Blues,true,67,4,3,3,4
baseline-replay,1001,1960-11,RockAndRoll,false,458,0,,,
baseline-replay,1001,1960-11,RockAndRoll,true,122,0,,,
baseline-replay,1001,1960-11,DooWop,false,100,0,,,
baseline-replay,1001,1960-11,DooWop,true,186,0,,,
baseline-replay,1001,1960-11,TeenPop,false,311,0,,,
baseline-replay,1001,1960-11,TeenPop,true,115,0,,,
baseline-replay,1001,1960-11,RnB,false,431,0,,,
baseline-replay,1001,1960-11,RnB,true,90,0,,,
baseline-replay,1001,1960-11,Soul,false,431,0,,,
baseline-replay,1001,1960-11,Soul,true,126,0,,,
baseline-replay,1001,1960-11,Motown,false,0,0,,,
baseline-replay,1001,1960-11,Motown,true,0,0,,,
baseline-replay,1001,1960-11,Funk,false,0,0,,,
baseline-replay,1001,1960-11,Funk,true,0,0,,,
baseline-replay,1001,1960-11,GirlGroup,false,0,0,,,
baseline-replay,1001,1960-11,GirlGroup,true,0,0,,,
baseline-replay,1001,1960-11,Country,false,206,0,,,
baseline-replay,1001,1960-11,Country,true,250,0,,,
baseline-replay,1001,1960-11,Folk,false,175,4,3,5,5
baseline-replay,1001,1960-11,Folk,true,102,4,3,3,5
baseline-replay,1001,1960-11,FolkRock,false,0,0,,,
baseline-replay,1001,1960-11,FolkRock,true,0,0,,,
baseline-replay,1001,1960-11,CountryRock,false,0,0,,,
baseline-replay,1001,1960-11,CountryRock,true,0,0,,,
baseline-replay,1001,1960-11,BritishInvasion,false,0,0,,,
baseline-replay,1001,1960-11,BritishInvasion,true,0,0,,,
baseline-replay,1001,1960-11,Skiffle,false,0,0,,,
baseline-replay,1001,1960-11,Skiffle,true,0,0,,,
baseline-replay,1001,1960-11,SurfRock,false,2,0,,,
baseline-replay,1001,1960-11,SurfRock,true,36,0,,,
baseline-replay,1001,1960-11,GarageRock,false,0,0,,,
baseline-replay,1001,1960-11,GarageRock,true,0,0,,,
baseline-replay,1001,1960-11,ProtoPunk,false,0,0,,,
baseline-replay,1001,1960-11,ProtoPunk,true,0,0,,,
baseline-replay,1001,1960-11,Psychedelic,false,0,0,,,
baseline-replay,1001,1960-11,Psychedelic,true,0,0,,,
baseline-replay,1001,1960-11,AcidRock,false,0,0,,,
baseline-replay,1001,1960-11,AcidRock,true,0,0,,,
baseline-replay,1001,1960-11,BaroquePop,false,0,0,,,
baseline-replay,1001,1960-11,BaroquePop,true,0,0,,,
baseline-replay,1001,1960-11,SunshinePop,false,0,0,,,
baseline-replay,1001,1960-11,SunshinePop,true,0,0,,,
baseline-replay,1001,1960-11,ProgressiveRock,false,0,0,,,
baseline-replay,1001,1960-11,ProgressiveRock,true,0,0,,,
baseline-replay,1001,1960-11,BluesRock,false,0,0,,,
baseline-replay,1001,1960-11,BluesRock,true,0,0,,,
baseline-replay,1001,1960-11,HardRock,false,0,0,,,
baseline-replay,1001,1960-11,HardRock,true,0,0,,,
baseline-replay,1001,1960-11,ProtoMetal,false,0,0,,,
baseline-replay,1001,1960-11,ProtoMetal,true,0,0,,,
baseline-replay,1001,1960-11,Bubblegum,false,0,0,,,
baseline-replay,1001,1960-11,Bubblegum,true,0,0,,,
baseline-replay,1001,1960-11,BossaNova,false,0,0,,,
baseline-replay,1001,1960-11,BossaNova,true,0,0,,,
baseline-replay,1001,1960-11,SkaRocksteady,false,0,0,,,
baseline-replay,1001,1960-11,SkaRocksteady,true,0,0,,,
baseline-replay,1001,1960-11,Gospel,false,51,51,3,4,5
baseline-replay,1001,1960-11,Gospel,true,93,93,3,4,5
baseline-replay,1001,1960-11,BritishPop,false,0,0,,,
baseline-replay,1001,1960-11,BritishPop,true,0,0,,,
baseline-replay,1001,1960-11,PsychedelicRock,false,0,0,,,
baseline-replay,1001,1960-11,PsychedelicRock,true,0,0,,,
baseline-replay,1001,1960-11,BritishBeat,false,0,0,,,
baseline-replay,1001,1960-11,BritishBeat,true,0,0,,,
baseline-replay,1001,1960-11,BritishBlues,false,0,0,,,
baseline-replay,1001,1960-11,BritishBlues,true,0,0,,,
baseline-replay,1001,1960-11,Classical,false,66,0,,,
baseline-replay,1001,1960-11,Classical,true,78,0,,,
baseline-replay,1001,1960-11,Boogaloo,false,0,0,,,
baseline-replay,1001,1960-11,Boogaloo,true,0,0,,,
baseline-replay,1001,1960-11,TexMex,false,5,0,,,
baseline-replay,1001,1960-11,TexMex,true,37,0,,,
baseline-replay,1001,1960-11,LatinPop,false,12,0,,,
baseline-replay,1001,1960-11,LatinPop,true,63,0,,,
baseline-replay,1001,1960-11,Ska,false,0,0,,,
baseline-replay,1001,1960-11,Ska,true,0,0,,,
baseline-replay,1001,1960-11,Rocksteady,false,0,0,,,
baseline-replay,1001,1960-11,Rocksteady,true,0,0,,,
baseline-replay,1001,1960-11,Reggae,false,0,0,,,
baseline-replay,1001,1960-11,Reggae,true,0,0,,,
baseline-replay,1001,1960-11,Comedy,false,21,0,,,
baseline-replay,1001,1960-11,Comedy,true,127,0,,,
baseline-replay,1001,1960-11,Childrens,false,12,0,,,
baseline-replay,1001,1960-11,Childrens,true,84,0,,,
baseline-replay,1001,1960-11,ContemporaryFolk,false,0,0,,,
baseline-replay,1001,1960-11,ContemporaryFolk,true,0,0,,,
baseline-replay,1001,1960-11,SingerSongwriter,false,0,0,,,
baseline-replay,1001,1960-11,SingerSongwriter,true,0,0,,,
baseline-replay,1001,1960-11,PopRock,false,0,0,,,
baseline-replay,1001,1960-11,PopRock,true,0,0,,,
baseline-replay,1001,1960-11,RootsRock,false,0,0,,,
baseline-replay,1001,1960-11,RootsRock,true,0,0,,,
baseline-replay,1001,1960-11,PsychedelicPop,false,0,0,,,
baseline-replay,1001,1960-11,PsychedelicPop,true,0,0,,,
baseline-replay,1001,1960-12,TraditionalPop,false,282,4,3,4,5
baseline-replay,1001,1960-12,TraditionalPop,true,110,4,3,3,5
baseline-replay,1001,1960-12,EasyListening,false,124,4,3,4,5
baseline-replay,1001,1960-12,EasyListening,true,181,4,3,4,5
baseline-replay,1001,1960-12,Jazz,false,116,8,3,4,5
baseline-replay,1001,1960-12,Jazz,true,102,8,3,4,4
baseline-replay,1001,1960-12,Blues,false,125,4,3,3,5
baseline-replay,1001,1960-12,Blues,true,76,4,3,4,5
baseline-replay,1001,1960-12,RockAndRoll,false,446,0,,,
baseline-replay,1001,1960-12,RockAndRoll,true,140,0,,,
baseline-replay,1001,1960-12,DooWop,false,96,0,,,
baseline-replay,1001,1960-12,DooWop,true,213,0,,,
baseline-replay,1001,1960-12,TeenPop,false,310,0,,,
baseline-replay,1001,1960-12,TeenPop,true,122,0,,,
baseline-replay,1001,1960-12,RnB,false,423,0,,,
baseline-replay,1001,1960-12,RnB,true,103,0,,,
baseline-replay,1001,1960-12,Soul,false,407,0,,,
baseline-replay,1001,1960-12,Soul,true,159,0,,,
baseline-replay,1001,1960-12,Motown,false,0,0,,,
baseline-replay,1001,1960-12,Motown,true,0,0,,,
baseline-replay,1001,1960-12,Funk,false,0,0,,,
baseline-replay,1001,1960-12,Funk,true,0,0,,,
baseline-replay,1001,1960-12,GirlGroup,false,0,0,,,
baseline-replay,1001,1960-12,GirlGroup,true,0,0,,,
baseline-replay,1001,1960-12,Country,false,203,0,,,
baseline-replay,1001,1960-12,Country,true,278,0,,,
baseline-replay,1001,1960-12,Folk,false,170,4,3,4,5
baseline-replay,1001,1960-12,Folk,true,119,4,4,4,5
baseline-replay,1001,1960-12,FolkRock,false,0,0,,,
baseline-replay,1001,1960-12,FolkRock,true,0,0,,,
baseline-replay,1001,1960-12,CountryRock,false,0,0,,,
baseline-replay,1001,1960-12,CountryRock,true,0,0,,,
baseline-replay,1001,1960-12,BritishInvasion,false,0,0,,,
baseline-replay,1001,1960-12,BritishInvasion,true,0,0,,,
baseline-replay,1001,1960-12,Skiffle,false,0,0,,,
baseline-replay,1001,1960-12,Skiffle,true,0,0,,,
baseline-replay,1001,1960-12,SurfRock,false,2,0,,,
baseline-replay,1001,1960-12,SurfRock,true,38,0,,,
baseline-replay,1001,1960-12,GarageRock,false,0,0,,,
baseline-replay,1001,1960-12,GarageRock,true,0,0,,,
baseline-replay,1001,1960-12,ProtoPunk,false,0,0,,,
baseline-replay,1001,1960-12,ProtoPunk,true,0,0,,,
baseline-replay,1001,1960-12,Psychedelic,false,0,0,,,
baseline-replay,1001,1960-12,Psychedelic,true,0,0,,,
baseline-replay,1001,1960-12,AcidRock,false,0,0,,,
baseline-replay,1001,1960-12,AcidRock,true,0,0,,,
baseline-replay,1001,1960-12,BaroquePop,false,0,0,,,
baseline-replay,1001,1960-12,BaroquePop,true,0,0,,,
baseline-replay,1001,1960-12,SunshinePop,false,0,0,,,
baseline-replay,1001,1960-12,SunshinePop,true,0,0,,,
baseline-replay,1001,1960-12,ProgressiveRock,false,0,0,,,
baseline-replay,1001,1960-12,ProgressiveRock,true,0,0,,,
baseline-replay,1001,1960-12,BluesRock,false,0,0,,,
baseline-replay,1001,1960-12,BluesRock,true,0,0,,,
baseline-replay,1001,1960-12,HardRock,false,0,0,,,
baseline-replay,1001,1960-12,HardRock,true,0,0,,,
baseline-replay,1001,1960-12,ProtoMetal,false,0,0,,,
baseline-replay,1001,1960-12,ProtoMetal,true,0,0,,,
baseline-replay,1001,1960-12,Bubblegum,false,0,0,,,
baseline-replay,1001,1960-12,Bubblegum,true,0,0,,,
baseline-replay,1001,1960-12,BossaNova,false,0,0,,,
baseline-replay,1001,1960-12,BossaNova,true,0,0,,,
baseline-replay,1001,1960-12,SkaRocksteady,false,0,0,,,
baseline-replay,1001,1960-12,SkaRocksteady,true,0,0,,,
baseline-replay,1001,1960-12,Gospel,false,52,52,3,4,5
baseline-replay,1001,1960-12,Gospel,true,99,99,3,4,5
baseline-replay,1001,1960-12,BritishPop,false,0,0,,,
baseline-replay,1001,1960-12,BritishPop,true,0,0,,,
baseline-replay,1001,1960-12,PsychedelicRock,false,0,0,,,
baseline-replay,1001,1960-12,PsychedelicRock,true,0,0,,,
baseline-replay,1001,1960-12,BritishBeat,false,0,0,,,
baseline-replay,1001,1960-12,BritishBeat,true,0,0,,,
baseline-replay,1001,1960-12,BritishBlues,false,0,0,,,
baseline-replay,1001,1960-12,BritishBlues,true,0,0,,,
baseline-replay,1001,1960-12,Classical,false,58,0,,,
baseline-replay,1001,1960-12,Classical,true,93,0,,,
baseline-replay,1001,1960-12,Boogaloo,false,0,0,,,
baseline-replay,1001,1960-12,Boogaloo,true,0,0,,,
baseline-replay,1001,1960-12,TexMex,false,4,0,,,
baseline-replay,1001,1960-12,TexMex,true,41,0,,,
baseline-replay,1001,1960-12,LatinPop,false,11,0,,,
baseline-replay,1001,1960-12,LatinPop,true,70,0,,,
baseline-replay,1001,1960-12,Ska,false,0,0,,,
baseline-replay,1001,1960-12,Ska,true,0,0,,,
baseline-replay,1001,1960-12,Rocksteady,false,0,0,,,
baseline-replay,1001,1960-12,Rocksteady,true,0,0,,,
baseline-replay,1001,1960-12,Reggae,false,0,0,,,
baseline-replay,1001,1960-12,Reggae,true,0,0,,,
baseline-replay,1001,1960-12,Comedy,false,20,0,,,
baseline-replay,1001,1960-12,Comedy,true,136,0,,,
baseline-replay,1001,1960-12,Childrens,false,11,0,,,
baseline-replay,1001,1960-12,Childrens,true,90,0,,,
baseline-replay,1001,1960-12,ContemporaryFolk,false,0,0,,,
baseline-replay,1001,1960-12,ContemporaryFolk,true,0,0,,,
baseline-replay,1001,1960-12,SingerSongwriter,false,0,0,,,
baseline-replay,1001,1960-12,SingerSongwriter,true,0,0,,,
baseline-replay,1001,1960-12,PopRock,false,0,0,,,
baseline-replay,1001,1960-12,PopRock,true,0,0,,,
baseline-replay,1001,1960-12,RootsRock,false,0,0,,,
baseline-replay,1001,1960-12,RootsRock,true,0,0,,,
baseline-replay,1001,1960-12,PsychedelicPop,false,0,0,,,
baseline-replay,1001,1960-12,PsychedelicPop,true,0,0,,,
baseline-replay,1001,1961-01,TraditionalPop,false,252,4,3,3,5
baseline-replay,1001,1961-01,TraditionalPop,true,526,4,4,4,5
baseline-replay,1001,1961-01,EasyListening,false,106,4,3,4,5
baseline-replay,1001,1961-01,EasyListening,true,395,4,4,5,5
baseline-replay,1001,1961-01,Jazz,false,83,8,3,4,5
baseline-replay,1001,1961-01,Jazz,true,318,8,3,3,5
baseline-replay,1001,1961-01,Blues,false,111,4,3,3,5
baseline-replay,1001,1961-01,Blues,true,246,4,3,3,5
baseline-replay,1001,1961-01,RockAndRoll,false,384,0,,,
baseline-replay,1001,1961-01,RockAndRoll,true,876,0,,,
baseline-replay,1001,1961-01,DooWop,false,98,0,,,
baseline-replay,1001,1961-01,DooWop,true,365,0,,,
baseline-replay,1001,1961-01,TeenPop,false,260,0,,,
baseline-replay,1001,1961-01,TeenPop,true,604,0,,,
baseline-replay,1001,1961-01,RnB,false,369,0,,,
baseline-replay,1001,1961-01,RnB,true,737,0,,,
baseline-replay,1001,1961-01,Soul,false,368,0,,,
baseline-replay,1001,1961-01,Soul,true,781,0,,,
baseline-replay,1001,1961-01,Motown,false,0,0,,,
baseline-replay,1001,1961-01,Motown,true,0,0,,,
baseline-replay,1001,1961-01,Funk,false,0,0,,,
baseline-replay,1001,1961-01,Funk,true,0,0,,,
baseline-replay,1001,1961-01,GirlGroup,false,0,0,,,
baseline-replay,1001,1961-01,GirlGroup,true,0,0,,,
baseline-replay,1001,1961-01,Country,false,183,0,,,
baseline-replay,1001,1961-01,Country,true,559,0,,,
baseline-replay,1001,1961-01,Folk,false,147,4,3,4,5
baseline-replay,1001,1961-01,Folk,true,376,4,4,4,5
baseline-replay,1001,1961-01,FolkRock,false,0,0,,,
baseline-replay,1001,1961-01,FolkRock,true,0,0,,,
baseline-replay,1001,1961-01,CountryRock,false,0,0,,,
baseline-replay,1001,1961-01,CountryRock,true,0,0,,,
baseline-replay,1001,1961-01,BritishInvasion,false,0,0,,,
baseline-replay,1001,1961-01,BritishInvasion,true,0,0,,,
baseline-replay,1001,1961-01,Skiffle,false,0,0,,,
baseline-replay,1001,1961-01,Skiffle,true,0,0,,,
baseline-replay,1001,1961-01,SurfRock,false,5,0,,,
baseline-replay,1001,1961-01,SurfRock,true,41,0,,,
baseline-replay,1001,1961-01,GarageRock,false,0,0,,,
baseline-replay,1001,1961-01,GarageRock,true,0,0,,,
baseline-replay,1001,1961-01,ProtoPunk,false,0,0,,,
baseline-replay,1001,1961-01,ProtoPunk,true,0,0,,,
baseline-replay,1001,1961-01,Psychedelic,false,0,0,,,
baseline-replay,1001,1961-01,Psychedelic,true,0,0,,,
baseline-replay,1001,1961-01,AcidRock,false,0,0,,,
baseline-replay,1001,1961-01,AcidRock,true,0,0,,,
baseline-replay,1001,1961-01,BaroquePop,false,0,0,,,
baseline-replay,1001,1961-01,BaroquePop,true,0,0,,,
baseline-replay,1001,1961-01,SunshinePop,false,0,0,,,
baseline-replay,1001,1961-01,SunshinePop,true,0,0,,,
baseline-replay,1001,1961-01,ProgressiveRock,false,0,0,,,
baseline-replay,1001,1961-01,ProgressiveRock,true,0,0,,,
baseline-replay,1001,1961-01,BluesRock,false,0,0,,,
baseline-replay,1001,1961-01,BluesRock,true,0,0,,,
baseline-replay,1001,1961-01,HardRock,false,0,0,,,
baseline-replay,1001,1961-01,HardRock,true,0,0,,,
baseline-replay,1001,1961-01,ProtoMetal,false,0,0,,,
baseline-replay,1001,1961-01,ProtoMetal,true,0,0,,,
baseline-replay,1001,1961-01,Bubblegum,false,0,0,,,
baseline-replay,1001,1961-01,Bubblegum,true,0,0,,,
baseline-replay,1001,1961-01,BossaNova,false,0,0,,,
baseline-replay,1001,1961-01,BossaNova,true,0,0,,,
baseline-replay,1001,1961-01,SkaRocksteady,false,0,0,,,
baseline-replay,1001,1961-01,SkaRocksteady,true,0,0,,,
baseline-replay,1001,1961-01,Gospel,false,41,41,3,4,5
baseline-replay,1001,1961-01,Gospel,true,182,182,3,4,5
baseline-replay,1001,1961-01,BritishPop,false,0,0,,,
baseline-replay,1001,1961-01,BritishPop,true,0,0,,,
baseline-replay,1001,1961-01,PsychedelicRock,false,0,0,,,
baseline-replay,1001,1961-01,PsychedelicRock,true,0,0,,,
baseline-replay,1001,1961-01,BritishBeat,false,0,0,,,
baseline-replay,1001,1961-01,BritishBeat,true,0,0,,,
baseline-replay,1001,1961-01,BritishBlues,false,0,0,,,
baseline-replay,1001,1961-01,BritishBlues,true,0,0,,,
baseline-replay,1001,1961-01,Classical,false,49,0,,,
baseline-replay,1001,1961-01,Classical,true,229,0,,,
baseline-replay,1001,1961-01,Boogaloo,false,0,0,,,
baseline-replay,1001,1961-01,Boogaloo,true,0,0,,,
baseline-replay,1001,1961-01,TexMex,false,8,0,,,
baseline-replay,1001,1961-01,TexMex,true,48,0,,,
baseline-replay,1001,1961-01,LatinPop,false,9,0,,,
baseline-replay,1001,1961-01,LatinPop,true,127,0,,,
baseline-replay,1001,1961-01,Ska,false,0,0,,,
baseline-replay,1001,1961-01,Ska,true,0,0,,,
baseline-replay,1001,1961-01,Rocksteady,false,0,0,,,
baseline-replay,1001,1961-01,Rocksteady,true,0,0,,,
baseline-replay,1001,1961-01,Reggae,false,0,0,,,
baseline-replay,1001,1961-01,Reggae,true,0,0,,,
baseline-replay,1001,1961-01,Comedy,false,23,0,,,
baseline-replay,1001,1961-01,Comedy,true,168,0,,,
baseline-replay,1001,1961-01,Childrens,false,11,0,,,
baseline-replay,1001,1961-01,Childrens,true,115,0,,,
baseline-replay,1001,1961-01,ContemporaryFolk,false,0,0,,,
baseline-replay,1001,1961-01,ContemporaryFolk,true,0,0,,,
baseline-replay,1001,1961-01,SingerSongwriter,false,0,0,,,
baseline-replay,1001,1961-01,SingerSongwriter,true,0,0,,,
baseline-replay,1001,1961-01,PopRock,false,0,0,,,
baseline-replay,1001,1961-01,PopRock,true,0,0,,,
baseline-replay,1001,1961-01,RootsRock,false,0,0,,,
baseline-replay,1001,1961-01,RootsRock,true,0,0,,,
baseline-replay,1001,1961-01,PsychedelicPop,false,0,0,,,
baseline-replay,1001,1961-01,PsychedelicPop,true,0,0,,,
baseline-replay,1001,1961-02,TraditionalPop,false,279,4,3,3,4
baseline-replay,1001,1961-02,TraditionalPop,true,509,4,3,3,4
baseline-replay,1001,1961-02,EasyListening,false,121,4,3,3,4
baseline-replay,1001,1961-02,EasyListening,true,394,4,3,4,5
baseline-replay,1001,1961-02,Jazz,false,98,8,3,4,5
baseline-replay,1001,1961-02,Jazz,true,312,8,3,4,5
baseline-replay,1001,1961-02,Blues,false,124,4,3,4,4
baseline-replay,1001,1961-02,Blues,true,239,4,3,4,5
baseline-replay,1001,1961-02,RockAndRoll,false,437,0,,,
baseline-replay,1001,1961-02,RockAndRoll,true,826,0,,,
baseline-replay,1001,1961-02,DooWop,false,114,0,,,
baseline-replay,1001,1961-02,DooWop,true,359,0,,,
baseline-replay,1001,1961-02,TeenPop,false,286,0,,,
baseline-replay,1001,1961-02,TeenPop,true,591,0,,,
baseline-replay,1001,1961-02,RnB,false,412,0,,,
baseline-replay,1001,1961-02,RnB,true,698,0,,,
baseline-replay,1001,1961-02,Soul,false,408,0,,,
baseline-replay,1001,1961-02,Soul,true,751,0,,,
baseline-replay,1001,1961-02,Motown,false,0,0,,,
baseline-replay,1001,1961-02,Motown,true,0,0,,,
baseline-replay,1001,1961-02,Funk,false,0,0,,,
baseline-replay,1001,1961-02,Funk,true,0,0,,,
baseline-replay,1001,1961-02,GirlGroup,false,0,0,,,
baseline-replay,1001,1961-02,GirlGroup,true,0,0,,,
baseline-replay,1001,1961-02,Country,false,204,0,,,
baseline-replay,1001,1961-02,Country,true,561,0,,,
baseline-replay,1001,1961-02,Folk,false,173,4,4,4,5
baseline-replay,1001,1961-02,Folk,true,359,4,3,4,5
baseline-replay,1001,1961-02,FolkRock,false,0,0,,,
baseline-replay,1001,1961-02,FolkRock,true,0,0,,,
baseline-replay,1001,1961-02,CountryRock,false,0,0,,,
baseline-replay,1001,1961-02,CountryRock,true,0,0,,,
baseline-replay,1001,1961-02,BritishInvasion,false,0,0,,,
baseline-replay,1001,1961-02,BritishInvasion,true,0,0,,,
baseline-replay,1001,1961-02,Skiffle,false,0,0,,,
baseline-replay,1001,1961-02,Skiffle,true,0,0,,,
baseline-replay,1001,1961-02,SurfRock,false,8,0,,,
baseline-replay,1001,1961-02,SurfRock,true,47,0,,,
baseline-replay,1001,1961-02,GarageRock,false,0,0,,,
baseline-replay,1001,1961-02,GarageRock,true,0,0,,,
baseline-replay,1001,1961-02,ProtoPunk,false,0,0,,,
baseline-replay,1001,1961-02,ProtoPunk,true,0,0,,,
baseline-replay,1001,1961-02,Psychedelic,false,0,0,,,
baseline-replay,1001,1961-02,Psychedelic,true,0,0,,,
baseline-replay,1001,1961-02,AcidRock,false,0,0,,,
baseline-replay,1001,1961-02,AcidRock,true,0,0,,,
baseline-replay,1001,1961-02,BaroquePop,false,0,0,,,
baseline-replay,1001,1961-02,BaroquePop,true,0,0,,,
baseline-replay,1001,1961-02,SunshinePop,false,0,0,,,
baseline-replay,1001,1961-02,SunshinePop,true,0,0,,,
baseline-replay,1001,1961-02,ProgressiveRock,false,0,0,,,
baseline-replay,1001,1961-02,ProgressiveRock,true,0,0,,,
baseline-replay,1001,1961-02,BluesRock,false,0,0,,,
baseline-replay,1001,1961-02,BluesRock,true,0,0,,,
baseline-replay,1001,1961-02,HardRock,false,0,0,,,
baseline-replay,1001,1961-02,HardRock,true,0,0,,,
baseline-replay,1001,1961-02,ProtoMetal,false,0,0,,,
baseline-replay,1001,1961-02,ProtoMetal,true,0,0,,,
baseline-replay,1001,1961-02,Bubblegum,false,0,0,,,
baseline-replay,1001,1961-02,Bubblegum,true,0,0,,,
baseline-replay,1001,1961-02,BossaNova,false,0,0,,,
baseline-replay,1001,1961-02,BossaNova,true,0,0,,,
baseline-replay,1001,1961-02,SkaRocksteady,false,0,0,,,
baseline-replay,1001,1961-02,SkaRocksteady,true,0,0,,,
baseline-replay,1001,1961-02,Gospel,false,50,50,3,4,5
baseline-replay,1001,1961-02,Gospel,true,185,185,3,4,5
baseline-replay,1001,1961-02,BritishPop,false,0,0,,,
baseline-replay,1001,1961-02,BritishPop,true,0,0,,,
baseline-replay,1001,1961-02,PsychedelicRock,false,0,0,,,
baseline-replay,1001,1961-02,PsychedelicRock,true,0,0,,,
baseline-replay,1001,1961-02,BritishBeat,false,0,0,,,
baseline-replay,1001,1961-02,BritishBeat,true,0,0,,,
baseline-replay,1001,1961-02,BritishBlues,false,0,0,,,
baseline-replay,1001,1961-02,BritishBlues,true,0,0,,,
baseline-replay,1001,1961-02,Classical,false,57,0,,,
baseline-replay,1001,1961-02,Classical,true,225,0,,,
baseline-replay,1001,1961-02,Boogaloo,false,0,0,,,
baseline-replay,1001,1961-02,Boogaloo,true,0,0,,,
baseline-replay,1001,1961-02,TexMex,false,7,0,,,
baseline-replay,1001,1961-02,TexMex,true,53,0,,,
baseline-replay,1001,1961-02,LatinPop,false,14,0,,,
baseline-replay,1001,1961-02,LatinPop,true,128,0,,,
baseline-replay,1001,1961-02,Ska,false,0,0,,,
baseline-replay,1001,1961-02,Ska,true,0,0,,,
baseline-replay,1001,1961-02,Rocksteady,false,0,0,,,
baseline-replay,1001,1961-02,Rocksteady,true,0,0,,,
baseline-replay,1001,1961-02,Reggae,false,0,0,,,
baseline-replay,1001,1961-02,Reggae,true,0,0,,,
baseline-replay,1001,1961-02,Comedy,false,30,0,,,
baseline-replay,1001,1961-02,Comedy,true,172,0,,,
baseline-replay,1001,1961-02,Childrens,false,11,0,,,
baseline-replay,1001,1961-02,Childrens,true,118,0,,,
baseline-replay,1001,1961-02,ContemporaryFolk,false,0,0,,,
baseline-replay,1001,1961-02,ContemporaryFolk,true,9,0,,,
baseline-replay,1001,1961-02,SingerSongwriter,false,0,0,,,
baseline-replay,1001,1961-02,SingerSongwriter,true,0,0,,,
baseline-replay,1001,1961-02,PopRock,false,0,0,,,
baseline-replay,1001,1961-02,PopRock,true,0,0,,,
baseline-replay,1001,1961-02,RootsRock,false,0,0,,,
baseline-replay,1001,1961-02,RootsRock,true,0,0,,,
baseline-replay,1001,1961-02,PsychedelicPop,false,0,0,,,
baseline-replay,1001,1961-02,PsychedelicPop,true,0,0,,,
baseline-replay,1001,1961-03,TraditionalPop,false,271,4,3,4,5
baseline-replay,1001,1961-03,TraditionalPop,true,528,4,3,3,5
baseline-replay,1001,1961-03,EasyListening,false,118,4,3,4,5
baseline-replay,1001,1961-03,EasyListening,true,403,4,3,4,5
baseline-replay,1001,1961-03,Jazz,false,94,8,3,4,5
baseline-replay,1001,1961-03,Jazz,true,327,8,3,5,5
baseline-replay,1001,1961-03,Blues,false,121,4,3,4,5
baseline-replay,1001,1961-03,Blues,true,252,4,3,4,5
baseline-replay,1001,1961-03,RockAndRoll,false,435,0,,,
baseline-replay,1001,1961-03,RockAndRoll,true,832,0,,,
baseline-replay,1001,1961-03,DooWop,false,118,0,,,
baseline-replay,1001,1961-03,DooWop,true,364,0,,,
baseline-replay,1001,1961-03,TeenPop,false,286,0,,,
baseline-replay,1001,1961-03,TeenPop,true,603,0,,,
baseline-replay,1001,1961-03,RnB,false,406,0,,,
baseline-replay,1001,1961-03,RnB,true,711,0,,,
baseline-replay,1001,1961-03,Soul,false,389,0,,,
baseline-replay,1001,1961-03,Soul,true,782,0,,,
baseline-replay,1001,1961-03,Motown,false,0,0,,,
baseline-replay,1001,1961-03,Motown,true,0,0,,,
baseline-replay,1001,1961-03,Funk,false,0,0,,,
baseline-replay,1001,1961-03,Funk,true,0,0,,,
baseline-replay,1001,1961-03,GirlGroup,false,0,0,,,
baseline-replay,1001,1961-03,GirlGroup,true,0,0,,,
baseline-replay,1001,1961-03,Country,false,199,0,,,
baseline-replay,1001,1961-03,Country,true,591,0,,,
baseline-replay,1001,1961-03,Folk,false,175,4,4,4,5
baseline-replay,1001,1961-03,Folk,true,363,4,4,5,5
baseline-replay,1001,1961-03,FolkRock,false,0,0,,,
baseline-replay,1001,1961-03,FolkRock,true,0,0,,,
baseline-replay,1001,1961-03,CountryRock,false,0,0,,,
baseline-replay,1001,1961-03,CountryRock,true,0,0,,,
baseline-replay,1001,1961-03,BritishInvasion,false,0,0,,,
baseline-replay,1001,1961-03,BritishInvasion,true,0,0,,,
baseline-replay,1001,1961-03,Skiffle,false,0,0,,,
baseline-replay,1001,1961-03,Skiffle,true,0,0,,,
baseline-replay,1001,1961-03,SurfRock,false,8,0,,,
baseline-replay,1001,1961-03,SurfRock,true,54,0,,,
baseline-replay,1001,1961-03,GarageRock,false,0,0,,,
baseline-replay,1001,1961-03,GarageRock,true,0,0,,,
baseline-replay,1001,1961-03,ProtoPunk,false,0,0,,,
baseline-replay,1001,1961-03,ProtoPunk,true,0,0,,,
baseline-replay,1001,1961-03,Psychedelic,false,0,0,,,
baseline-replay,1001,1961-03,Psychedelic,true,0,0,,,
baseline-replay,1001,1961-03,AcidRock,false,0,0,,,
baseline-replay,1001,1961-03,AcidRock,true,0,0,,,
baseline-replay,1001,1961-03,BaroquePop,false,0,0,,,
baseline-replay,1001,1961-03,BaroquePop,true,0,0,,,
baseline-replay,1001,1961-03,SunshinePop,false,0,0,,,
baseline-replay,1001,1961-03,SunshinePop,true,0,0,,,
baseline-replay,1001,1961-03,ProgressiveRock,false,0,0,,,
baseline-replay,1001,1961-03,ProgressiveRock,true,0,0,,,
baseline-replay,1001,1961-03,BluesRock,false,0,0,,,
baseline-replay,1001,1961-03,BluesRock,true,0,0,,,
baseline-replay,1001,1961-03,HardRock,false,0,0,,,
baseline-replay,1001,1961-03,HardRock,true,0,0,,,
baseline-replay,1001,1961-03,ProtoMetal,false,0,0,,,
baseline-replay,1001,1961-03,ProtoMetal,true,0,0,,,
baseline-replay,1001,1961-03,Bubblegum,false,0,0,,,
baseline-replay,1001,1961-03,Bubblegum,true,0,0,,,
baseline-replay,1001,1961-03,BossaNova,false,0,0,,,
baseline-replay,1001,1961-03,BossaNova,true,0,0,,,
baseline-replay,1001,1961-03,SkaRocksteady,false,0,0,,,
baseline-replay,1001,1961-03,SkaRocksteady,true,0,0,,,
baseline-replay,1001,1961-03,Gospel,false,47,47,3,4,5
baseline-replay,1001,1961-03,Gospel,true,197,197,3,4,5
baseline-replay,1001,1961-03,BritishPop,false,0,0,,,
baseline-replay,1001,1961-03,BritishPop,true,0,0,,,
baseline-replay,1001,1961-03,PsychedelicRock,false,0,0,,,
baseline-replay,1001,1961-03,PsychedelicRock,true,0,0,,,
baseline-replay,1001,1961-03,BritishBeat,false,0,0,,,
baseline-replay,1001,1961-03,BritishBeat,true,0,0,,,
baseline-replay,1001,1961-03,BritishBlues,false,0,0,,,
baseline-replay,1001,1961-03,BritishBlues,true,0,0,,,
baseline-replay,1001,1961-03,Classical,false,63,0,,,
baseline-replay,1001,1961-03,Classical,true,225,0,,,
baseline-replay,1001,1961-03,Boogaloo,false,0,0,,,
baseline-replay,1001,1961-03,Boogaloo,true,0,0,,,
baseline-replay,1001,1961-03,TexMex,false,8,0,,,
baseline-replay,1001,1961-03,TexMex,true,61,0,,,
baseline-replay,1001,1961-03,LatinPop,false,14,0,,,
baseline-replay,1001,1961-03,LatinPop,true,131,0,,,
baseline-replay,1001,1961-03,Ska,false,0,0,,,
baseline-replay,1001,1961-03,Ska,true,0,0,,,
baseline-replay,1001,1961-03,Rocksteady,false,0,0,,,
baseline-replay,1001,1961-03,Rocksteady,true,0,0,,,
baseline-replay,1001,1961-03,Reggae,false,0,0,,,
baseline-replay,1001,1961-03,Reggae,true,0,0,,,
baseline-replay,1001,1961-03,Comedy,false,29,0,,,
baseline-replay,1001,1961-03,Comedy,true,181,0,,,
baseline-replay,1001,1961-03,Childrens,false,11,0,,,
baseline-replay,1001,1961-03,Childrens,true,125,0,,,
baseline-replay,1001,1961-03,ContemporaryFolk,false,0,0,,,
baseline-replay,1001,1961-03,ContemporaryFolk,true,16,0,,,
baseline-replay,1001,1961-03,SingerSongwriter,false,0,0,,,
baseline-replay,1001,1961-03,SingerSongwriter,true,0,0,,,
baseline-replay,1001,1961-03,PopRock,false,0,0,,,
baseline-replay,1001,1961-03,PopRock,true,0,0,,,
baseline-replay,1001,1961-03,RootsRock,false,0,0,,,
baseline-replay,1001,1961-03,RootsRock,true,0,0,,,
baseline-replay,1001,1961-03,PsychedelicPop,false,0,0,,,
baseline-replay,1001,1961-03,PsychedelicPop,true,0,0,,,
baseline-replay,1001,1961-04,TraditionalPop,false,272,4,3,3,5
baseline-replay,1001,1961-04,TraditionalPop,true,539,4,3,3,5
baseline-replay,1001,1961-04,EasyListening,false,123,4,3,3,4
baseline-replay,1001,1961-04,EasyListening,true,411,4,3,3,4
baseline-replay,1001,1961-04,Jazz,false,97,8,4,4,5
baseline-replay,1001,1961-04,Jazz,true,334,8,3,4,5
baseline-replay,1001,1961-04,Blues,false,117,4,3,4,4
baseline-replay,1001,1961-04,Blues,true,264,4,3,3,5
baseline-replay,1001,1961-04,RockAndRoll,false,439,0,,,
baseline-replay,1001,1961-04,RockAndRoll,true,839,0,,,
baseline-replay,1001,1961-04,DooWop,false,121,0,,,
baseline-replay,1001,1961-04,DooWop,true,376,0,,,
baseline-replay,1001,1961-04,TeenPop,false,288,0,,,
baseline-replay,1001,1961-04,TeenPop,true,609,0,,,
baseline-replay,1001,1961-04,RnB,false,411,0,,,
baseline-replay,1001,1961-04,RnB,true,718,0,,,
baseline-replay,1001,1961-04,Soul,false,397,0,,,
baseline-replay,1001,1961-04,Soul,true,788,0,,,
baseline-replay,1001,1961-04,Motown,false,0,0,,,
baseline-replay,1001,1961-04,Motown,true,0,0,,,
baseline-replay,1001,1961-04,Funk,false,0,0,,,
baseline-replay,1001,1961-04,Funk,true,0,0,,,
baseline-replay,1001,1961-04,GirlGroup,false,0,0,,,
baseline-replay,1001,1961-04,GirlGroup,true,0,0,,,
baseline-replay,1001,1961-04,Country,false,205,0,,,
baseline-replay,1001,1961-04,Country,true,607,0,,,
baseline-replay,1001,1961-04,Folk,false,177,4,3,3,5
baseline-replay,1001,1961-04,Folk,true,379,4,3,3,5
baseline-replay,1001,1961-04,FolkRock,false,0,0,,,
baseline-replay,1001,1961-04,FolkRock,true,0,0,,,
baseline-replay,1001,1961-04,CountryRock,false,0,0,,,
baseline-replay,1001,1961-04,CountryRock,true,0,0,,,
baseline-replay,1001,1961-04,BritishInvasion,false,0,0,,,
baseline-replay,1001,1961-04,BritishInvasion,true,0,0,,,
baseline-replay,1001,1961-04,Skiffle,false,0,0,,,
baseline-replay,1001,1961-04,Skiffle,true,0,0,,,
baseline-replay,1001,1961-04,SurfRock,false,9,0,,,
baseline-replay,1001,1961-04,SurfRock,true,65,0,,,
baseline-replay,1001,1961-04,GarageRock,false,0,0,,,
baseline-replay,1001,1961-04,GarageRock,true,0,0,,,
baseline-replay,1001,1961-04,ProtoPunk,false,0,0,,,
baseline-replay,1001,1961-04,ProtoPunk,true,0,0,,,
baseline-replay,1001,1961-04,Psychedelic,false,0,0,,,
baseline-replay,1001,1961-04,Psychedelic,true,0,0,,,
baseline-replay,1001,1961-04,AcidRock,false,0,0,,,
baseline-replay,1001,1961-04,AcidRock,true,0,0,,,
baseline-replay,1001,1961-04,BaroquePop,false,0,0,,,
baseline-replay,1001,1961-04,BaroquePop,true,0,0,,,
baseline-replay,1001,1961-04,SunshinePop,false,0,0,,,
baseline-replay,1001,1961-04,SunshinePop,true,0,0,,,
baseline-replay,1001,1961-04,ProgressiveRock,false,0,0,,,
baseline-replay,1001,1961-04,ProgressiveRock,true,0,0,,,
baseline-replay,1001,1961-04,BluesRock,false,0,0,,,
baseline-replay,1001,1961-04,BluesRock,true,0,0,,,
baseline-replay,1001,1961-04,HardRock,false,0,0,,,
baseline-replay,1001,1961-04,HardRock,true,0,0,,,
baseline-replay,1001,1961-04,ProtoMetal,false,0,0,,,
baseline-replay,1001,1961-04,ProtoMetal,true,0,0,,,
baseline-replay,1001,1961-04,Bubblegum,false,0,0,,,
baseline-replay,1001,1961-04,Bubblegum,true,0,0,,,
baseline-replay,1001,1961-04,BossaNova,false,0,0,,,
baseline-replay,1001,1961-04,BossaNova,true,0,0,,,
baseline-replay,1001,1961-04,SkaRocksteady,false,0,0,,,
baseline-replay,1001,1961-04,SkaRocksteady,true,0,0,,,
baseline-replay,1001,1961-04,Gospel,false,49,49,3,4,5
baseline-replay,1001,1961-04,Gospel,true,205,205,3,4,5
baseline-replay,1001,1961-04,BritishPop,false,0,0,,,
baseline-replay,1001,1961-04,BritishPop,true,0,0,,,
baseline-replay,1001,1961-04,PsychedelicRock,false,0,0,,,
baseline-replay,1001,1961-04,PsychedelicRock,true,0,0,,,
baseline-replay,1001,1961-04,BritishBeat,false,0,0,,,
baseline-replay,1001,1961-04,BritishBeat,true,0,0,,,
baseline-replay,1001,1961-04,BritishBlues,false,0,0,,,
baseline-replay,1001,1961-04,BritishBlues,true,0,0,,,
baseline-replay,1001,1961-04,Classical,false,63,0,,,
baseline-replay,1001,1961-04,Classical,true,234,0,,,
baseline-replay,1001,1961-04,Boogaloo,false,0,0,,,
baseline-replay,1001,1961-04,Boogaloo,true,0,0,,,
baseline-replay,1001,1961-04,TexMex,false,10,0,,,
baseline-replay,1001,1961-04,TexMex,true,62,0,,,
baseline-replay,1001,1961-04,LatinPop,false,14,0,,,
baseline-replay,1001,1961-04,LatinPop,true,137,0,,,
baseline-replay,1001,1961-04,Ska,false,0,0,,,
baseline-replay,1001,1961-04,Ska,true,0,0,,,
baseline-replay,1001,1961-04,Rocksteady,false,0,0,,,
baseline-replay,1001,1961-04,Rocksteady,true,0,0,,,
baseline-replay,1001,1961-04,Reggae,false,0,0,,,
baseline-replay,1001,1961-04,Reggae,true,0,0,,,
baseline-replay,1001,1961-04,Comedy,false,29,0,,,
baseline-replay,1001,1961-04,Comedy,true,196,0,,,
baseline-replay,1001,1961-04,Childrens,false,11,0,,,
baseline-replay,1001,1961-04,Childrens,true,133,0,,,
baseline-replay,1001,1961-04,ContemporaryFolk,false,0,0,,,
baseline-replay,1001,1961-04,ContemporaryFolk,true,22,0,,,
baseline-replay,1001,1961-04,SingerSongwriter,false,0,0,,,
baseline-replay,1001,1961-04,SingerSongwriter,true,0,0,,,
baseline-replay,1001,1961-04,PopRock,false,0,0,,,
baseline-replay,1001,1961-04,PopRock,true,0,0,,,
baseline-replay,1001,1961-04,RootsRock,false,0,0,,,
baseline-replay,1001,1961-04,RootsRock,true,0,0,,,
baseline-replay,1001,1961-04,PsychedelicPop,false,0,0,,,
baseline-replay,1001,1961-04,PsychedelicPop,true,0,0,,,
baseline-replay,1001,1961-05,TraditionalPop,false,272,4,3,4,4
baseline-replay,1001,1961-05,TraditionalPop,true,547,4,3,3,5
baseline-replay,1001,1961-05,EasyListening,false,123,4,3,3,5
baseline-replay,1001,1961-05,EasyListening,true,428,4,3,4,5
baseline-replay,1001,1961-05,Jazz,false,98,8,3,3,5
baseline-replay,1001,1961-05,Jazz,true,344,8,3,4,5
baseline-replay,1001,1961-05,Blues,false,115,4,3,4,5
baseline-replay,1001,1961-05,Blues,true,274,4,3,4,5
baseline-replay,1001,1961-05,RockAndRoll,false,443,0,,,
baseline-replay,1001,1961-05,RockAndRoll,true,848,0,,,
baseline-replay,1001,1961-05,DooWop,false,122,0,,,
baseline-replay,1001,1961-05,DooWop,true,386,0,,,
baseline-replay,1001,1961-05,TeenPop,false,282,0,,,
baseline-replay,1001,1961-05,TeenPop,true,626,0,,,
baseline-replay,1001,1961-05,RnB,false,414,0,,,
baseline-replay,1001,1961-05,RnB,true,723,0,,,
baseline-replay,1001,1961-05,Soul,false,399,0,,,
baseline-replay,1001,1961-05,Soul,true,795,0,,,
baseline-replay,1001,1961-05,Motown,false,0,0,,,
baseline-replay,1001,1961-05,Motown,true,0,0,,,
baseline-replay,1001,1961-05,Funk,false,0,0,,,
baseline-replay,1001,1961-05,Funk,true,0,0,,,
baseline-replay,1001,1961-05,GirlGroup,false,0,0,,,
baseline-replay,1001,1961-05,GirlGroup,true,0,0,,,
baseline-replay,1001,1961-05,Country,false,209,0,,,
baseline-replay,1001,1961-05,Country,true,622,0,,,
baseline-replay,1001,1961-05,Folk,false,176,4,3,3,5
baseline-replay,1001,1961-05,Folk,true,385,4,4,4,5
baseline-replay,1001,1961-05,FolkRock,false,0,0,,,
baseline-replay,1001,1961-05,FolkRock,true,0,0,,,
baseline-replay,1001,1961-05,CountryRock,false,0,0,,,
baseline-replay,1001,1961-05,CountryRock,true,0,0,,,
baseline-replay,1001,1961-05,BritishInvasion,false,0,0,,,
baseline-replay,1001,1961-05,BritishInvasion,true,0,0,,,
baseline-replay,1001,1961-05,Skiffle,false,0,0,,,
baseline-replay,1001,1961-05,Skiffle,true,0,0,,,
baseline-replay,1001,1961-05,SurfRock,false,9,0,,,
baseline-replay,1001,1961-05,SurfRock,true,68,0,,,
baseline-replay,1001,1961-05,GarageRock,false,0,0,,,
baseline-replay,1001,1961-05,GarageRock,true,0,0,,,
baseline-replay,1001,1961-05,ProtoPunk,false,0,0,,,
baseline-replay,1001,1961-05,ProtoPunk,true,0,0,,,
baseline-replay,1001,1961-05,Psychedelic,false,0,0,,,
baseline-replay,1001,1961-05,Psychedelic,true,0,0,,,
baseline-replay,1001,1961-05,AcidRock,false,0,0,,,
baseline-replay,1001,1961-05,AcidRock,true,0,0,,,
baseline-replay,1001,1961-05,BaroquePop,false,0,0,,,
baseline-replay,1001,1961-05,BaroquePop,true,0,0,,,
baseline-replay,1001,1961-05,SunshinePop,false,0,0,,,
baseline-replay,1001,1961-05,SunshinePop,true,0,0,,,
baseline-replay,1001,1961-05,ProgressiveRock,false,0,0,,,
baseline-replay,1001,1961-05,ProgressiveRock,true,0,0,,,
baseline-replay,1001,1961-05,BluesRock,false,0,0,,,
baseline-replay,1001,1961-05,BluesRock,true,0,0,,,
baseline-replay,1001,1961-05,HardRock,false,0,0,,,
baseline-replay,1001,1961-05,HardRock,true,0,0,,,
baseline-replay,1001,1961-05,ProtoMetal,false,0,0,,,
baseline-replay,1001,1961-05,ProtoMetal,true,0,0,,,
baseline-replay,1001,1961-05,Bubblegum,false,0,0,,,
baseline-replay,1001,1961-05,Bubblegum,true,0,0,,,
baseline-replay,1001,1961-05,BossaNova,false,0,0,,,
baseline-replay,1001,1961-05,BossaNova,true,0,0,,,
baseline-replay,1001,1961-05,SkaRocksteady,false,0,0,,,
baseline-replay,1001,1961-05,SkaRocksteady,true,0,0,,,
baseline-replay,1001,1961-05,Gospel,false,49,49,3,4,5
baseline-replay,1001,1961-05,Gospel,true,214,214,3,4,5
baseline-replay,1001,1961-05,BritishPop,false,0,0,,,
baseline-replay,1001,1961-05,BritishPop,true,0,0,,,
baseline-replay,1001,1961-05,PsychedelicRock,false,0,0,,,
baseline-replay,1001,1961-05,PsychedelicRock,true,0,0,,,
baseline-replay,1001,1961-05,BritishBeat,false,0,0,,,
baseline-replay,1001,1961-05,BritishBeat,true,0,0,,,
baseline-replay,1001,1961-05,BritishBlues,false,0,0,,,
baseline-replay,1001,1961-05,BritishBlues,true,0,0,,,
baseline-replay,1001,1961-05,Classical,false,61,0,,,
baseline-replay,1001,1961-05,Classical,true,243,0,,,
baseline-replay,1001,1961-05,Boogaloo,false,0,0,,,
baseline-replay,1001,1961-05,Boogaloo,true,0,0,,,
baseline-replay,1001,1961-05,TexMex,false,11,0,,,
baseline-replay,1001,1961-05,TexMex,true,67,0,,,
baseline-replay,1001,1961-05,LatinPop,false,16,0,,,
baseline-replay,1001,1961-05,LatinPop,true,136,0,,,
baseline-replay,1001,1961-05,Ska,false,0,0,,,
baseline-replay,1001,1961-05,Ska,true,0,0,,,
baseline-replay,1001,1961-05,Rocksteady,false,0,0,,,
baseline-replay,1001,1961-05,Rocksteady,true,0,0,,,
baseline-replay,1001,1961-05,Reggae,false,0,0,,,
baseline-replay,1001,1961-05,Reggae,true,0,0,,,
baseline-replay,1001,1961-05,Comedy,false,29,0,,,
baseline-replay,1001,1961-05,Comedy,true,201,0,,,
baseline-replay,1001,1961-05,Childrens,false,9,0,,,
baseline-replay,1001,1961-05,Childrens,true,143,0,,,
baseline-replay,1001,1961-05,ContemporaryFolk,false,0,0,,,
baseline-replay,1001,1961-05,ContemporaryFolk,true,32,0,,,
baseline-replay,1001,1961-05,SingerSongwriter,false,0,0,,,
baseline-replay,1001,1961-05,SingerSongwriter,true,0,0,,,
baseline-replay,1001,1961-05,PopRock,false,0,0,,,
baseline-replay,1001,1961-05,PopRock,true,0,0,,,
baseline-replay,1001,1961-05,RootsRock,false,0,0,,,
baseline-replay,1001,1961-05,RootsRock,true,0,0,,,
baseline-replay,1001,1961-05,PsychedelicPop,false,0,0,,,
baseline-replay,1001,1961-05,PsychedelicPop,true,0,0,,,
baseline-replay,1001,1961-06,TraditionalPop,false,262,4,3,3,5
baseline-replay,1001,1961-06,TraditionalPop,true,568,4,3,3,5
baseline-replay,1001,1961-06,EasyListening,false,122,4,4,4,4
baseline-replay,1001,1961-06,EasyListening,true,443,4,3,4,5
baseline-replay,1001,1961-06,Jazz,false,97,8,3,3,5
baseline-replay,1001,1961-06,Jazz,true,352,8,3,3,5
baseline-replay,1001,1961-06,Blues,false,114,4,3,4,5
baseline-replay,1001,1961-06,Blues,true,281,4,3,4,5
baseline-replay,1001,1961-06,RockAndRoll,false,415,0,,,
baseline-replay,1001,1961-06,RockAndRoll,true,880,0,,,
baseline-replay,1001,1961-06,DooWop,false,121,0,,,
baseline-replay,1001,1961-06,DooWop,true,399,0,,,
baseline-replay,1001,1961-06,TeenPop,false,275,0,,,
baseline-replay,1001,1961-06,TeenPop,true,642,0,,,
baseline-replay,1001,1961-06,RnB,false,409,0,,,
baseline-replay,1001,1961-06,RnB,true,737,0,,,
baseline-replay,1001,1961-06,Soul,false,394,0,,,
baseline-replay,1001,1961-06,Soul,true,810,0,,,
baseline-replay,1001,1961-06,Motown,false,0,0,,,
baseline-replay,1001,1961-06,Motown,true,0,0,,,
baseline-replay,1001,1961-06,Funk,false,0,0,,,
baseline-replay,1001,1961-06,Funk,true,0,0,,,
baseline-replay,1001,1961-06,GirlGroup,false,0,0,,,
baseline-replay,1001,1961-06,GirlGroup,true,0,0,,,
baseline-replay,1001,1961-06,Country,false,212,0,,,
baseline-replay,1001,1961-06,Country,true,644,0,,,
baseline-replay,1001,1961-06,Folk,false,177,4,3,3,5
baseline-replay,1001,1961-06,Folk,true,394,4,3,3,4
baseline-replay,1001,1961-06,FolkRock,false,0,0,,,
baseline-replay,1001,1961-06,FolkRock,true,0,0,,,
baseline-replay,1001,1961-06,CountryRock,false,0,0,,,
baseline-replay,1001,1961-06,CountryRock,true,0,0,,,
baseline-replay,1001,1961-06,BritishInvasion,false,0,0,,,
baseline-replay,1001,1961-06,BritishInvasion,true,0,0,,,
baseline-replay,1001,1961-06,Skiffle,false,0,0,,,
baseline-replay,1001,1961-06,Skiffle,true,0,0,,,
baseline-replay,1001,1961-06,SurfRock,false,9,0,,,
baseline-replay,1001,1961-06,SurfRock,true,71,0,,,
baseline-replay,1001,1961-06,GarageRock,false,0,0,,,
baseline-replay,1001,1961-06,GarageRock,true,0,0,,,
baseline-replay,1001,1961-06,ProtoPunk,false,0,0,,,
baseline-replay,1001,1961-06,ProtoPunk,true,0,0,,,
baseline-replay,1001,1961-06,Psychedelic,false,0,0,,,
baseline-replay,1001,1961-06,Psychedelic,true,0,0,,,
baseline-replay,1001,1961-06,AcidRock,false,0,0,,,
baseline-replay,1001,1961-06,AcidRock,true,0,0,,,
baseline-replay,1001,1961-06,BaroquePop,false,0,0,,,
baseline-replay,1001,1961-06,BaroquePop,true,0,0,,,
baseline-replay,1001,1961-06,SunshinePop,false,0,0,,,
baseline-replay,1001,1961-06,SunshinePop,true,0,0,,,
baseline-replay,1001,1961-06,ProgressiveRock,false,0,0,,,
baseline-replay,1001,1961-06,ProgressiveRock,true,0,0,,,
baseline-replay,1001,1961-06,BluesRock,false,0,0,,,
baseline-replay,1001,1961-06,BluesRock,true,0,0,,,
baseline-replay,1001,1961-06,HardRock,false,0,0,,,
baseline-replay,1001,1961-06,HardRock,true,0,0,,,
baseline-replay,1001,1961-06,ProtoMetal,false,0,0,,,
baseline-replay,1001,1961-06,ProtoMetal,true,0,0,,,
baseline-replay,1001,1961-06,Bubblegum,false,0,0,,,
baseline-replay,1001,1961-06,Bubblegum,true,0,0,,,
baseline-replay,1001,1961-06,BossaNova,false,0,0,,,
baseline-replay,1001,1961-06,BossaNova,true,0,0,,,
baseline-replay,1001,1961-06,SkaRocksteady,false,0,0,,,
baseline-replay,1001,1961-06,SkaRocksteady,true,0,0,,,
baseline-replay,1001,1961-06,Gospel,false,48,48,3,4,5
baseline-replay,1001,1961-06,Gospel,true,222,222,3,4,5
baseline-replay,1001,1961-06,BritishPop,false,0,0,,,
baseline-replay,1001,1961-06,BritishPop,true,0,0,,,
baseline-replay,1001,1961-06,PsychedelicRock,false,0,0,,,
baseline-replay,1001,1961-06,PsychedelicRock,true,0,0,,,
baseline-replay,1001,1961-06,BritishBeat,false,0,0,,,
baseline-replay,1001,1961-06,BritishBeat,true,0,0,,,
baseline-replay,1001,1961-06,BritishBlues,false,0,0,,,
baseline-replay,1001,1961-06,BritishBlues,true,0,0,,,
baseline-replay,1001,1961-06,Classical,false,61,0,,,
baseline-replay,1001,1961-06,Classical,true,250,0,,,
baseline-replay,1001,1961-06,Boogaloo,false,0,0,,,
baseline-replay,1001,1961-06,Boogaloo,true,0,0,,,
baseline-replay,1001,1961-06,TexMex,false,11,0,,,
baseline-replay,1001,1961-06,TexMex,true,73,0,,,
baseline-replay,1001,1961-06,LatinPop,false,16,0,,,
baseline-replay,1001,1961-06,LatinPop,true,142,0,,,
baseline-replay,1001,1961-06,Ska,false,0,0,,,
baseline-replay,1001,1961-06,Ska,true,0,0,,,
baseline-replay,1001,1961-06,Rocksteady,false,0,0,,,
baseline-replay,1001,1961-06,Rocksteady,true,0,0,,,
baseline-replay,1001,1961-06,Reggae,false,0,0,,,
baseline-replay,1001,1961-06,Reggae,true,0,0,,,
baseline-replay,1001,1961-06,Comedy,false,30,0,,,
baseline-replay,1001,1961-06,Comedy,true,211,0,,,
baseline-replay,1001,1961-06,Childrens,false,10,0,,,
baseline-replay,1001,1961-06,Childrens,true,146,0,,,
baseline-replay,1001,1961-06,ContemporaryFolk,false,0,0,,,
baseline-replay,1001,1961-06,ContemporaryFolk,true,40,0,,,
baseline-replay,1001,1961-06,SingerSongwriter,false,0,0,,,
baseline-replay,1001,1961-06,SingerSongwriter,true,0,0,,,
baseline-replay,1001,1961-06,PopRock,false,0,0,,,
baseline-replay,1001,1961-06,PopRock,true,0,0,,,
baseline-replay,1001,1961-06,RootsRock,false,0,0,,,
baseline-replay,1001,1961-06,RootsRock,true,0,0,,,
baseline-replay,1001,1961-06,PsychedelicPop,false,0,0,,,
baseline-replay,1001,1961-06,PsychedelicPop,true,0,0,,,
baseline-replay,1001,1961-07,TraditionalPop,false,263,4,3,4,5
baseline-replay,1001,1961-07,TraditionalPop,true,575,4,3,4,4
baseline-replay,1001,1961-07,EasyListening,false,122,4,3,4,5
baseline-replay,1001,1961-07,EasyListening,true,438,4,3,4,4
baseline-replay,1001,1961-07,Jazz,false,99,8,3,3,5
baseline-replay,1001,1961-07,Jazz,true,361,8,3,4,5
baseline-replay,1001,1961-07,Blues,false,117,4,3,4,5
baseline-replay,1001,1961-07,Blues,true,284,4,3,3,5
baseline-replay,1001,1961-07,RockAndRoll,false,423,0,,,
baseline-replay,1001,1961-07,RockAndRoll,true,883,0,,,
baseline-replay,1001,1961-07,DooWop,false,123,0,,,
baseline-replay,1001,1961-07,DooWop,true,410,0,,,
baseline-replay,1001,1961-07,TeenPop,false,273,0,,,
baseline-replay,1001,1961-07,TeenPop,true,653,0,,,
baseline-replay,1001,1961-07,RnB,false,415,0,,,
baseline-replay,1001,1961-07,RnB,true,739,0,,,
baseline-replay,1001,1961-07,Soul,false,398,0,,,
baseline-replay,1001,1961-07,Soul,true,815,0,,,
baseline-replay,1001,1961-07,Motown,false,0,0,,,
baseline-replay,1001,1961-07,Motown,true,0,0,,,
baseline-replay,1001,1961-07,Funk,false,0,0,,,
baseline-replay,1001,1961-07,Funk,true,0,0,,,
baseline-replay,1001,1961-07,GirlGroup,false,0,0,,,
baseline-replay,1001,1961-07,GirlGroup,true,0,0,,,
baseline-replay,1001,1961-07,Country,false,218,0,,,
baseline-replay,1001,1961-07,Country,true,671,0,,,
baseline-replay,1001,1961-07,Folk,false,181,4,3,3,5
baseline-replay,1001,1961-07,Folk,true,401,4,4,4,5
baseline-replay,1001,1961-07,FolkRock,false,0,0,,,
baseline-replay,1001,1961-07,FolkRock,true,0,0,,,
baseline-replay,1001,1961-07,CountryRock,false,0,0,,,
baseline-replay,1001,1961-07,CountryRock,true,0,0,,,
baseline-replay,1001,1961-07,BritishInvasion,false,0,0,,,
baseline-replay,1001,1961-07,BritishInvasion,true,0,0,,,
baseline-replay,1001,1961-07,Skiffle,false,0,0,,,
baseline-replay,1001,1961-07,Skiffle,true,0,0,,,
baseline-replay,1001,1961-07,SurfRock,false,10,0,,,
baseline-replay,1001,1961-07,SurfRock,true,84,0,,,
baseline-replay,1001,1961-07,GarageRock,false,0,0,,,
baseline-replay,1001,1961-07,GarageRock,true,0,0,,,
baseline-replay,1001,1961-07,ProtoPunk,false,0,0,,,
baseline-replay,1001,1961-07,ProtoPunk,true,0,0,,,
baseline-replay,1001,1961-07,Psychedelic,false,0,0,,,
baseline-replay,1001,1961-07,Psychedelic,true,0,0,,,
baseline-replay,1001,1961-07,AcidRock,false,0,0,,,
baseline-replay,1001,1961-07,AcidRock,true,0,0,,,
baseline-replay,1001,1961-07,BaroquePop,false,0,0,,,
baseline-replay,1001,1961-07,BaroquePop,true,0,0,,,
baseline-replay,1001,1961-07,SunshinePop,false,0,0,,,
baseline-replay,1001,1961-07,SunshinePop,true,0,0,,,
baseline-replay,1001,1961-07,ProgressiveRock,false,0,0,,,
baseline-replay,1001,1961-07,ProgressiveRock,true,0,0,,,
baseline-replay,1001,1961-07,BluesRock,false,0,0,,,
baseline-replay,1001,1961-07,BluesRock,true,0,0,,,
baseline-replay,1001,1961-07,HardRock,false,0,0,,,
baseline-replay,1001,1961-07,HardRock,true,0,0,,,
baseline-replay,1001,1961-07,ProtoMetal,false,0,0,,,
baseline-replay,1001,1961-07,ProtoMetal,true,0,0,,,
baseline-replay,1001,1961-07,Bubblegum,false,0,0,,,
baseline-replay,1001,1961-07,Bubblegum,true,0,0,,,
baseline-replay,1001,1961-07,BossaNova,false,0,0,,,
baseline-replay,1001,1961-07,BossaNova,true,0,0,,,
baseline-replay,1001,1961-07,SkaRocksteady,false,0,0,,,
baseline-replay,1001,1961-07,SkaRocksteady,true,0,0,,,
baseline-replay,1001,1961-07,Gospel,false,47,47,3,5,5
baseline-replay,1001,1961-07,Gospel,true,225,225,3,4,5
baseline-replay,1001,1961-07,BritishPop,false,0,0,,,
baseline-replay,1001,1961-07,BritishPop,true,0,0,,,
baseline-replay,1001,1961-07,PsychedelicRock,false,0,0,,,
baseline-replay,1001,1961-07,PsychedelicRock,true,0,0,,,
baseline-replay,1001,1961-07,BritishBeat,false,0,0,,,
baseline-replay,1001,1961-07,BritishBeat,true,0,0,,,
baseline-replay,1001,1961-07,BritishBlues,false,0,0,,,
baseline-replay,1001,1961-07,BritishBlues,true,0,0,,,
baseline-replay,1001,1961-07,Classical,false,63,0,,,
baseline-replay,1001,1961-07,Classical,true,245,0,,,
baseline-replay,1001,1961-07,Boogaloo,false,0,0,,,
baseline-replay,1001,1961-07,Boogaloo,true,0,0,,,
baseline-replay,1001,1961-07,TexMex,false,12,0,,,
baseline-replay,1001,1961-07,TexMex,true,73,0,,,
baseline-replay,1001,1961-07,LatinPop,false,17,0,,,
baseline-replay,1001,1961-07,LatinPop,true,141,0,,,
baseline-replay,1001,1961-07,Ska,false,0,0,,,
baseline-replay,1001,1961-07,Ska,true,0,0,,,
baseline-replay,1001,1961-07,Rocksteady,false,0,0,,,
baseline-replay,1001,1961-07,Rocksteady,true,0,0,,,
baseline-replay,1001,1961-07,Reggae,false,0,0,,,
baseline-replay,1001,1961-07,Reggae,true,0,0,,,
baseline-replay,1001,1961-07,Comedy,false,32,0,,,
baseline-replay,1001,1961-07,Comedy,true,209,0,,,
baseline-replay,1001,1961-07,Childrens,false,11,0,,,
baseline-replay,1001,1961-07,Childrens,true,154,0,,,
baseline-replay,1001,1961-07,ContemporaryFolk,false,1,0,,,
baseline-replay,1001,1961-07,ContemporaryFolk,true,48,0,,,
baseline-replay,1001,1961-07,SingerSongwriter,false,0,0,,,
baseline-replay,1001,1961-07,SingerSongwriter,true,0,0,,,
baseline-replay,1001,1961-07,PopRock,false,0,0,,,
baseline-replay,1001,1961-07,PopRock,true,0,0,,,
baseline-replay,1001,1961-07,RootsRock,false,0,0,,,
baseline-replay,1001,1961-07,RootsRock,true,0,0,,,
baseline-replay,1001,1961-07,PsychedelicPop,false,0,0,,,
baseline-replay,1001,1961-07,PsychedelicPop,true,0,0,,,
baseline-replay,1001,1961-08,TraditionalPop,false,260,4,3,3,4
baseline-replay,1001,1961-08,TraditionalPop,true,581,4,4,4,5
baseline-replay,1001,1961-08,EasyListening,false,119,4,3,3,4
baseline-replay,1001,1961-08,EasyListening,true,442,4,3,4,5
baseline-replay,1001,1961-08,Jazz,false,101,8,3,3,5
baseline-replay,1001,1961-08,Jazz,true,367,8,3,4,5
baseline-replay,1001,1961-08,Blues,false,115,4,3,3,4
baseline-replay,1001,1961-08,Blues,true,286,4,3,3,4
baseline-replay,1001,1961-08,RockAndRoll,false,421,0,,,
baseline-replay,1001,1961-08,RockAndRoll,true,894,0,,,
baseline-replay,1001,1961-08,DooWop,false,118,0,,,
baseline-replay,1001,1961-08,DooWop,true,411,0,,,
baseline-replay,1001,1961-08,TeenPop,false,272,0,,,
baseline-replay,1001,1961-08,TeenPop,true,659,0,,,
baseline-replay,1001,1961-08,RnB,false,418,0,,,
baseline-replay,1001,1961-08,RnB,true,734,0,,,
baseline-replay,1001,1961-08,Soul,false,400,0,,,
baseline-replay,1001,1961-08,Soul,true,810,0,,,
baseline-replay,1001,1961-08,Motown,false,0,0,,,
baseline-replay,1001,1961-08,Motown,true,0,0,,,
baseline-replay,1001,1961-08,Funk,false,0,0,,,
baseline-replay,1001,1961-08,Funk,true,0,0,,,
baseline-replay,1001,1961-08,GirlGroup,false,0,0,,,
baseline-replay,1001,1961-08,GirlGroup,true,0,0,,,
baseline-replay,1001,1961-08,Country,false,221,0,,,
baseline-replay,1001,1961-08,Country,true,679,0,,,
baseline-replay,1001,1961-08,Folk,false,177,4,4,4,5
baseline-replay,1001,1961-08,Folk,true,405,4,3,3,5
baseline-replay,1001,1961-08,FolkRock,false,0,0,,,
baseline-replay,1001,1961-08,FolkRock,true,0,0,,,
baseline-replay,1001,1961-08,CountryRock,false,0,0,,,
baseline-replay,1001,1961-08,CountryRock,true,0,0,,,
baseline-replay,1001,1961-08,BritishInvasion,false,0,0,,,
baseline-replay,1001,1961-08,BritishInvasion,true,0,0,,,
baseline-replay,1001,1961-08,Skiffle,false,0,0,,,
baseline-replay,1001,1961-08,Skiffle,true,0,0,,,
baseline-replay,1001,1961-08,SurfRock,false,12,0,,,
baseline-replay,1001,1961-08,SurfRock,true,88,0,,,
baseline-replay,1001,1961-08,GarageRock,false,0,0,,,
baseline-replay,1001,1961-08,GarageRock,true,0,0,,,
baseline-replay,1001,1961-08,ProtoPunk,false,0,0,,,
baseline-replay,1001,1961-08,ProtoPunk,true,0,0,,,
baseline-replay,1001,1961-08,Psychedelic,false,0,0,,,
baseline-replay,1001,1961-08,Psychedelic,true,0,0,,,
baseline-replay,1001,1961-08,AcidRock,false,0,0,,,
baseline-replay,1001,1961-08,AcidRock,true,0,0,,,
baseline-replay,1001,1961-08,BaroquePop,false,0,0,,,
baseline-replay,1001,1961-08,BaroquePop,true,0,0,,,
baseline-replay,1001,1961-08,SunshinePop,false,0,0,,,
baseline-replay,1001,1961-08,SunshinePop,true,0,0,,,
baseline-replay,1001,1961-08,ProgressiveRock,false,0,0,,,
baseline-replay,1001,1961-08,ProgressiveRock,true,0,0,,,
baseline-replay,1001,1961-08,BluesRock,false,0,0,,,
baseline-replay,1001,1961-08,BluesRock,true,0,0,,,
baseline-replay,1001,1961-08,HardRock,false,0,0,,,
baseline-replay,1001,1961-08,HardRock,true,0,0,,,
baseline-replay,1001,1961-08,ProtoMetal,false,0,0,,,
baseline-replay,1001,1961-08,ProtoMetal,true,0,0,,,
baseline-replay,1001,1961-08,Bubblegum,false,0,0,,,
baseline-replay,1001,1961-08,Bubblegum,true,0,0,,,
baseline-replay,1001,1961-08,BossaNova,false,0,0,,,
baseline-replay,1001,1961-08,BossaNova,true,0,0,,,
baseline-replay,1001,1961-08,SkaRocksteady,false,0,0,,,
baseline-replay,1001,1961-08,SkaRocksteady,true,0,0,,,
baseline-replay,1001,1961-08,Gospel,false,47,47,3,4,5
baseline-replay,1001,1961-08,Gospel,true,222,222,3,4,5
baseline-replay,1001,1961-08,BritishPop,false,0,0,,,
baseline-replay,1001,1961-08,BritishPop,true,0,0,,,
baseline-replay,1001,1961-08,PsychedelicRock,false,0,0,,,
baseline-replay,1001,1961-08,PsychedelicRock,true,0,0,,,
baseline-replay,1001,1961-08,BritishBeat,false,0,0,,,
baseline-replay,1001,1961-08,BritishBeat,true,0,0,,,
baseline-replay,1001,1961-08,BritishBlues,false,0,0,,,
baseline-replay,1001,1961-08,BritishBlues,true,0,0,,,
baseline-replay,1001,1961-08,Classical,false,63,0,,,
baseline-replay,1001,1961-08,Classical,true,245,0,,,
baseline-replay,1001,1961-08,Boogaloo,false,0,0,,,
baseline-replay,1001,1961-08,Boogaloo,true,0,0,,,
baseline-replay,1001,1961-08,TexMex,false,12,0,,,
baseline-replay,1001,1961-08,TexMex,true,77,0,,,
baseline-replay,1001,1961-08,LatinPop,false,17,0,,,
baseline-replay,1001,1961-08,LatinPop,true,143,0,,,
baseline-replay,1001,1961-08,Ska,false,0,0,,,
baseline-replay,1001,1961-08,Ska,true,0,0,,,
baseline-replay,1001,1961-08,Rocksteady,false,0,0,,,
baseline-replay,1001,1961-08,Rocksteady,true,0,0,,,
baseline-replay,1001,1961-08,Reggae,false,0,0,,,
baseline-replay,1001,1961-08,Reggae,true,0,0,,,
baseline-replay,1001,1961-08,Comedy,false,32,0,,,
baseline-replay,1001,1961-08,Comedy,true,201,0,,,
baseline-replay,1001,1961-08,Childrens,false,12,0,,,
baseline-replay,1001,1961-08,Childrens,true,147,0,,,
baseline-replay,1001,1961-08,ContemporaryFolk,false,1,0,,,
baseline-replay,1001,1961-08,ContemporaryFolk,true,51,0,,,
baseline-replay,1001,1961-08,SingerSongwriter,false,0,0,,,
baseline-replay,1001,1961-08,SingerSongwriter,true,0,0,,,
baseline-replay,1001,1961-08,PopRock,false,0,0,,,
baseline-replay,1001,1961-08,PopRock,true,0,0,,,
baseline-replay,1001,1961-08,RootsRock,false,0,0,,,
baseline-replay,1001,1961-08,RootsRock,true,0,0,,,
baseline-replay,1001,1961-08,PsychedelicPop,false,0,0,,,
baseline-replay,1001,1961-08,PsychedelicPop,true,0,0,,,
baseline-replay,1001,1961-09,TraditionalPop,false,255,4,3,3,4
baseline-replay,1001,1961-09,TraditionalPop,true,591,4,4,5,5
baseline-replay,1001,1961-09,EasyListening,false,121,4,3,3,4
baseline-replay,1001,1961-09,EasyListening,true,438,4,3,3,5
baseline-replay,1001,1961-09,Jazz,false,103,8,3,4,5
baseline-replay,1001,1961-09,Jazz,true,363,8,3,4,5
baseline-replay,1001,1961-09,Blues,false,112,4,4,4,5
baseline-replay,1001,1961-09,Blues,true,284,4,3,3,5
baseline-replay,1001,1961-09,RockAndRoll,false,422,0,,,
baseline-replay,1001,1961-09,RockAndRoll,true,909,0,,,
baseline-replay,1001,1961-09,DooWop,false,116,0,,,
baseline-replay,1001,1961-09,DooWop,true,420,0,,,
baseline-replay,1001,1961-09,TeenPop,false,271,0,,,
baseline-replay,1001,1961-09,TeenPop,true,664,0,,,
baseline-replay,1001,1961-09,RnB,false,416,0,,,
baseline-replay,1001,1961-09,RnB,true,742,0,,,
baseline-replay,1001,1961-09,Soul,false,399,0,,,
baseline-replay,1001,1961-09,Soul,true,809,0,,,
baseline-replay,1001,1961-09,Motown,false,0,0,,,
baseline-replay,1001,1961-09,Motown,true,0,0,,,
baseline-replay,1001,1961-09,Funk,false,0,0,,,
baseline-replay,1001,1961-09,Funk,true,0,0,,,
baseline-replay,1001,1961-09,GirlGroup,false,0,0,,,
baseline-replay,1001,1961-09,GirlGroup,true,0,0,,,
baseline-replay,1001,1961-09,Country,false,217,0,,,
baseline-replay,1001,1961-09,Country,true,685,0,,,
baseline-replay,1001,1961-09,Folk,false,177,4,3,4,5
baseline-replay,1001,1961-09,Folk,true,409,4,3,4,5
baseline-replay,1001,1961-09,FolkRock,false,0,0,,,
baseline-replay,1001,1961-09,FolkRock,true,0,0,,,
baseline-replay,1001,1961-09,CountryRock,false,0,0,,,
baseline-replay,1001,1961-09,CountryRock,true,0,0,,,
baseline-replay,1001,1961-09,BritishInvasion,false,0,0,,,
baseline-replay,1001,1961-09,BritishInvasion,true,0,0,,,
baseline-replay,1001,1961-09,Skiffle,false,0,0,,,
baseline-replay,1001,1961-09,Skiffle,true,0,0,,,
baseline-replay,1001,1961-09,SurfRock,false,13,0,,,
baseline-replay,1001,1961-09,SurfRock,true,90,0,,,
baseline-replay,1001,1961-09,GarageRock,false,0,0,,,
baseline-replay,1001,1961-09,GarageRock,true,0,0,,,
baseline-replay,1001,1961-09,ProtoPunk,false,0,0,,,
baseline-replay,1001,1961-09,ProtoPunk,true,0,0,,,
baseline-replay,1001,1961-09,Psychedelic,false,0,0,,,
baseline-replay,1001,1961-09,Psychedelic,true,0,0,,,
baseline-replay,1001,1961-09,AcidRock,false,0,0,,,
baseline-replay,1001,1961-09,AcidRock,true,0,0,,,
baseline-replay,1001,1961-09,BaroquePop,false,0,0,,,
baseline-replay,1001,1961-09,BaroquePop,true,0,0,,,
baseline-replay,1001,1961-09,SunshinePop,false,0,0,,,
baseline-replay,1001,1961-09,SunshinePop,true,0,0,,,
baseline-replay,1001,1961-09,ProgressiveRock,false,0,0,,,
baseline-replay,1001,1961-09,ProgressiveRock,true,0,0,,,
baseline-replay,1001,1961-09,BluesRock,false,0,0,,,
baseline-replay,1001,1961-09,BluesRock,true,0,0,,,
baseline-replay,1001,1961-09,HardRock,false,0,0,,,
baseline-replay,1001,1961-09,HardRock,true,0,0,,,
baseline-replay,1001,1961-09,ProtoMetal,false,0,0,,,
baseline-replay,1001,1961-09,ProtoMetal,true,0,0,,,
baseline-replay,1001,1961-09,Bubblegum,false,0,0,,,
baseline-replay,1001,1961-09,Bubblegum,true,0,0,,,
baseline-replay,1001,1961-09,BossaNova,false,0,0,,,
baseline-replay,1001,1961-09,BossaNova,true,0,0,,,
baseline-replay,1001,1961-09,SkaRocksteady,false,0,0,,,
baseline-replay,1001,1961-09,SkaRocksteady,true,0,0,,,
baseline-replay,1001,1961-09,Gospel,false,46,46,3,4,5
baseline-replay,1001,1961-09,Gospel,true,224,224,3,4,5
baseline-replay,1001,1961-09,BritishPop,false,0,0,,,
baseline-replay,1001,1961-09,BritishPop,true,0,0,,,
baseline-replay,1001,1961-09,PsychedelicRock,false,0,0,,,
baseline-replay,1001,1961-09,PsychedelicRock,true,0,0,,,
baseline-replay,1001,1961-09,BritishBeat,false,0,0,,,
baseline-replay,1001,1961-09,BritishBeat,true,0,0,,,
baseline-replay,1001,1961-09,BritishBlues,false,0,0,,,
baseline-replay,1001,1961-09,BritishBlues,true,0,0,,,
baseline-replay,1001,1961-09,Classical,false,64,0,,,
baseline-replay,1001,1961-09,Classical,true,245,0,,,
baseline-replay,1001,1961-09,Boogaloo,false,0,0,,,
baseline-replay,1001,1961-09,Boogaloo,true,0,0,,,
baseline-replay,1001,1961-09,TexMex,false,12,0,,,
baseline-replay,1001,1961-09,TexMex,true,77,0,,,
baseline-replay,1001,1961-09,LatinPop,false,17,0,,,
baseline-replay,1001,1961-09,LatinPop,true,145,0,,,
baseline-replay,1001,1961-09,Ska,false,0,0,,,
baseline-replay,1001,1961-09,Ska,true,0,0,,,
baseline-replay,1001,1961-09,Rocksteady,false,0,0,,,
baseline-replay,1001,1961-09,Rocksteady,true,0,0,,,
baseline-replay,1001,1961-09,Reggae,false,0,0,,,
baseline-replay,1001,1961-09,Reggae,true,0,0,,,
baseline-replay,1001,1961-09,Comedy,false,31,0,,,
baseline-replay,1001,1961-09,Comedy,true,199,0,,,
baseline-replay,1001,1961-09,Childrens,false,12,0,,,
baseline-replay,1001,1961-09,Childrens,true,147,0,,,
baseline-replay,1001,1961-09,ContemporaryFolk,false,1,0,,,
baseline-replay,1001,1961-09,ContemporaryFolk,true,56,0,,,
baseline-replay,1001,1961-09,SingerSongwriter,false,0,0,,,
baseline-replay,1001,1961-09,SingerSongwriter,true,0,0,,,
baseline-replay,1001,1961-09,PopRock,false,0,0,,,
baseline-replay,1001,1961-09,PopRock,true,0,0,,,
baseline-replay,1001,1961-09,RootsRock,false,0,0,,,
baseline-replay,1001,1961-09,RootsRock,true,0,0,,,
baseline-replay,1001,1961-09,PsychedelicPop,false,0,0,,,
baseline-replay,1001,1961-09,PsychedelicPop,true,0,0,,,
baseline-replay,1002,1960-01,TraditionalPop,false,266,4,3,3,4
baseline-replay,1002,1960-01,TraditionalPop,true,0,0,,,
baseline-replay,1002,1960-01,EasyListening,false,82,4,3,3,5
baseline-replay,1002,1960-01,EasyListening,true,67,4,3,4,5
baseline-replay,1002,1960-01,Jazz,false,147,8,3,3,5
baseline-replay,1002,1960-01,Jazz,true,0,0,,,
baseline-replay,1002,1960-01,Blues,false,87,4,3,3,5
baseline-replay,1002,1960-01,Blues,true,0,0,,,
baseline-replay,1002,1960-01,RockAndRoll,false,496,0,,,
baseline-replay,1002,1960-01,RockAndRoll,true,0,0,,,
baseline-replay,1002,1960-01,DooWop,false,122,0,,,
baseline-replay,1002,1960-01,DooWop,true,0,0,,,
baseline-replay,1002,1960-01,TeenPop,false,328,0,,,
baseline-replay,1002,1960-01,TeenPop,true,0,0,,,
baseline-replay,1002,1960-01,RnB,false,427,0,,,
baseline-replay,1002,1960-01,RnB,true,0,0,,,
baseline-replay,1002,1960-01,Soul,false,423,0,,,
baseline-replay,1002,1960-01,Soul,true,0,0,,,
baseline-replay,1002,1960-01,Motown,false,0,0,,,
baseline-replay,1002,1960-01,Motown,true,0,0,,,
baseline-replay,1002,1960-01,Funk,false,0,0,,,
baseline-replay,1002,1960-01,Funk,true,0,0,,,
baseline-replay,1002,1960-01,GirlGroup,false,0,0,,,
baseline-replay,1002,1960-01,GirlGroup,true,0,0,,,
baseline-replay,1002,1960-01,Country,false,178,0,,,
baseline-replay,1002,1960-01,Country,true,0,0,,,
baseline-replay,1002,1960-01,Folk,false,158,4,3,4,5
baseline-replay,1002,1960-01,Folk,true,0,0,,,
baseline-replay,1002,1960-01,FolkRock,false,0,0,,,
baseline-replay,1002,1960-01,FolkRock,true,0,0,,,
baseline-replay,1002,1960-01,CountryRock,false,0,0,,,
baseline-replay,1002,1960-01,CountryRock,true,0,0,,,
baseline-replay,1002,1960-01,BritishInvasion,false,0,0,,,
baseline-replay,1002,1960-01,BritishInvasion,true,0,0,,,
baseline-replay,1002,1960-01,Skiffle,false,0,0,,,
baseline-replay,1002,1960-01,Skiffle,true,0,0,,,
baseline-replay,1002,1960-01,SurfRock,false,0,0,,,
baseline-replay,1002,1960-01,SurfRock,true,0,0,,,
baseline-replay,1002,1960-01,GarageRock,false,0,0,,,
baseline-replay,1002,1960-01,GarageRock,true,0,0,,,
baseline-replay,1002,1960-01,ProtoPunk,false,0,0,,,
baseline-replay,1002,1960-01,ProtoPunk,true,0,0,,,
baseline-replay,1002,1960-01,Psychedelic,false,0,0,,,
baseline-replay,1002,1960-01,Psychedelic,true,0,0,,,
baseline-replay,1002,1960-01,AcidRock,false,0,0,,,
baseline-replay,1002,1960-01,AcidRock,true,0,0,,,
baseline-replay,1002,1960-01,BaroquePop,false,0,0,,,
baseline-replay,1002,1960-01,BaroquePop,true,0,0,,,
baseline-replay,1002,1960-01,SunshinePop,false,0,0,,,
baseline-replay,1002,1960-01,SunshinePop,true,0,0,,,
baseline-replay,1002,1960-01,ProgressiveRock,false,0,0,,,
baseline-replay,1002,1960-01,ProgressiveRock,true,0,0,,,
baseline-replay,1002,1960-01,BluesRock,false,0,0,,,
baseline-replay,1002,1960-01,BluesRock,true,0,0,,,
baseline-replay,1002,1960-01,HardRock,false,0,0,,,
baseline-replay,1002,1960-01,HardRock,true,0,0,,,
baseline-replay,1002,1960-01,ProtoMetal,false,0,0,,,
baseline-replay,1002,1960-01,ProtoMetal,true,0,0,,,
baseline-replay,1002,1960-01,Bubblegum,false,0,0,,,
baseline-replay,1002,1960-01,Bubblegum,true,0,0,,,
baseline-replay,1002,1960-01,BossaNova,false,0,0,,,
baseline-replay,1002,1960-01,BossaNova,true,0,0,,,
baseline-replay,1002,1960-01,SkaRocksteady,false,0,0,,,
baseline-replay,1002,1960-01,SkaRocksteady,true,0,0,,,
baseline-replay,1002,1960-01,Gospel,false,40,40,3,4,5
baseline-replay,1002,1960-01,Gospel,true,0,0,,,
baseline-replay,1002,1960-01,BritishPop,false,0,0,,,
baseline-replay,1002,1960-01,BritishPop,true,0,0,,,
baseline-replay,1002,1960-01,PsychedelicRock,false,0,0,,,
baseline-replay,1002,1960-01,PsychedelicRock,true,0,0,,,
baseline-replay,1002,1960-01,BritishBeat,false,0,0,,,
baseline-replay,1002,1960-01,BritishBeat,true,0,0,,,
baseline-replay,1002,1960-01,BritishBlues,false,0,0,,,
baseline-replay,1002,1960-01,BritishBlues,true,0,0,,,
baseline-replay,1002,1960-01,Classical,false,49,0,,,
baseline-replay,1002,1960-01,Classical,true,47,0,,,
baseline-replay,1002,1960-01,Boogaloo,false,0,0,,,
baseline-replay,1002,1960-01,Boogaloo,true,0,0,,,
baseline-replay,1002,1960-01,TexMex,false,3,0,,,
baseline-replay,1002,1960-01,TexMex,true,4,0,,,
baseline-replay,1002,1960-01,LatinPop,false,0,0,,,
baseline-replay,1002,1960-01,LatinPop,true,29,0,,,
baseline-replay,1002,1960-01,Ska,false,0,0,,,
baseline-replay,1002,1960-01,Ska,true,0,0,,,
baseline-replay,1002,1960-01,Rocksteady,false,0,0,,,
baseline-replay,1002,1960-01,Rocksteady,true,0,0,,,
baseline-replay,1002,1960-01,Reggae,false,0,0,,,
baseline-replay,1002,1960-01,Reggae,true,0,0,,,
baseline-replay,1002,1960-01,Comedy,false,18,0,,,
baseline-replay,1002,1960-01,Comedy,true,9,0,,,
baseline-replay,1002,1960-01,Childrens,false,9,0,,,
baseline-replay,1002,1960-01,Childrens,true,11,0,,,
baseline-replay,1002,1960-01,ContemporaryFolk,false,0,0,,,
baseline-replay,1002,1960-01,ContemporaryFolk,true,0,0,,,
baseline-replay,1002,1960-01,SingerSongwriter,false,0,0,,,
baseline-replay,1002,1960-01,SingerSongwriter,true,0,0,,,
baseline-replay,1002,1960-01,PopRock,false,0,0,,,
baseline-replay,1002,1960-01,PopRock,true,0,0,,,
baseline-replay,1002,1960-01,RootsRock,false,0,0,,,
baseline-replay,1002,1960-01,RootsRock,true,0,0,,,
baseline-replay,1002,1960-01,PsychedelicPop,false,0,0,,,
baseline-replay,1002,1960-01,PsychedelicPop,true,0,0,,,
baseline-replay,1002,1960-02,TraditionalPop,false,266,4,3,3,5
baseline-replay,1002,1960-02,TraditionalPop,true,8,4,3,4,5
baseline-replay,1002,1960-02,EasyListening,false,113,4,3,5,5
baseline-replay,1002,1960-02,EasyListening,true,48,4,3,3,5
baseline-replay,1002,1960-02,Jazz,false,149,8,3,4,5
baseline-replay,1002,1960-02,Jazz,true,12,5,3,4,5
baseline-replay,1002,1960-02,Blues,false,91,4,4,4,5
baseline-replay,1002,1960-02,Blues,true,8,4,3,3,5
baseline-replay,1002,1960-02,RockAndRoll,false,497,0,,,
baseline-replay,1002,1960-02,RockAndRoll,true,14,0,,,
baseline-replay,1002,1960-02,DooWop,false,126,0,,,
baseline-replay,1002,1960-02,DooWop,true,16,0,,,
baseline-replay,1002,1960-02,TeenPop,false,329,0,,,
baseline-replay,1002,1960-02,TeenPop,true,9,0,,,
baseline-replay,1002,1960-02,RnB,false,428,0,,,
baseline-replay,1002,1960-02,RnB,true,8,0,,,
baseline-replay,1002,1960-02,Soul,false,427,0,,,
baseline-replay,1002,1960-02,Soul,true,10,0,,,
baseline-replay,1002,1960-02,Motown,false,0,0,,,
baseline-replay,1002,1960-02,Motown,true,0,0,,,
baseline-replay,1002,1960-02,Funk,false,0,0,,,
baseline-replay,1002,1960-02,Funk,true,0,0,,,
baseline-replay,1002,1960-02,GirlGroup,false,0,0,,,
baseline-replay,1002,1960-02,GirlGroup,true,0,0,,,
baseline-replay,1002,1960-02,Country,false,184,0,,,
baseline-replay,1002,1960-02,Country,true,30,0,,,
baseline-replay,1002,1960-02,Folk,false,161,4,4,4,5
baseline-replay,1002,1960-02,Folk,true,7,4,4,4,5
baseline-replay,1002,1960-02,FolkRock,false,0,0,,,
baseline-replay,1002,1960-02,FolkRock,true,0,0,,,
baseline-replay,1002,1960-02,CountryRock,false,0,0,,,
baseline-replay,1002,1960-02,CountryRock,true,0,0,,,
baseline-replay,1002,1960-02,BritishInvasion,false,0,0,,,
baseline-replay,1002,1960-02,BritishInvasion,true,0,0,,,
baseline-replay,1002,1960-02,Skiffle,false,0,0,,,
baseline-replay,1002,1960-02,Skiffle,true,0,0,,,
baseline-replay,1002,1960-02,SurfRock,false,1,0,,,
baseline-replay,1002,1960-02,SurfRock,true,1,0,,,
baseline-replay,1002,1960-02,GarageRock,false,0,0,,,
baseline-replay,1002,1960-02,GarageRock,true,0,0,,,
baseline-replay,1002,1960-02,ProtoPunk,false,0,0,,,
baseline-replay,1002,1960-02,ProtoPunk,true,0,0,,,
baseline-replay,1002,1960-02,Psychedelic,false,0,0,,,
baseline-replay,1002,1960-02,Psychedelic,true,0,0,,,
baseline-replay,1002,1960-02,AcidRock,false,0,0,,,
baseline-replay,1002,1960-02,AcidRock,true,0,0,,,
baseline-replay,1002,1960-02,BaroquePop,false,0,0,,,
baseline-replay,1002,1960-02,BaroquePop,true,0,0,,,
baseline-replay,1002,1960-02,SunshinePop,false,0,0,,,
baseline-replay,1002,1960-02,SunshinePop,true,0,0,,,
baseline-replay,1002,1960-02,ProgressiveRock,false,0,0,,,
baseline-replay,1002,1960-02,ProgressiveRock,true,0,0,,,
baseline-replay,1002,1960-02,BluesRock,false,0,0,,,
baseline-replay,1002,1960-02,BluesRock,true,0,0,,,
baseline-replay,1002,1960-02,HardRock,false,0,0,,,
baseline-replay,1002,1960-02,HardRock,true,0,0,,,
baseline-replay,1002,1960-02,ProtoMetal,false,0,0,,,
baseline-replay,1002,1960-02,ProtoMetal,true,0,0,,,
baseline-replay,1002,1960-02,Bubblegum,false,0,0,,,
baseline-replay,1002,1960-02,Bubblegum,true,0,0,,,
baseline-replay,1002,1960-02,BossaNova,false,0,0,,,
baseline-replay,1002,1960-02,BossaNova,true,0,0,,,
baseline-replay,1002,1960-02,SkaRocksteady,false,0,0,,,
baseline-replay,1002,1960-02,SkaRocksteady,true,0,0,,,
baseline-replay,1002,1960-02,Gospel,false,41,41,3,4,5
baseline-replay,1002,1960-02,Gospel,true,12,12,3,4,4
baseline-replay,1002,1960-02,BritishPop,false,0,0,,,
baseline-replay,1002,1960-02,BritishPop,true,0,0,,,
baseline-replay,1002,1960-02,PsychedelicRock,false,0,0,,,
baseline-replay,1002,1960-02,PsychedelicRock,true,0,0,,,
baseline-replay,1002,1960-02,BritishBeat,false,0,0,,,
baseline-replay,1002,1960-02,BritishBeat,true,0,0,,,
baseline-replay,1002,1960-02,BritishBlues,false,0,0,,,
baseline-replay,1002,1960-02,BritishBlues,true,0,0,,,
baseline-replay,1002,1960-02,Classical,false,76,0,,,
baseline-replay,1002,1960-02,Classical,true,29,0,,,
baseline-replay,1002,1960-02,Boogaloo,false,0,0,,,
baseline-replay,1002,1960-02,Boogaloo,true,0,0,,,
baseline-replay,1002,1960-02,TexMex,false,4,0,,,
baseline-replay,1002,1960-02,TexMex,true,7,0,,,
baseline-replay,1002,1960-02,LatinPop,false,12,0,,,
baseline-replay,1002,1960-02,LatinPop,true,22,0,,,
baseline-replay,1002,1960-02,Ska,false,0,0,,,
baseline-replay,1002,1960-02,Ska,true,0,0,,,
baseline-replay,1002,1960-02,Rocksteady,false,0,0,,,
baseline-replay,1002,1960-02,Rocksteady,true,0,0,,,
baseline-replay,1002,1960-02,Reggae,false,0,0,,,
baseline-replay,1002,1960-02,Reggae,true,0,0,,,
baseline-replay,1002,1960-02,Comedy,false,27,0,,,
baseline-replay,1002,1960-02,Comedy,true,10,0,,,
baseline-replay,1002,1960-02,Childrens,false,15,0,,,
baseline-replay,1002,1960-02,Childrens,true,13,0,,,
baseline-replay,1002,1960-02,ContemporaryFolk,false,0,0,,,
baseline-replay,1002,1960-02,ContemporaryFolk,true,0,0,,,
baseline-replay,1002,1960-02,SingerSongwriter,false,0,0,,,
baseline-replay,1002,1960-02,SingerSongwriter,true,0,0,,,
baseline-replay,1002,1960-02,PopRock,false,0,0,,,
baseline-replay,1002,1960-02,PopRock,true,0,0,,,
baseline-replay,1002,1960-02,RootsRock,false,0,0,,,
baseline-replay,1002,1960-02,RootsRock,true,0,0,,,
baseline-replay,1002,1960-02,PsychedelicPop,false,0,0,,,
baseline-replay,1002,1960-02,PsychedelicPop,true,0,0,,,
baseline-replay,1002,1960-03,TraditionalPop,false,268,4,3,3,5
baseline-replay,1002,1960-03,TraditionalPop,true,22,4,3,3,5
baseline-replay,1002,1960-03,EasyListening,false,114,4,3,4,5
baseline-replay,1002,1960-03,EasyListening,true,59,4,3,3,4
baseline-replay,1002,1960-03,Jazz,false,150,8,3,4,5
baseline-replay,1002,1960-03,Jazz,true,15,7,3,4,5
baseline-replay,1002,1960-03,Blues,false,91,4,3,3,5
baseline-replay,1002,1960-03,Blues,true,14,4,3,3,5
baseline-replay,1002,1960-03,RockAndRoll,false,499,0,,,
baseline-replay,1002,1960-03,RockAndRoll,true,25,0,,,
baseline-replay,1002,1960-03,DooWop,false,128,0,,,
baseline-replay,1002,1960-03,DooWop,true,23,0,,,
baseline-replay,1002,1960-03,TeenPop,false,330,0,,,
baseline-replay,1002,1960-03,TeenPop,true,16,0,,,
baseline-replay,1002,1960-03,RnB,false,428,0,,,
baseline-replay,1002,1960-03,RnB,true,12,0,,,
baseline-replay,1002,1960-03,Soul,false,429,0,,,
baseline-replay,1002,1960-03,Soul,true,14,0,,,
baseline-replay,1002,1960-03,Motown,false,0,0,,,
baseline-replay,1002,1960-03,Motown,true,0,0,,,
baseline-replay,1002,1960-03,Funk,false,0,0,,,
baseline-replay,1002,1960-03,Funk,true,0,0,,,
baseline-replay,1002,1960-03,GirlGroup,false,0,0,,,
baseline-replay,1002,1960-03,GirlGroup,true,0,0,,,
baseline-replay,1002,1960-03,Country,false,188,0,,,
baseline-replay,1002,1960-03,Country,true,61,0,,,
baseline-replay,1002,1960-03,Folk,false,161,4,3,3,4
baseline-replay,1002,1960-03,Folk,true,18,4,3,3,5
baseline-replay,1002,1960-03,FolkRock,false,0,0,,,
baseline-replay,1002,1960-03,FolkRock,true,0,0,,,
baseline-replay,1002,1960-03,CountryRock,false,0,0,,,
baseline-replay,1002,1960-03,CountryRock,true,0,0,,,
baseline-replay,1002,1960-03,BritishInvasion,false,0,0,,,
baseline-replay,1002,1960-03,BritishInvasion,true,0,0,,,
baseline-replay,1002,1960-03,Skiffle,false,0,0,,,
baseline-replay,1002,1960-03,Skiffle,true,0,0,,,
baseline-replay,1002,1960-03,SurfRock,false,1,0,,,
baseline-replay,1002,1960-03,SurfRock,true,4,0,,,
baseline-replay,1002,1960-03,GarageRock,false,0,0,,,
baseline-replay,1002,1960-03,GarageRock,true,0,0,,,
baseline-replay,1002,1960-03,ProtoPunk,false,0,0,,,
baseline-replay,1002,1960-03,ProtoPunk,true,0,0,,,
baseline-replay,1002,1960-03,Psychedelic,false,0,0,,,
baseline-replay,1002,1960-03,Psychedelic,true,0,0,,,
baseline-replay,1002,1960-03,AcidRock,false,0,0,,,
baseline-replay,1002,1960-03,AcidRock,true,0,0,,,
baseline-replay,1002,1960-03,BaroquePop,false,0,0,,,
baseline-replay,1002,1960-03,BaroquePop,true,0,0,,,
baseline-replay,1002,1960-03,SunshinePop,false,0,0,,,
baseline-replay,1002,1960-03,SunshinePop,true,0,0,,,
baseline-replay,1002,1960-03,ProgressiveRock,false,0,0,,,
baseline-replay,1002,1960-03,ProgressiveRock,true,0,0,,,
baseline-replay,1002,1960-03,BluesRock,false,0,0,,,
baseline-replay,1002,1960-03,BluesRock,true,0,0,,,
baseline-replay,1002,1960-03,HardRock,false,0,0,,,
baseline-replay,1002,1960-03,HardRock,true,0,0,,,
baseline-replay,1002,1960-03,ProtoMetal,false,0,0,,,
baseline-replay,1002,1960-03,ProtoMetal,true,0,0,,,
baseline-replay,1002,1960-03,Bubblegum,false,0,0,,,
baseline-replay,1002,1960-03,Bubblegum,true,0,0,,,
baseline-replay,1002,1960-03,BossaNova,false,0,0,,,
baseline-replay,1002,1960-03,BossaNova,true,0,0,,,
baseline-replay,1002,1960-03,SkaRocksteady,false,0,0,,,
baseline-replay,1002,1960-03,SkaRocksteady,true,0,0,,,
baseline-replay,1002,1960-03,Gospel,false,43,43,3,4,5
baseline-replay,1002,1960-03,Gospel,true,16,16,3,3,5
baseline-replay,1002,1960-03,BritishPop,false,0,0,,,
baseline-replay,1002,1960-03,BritishPop,true,0,0,,,
baseline-replay,1002,1960-03,PsychedelicRock,false,0,0,,,
baseline-replay,1002,1960-03,PsychedelicRock,true,0,0,,,
baseline-replay,1002,1960-03,BritishBeat,false,0,0,,,
baseline-replay,1002,1960-03,BritishBeat,true,0,0,,,
baseline-replay,1002,1960-03,BritishBlues,false,0,0,,,
baseline-replay,1002,1960-03,BritishBlues,true,0,0,,,
baseline-replay,1002,1960-03,Classical,false,77,0,,,
baseline-replay,1002,1960-03,Classical,true,36,0,,,
baseline-replay,1002,1960-03,Boogaloo,false,0,0,,,
baseline-replay,1002,1960-03,Boogaloo,true,0,0,,,
baseline-replay,1002,1960-03,TexMex,false,4,0,,,
baseline-replay,1002,1960-03,TexMex,true,13,0,,,
baseline-replay,1002,1960-03,LatinPop,false,13,0,,,
baseline-replay,1002,1960-03,LatinPop,true,26,0,,,
baseline-replay,1002,1960-03,Ska,false,0,0,,,
baseline-replay,1002,1960-03,Ska,true,0,0,,,
baseline-replay,1002,1960-03,Rocksteady,false,0,0,,,
baseline-replay,1002,1960-03,Rocksteady,true,0,0,,,
baseline-replay,1002,1960-03,Reggae,false,0,0,,,
baseline-replay,1002,1960-03,Reggae,true,0,0,,,
baseline-replay,1002,1960-03,Comedy,false,27,0,,,
baseline-replay,1002,1960-03,Comedy,true,21,0,,,
baseline-replay,1002,1960-03,Childrens,false,16,0,,,
baseline-replay,1002,1960-03,Childrens,true,18,0,,,
baseline-replay,1002,1960-03,ContemporaryFolk,false,0,0,,,
baseline-replay,1002,1960-03,ContemporaryFolk,true,0,0,,,
baseline-replay,1002,1960-03,SingerSongwriter,false,0,0,,,
baseline-replay,1002,1960-03,SingerSongwriter,true,0,0,,,
baseline-replay,1002,1960-03,PopRock,false,0,0,,,
baseline-replay,1002,1960-03,PopRock,true,0,0,,,
baseline-replay,1002,1960-03,RootsRock,false,0,0,,,
baseline-replay,1002,1960-03,RootsRock,true,0,0,,,
baseline-replay,1002,1960-03,PsychedelicPop,false,0,0,,,
baseline-replay,1002,1960-03,PsychedelicPop,true,0,0,,,
baseline-replay,1002,1960-04,TraditionalPop,false,268,4,3,5,5
baseline-replay,1002,1960-04,TraditionalPop,true,35,4,3,4,5
baseline-replay,1002,1960-04,EasyListening,false,114,4,3,4,5
baseline-replay,1002,1960-04,EasyListening,true,70,4,3,3,5
baseline-replay,1002,1960-04,Jazz,false,150,8,3,3,5
baseline-replay,1002,1960-04,Jazz,true,30,8,3,4,5
baseline-replay,1002,1960-04,Blues,false,93,4,3,4,5
baseline-replay,1002,1960-04,Blues,true,17,4,3,3,5
baseline-replay,1002,1960-04,RockAndRoll,false,500,0,,,
baseline-replay,1002,1960-04,RockAndRoll,true,30,0,,,
baseline-replay,1002,1960-04,DooWop,false,130,0,,,
baseline-replay,1002,1960-04,DooWop,true,32,0,,,
baseline-replay,1002,1960-04,TeenPop,false,331,0,,,
baseline-replay,1002,1960-04,TeenPop,true,26,0,,,
baseline-replay,1002,1960-04,RnB,false,428,0,,,
baseline-replay,1002,1960-04,RnB,true,23,0,,,
baseline-replay,1002,1960-04,Soul,false,429,0,,,
baseline-replay,1002,1960-04,Soul,true,23,0,,,
baseline-replay,1002,1960-04,Motown,false,0,0,,,
baseline-replay,1002,1960-04,Motown,true,0,0,,,
baseline-replay,1002,1960-04,Funk,false,0,0,,,
baseline-replay,1002,1960-04,Funk,true,0,0,,,
baseline-replay,1002,1960-04,GirlGroup,false,0,0,,,
baseline-replay,1002,1960-04,GirlGroup,true,0,0,,,
baseline-replay,1002,1960-04,Country,false,189,0,,,
baseline-replay,1002,1960-04,Country,true,85,0,,,
baseline-replay,1002,1960-04,Folk,false,162,4,3,4,5
baseline-replay,1002,1960-04,Folk,true,24,4,3,3,5
baseline-replay,1002,1960-04,FolkRock,false,0,0,,,
baseline-replay,1002,1960-04,FolkRock,true,0,0,,,
baseline-replay,1002,1960-04,CountryRock,false,0,0,,,
baseline-replay,1002,1960-04,CountryRock,true,0,0,,,
baseline-replay,1002,1960-04,BritishInvasion,false,0,0,,,
baseline-replay,1002,1960-04,BritishInvasion,true,0,0,,,
baseline-replay,1002,1960-04,Skiffle,false,0,0,,,
baseline-replay,1002,1960-04,Skiffle,true,0,0,,,
baseline-replay,1002,1960-04,SurfRock,false,1,0,,,
baseline-replay,1002,1960-04,SurfRock,true,9,0,,,
baseline-replay,1002,1960-04,GarageRock,false,0,0,,,
baseline-replay,1002,1960-04,GarageRock,true,0,0,,,
baseline-replay,1002,1960-04,ProtoPunk,false,0,0,,,
baseline-replay,1002,1960-04,ProtoPunk,true,0,0,,,
baseline-replay,1002,1960-04,Psychedelic,false,0,0,,,
baseline-replay,1002,1960-04,Psychedelic,true,0,0,,,
baseline-replay,1002,1960-04,AcidRock,false,0,0,,,
baseline-replay,1002,1960-04,AcidRock,true,0,0,,,
baseline-replay,1002,1960-04,BaroquePop,false,0,0,,,
baseline-replay,1002,1960-04,BaroquePop,true,0,0,,,
baseline-replay,1002,1960-04,SunshinePop,false,0,0,,,
baseline-replay,1002,1960-04,SunshinePop,true,0,0,,,
baseline-replay,1002,1960-04,ProgressiveRock,false,0,0,,,
baseline-replay,1002,1960-04,ProgressiveRock,true,0,0,,,
baseline-replay,1002,1960-04,BluesRock,false,0,0,,,
baseline-replay,1002,1960-04,BluesRock,true,0,0,,,
baseline-replay,1002,1960-04,HardRock,false,0,0,,,
baseline-replay,1002,1960-04,HardRock,true,0,0,,,
baseline-replay,1002,1960-04,ProtoMetal,false,0,0,,,
baseline-replay,1002,1960-04,ProtoMetal,true,0,0,,,
baseline-replay,1002,1960-04,Bubblegum,false,0,0,,,
baseline-replay,1002,1960-04,Bubblegum,true,0,0,,,
baseline-replay,1002,1960-04,BossaNova,false,0,0,,,
baseline-replay,1002,1960-04,BossaNova,true,0,0,,,
baseline-replay,1002,1960-04,SkaRocksteady,false,0,0,,,
baseline-replay,1002,1960-04,SkaRocksteady,true,0,0,,,
baseline-replay,1002,1960-04,Gospel,false,44,44,3,4,5
baseline-replay,1002,1960-04,Gospel,true,23,23,3,4,5
baseline-replay,1002,1960-04,BritishPop,false,0,0,,,
baseline-replay,1002,1960-04,BritishPop,true,0,0,,,
baseline-replay,1002,1960-04,PsychedelicRock,false,0,0,,,
baseline-replay,1002,1960-04,PsychedelicRock,true,0,0,,,
baseline-replay,1002,1960-04,BritishBeat,false,0,0,,,
baseline-replay,1002,1960-04,BritishBeat,true,0,0,,,
baseline-replay,1002,1960-04,BritishBlues,false,0,0,,,
baseline-replay,1002,1960-04,BritishBlues,true,0,0,,,
baseline-replay,1002,1960-04,Classical,false,77,0,,,
baseline-replay,1002,1960-04,Classical,true,41,0,,,
baseline-replay,1002,1960-04,Boogaloo,false,0,0,,,
baseline-replay,1002,1960-04,Boogaloo,true,0,0,,,
baseline-replay,1002,1960-04,TexMex,false,4,0,,,
baseline-replay,1002,1960-04,TexMex,true,16,0,,,
baseline-replay,1002,1960-04,LatinPop,false,14,0,,,
baseline-replay,1002,1960-04,LatinPop,true,30,0,,,
baseline-replay,1002,1960-04,Ska,false,0,0,,,
baseline-replay,1002,1960-04,Ska,true,0,0,,,
baseline-replay,1002,1960-04,Rocksteady,false,0,0,,,
baseline-replay,1002,1960-04,Rocksteady,true,0,0,,,
baseline-replay,1002,1960-04,Reggae,false,0,0,,,
baseline-replay,1002,1960-04,Reggae,true,0,0,,,
baseline-replay,1002,1960-04,Comedy,false,27,0,,,
baseline-replay,1002,1960-04,Comedy,true,33,0,,,
baseline-replay,1002,1960-04,Childrens,false,16,0,,,
baseline-replay,1002,1960-04,Childrens,true,26,0,,,
baseline-replay,1002,1960-04,ContemporaryFolk,false,0,0,,,
baseline-replay,1002,1960-04,ContemporaryFolk,true,0,0,,,
baseline-replay,1002,1960-04,SingerSongwriter,false,0,0,,,
baseline-replay,1002,1960-04,SingerSongwriter,true,0,0,,,
baseline-replay,1002,1960-04,PopRock,false,0,0,,,
baseline-replay,1002,1960-04,PopRock,true,0,0,,,
baseline-replay,1002,1960-04,RootsRock,false,0,0,,,
baseline-replay,1002,1960-04,RootsRock,true,0,0,,,
baseline-replay,1002,1960-04,PsychedelicPop,false,0,0,,,
baseline-replay,1002,1960-04,PsychedelicPop,true,0,0,,,
baseline-replay,1002,1960-05,TraditionalPop,false,264,4,3,3,5
baseline-replay,1002,1960-05,TraditionalPop,true,49,4,3,5,5
baseline-replay,1002,1960-05,EasyListening,false,113,4,3,3,5
baseline-replay,1002,1960-05,EasyListening,true,84,4,3,3,5
baseline-replay,1002,1960-05,Jazz,false,150,8,3,4,5
baseline-replay,1002,1960-05,Jazz,true,39,8,3,4,5
baseline-replay,1002,1960-05,Blues,false,93,4,5,5,5
baseline-replay,1002,1960-05,Blues,true,27,4,3,4,5
baseline-replay,1002,1960-05,RockAndRoll,false,500,0,,,
baseline-replay,1002,1960-05,RockAndRoll,true,39,0,,,
baseline-replay,1002,1960-05,DooWop,false,129,0,,,
baseline-replay,1002,1960-05,DooWop,true,46,0,,,
baseline-replay,1002,1960-05,TeenPop,false,331,0,,,
baseline-replay,1002,1960-05,TeenPop,true,41,0,,,
baseline-replay,1002,1960-05,RnB,false,428,0,,,
baseline-replay,1002,1960-05,RnB,true,32,0,,,
baseline-replay,1002,1960-05,Soul,false,429,0,,,
baseline-replay,1002,1960-05,Soul,true,35,0,,,
baseline-replay,1002,1960-05,Motown,false,0,0,,,
baseline-replay,1002,1960-05,Motown,true,0,0,,,
baseline-replay,1002,1960-05,Funk,false,0,0,,,
baseline-replay,1002,1960-05,Funk,true,0,0,,,
baseline-replay,1002,1960-05,GirlGroup,false,0,0,,,
baseline-replay,1002,1960-05,GirlGroup,true,0,0,,,
baseline-replay,1002,1960-05,Country,false,189,0,,,
baseline-replay,1002,1960-05,Country,true,121,0,,,
baseline-replay,1002,1960-05,Folk,false,162,4,3,4,5
baseline-replay,1002,1960-05,Folk,true,36,4,3,3,5
baseline-replay,1002,1960-05,FolkRock,false,0,0,,,
baseline-replay,1002,1960-05,FolkRock,true,0,0,,,
baseline-replay,1002,1960-05,CountryRock,false,0,0,,,
baseline-replay,1002,1960-05,CountryRock,true,0,0,,,
baseline-replay,1002,1960-05,BritishInvasion,false,0,0,,,
baseline-replay,1002,1960-05,BritishInvasion,true,0,0,,,
baseline-replay,1002,1960-05,Skiffle,false,0,0,,,
baseline-replay,1002,1960-05,Skiffle,true,0,0,,,
baseline-replay,1002,1960-05,SurfRock,false,1,0,,,
baseline-replay,1002,1960-05,SurfRock,true,13,0,,,
baseline-replay,1002,1960-05,GarageRock,false,0,0,,,
baseline-replay,1002,1960-05,GarageRock,true,0,0,,,
baseline-replay,1002,1960-05,ProtoPunk,false,0,0,,,
baseline-replay,1002,1960-05,ProtoPunk,true,0,0,,,
baseline-replay,1002,1960-05,Psychedelic,false,0,0,,,
baseline-replay,1002,1960-05,Psychedelic,true,0,0,,,
baseline-replay,1002,1960-05,AcidRock,false,0,0,,,
baseline-replay,1002,1960-05,AcidRock,true,0,0,,,
baseline-replay,1002,1960-05,BaroquePop,false,0,0,,,
baseline-replay,1002,1960-05,BaroquePop,true,0,0,,,
baseline-replay,1002,1960-05,SunshinePop,false,0,0,,,
baseline-replay,1002,1960-05,SunshinePop,true,0,0,,,
baseline-replay,1002,1960-05,ProgressiveRock,false,0,0,,,
baseline-replay,1002,1960-05,ProgressiveRock,true,0,0,,,
baseline-replay,1002,1960-05,BluesRock,false,0,0,,,
baseline-replay,1002,1960-05,BluesRock,true,0,0,,,
baseline-replay,1002,1960-05,HardRock,false,0,0,,,
baseline-replay,1002,1960-05,HardRock,true,0,0,,,
baseline-replay,1002,1960-05,ProtoMetal,false,0,0,,,
baseline-replay,1002,1960-05,ProtoMetal,true,0,0,,,
baseline-replay,1002,1960-05,Bubblegum,false,0,0,,,
baseline-replay,1002,1960-05,Bubblegum,true,0,0,,,
baseline-replay,1002,1960-05,BossaNova,false,0,0,,,
baseline-replay,1002,1960-05,BossaNova,true,0,0,,,
baseline-replay,1002,1960-05,SkaRocksteady,false,0,0,,,
baseline-replay,1002,1960-05,SkaRocksteady,true,0,0,,,
baseline-replay,1002,1960-05,Gospel,false,44,44,3,4,5
baseline-replay,1002,1960-05,Gospel,true,31,31,3,4,5
baseline-replay,1002,1960-05,BritishPop,false,0,0,,,
baseline-replay,1002,1960-05,BritishPop,true,0,0,,,
baseline-replay,1002,1960-05,PsychedelicRock,false,0,0,,,
baseline-replay,1002,1960-05,PsychedelicRock,true,0,0,,,
baseline-replay,1002,1960-05,BritishBeat,false,0,0,,,
baseline-replay,1002,1960-05,BritishBeat,true,0,0,,,
baseline-replay,1002,1960-05,BritishBlues,false,0,0,,,
baseline-replay,1002,1960-05,BritishBlues,true,0,0,,,
baseline-replay,1002,1960-05,Classical,false,77,0,,,
baseline-replay,1002,1960-05,Classical,true,49,0,,,
baseline-replay,1002,1960-05,Boogaloo,false,0,0,,,
baseline-replay,1002,1960-05,Boogaloo,true,0,0,,,
baseline-replay,1002,1960-05,TexMex,false,4,0,,,
baseline-replay,1002,1960-05,TexMex,true,22,0,,,
baseline-replay,1002,1960-05,LatinPop,false,14,0,,,
baseline-replay,1002,1960-05,LatinPop,true,37,0,,,
baseline-replay,1002,1960-05,Ska,false,0,0,,,
baseline-replay,1002,1960-05,Ska,true,0,0,,,
baseline-replay,1002,1960-05,Rocksteady,false,0,0,,,
baseline-replay,1002,1960-05,Rocksteady,true,0,0,,,
baseline-replay,1002,1960-05,Reggae,false,0,0,,,
baseline-replay,1002,1960-05,Reggae,true,0,0,,,
baseline-replay,1002,1960-05,Comedy,false,27,0,,,
baseline-replay,1002,1960-05,Comedy,true,53,0,,,
baseline-replay,1002,1960-05,Childrens,false,16,0,,,
baseline-replay,1002,1960-05,Childrens,true,36,0,,,
baseline-replay,1002,1960-05,ContemporaryFolk,false,0,0,,,
baseline-replay,1002,1960-05,ContemporaryFolk,true,0,0,,,
baseline-replay,1002,1960-05,SingerSongwriter,false,0,0,,,
baseline-replay,1002,1960-05,SingerSongwriter,true,0,0,,,
baseline-replay,1002,1960-05,PopRock,false,0,0,,,
baseline-replay,1002,1960-05,PopRock,true,0,0,,,
baseline-replay,1002,1960-05,RootsRock,false,0,0,,,
baseline-replay,1002,1960-05,RootsRock,true,0,0,,,
baseline-replay,1002,1960-05,PsychedelicPop,false,0,0,,,
baseline-replay,1002,1960-05,PsychedelicPop,true,0,0,,,
baseline-replay,1002,1960-06,TraditionalPop,false,265,4,3,3,5
baseline-replay,1002,1960-06,TraditionalPop,true,56,4,3,5,5
baseline-replay,1002,1960-06,EasyListening,false,113,4,3,3,5
baseline-replay,1002,1960-06,EasyListening,true,93,4,3,3,5
baseline-replay,1002,1960-06,Jazz,false,154,8,3,3,5
baseline-replay,1002,1960-06,Jazz,true,42,8,3,4,5
baseline-replay,1002,1960-06,Blues,false,93,4,3,4,5
baseline-replay,1002,1960-06,Blues,true,38,4,3,4,5
baseline-replay,1002,1960-06,RockAndRoll,false,499,0,,,
baseline-replay,1002,1960-06,RockAndRoll,true,49,0,,,
baseline-replay,1002,1960-06,DooWop,false,130,0,,,
baseline-replay,1002,1960-06,DooWop,true,64,0,,,
baseline-replay,1002,1960-06,TeenPop,false,328,0,,,
baseline-replay,1002,1960-06,TeenPop,true,53,0,,,
baseline-replay,1002,1960-06,RnB,false,428,0,,,
baseline-replay,1002,1960-06,RnB,true,42,0,,,
baseline-replay,1002,1960-06,Soul,false,429,0,,,
baseline-replay,1002,1960-06,Soul,true,48,0,,,
baseline-replay,1002,1960-06,Motown,false,0,0,,,
baseline-replay,1002,1960-06,Motown,true,0,0,,,
baseline-replay,1002,1960-06,Funk,false,0,0,,,
baseline-replay,1002,1960-06,Funk,true,0,0,,,
baseline-replay,1002,1960-06,GirlGroup,false,0,0,,,
baseline-replay,1002,1960-06,GirlGroup,true,0,0,,,
baseline-replay,1002,1960-06,Country,false,190,0,,,
baseline-replay,1002,1960-06,Country,true,146,0,,,
baseline-replay,1002,1960-06,Folk,false,165,4,3,4,5
baseline-replay,1002,1960-06,Folk,true,43,4,3,4,5
baseline-replay,1002,1960-06,FolkRock,false,0,0,,,
baseline-replay,1002,1960-06,FolkRock,true,0,0,,,
baseline-replay,1002,1960-06,CountryRock,false,0,0,,,
baseline-replay,1002,1960-06,CountryRock,true,0,0,,,
baseline-replay,1002,1960-06,BritishInvasion,false,0,0,,,
baseline-replay,1002,1960-06,BritishInvasion,true,0,0,,,
baseline-replay,1002,1960-06,Skiffle,false,0,0,,,
baseline-replay,1002,1960-06,Skiffle,true,0,0,,,
baseline-replay,1002,1960-06,SurfRock,false,2,0,,,
baseline-replay,1002,1960-06,SurfRock,true,13,0,,,
baseline-replay,1002,1960-06,GarageRock,false,0,0,,,
baseline-replay,1002,1960-06,GarageRock,true,0,0,,,
baseline-replay,1002,1960-06,ProtoPunk,false,0,0,,,
baseline-replay,1002,1960-06,ProtoPunk,true,0,0,,,
baseline-replay,1002,1960-06,Psychedelic,false,0,0,,,
baseline-replay,1002,1960-06,Psychedelic,true,0,0,,,
baseline-replay,1002,1960-06,AcidRock,false,0,0,,,
baseline-replay,1002,1960-06,AcidRock,true,0,0,,,
baseline-replay,1002,1960-06,BaroquePop,false,0,0,,,
baseline-replay,1002,1960-06,BaroquePop,true,0,0,,,
baseline-replay,1002,1960-06,SunshinePop,false,0,0,,,
baseline-replay,1002,1960-06,SunshinePop,true,0,0,,,
baseline-replay,1002,1960-06,ProgressiveRock,false,0,0,,,
baseline-replay,1002,1960-06,ProgressiveRock,true,0,0,,,
baseline-replay,1002,1960-06,BluesRock,false,0,0,,,
baseline-replay,1002,1960-06,BluesRock,true,0,0,,,
baseline-replay,1002,1960-06,HardRock,false,0,0,,,
baseline-replay,1002,1960-06,HardRock,true,0,0,,,
baseline-replay,1002,1960-06,ProtoMetal,false,0,0,,,
baseline-replay,1002,1960-06,ProtoMetal,true,0,0,,,
baseline-replay,1002,1960-06,Bubblegum,false,0,0,,,
baseline-replay,1002,1960-06,Bubblegum,true,0,0,,,
baseline-replay,1002,1960-06,BossaNova,false,0,0,,,
baseline-replay,1002,1960-06,BossaNova,true,0,0,,,
baseline-replay,1002,1960-06,SkaRocksteady,false,0,0,,,
baseline-replay,1002,1960-06,SkaRocksteady,true,0,0,,,
baseline-replay,1002,1960-06,Gospel,false,45,45,3,4,5
baseline-replay,1002,1960-06,Gospel,true,36,36,3,4,5
baseline-replay,1002,1960-06,BritishPop,false,0,0,,,
baseline-replay,1002,1960-06,BritishPop,true,0,0,,,
baseline-replay,1002,1960-06,PsychedelicRock,false,0,0,,,
baseline-replay,1002,1960-06,PsychedelicRock,true,0,0,,,
baseline-replay,1002,1960-06,BritishBeat,false,0,0,,,
baseline-replay,1002,1960-06,BritishBeat,true,0,0,,,
baseline-replay,1002,1960-06,BritishBlues,false,0,0,,,
baseline-replay,1002,1960-06,BritishBlues,true,0,0,,,
baseline-replay,1002,1960-06,Classical,false,77,0,,,
baseline-replay,1002,1960-06,Classical,true,53,0,,,
baseline-replay,1002,1960-06,Boogaloo,false,0,0,,,
baseline-replay,1002,1960-06,Boogaloo,true,0,0,,,
baseline-replay,1002,1960-06,TexMex,false,4,0,,,
baseline-replay,1002,1960-06,TexMex,true,26,0,,,
baseline-replay,1002,1960-06,LatinPop,false,14,0,,,
baseline-replay,1002,1960-06,LatinPop,true,41,0,,,
baseline-replay,1002,1960-06,Ska,false,0,0,,,
baseline-replay,1002,1960-06,Ska,true,0,0,,,
baseline-replay,1002,1960-06,Rocksteady,false,0,0,,,
baseline-replay,1002,1960-06,Rocksteady,true,0,0,,,
baseline-replay,1002,1960-06,Reggae,false,0,0,,,
baseline-replay,1002,1960-06,Reggae,true,0,0,,,
baseline-replay,1002,1960-06,Comedy,false,26,0,,,
baseline-replay,1002,1960-06,Comedy,true,63,0,,,
baseline-replay,1002,1960-06,Childrens,false,16,0,,,
baseline-replay,1002,1960-06,Childrens,true,46,0,,,
baseline-replay,1002,1960-06,ContemporaryFolk,false,0,0,,,
baseline-replay,1002,1960-06,ContemporaryFolk,true,0,0,,,
baseline-replay,1002,1960-06,SingerSongwriter,false,0,0,,,
baseline-replay,1002,1960-06,SingerSongwriter,true,0,0,,,
baseline-replay,1002,1960-06,PopRock,false,0,0,,,
baseline-replay,1002,1960-06,PopRock,true,0,0,,,
baseline-replay,1002,1960-06,RootsRock,false,0,0,,,
baseline-replay,1002,1960-06,RootsRock,true,0,0,,,
baseline-replay,1002,1960-06,PsychedelicPop,false,0,0,,,
baseline-replay,1002,1960-06,PsychedelicPop,true,0,0,,,
baseline-replay,1002,1960-07,TraditionalPop,false,266,4,3,4,5
baseline-replay,1002,1960-07,TraditionalPop,true,63,4,3,3,3
baseline-replay,1002,1960-07,EasyListening,false,114,4,4,4,5
baseline-replay,1002,1960-07,EasyListening,true,107,4,3,4,5
baseline-replay,1002,1960-07,Jazz,false,154,8,3,3,5
baseline-replay,1002,1960-07,Jazz,true,53,8,3,4,5
baseline-replay,1002,1960-07,Blues,false,92,4,4,4,5
baseline-replay,1002,1960-07,Blues,true,46,4,3,3,5
baseline-replay,1002,1960-07,RockAndRoll,false,500,0,,,
baseline-replay,1002,1960-07,RockAndRoll,true,55,0,,,
baseline-replay,1002,1960-07,DooWop,false,133,0,,,
baseline-replay,1002,1960-07,DooWop,true,82,0,,,
baseline-replay,1002,1960-07,TeenPop,false,329,0,,,
baseline-replay,1002,1960-07,TeenPop,true,62,0,,,
baseline-replay,1002,1960-07,RnB,false,426,0,,,
baseline-replay,1002,1960-07,RnB,true,51,0,,,
baseline-replay,1002,1960-07,Soul,false,423,0,,,
baseline-replay,1002,1960-07,Soul,true,66,0,,,
baseline-replay,1002,1960-07,Motown,false,0,0,,,
baseline-replay,1002,1960-07,Motown,true,0,0,,,
baseline-replay,1002,1960-07,Funk,false,0,0,,,
baseline-replay,1002,1960-07,Funk,true,0,0,,,
baseline-replay,1002,1960-07,GirlGroup,false,0,0,,,
baseline-replay,1002,1960-07,GirlGroup,true,0,0,,,
baseline-replay,1002,1960-07,Country,false,195,0,,,
baseline-replay,1002,1960-07,Country,true,165,0,,,
baseline-replay,1002,1960-07,Folk,false,165,4,3,4,5
baseline-replay,1002,1960-07,Folk,true,51,4,3,4,5
baseline-replay,1002,1960-07,FolkRock,false,0,0,,,
baseline-replay,1002,1960-07,FolkRock,true,0,0,,,
baseline-replay,1002,1960-07,CountryRock,false,0,0,,,
baseline-replay,1002,1960-07,CountryRock,true,0,0,,,
baseline-replay,1002,1960-07,BritishInvasion,false,0,0,,,
baseline-replay,1002,1960-07,BritishInvasion,true,0,0,,,
baseline-replay,1002,1960-07,Skiffle,false,0,0,,,
baseline-replay,1002,1960-07,Skiffle,true,0,0,,,
baseline-replay,1002,1960-07,SurfRock,false,2,0,,,
baseline-replay,1002,1960-07,SurfRock,true,16,0,,,
baseline-replay,1002,1960-07,GarageRock,false,0,0,,,
baseline-replay,1002,1960-07,GarageRock,true,0,0,,,
baseline-replay,1002,1960-07,ProtoPunk,false,0,0,,,
baseline-replay,1002,1960-07,ProtoPunk,true,0,0,,,
baseline-replay,1002,1960-07,Psychedelic,false,0,0,,,
baseline-replay,1002,1960-07,Psychedelic,true,0,0,,,
baseline-replay,1002,1960-07,AcidRock,false,0,0,,,
baseline-replay,1002,1960-07,AcidRock,true,0,0,,,
baseline-replay,1002,1960-07,BaroquePop,false,0,0,,,
baseline-replay,1002,1960-07,BaroquePop,true,0,0,,,
baseline-replay,1002,1960-07,SunshinePop,false,0,0,,,
baseline-replay,1002,1960-07,SunshinePop,true,0,0,,,
baseline-replay,1002,1960-07,ProgressiveRock,false,0,0,,,
baseline-replay,1002,1960-07,ProgressiveRock,true,0,0,,,
baseline-replay,1002,1960-07,BluesRock,false,0,0,,,
baseline-replay,1002,1960-07,BluesRock,true,0,0,,,
baseline-replay,1002,1960-07,HardRock,false,0,0,,,
baseline-replay,1002,1960-07,HardRock,true,0,0,,,
baseline-replay,1002,1960-07,ProtoMetal,false,0,0,,,
baseline-replay,1002,1960-07,ProtoMetal,true,0,0,,,
baseline-replay,1002,1960-07,Bubblegum,false,0,0,,,
baseline-replay,1002,1960-07,Bubblegum,true,0,0,,,
baseline-replay,1002,1960-07,BossaNova,false,0,0,,,
baseline-replay,1002,1960-07,BossaNova,true,0,0,,,
baseline-replay,1002,1960-07,SkaRocksteady,false,0,0,,,
baseline-replay,1002,1960-07,SkaRocksteady,true,0,0,,,
baseline-replay,1002,1960-07,Gospel,false,45,45,3,4,5
baseline-replay,1002,1960-07,Gospel,true,41,41,3,4,5
baseline-replay,1002,1960-07,BritishPop,false,0,0,,,
baseline-replay,1002,1960-07,BritishPop,true,0,0,,,
baseline-replay,1002,1960-07,PsychedelicRock,false,0,0,,,
baseline-replay,1002,1960-07,PsychedelicRock,true,0,0,,,
baseline-replay,1002,1960-07,BritishBeat,false,0,0,,,
baseline-replay,1002,1960-07,BritishBeat,true,0,0,,,
baseline-replay,1002,1960-07,BritishBlues,false,0,0,,,
baseline-replay,1002,1960-07,BritishBlues,true,0,0,,,
baseline-replay,1002,1960-07,Classical,false,75,0,,,
baseline-replay,1002,1960-07,Classical,true,64,0,,,
baseline-replay,1002,1960-07,Boogaloo,false,0,0,,,
baseline-replay,1002,1960-07,Boogaloo,true,0,0,,,
baseline-replay,1002,1960-07,TexMex,false,5,0,,,
baseline-replay,1002,1960-07,TexMex,true,28,0,,,
baseline-replay,1002,1960-07,LatinPop,false,15,0,,,
baseline-replay,1002,1960-07,LatinPop,true,44,0,,,
baseline-replay,1002,1960-07,Ska,false,0,0,,,
baseline-replay,1002,1960-07,Ska,true,0,0,,,
baseline-replay,1002,1960-07,Rocksteady,false,0,0,,,
baseline-replay,1002,1960-07,Rocksteady,true,0,0,,,
baseline-replay,1002,1960-07,Reggae,false,0,0,,,
baseline-replay,1002,1960-07,Reggae,true,0,0,,,
baseline-replay,1002,1960-07,Comedy,false,25,0,,,
baseline-replay,1002,1960-07,Comedy,true,76,0,,,
baseline-replay,1002,1960-07,Childrens,false,19,0,,,
baseline-replay,1002,1960-07,Childrens,true,47,0,,,
baseline-replay,1002,1960-07,ContemporaryFolk,false,0,0,,,
baseline-replay,1002,1960-07,ContemporaryFolk,true,0,0,,,
baseline-replay,1002,1960-07,SingerSongwriter,false,0,0,,,
baseline-replay,1002,1960-07,SingerSongwriter,true,0,0,,,
baseline-replay,1002,1960-07,PopRock,false,0,0,,,
baseline-replay,1002,1960-07,PopRock,true,0,0,,,
baseline-replay,1002,1960-07,RootsRock,false,0,0,,,
baseline-replay,1002,1960-07,RootsRock,true,0,0,,,
baseline-replay,1002,1960-07,PsychedelicPop,false,0,0,,,
baseline-replay,1002,1960-07,PsychedelicPop,true,0,0,,,
baseline-replay,1002,1960-08,TraditionalPop,false,268,4,4,4,5
baseline-replay,1002,1960-08,TraditionalPop,true,72,4,3,4,5
baseline-replay,1002,1960-08,EasyListening,false,111,4,4,4,5
baseline-replay,1002,1960-08,EasyListening,true,128,4,3,3,4
baseline-replay,1002,1960-08,Jazz,false,154,8,3,5,5
baseline-replay,1002,1960-08,Jazz,true,68,8,3,5,5
baseline-replay,1002,1960-08,Blues,false,91,4,4,4,5
baseline-replay,1002,1960-08,Blues,true,54,4,3,3,5
baseline-replay,1002,1960-08,RockAndRoll,false,494,0,,,
baseline-replay,1002,1960-08,RockAndRoll,true,77,0,,,
baseline-replay,1002,1960-08,DooWop,false,134,0,,,
baseline-replay,1002,1960-08,DooWop,true,109,0,,,
baseline-replay,1002,1960-08,TeenPop,false,329,0,,,
baseline-replay,1002,1960-08,TeenPop,true,75,0,,,
baseline-replay,1002,1960-08,RnB,false,426,0,,,
baseline-replay,1002,1960-08,RnB,true,59,0,,,
baseline-replay,1002,1960-08,Soul,false,423,0,,,
baseline-replay,1002,1960-08,Soul,true,81,0,,,
baseline-replay,1002,1960-08,Motown,false,0,0,,,
baseline-replay,1002,1960-08,Motown,true,0,0,,,
baseline-replay,1002,1960-08,Funk,false,0,0,,,
baseline-replay,1002,1960-08,Funk,true,0,0,,,
baseline-replay,1002,1960-08,GirlGroup,false,0,0,,,
baseline-replay,1002,1960-08,GirlGroup,true,0,0,,,
baseline-replay,1002,1960-08,Country,false,198,0,,,
baseline-replay,1002,1960-08,Country,true,188,0,,,
baseline-replay,1002,1960-08,Folk,false,163,4,3,4,5
baseline-replay,1002,1960-08,Folk,true,63,4,3,3,5
baseline-replay,1002,1960-08,FolkRock,false,0,0,,,
baseline-replay,1002,1960-08,FolkRock,true,0,0,,,
baseline-replay,1002,1960-08,CountryRock,false,0,0,,,
baseline-replay,1002,1960-08,CountryRock,true,0,0,,,
baseline-replay,1002,1960-08,BritishInvasion,false,0,0,,,
baseline-replay,1002,1960-08,BritishInvasion,true,0,0,,,
baseline-replay,1002,1960-08,Skiffle,false,0,0,,,
baseline-replay,1002,1960-08,Skiffle,true,0,0,,,
baseline-replay,1002,1960-08,SurfRock,false,2,0,,,
baseline-replay,1002,1960-08,SurfRock,true,21,0,,,
baseline-replay,1002,1960-08,GarageRock,false,0,0,,,
baseline-replay,1002,1960-08,GarageRock,true,0,0,,,
baseline-replay,1002,1960-08,ProtoPunk,false,0,0,,,
baseline-replay,1002,1960-08,ProtoPunk,true,0,0,,,
baseline-replay,1002,1960-08,Psychedelic,false,0,0,,,
baseline-replay,1002,1960-08,Psychedelic,true,0,0,,,
baseline-replay,1002,1960-08,AcidRock,false,0,0,,,
baseline-replay,1002,1960-08,AcidRock,true,0,0,,,
baseline-replay,1002,1960-08,BaroquePop,false,0,0,,,
baseline-replay,1002,1960-08,BaroquePop,true,0,0,,,
baseline-replay,1002,1960-08,SunshinePop,false,0,0,,,
baseline-replay,1002,1960-08,SunshinePop,true,0,0,,,
baseline-replay,1002,1960-08,ProgressiveRock,false,0,0,,,
baseline-replay,1002,1960-08,ProgressiveRock,true,0,0,,,
baseline-replay,1002,1960-08,BluesRock,false,0,0,,,
baseline-replay,1002,1960-08,BluesRock,true,0,0,,,
baseline-replay,1002,1960-08,HardRock,false,0,0,,,
baseline-replay,1002,1960-08,HardRock,true,0,0,,,
baseline-replay,1002,1960-08,ProtoMetal,false,0,0,,,
baseline-replay,1002,1960-08,ProtoMetal,true,0,0,,,
baseline-replay,1002,1960-08,Bubblegum,false,0,0,,,
baseline-replay,1002,1960-08,Bubblegum,true,0,0,,,
baseline-replay,1002,1960-08,BossaNova,false,0,0,,,
baseline-replay,1002,1960-08,BossaNova,true,0,0,,,
baseline-replay,1002,1960-08,SkaRocksteady,false,0,0,,,
baseline-replay,1002,1960-08,SkaRocksteady,true,0,0,,,
baseline-replay,1002,1960-08,Gospel,false,46,46,3,4,5
baseline-replay,1002,1960-08,Gospel,true,44,44,3,4,5
baseline-replay,1002,1960-08,BritishPop,false,0,0,,,
baseline-replay,1002,1960-08,BritishPop,true,0,0,,,
baseline-replay,1002,1960-08,PsychedelicRock,false,0,0,,,
baseline-replay,1002,1960-08,PsychedelicRock,true,0,0,,,
baseline-replay,1002,1960-08,BritishBeat,false,0,0,,,
baseline-replay,1002,1960-08,BritishBeat,true,0,0,,,
baseline-replay,1002,1960-08,BritishBlues,false,0,0,,,
baseline-replay,1002,1960-08,BritishBlues,true,0,0,,,
baseline-replay,1002,1960-08,Classical,false,72,0,,,
baseline-replay,1002,1960-08,Classical,true,76,0,,,
baseline-replay,1002,1960-08,Boogaloo,false,0,0,,,
baseline-replay,1002,1960-08,Boogaloo,true,0,0,,,
baseline-replay,1002,1960-08,TexMex,false,5,0,,,
baseline-replay,1002,1960-08,TexMex,true,30,0,,,
baseline-replay,1002,1960-08,LatinPop,false,15,0,,,
baseline-replay,1002,1960-08,LatinPop,true,50,0,,,
baseline-replay,1002,1960-08,Ska,false,0,0,,,
baseline-replay,1002,1960-08,Ska,true,0,0,,,
baseline-replay,1002,1960-08,Rocksteady,false,0,0,,,
baseline-replay,1002,1960-08,Rocksteady,true,0,0,,,
baseline-replay,1002,1960-08,Reggae,false,0,0,,,
baseline-replay,1002,1960-08,Reggae,true,0,0,,,
baseline-replay,1002,1960-08,Comedy,false,24,0,,,
baseline-replay,1002,1960-08,Comedy,true,88,0,,,
baseline-replay,1002,1960-08,Childrens,false,18,0,,,
baseline-replay,1002,1960-08,Childrens,true,55,0,,,
baseline-replay,1002,1960-08,ContemporaryFolk,false,0,0,,,
baseline-replay,1002,1960-08,ContemporaryFolk,true,0,0,,,
baseline-replay,1002,1960-08,SingerSongwriter,false,0,0,,,
baseline-replay,1002,1960-08,SingerSongwriter,true,0,0,,,
baseline-replay,1002,1960-08,PopRock,false,0,0,,,
baseline-replay,1002,1960-08,PopRock,true,0,0,,,
baseline-replay,1002,1960-08,RootsRock,false,0,0,,,
baseline-replay,1002,1960-08,RootsRock,true,0,0,,,
baseline-replay,1002,1960-08,PsychedelicPop,false,0,0,,,
baseline-replay,1002,1960-08,PsychedelicPop,true,0,0,,,
baseline-replay,1002,1960-09,TraditionalPop,false,265,4,3,4,5
baseline-replay,1002,1960-09,TraditionalPop,true,87,4,4,4,4
baseline-replay,1002,1960-09,EasyListening,false,103,4,3,4,5
baseline-replay,1002,1960-09,EasyListening,true,151,4,3,3,5
baseline-replay,1002,1960-09,Jazz,false,148,8,3,4,5
baseline-replay,1002,1960-09,Jazz,true,90,8,3,3,5
baseline-replay,1002,1960-09,Blues,false,88,4,3,4,5
baseline-replay,1002,1960-09,Blues,true,64,4,3,4,4
baseline-replay,1002,1960-09,RockAndRoll,false,469,0,,,
baseline-replay,1002,1960-09,RockAndRoll,true,107,0,,,
baseline-replay,1002,1960-09,DooWop,false,132,0,,,
baseline-replay,1002,1960-09,DooWop,true,133,0,,,
baseline-replay,1002,1960-09,TeenPop,false,320,0,,,
baseline-replay,1002,1960-09,TeenPop,true,95,0,,,
baseline-replay,1002,1960-09,RnB,false,424,0,,,
baseline-replay,1002,1960-09,RnB,true,70,0,,,
baseline-replay,1002,1960-09,Soul,false,414,0,,,
baseline-replay,1002,1960-09,Soul,true,97,0,,,
baseline-replay,1002,1960-09,Motown,false,0,0,,,
baseline-replay,1002,1960-09,Motown,true,0,0,,,
baseline-replay,1002,1960-09,Funk,false,0,0,,,
baseline-replay,1002,1960-09,Funk,true,0,0,,,
baseline-replay,1002,1960-09,GirlGroup,false,0,0,,,
baseline-replay,1002,1960-09,GirlGroup,true,0,0,,,
baseline-replay,1002,1960-09,Country,false,193,0,,,
baseline-replay,1002,1960-09,Country,true,213,0,,,
baseline-replay,1002,1960-09,Folk,false,153,4,3,5,5
baseline-replay,1002,1960-09,Folk,true,82,4,3,5,5
baseline-replay,1002,1960-09,FolkRock,false,0,0,,,
baseline-replay,1002,1960-09,FolkRock,true,0,0,,,
baseline-replay,1002,1960-09,CountryRock,false,0,0,,,
baseline-replay,1002,1960-09,CountryRock,true,0,0,,,
baseline-replay,1002,1960-09,BritishInvasion,false,0,0,,,
baseline-replay,1002,1960-09,BritishInvasion,true,0,0,,,
baseline-replay,1002,1960-09,Skiffle,false,0,0,,,
baseline-replay,1002,1960-09,Skiffle,true,0,0,,,
baseline-replay,1002,1960-09,SurfRock,false,2,0,,,
baseline-replay,1002,1960-09,SurfRock,true,22,0,,,
baseline-replay,1002,1960-09,GarageRock,false,0,0,,,
baseline-replay,1002,1960-09,GarageRock,true,0,0,,,
baseline-replay,1002,1960-09,ProtoPunk,false,0,0,,,
baseline-replay,1002,1960-09,ProtoPunk,true,0,0,,,
baseline-replay,1002,1960-09,Psychedelic,false,0,0,,,
baseline-replay,1002,1960-09,Psychedelic,true,0,0,,,
baseline-replay,1002,1960-09,AcidRock,false,0,0,,,
baseline-replay,1002,1960-09,AcidRock,true,0,0,,,
baseline-replay,1002,1960-09,BaroquePop,false,0,0,,,
baseline-replay,1002,1960-09,BaroquePop,true,0,0,,,
baseline-replay,1002,1960-09,SunshinePop,false,0,0,,,
baseline-replay,1002,1960-09,SunshinePop,true,0,0,,,
baseline-replay,1002,1960-09,ProgressiveRock,false,0,0,,,
baseline-replay,1002,1960-09,ProgressiveRock,true,0,0,,,
baseline-replay,1002,1960-09,BluesRock,false,0,0,,,
baseline-replay,1002,1960-09,BluesRock,true,0,0,,,
baseline-replay,1002,1960-09,HardRock,false,0,0,,,
baseline-replay,1002,1960-09,HardRock,true,0,0,,,
baseline-replay,1002,1960-09,ProtoMetal,false,0,0,,,
baseline-replay,1002,1960-09,ProtoMetal,true,0,0,,,
baseline-replay,1002,1960-09,Bubblegum,false,0,0,,,
baseline-replay,1002,1960-09,Bubblegum,true,0,0,,,
baseline-replay,1002,1960-09,BossaNova,false,0,0,,,
baseline-replay,1002,1960-09,BossaNova,true,0,0,,,
baseline-replay,1002,1960-09,SkaRocksteady,false,0,0,,,
baseline-replay,1002,1960-09,SkaRocksteady,true,0,0,,,
baseline-replay,1002,1960-09,Gospel,false,44,44,3,5,5
baseline-replay,1002,1960-09,Gospel,true,56,56,3,4,5
baseline-replay,1002,1960-09,BritishPop,false,0,0,,,
baseline-replay,1002,1960-09,BritishPop,true,0,0,,,
baseline-replay,1002,1960-09,PsychedelicRock,false,0,0,,,
baseline-replay,1002,1960-09,PsychedelicRock,true,0,0,,,
baseline-replay,1002,1960-09,BritishBeat,false,0,0,,,
baseline-replay,1002,1960-09,BritishBeat,true,0,0,,,
baseline-replay,1002,1960-09,BritishBlues,false,0,0,,,
baseline-replay,1002,1960-09,BritishBlues,true,0,0,,,
baseline-replay,1002,1960-09,Classical,false,67,0,,,
baseline-replay,1002,1960-09,Classical,true,87,0,,,
baseline-replay,1002,1960-09,Boogaloo,false,0,0,,,
baseline-replay,1002,1960-09,Boogaloo,true,0,0,,,
baseline-replay,1002,1960-09,TexMex,false,4,0,,,
baseline-replay,1002,1960-09,TexMex,true,36,0,,,
baseline-replay,1002,1960-09,LatinPop,false,13,0,,,
baseline-replay,1002,1960-09,LatinPop,true,54,0,,,
baseline-replay,1002,1960-09,Ska,false,0,0,,,
baseline-replay,1002,1960-09,Ska,true,0,0,,,
baseline-replay,1002,1960-09,Rocksteady,false,0,0,,,
baseline-replay,1002,1960-09,Rocksteady,true,0,0,,,
baseline-replay,1002,1960-09,Reggae,false,0,0,,,
baseline-replay,1002,1960-09,Reggae,true,0,0,,,
baseline-replay,1002,1960-09,Comedy,false,25,0,,,
baseline-replay,1002,1960-09,Comedy,true,94,0,,,
baseline-replay,1002,1960-09,Childrens,false,15,0,,,
baseline-replay,1002,1960-09,Childrens,true,63,0,,,
baseline-replay,1002,1960-09,ContemporaryFolk,false,0,0,,,
baseline-replay,1002,1960-09,ContemporaryFolk,true,0,0,,,
baseline-replay,1002,1960-09,SingerSongwriter,false,0,0,,,
baseline-replay,1002,1960-09,SingerSongwriter,true,0,0,,,
baseline-replay,1002,1960-09,PopRock,false,0,0,,,
baseline-replay,1002,1960-09,PopRock,true,0,0,,,
baseline-replay,1002,1960-09,RootsRock,false,0,0,,,
baseline-replay,1002,1960-09,RootsRock,true,0,0,,,
baseline-replay,1002,1960-09,PsychedelicPop,false,0,0,,,
baseline-replay,1002,1960-09,PsychedelicPop,true,0,0,,,
baseline-replay,1002,1960-10,TraditionalPop,false,266,4,3,4,5
baseline-replay,1002,1960-10,TraditionalPop,true,94,4,3,3,4
baseline-replay,1002,1960-10,EasyListening,false,100,4,3,5,5
baseline-replay,1002,1960-10,EasyListening,true,168,4,3,4,5
baseline-replay,1002,1960-10,Jazz,false,149,8,3,4,5
baseline-replay,1002,1960-10,Jazz,true,110,8,3,4,5
baseline-replay,1002,1960-10,Blues,false,88,4,4,4,4
baseline-replay,1002,1960-10,Blues,true,78,4,3,3,5
baseline-replay,1002,1960-10,RockAndRoll,false,471,0,,,
baseline-replay,1002,1960-10,RockAndRoll,true,118,0,,,
baseline-replay,1002,1960-10,DooWop,false,135,0,,,
baseline-replay,1002,1960-10,DooWop,true,148,0,,,
baseline-replay,1002,1960-10,TeenPop,false,321,0,,,
baseline-replay,1002,1960-10,TeenPop,true,104,0,,,
baseline-replay,1002,1960-10,RnB,false,425,0,,,
baseline-replay,1002,1960-10,RnB,true,74,0,,,
baseline-replay,1002,1960-10,Soul,false,416,0,,,
baseline-replay,1002,1960-10,Soul,true,104,0,,,
baseline-replay,1002,1960-10,Motown,false,0,0,,,
baseline-replay,1002,1960-10,Motown,true,0,0,,,
baseline-replay,1002,1960-10,Funk,false,0,0,,,
baseline-replay,1002,1960-10,Funk,true,0,0,,,
baseline-replay,1002,1960-10,GirlGroup,false,0,0,,,
baseline-replay,1002,1960-10,GirlGroup,true,0,0,,,
baseline-replay,1002,1960-10,Country,false,199,0,,,
baseline-replay,1002,1960-10,Country,true,242,0,,,
baseline-replay,1002,1960-10,Folk,false,155,4,4,4,5
baseline-replay,1002,1960-10,Folk,true,99,4,3,3,5
baseline-replay,1002,1960-10,FolkRock,false,0,0,,,
baseline-replay,1002,1960-10,FolkRock,true,0,0,,,
baseline-replay,1002,1960-10,CountryRock,false,0,0,,,
baseline-replay,1002,1960-10,CountryRock,true,0,0,,,
baseline-replay,1002,1960-10,BritishInvasion,false,0,0,,,
baseline-replay,1002,1960-10,BritishInvasion,true,0,0,,,
baseline-replay,1002,1960-10,Skiffle,false,0,0,,,
baseline-replay,1002,1960-10,Skiffle,true,0,0,,,
baseline-replay,1002,1960-10,SurfRock,false,2,0,,,
baseline-replay,1002,1960-10,SurfRock,true,25,0,,,
baseline-replay,1002,1960-10,GarageRock,false,0,0,,,
baseline-replay,1002,1960-10,GarageRock,true,0,0,,,
baseline-replay,1002,1960-10,ProtoPunk,false,0,0,,,
baseline-replay,1002,1960-10,ProtoPunk,true,0,0,,,
baseline-replay,1002,1960-10,Psychedelic,false,0,0,,,
baseline-replay,1002,1960-10,Psychedelic,true,0,0,,,
baseline-replay,1002,1960-10,AcidRock,false,0,0,,,
baseline-replay,1002,1960-10,AcidRock,true,0,0,,,
baseline-replay,1002,1960-10,BaroquePop,false,0,0,,,
baseline-replay,1002,1960-10,BaroquePop,true,0,0,,,
baseline-replay,1002,1960-10,SunshinePop,false,0,0,,,
baseline-replay,1002,1960-10,SunshinePop,true,0,0,,,
baseline-replay,1002,1960-10,ProgressiveRock,false,0,0,,,
baseline-replay,1002,1960-10,ProgressiveRock,true,0,0,,,
baseline-replay,1002,1960-10,BluesRock,false,0,0,,,
baseline-replay,1002,1960-10,BluesRock,true,0,0,,,
baseline-replay,1002,1960-10,HardRock,false,0,0,,,
baseline-replay,1002,1960-10,HardRock,true,0,0,,,
baseline-replay,1002,1960-10,ProtoMetal,false,0,0,,,
baseline-replay,1002,1960-10,ProtoMetal,true,0,0,,,
baseline-replay,1002,1960-10,Bubblegum,false,0,0,,,
baseline-replay,1002,1960-10,Bubblegum,true,0,0,,,
baseline-replay,1002,1960-10,BossaNova,false,0,0,,,
baseline-replay,1002,1960-10,BossaNova,true,0,0,,,
baseline-replay,1002,1960-10,SkaRocksteady,false,0,0,,,
baseline-replay,1002,1960-10,SkaRocksteady,true,0,0,,,
baseline-replay,1002,1960-10,Gospel,false,45,45,3,4,5
baseline-replay,1002,1960-10,Gospel,true,65,65,3,4,5
baseline-replay,1002,1960-10,BritishPop,false,0,0,,,
baseline-replay,1002,1960-10,BritishPop,true,0,0,,,
baseline-replay,1002,1960-10,PsychedelicRock,false,0,0,,,
baseline-replay,1002,1960-10,PsychedelicRock,true,0,0,,,
baseline-replay,1002,1960-10,BritishBeat,false,0,0,,,
baseline-replay,1002,1960-10,BritishBeat,true,0,0,,,
baseline-replay,1002,1960-10,BritishBlues,false,0,0,,,
baseline-replay,1002,1960-10,BritishBlues,true,0,0,,,
baseline-replay,1002,1960-10,Classical,false,66,0,,,
baseline-replay,1002,1960-10,Classical,true,96,0,,,
baseline-replay,1002,1960-10,Boogaloo,false,0,0,,,
baseline-replay,1002,1960-10,Boogaloo,true,0,0,,,
baseline-replay,1002,1960-10,TexMex,false,5,0,,,
baseline-replay,1002,1960-10,TexMex,true,38,0,,,
baseline-replay,1002,1960-10,LatinPop,false,13,0,,,
baseline-replay,1002,1960-10,LatinPop,true,60,0,,,
baseline-replay,1002,1960-10,Ska,false,0,0,,,
baseline-replay,1002,1960-10,Ska,true,0,0,,,
baseline-replay,1002,1960-10,Rocksteady,false,0,0,,,
baseline-replay,1002,1960-10,Rocksteady,true,0,0,,,
baseline-replay,1002,1960-10,Reggae,false,0,0,,,
baseline-replay,1002,1960-10,Reggae,true,0,0,,,
baseline-replay,1002,1960-10,Comedy,false,27,0,,,
baseline-replay,1002,1960-10,Comedy,true,103,0,,,
baseline-replay,1002,1960-10,Childrens,false,15,0,,,
baseline-replay,1002,1960-10,Childrens,true,68,0,,,
baseline-replay,1002,1960-10,ContemporaryFolk,false,0,0,,,
baseline-replay,1002,1960-10,ContemporaryFolk,true,0,0,,,
baseline-replay,1002,1960-10,SingerSongwriter,false,0,0,,,
baseline-replay,1002,1960-10,SingerSongwriter,true,0,0,,,
baseline-replay,1002,1960-10,PopRock,false,0,0,,,
baseline-replay,1002,1960-10,PopRock,true,0,0,,,
baseline-replay,1002,1960-10,RootsRock,false,0,0,,,
baseline-replay,1002,1960-10,RootsRock,true,0,0,,,
baseline-replay,1002,1960-10,PsychedelicPop,false,0,0,,,
baseline-replay,1002,1960-10,PsychedelicPop,true,0,0,,,
baseline-replay,1002,1960-11,TraditionalPop,false,265,4,3,3,5
baseline-replay,1002,1960-11,TraditionalPop,true,103,4,3,3,5
baseline-replay,1002,1960-11,EasyListening,false,99,4,4,4,5
baseline-replay,1002,1960-11,EasyListening,true,179,4,4,4,5
baseline-replay,1002,1960-11,Jazz,false,149,8,4,5,5
baseline-replay,1002,1960-11,Jazz,true,118,8,3,4,5
baseline-replay,1002,1960-11,Blues,false,88,4,4,4,5
baseline-replay,1002,1960-11,Blues,true,88,4,3,4,5
baseline-replay,1002,1960-11,RockAndRoll,false,471,0,,,
baseline-replay,1002,1960-11,RockAndRoll,true,132,0,,,
baseline-replay,1002,1960-11,DooWop,false,137,0,,,
baseline-replay,1002,1960-11,DooWop,true,165,0,,,
baseline-replay,1002,1960-11,TeenPop,false,322,0,,,
baseline-replay,1002,1960-11,TeenPop,true,113,0,,,
baseline-replay,1002,1960-11,RnB,false,425,0,,,
baseline-replay,1002,1960-11,RnB,true,78,0,,,
baseline-replay,1002,1960-11,Soul,false,418,0,,,
baseline-replay,1002,1960-11,Soul,true,118,0,,,
baseline-replay,1002,1960-11,Motown,false,0,0,,,
baseline-replay,1002,1960-11,Motown,true,0,0,,,
baseline-replay,1002,1960-11,Funk,false,0,0,,,
baseline-replay,1002,1960-11,Funk,true,0,0,,,
baseline-replay,1002,1960-11,GirlGroup,false,0,0,,,
baseline-replay,1002,1960-11,GirlGroup,true,0,0,,,
baseline-replay,1002,1960-11,Country,false,200,0,,,
baseline-replay,1002,1960-11,Country,true,259,0,,,
baseline-replay,1002,1960-11,Folk,false,154,4,3,4,4
baseline-replay,1002,1960-11,Folk,true,107,4,3,3,4
baseline-replay,1002,1960-11,FolkRock,false,0,0,,,
baseline-replay,1002,1960-11,FolkRock,true,0,0,,,
baseline-replay,1002,1960-11,CountryRock,false,0,0,,,
baseline-replay,1002,1960-11,CountryRock,true,0,0,,,
baseline-replay,1002,1960-11,BritishInvasion,false,0,0,,,
baseline-replay,1002,1960-11,BritishInvasion,true,0,0,,,
baseline-replay,1002,1960-11,Skiffle,false,0,0,,,
baseline-replay,1002,1960-11,Skiffle,true,0,0,,,
baseline-replay,1002,1960-11,SurfRock,false,2,0,,,
baseline-replay,1002,1960-11,SurfRock,true,31,0,,,
baseline-replay,1002,1960-11,GarageRock,false,0,0,,,
baseline-replay,1002,1960-11,GarageRock,true,0,0,,,
baseline-replay,1002,1960-11,ProtoPunk,false,0,0,,,
baseline-replay,1002,1960-11,ProtoPunk,true,0,0,,,
baseline-replay,1002,1960-11,Psychedelic,false,0,0,,,
baseline-replay,1002,1960-11,Psychedelic,true,0,0,,,
baseline-replay,1002,1960-11,AcidRock,false,0,0,,,
baseline-replay,1002,1960-11,AcidRock,true,0,0,,,
baseline-replay,1002,1960-11,BaroquePop,false,0,0,,,
baseline-replay,1002,1960-11,BaroquePop,true,0,0,,,
baseline-replay,1002,1960-11,SunshinePop,false,0,0,,,
baseline-replay,1002,1960-11,SunshinePop,true,0,0,,,
baseline-replay,1002,1960-11,ProgressiveRock,false,0,0,,,
baseline-replay,1002,1960-11,ProgressiveRock,true,0,0,,,
baseline-replay,1002,1960-11,BluesRock,false,0,0,,,
baseline-replay,1002,1960-11,BluesRock,true,0,0,,,
baseline-replay,1002,1960-11,HardRock,false,0,0,,,
baseline-replay,1002,1960-11,HardRock,true,0,0,,,
baseline-replay,1002,1960-11,ProtoMetal,false,0,0,,,
baseline-replay,1002,1960-11,ProtoMetal,true,0,0,,,
baseline-replay,1002,1960-11,Bubblegum,false,0,0,,,
baseline-replay,1002,1960-11,Bubblegum,true,0,0,,,
baseline-replay,1002,1960-11,BossaNova,false,0,0,,,
baseline-replay,1002,1960-11,BossaNova,true,0,0,,,
baseline-replay,1002,1960-11,SkaRocksteady,false,0,0,,,
baseline-replay,1002,1960-11,SkaRocksteady,true,0,0,,,
baseline-replay,1002,1960-11,Gospel,false,44,44,3,4,5
baseline-replay,1002,1960-11,Gospel,true,76,76,3,4,5
baseline-replay,1002,1960-11,BritishPop,false,0,0,,,
baseline-replay,1002,1960-11,BritishPop,true,0,0,,,
baseline-replay,1002,1960-11,PsychedelicRock,false,0,0,,,
baseline-replay,1002,1960-11,PsychedelicRock,true,0,0,,,
baseline-replay,1002,1960-11,BritishBeat,false,0,0,,,
baseline-replay,1002,1960-11,BritishBeat,true,0,0,,,
baseline-replay,1002,1960-11,BritishBlues,false,0,0,,,
baseline-replay,1002,1960-11,BritishBlues,true,0,0,,,
baseline-replay,1002,1960-11,Classical,false,65,0,,,
baseline-replay,1002,1960-11,Classical,true,102,0,,,
baseline-replay,1002,1960-11,Boogaloo,false,0,0,,,
baseline-replay,1002,1960-11,Boogaloo,true,0,0,,,
baseline-replay,1002,1960-11,TexMex,false,5,0,,,
baseline-replay,1002,1960-11,TexMex,true,41,0,,,
baseline-replay,1002,1960-11,LatinPop,false,13,0,,,
baseline-replay,1002,1960-11,LatinPop,true,62,0,,,
baseline-replay,1002,1960-11,Ska,false,0,0,,,
baseline-replay,1002,1960-11,Ska,true,0,0,,,
baseline-replay,1002,1960-11,Rocksteady,false,0,0,,,
baseline-replay,1002,1960-11,Rocksteady,true,0,0,,,
baseline-replay,1002,1960-11,Reggae,false,0,0,,,
baseline-replay,1002,1960-11,Reggae,true,0,0,,,
baseline-replay,1002,1960-11,Comedy,false,26,0,,,
baseline-replay,1002,1960-11,Comedy,true,117,0,,,
baseline-replay,1002,1960-11,Childrens,false,14,0,,,
baseline-replay,1002,1960-11,Childrens,true,75,0,,,
baseline-replay,1002,1960-11,ContemporaryFolk,false,0,0,,,
baseline-replay,1002,1960-11,ContemporaryFolk,true,0,0,,,
baseline-replay,1002,1960-11,SingerSongwriter,false,0,0,,,
baseline-replay,1002,1960-11,SingerSongwriter,true,0,0,,,
baseline-replay,1002,1960-11,PopRock,false,0,0,,,
baseline-replay,1002,1960-11,PopRock,true,0,0,,,
baseline-replay,1002,1960-11,RootsRock,false,0,0,,,
baseline-replay,1002,1960-11,RootsRock,true,0,0,,,
baseline-replay,1002,1960-11,PsychedelicPop,false,0,0,,,
baseline-replay,1002,1960-11,PsychedelicPop,true,0,0,,,
baseline-replay,1002,1960-12,TraditionalPop,false,266,4,3,3,5
baseline-replay,1002,1960-12,TraditionalPop,true,117,4,3,3,4
baseline-replay,1002,1960-12,EasyListening,false,97,4,3,4,5
baseline-replay,1002,1960-12,EasyListening,true,191,4,4,5,5
baseline-replay,1002,1960-12,Jazz,false,149,8,3,3,5
baseline-replay,1002,1960-12,Jazz,true,129,8,3,4,5
baseline-replay,1002,1960-12,Blues,false,84,4,4,5,5
baseline-replay,1002,1960-12,Blues,true,101,4,4,4,5
baseline-replay,1002,1960-12,RockAndRoll,false,468,0,,,
baseline-replay,1002,1960-12,RockAndRoll,true,141,0,,,
baseline-replay,1002,1960-12,DooWop,false,136,0,,,
baseline-replay,1002,1960-12,DooWop,true,187,0,,,
baseline-replay,1002,1960-12,TeenPop,false,318,0,,,
baseline-replay,1002,1960-12,TeenPop,true,123,0,,,
baseline-replay,1002,1960-12,RnB,false,417,0,,,
baseline-replay,1002,1960-12,RnB,true,90,0,,,
baseline-replay,1002,1960-12,Soul,false,401,0,,,
baseline-replay,1002,1960-12,Soul,true,145,0,,,
baseline-replay,1002,1960-12,Motown,false,0,0,,,
baseline-replay,1002,1960-12,Motown,true,0,0,,,
baseline-replay,1002,1960-12,Funk,false,0,0,,,
baseline-replay,1002,1960-12,Funk,true,0,0,,,
baseline-replay,1002,1960-12,GirlGroup,false,0,0,,,
baseline-replay,1002,1960-12,GirlGroup,true,0,0,,,
baseline-replay,1002,1960-12,Country,false,203,0,,,
baseline-replay,1002,1960-12,Country,true,270,0,,,
baseline-replay,1002,1960-12,Folk,false,153,4,3,3,5
baseline-replay,1002,1960-12,Folk,true,114,4,3,4,5
baseline-replay,1002,1960-12,FolkRock,false,0,0,,,
baseline-replay,1002,1960-12,FolkRock,true,0,0,,,
baseline-replay,1002,1960-12,CountryRock,false,0,0,,,
baseline-replay,1002,1960-12,CountryRock,true,0,0,,,
baseline-replay,1002,1960-12,BritishInvasion,false,0,0,,,
baseline-replay,1002,1960-12,BritishInvasion,true,0,0,,,
baseline-replay,1002,1960-12,Skiffle,false,0,0,,,
baseline-replay,1002,1960-12,Skiffle,true,0,0,,,
baseline-replay,1002,1960-12,SurfRock,false,1,0,,,
baseline-replay,1002,1960-12,SurfRock,true,39,0,,,
baseline-replay,1002,1960-12,GarageRock,false,0,0,,,
baseline-replay,1002,1960-12,GarageRock,true,0,0,,,
baseline-replay,1002,1960-12,ProtoPunk,false,0,0,,,
baseline-replay,1002,1960-12,ProtoPunk,true,0,0,,,
baseline-replay,1002,1960-12,Psychedelic,false,0,0,,,
baseline-replay,1002,1960-12,Psychedelic,true,0,0,,,
baseline-replay,1002,1960-12,AcidRock,false,0,0,,,
baseline-replay,1002,1960-12,AcidRock,true,0,0,,,
baseline-replay,1002,1960-12,BaroquePop,false,0,0,,,
baseline-replay,1002,1960-12,BaroquePop,true,0,0,,,
baseline-replay,1002,1960-12,SunshinePop,false,0,0,,,
baseline-replay,1002,1960-12,SunshinePop,true,0,0,,,
baseline-replay,1002,1960-12,ProgressiveRock,false,0,0,,,
baseline-replay,1002,1960-12,ProgressiveRock,true,0,0,,,
baseline-replay,1002,1960-12,BluesRock,false,0,0,,,
baseline-replay,1002,1960-12,BluesRock,true,0,0,,,
baseline-replay,1002,1960-12,HardRock,false,0,0,,,
baseline-replay,1002,1960-12,HardRock,true,0,0,,,
baseline-replay,1002,1960-12,ProtoMetal,false,0,0,,,
baseline-replay,1002,1960-12,ProtoMetal,true,0,0,,,
baseline-replay,1002,1960-12,Bubblegum,false,0,0,,,
baseline-replay,1002,1960-12,Bubblegum,true,0,0,,,
baseline-replay,1002,1960-12,BossaNova,false,0,0,,,
baseline-replay,1002,1960-12,BossaNova,true,0,0,,,
baseline-replay,1002,1960-12,SkaRocksteady,false,0,0,,,
baseline-replay,1002,1960-12,SkaRocksteady,true,0,0,,,
baseline-replay,1002,1960-12,Gospel,false,45,45,3,4,5
baseline-replay,1002,1960-12,Gospel,true,81,81,3,4,5
baseline-replay,1002,1960-12,BritishPop,false,0,0,,,
baseline-replay,1002,1960-12,BritishPop,true,0,0,,,
baseline-replay,1002,1960-12,PsychedelicRock,false,0,0,,,
baseline-replay,1002,1960-12,PsychedelicRock,true,0,0,,,
baseline-replay,1002,1960-12,BritishBeat,false,0,0,,,
baseline-replay,1002,1960-12,BritishBeat,true,0,0,,,
baseline-replay,1002,1960-12,BritishBlues,false,0,0,,,
baseline-replay,1002,1960-12,BritishBlues,true,0,0,,,
baseline-replay,1002,1960-12,Classical,false,60,0,,,
baseline-replay,1002,1960-12,Classical,true,115,0,,,
baseline-replay,1002,1960-12,Boogaloo,false,0,0,,,
baseline-replay,1002,1960-12,Boogaloo,true,0,0,,,
baseline-replay,1002,1960-12,TexMex,false,5,0,,,
baseline-replay,1002,1960-12,TexMex,true,49,0,,,
baseline-replay,1002,1960-12,LatinPop,false,12,0,,,
baseline-replay,1002,1960-12,LatinPop,true,66,0,,,
baseline-replay,1002,1960-12,Ska,false,0,0,,,
baseline-replay,1002,1960-12,Ska,true,0,0,,,
baseline-replay,1002,1960-12,Rocksteady,false,0,0,,,
baseline-replay,1002,1960-12,Rocksteady,true,0,0,,,
baseline-replay,1002,1960-12,Reggae,false,0,0,,,
baseline-replay,1002,1960-12,Reggae,true,0,0,,,
baseline-replay,1002,1960-12,Comedy,false,26,0,,,
baseline-replay,1002,1960-12,Comedy,true,129,0,,,
baseline-replay,1002,1960-12,Childrens,false,14,0,,,
baseline-replay,1002,1960-12,Childrens,true,88,0,,,
baseline-replay,1002,1960-12,ContemporaryFolk,false,0,0,,,
baseline-replay,1002,1960-12,ContemporaryFolk,true,0,0,,,
baseline-replay,1002,1960-12,SingerSongwriter,false,0,0,,,
baseline-replay,1002,1960-12,SingerSongwriter,true,0,0,,,
baseline-replay,1002,1960-12,PopRock,false,0,0,,,
baseline-replay,1002,1960-12,PopRock,true,0,0,,,
baseline-replay,1002,1960-12,RootsRock,false,0,0,,,
baseline-replay,1002,1960-12,RootsRock,true,0,0,,,
baseline-replay,1002,1960-12,PsychedelicPop,false,0,0,,,
baseline-replay,1002,1960-12,PsychedelicPop,true,0,0,,,
baseline-replay,1002,1961-01,TraditionalPop,false,240,4,3,4,4
baseline-replay,1002,1961-01,TraditionalPop,true,545,4,3,3,4
baseline-replay,1002,1961-01,EasyListening,false,86,4,3,4,5
baseline-replay,1002,1961-01,EasyListening,true,396,4,3,4,5
baseline-replay,1002,1961-01,Jazz,false,123,8,3,4,5
baseline-replay,1002,1961-01,Jazz,true,332,8,3,4,5
baseline-replay,1002,1961-01,Blues,false,72,4,4,4,5
baseline-replay,1002,1961-01,Blues,true,277,4,3,4,4
baseline-replay,1002,1961-01,RockAndRoll,false,393,0,,,
baseline-replay,1002,1961-01,RockAndRoll,true,853,0,,,
baseline-replay,1002,1961-01,DooWop,false,119,0,,,
baseline-replay,1002,1961-01,DooWop,true,367,0,,,
baseline-replay,1002,1961-01,TeenPop,false,278,0,,,
baseline-replay,1002,1961-01,TeenPop,true,606,0,,,
baseline-replay,1002,1961-01,RnB,false,372,0,,,
baseline-replay,1002,1961-01,RnB,true,734,0,,,
baseline-replay,1002,1961-01,Soul,false,346,0,,,
baseline-replay,1002,1961-01,Soul,true,769,0,,,
baseline-replay,1002,1961-01,Motown,false,0,0,,,
baseline-replay,1002,1961-01,Motown,true,0,0,,,
baseline-replay,1002,1961-01,Funk,false,0,0,,,
baseline-replay,1002,1961-01,Funk,true,0,0,,,
baseline-replay,1002,1961-01,GirlGroup,false,0,0,,,
baseline-replay,1002,1961-01,GirlGroup,true,0,0,,,
baseline-replay,1002,1961-01,Country,false,201,0,,,
baseline-replay,1002,1961-01,Country,true,555,0,,,
baseline-replay,1002,1961-01,Folk,false,135,4,4,4,5
baseline-replay,1002,1961-01,Folk,true,361,4,4,4,5
baseline-replay,1002,1961-01,FolkRock,false,0,0,,,
baseline-replay,1002,1961-01,FolkRock,true,0,0,,,
baseline-replay,1002,1961-01,CountryRock,false,0,0,,,
baseline-replay,1002,1961-01,CountryRock,true,0,0,,,
baseline-replay,1002,1961-01,BritishInvasion,false,0,0,,,
baseline-replay,1002,1961-01,BritishInvasion,true,0,0,,,
baseline-replay,1002,1961-01,Skiffle,false,0,0,,,
baseline-replay,1002,1961-01,Skiffle,true,0,0,,,
baseline-replay,1002,1961-01,SurfRock,false,3,0,,,
baseline-replay,1002,1961-01,SurfRock,true,38,0,,,
baseline-replay,1002,1961-01,GarageRock,false,0,0,,,
baseline-replay,1002,1961-01,GarageRock,true,0,0,,,
baseline-replay,1002,1961-01,ProtoPunk,false,0,0,,,
baseline-replay,1002,1961-01,ProtoPunk,true,0,0,,,
baseline-replay,1002,1961-01,Psychedelic,false,0,0,,,
baseline-replay,1002,1961-01,Psychedelic,true,0,0,,,
baseline-replay,1002,1961-01,AcidRock,false,0,0,,,
baseline-replay,1002,1961-01,AcidRock,true,0,0,,,
baseline-replay,1002,1961-01,BaroquePop,false,0,0,,,
baseline-replay,1002,1961-01,BaroquePop,true,0,0,,,
baseline-replay,1002,1961-01,SunshinePop,false,0,0,,,
baseline-replay,1002,1961-01,SunshinePop,true,0,0,,,
baseline-replay,1002,1961-01,ProgressiveRock,false,0,0,,,
baseline-replay,1002,1961-01,ProgressiveRock,true,0,0,,,
baseline-replay,1002,1961-01,BluesRock,false,0,0,,,
baseline-replay,1002,1961-01,BluesRock,true,0,0,,,
baseline-replay,1002,1961-01,HardRock,false,0,0,,,
baseline-replay,1002,1961-01,HardRock,true,0,0,,,
baseline-replay,1002,1961-01,ProtoMetal,false,0,0,,,
baseline-replay,1002,1961-01,ProtoMetal,true,0,0,,,
baseline-replay,1002,1961-01,Bubblegum,false,0,0,,,
baseline-replay,1002,1961-01,Bubblegum,true,0,0,,,
baseline-replay,1002,1961-01,BossaNova,false,0,0,,,
baseline-replay,1002,1961-01,BossaNova,true,0,0,,,
baseline-replay,1002,1961-01,SkaRocksteady,false,0,0,,,
baseline-replay,1002,1961-01,SkaRocksteady,true,0,0,,,
baseline-replay,1002,1961-01,Gospel,false,44,44,3,4,5
baseline-replay,1002,1961-01,Gospel,true,148,148,3,4,5
baseline-replay,1002,1961-01,BritishPop,false,0,0,,,
baseline-replay,1002,1961-01,BritishPop,true,0,0,,,
baseline-replay,1002,1961-01,PsychedelicRock,false,0,0,,,
baseline-replay,1002,1961-01,PsychedelicRock,true,0,0,,,
baseline-replay,1002,1961-01,BritishBeat,false,0,0,,,
baseline-replay,1002,1961-01,BritishBeat,true,0,0,,,
baseline-replay,1002,1961-01,BritishBlues,false,0,0,,,
baseline-replay,1002,1961-01,BritishBlues,true,0,0,,,
baseline-replay,1002,1961-01,Classical,false,47,0,,,
baseline-replay,1002,1961-01,Classical,true,251,0,,,
baseline-replay,1002,1961-01,Boogaloo,false,0,0,,,
baseline-replay,1002,1961-01,Boogaloo,true,0,0,,,
baseline-replay,1002,1961-01,TexMex,false,6,0,,,
baseline-replay,1002,1961-01,TexMex,true,62,0,,,
baseline-replay,1002,1961-01,LatinPop,false,9,0,,,
baseline-replay,1002,1961-01,LatinPop,true,107,0,,,
baseline-replay,1002,1961-01,Ska,false,0,0,,,
baseline-replay,1002,1961-01,Ska,true,0,0,,,
baseline-replay,1002,1961-01,Rocksteady,false,0,0,,,
baseline-replay,1002,1961-01,Rocksteady,true,0,0,,,
baseline-replay,1002,1961-01,Reggae,false,0,0,,,
baseline-replay,1002,1961-01,Reggae,true,0,0,,,
baseline-replay,1002,1961-01,Comedy,false,26,0,,,
baseline-replay,1002,1961-01,Comedy,true,172,0,,,
baseline-replay,1002,1961-01,Childrens,false,21,0,,,
baseline-replay,1002,1961-01,Childrens,true,106,0,,,
baseline-replay,1002,1961-01,ContemporaryFolk,false,0,0,,,
baseline-replay,1002,1961-01,ContemporaryFolk,true,0,0,,,
baseline-replay,1002,1961-01,SingerSongwriter,false,0,0,,,
baseline-replay,1002,1961-01,SingerSongwriter,true,0,0,,,
baseline-replay,1002,1961-01,PopRock,false,0,0,,,
baseline-replay,1002,1961-01,PopRock,true,0,0,,,
baseline-replay,1002,1961-01,RootsRock,false,0,0,,,
baseline-replay,1002,1961-01,RootsRock,true,0,0,,,
baseline-replay,1002,1961-01,PsychedelicPop,false,0,0,,,
baseline-replay,1002,1961-01,PsychedelicPop,true,0,0,,,
baseline-replay,1002,1961-02,TraditionalPop,false,272,4,3,3,5
baseline-replay,1002,1961-02,TraditionalPop,true,522,4,3,3,5
baseline-replay,1002,1961-02,EasyListening,false,103,4,3,4,5
baseline-replay,1002,1961-02,EasyListening,true,392,4,4,4,5
baseline-replay,1002,1961-02,Jazz,false,148,8,3,3,5
baseline-replay,1002,1961-02,Jazz,true,314,8,3,4,5
baseline-replay,1002,1961-02,Blues,false,83,4,3,4,5
baseline-replay,1002,1961-02,Blues,true,271,4,5,5,5
baseline-replay,1002,1961-02,RockAndRoll,false,435,0,,,
baseline-replay,1002,1961-02,RockAndRoll,true,819,0,,,
baseline-replay,1002,1961-02,DooWop,false,135,0,,,
baseline-replay,1002,1961-02,DooWop,true,362,0,,,
baseline-replay,1002,1961-02,TeenPop,false,308,0,,,
baseline-replay,1002,1961-02,TeenPop,true,586,0,,,
baseline-replay,1002,1961-02,RnB,false,411,0,,,
baseline-replay,1002,1961-02,RnB,true,702,0,,,
baseline-replay,1002,1961-02,Soul,false,387,0,,,
baseline-replay,1002,1961-02,Soul,true,739,0,,,
baseline-replay,1002,1961-02,Motown,false,0,0,,,
baseline-replay,1002,1961-02,Motown,true,0,0,,,
baseline-replay,1002,1961-02,Funk,false,0,0,,,
baseline-replay,1002,1961-02,Funk,true,0,0,,,
baseline-replay,1002,1961-02,GirlGroup,false,0,0,,,
baseline-replay,1002,1961-02,GirlGroup,true,0,0,,,
baseline-replay,1002,1961-02,Country,false,219,0,,,
baseline-replay,1002,1961-02,Country,true,556,0,,,
baseline-replay,1002,1961-02,Folk,false,155,4,3,4,5
baseline-replay,1002,1961-02,Folk,true,351,4,3,4,5
baseline-replay,1002,1961-02,FolkRock,false,0,0,,,
baseline-replay,1002,1961-02,FolkRock,true,0,0,,,
baseline-replay,1002,1961-02,CountryRock,false,0,0,,,
baseline-replay,1002,1961-02,CountryRock,true,0,0,,,
baseline-replay,1002,1961-02,BritishInvasion,false,0,0,,,
baseline-replay,1002,1961-02,BritishInvasion,true,0,0,,,
baseline-replay,1002,1961-02,Skiffle,false,0,0,,,
baseline-replay,1002,1961-02,Skiffle,true,0,0,,,
baseline-replay,1002,1961-02,SurfRock,false,6,0,,,
baseline-replay,1002,1961-02,SurfRock,true,45,0,,,
baseline-replay,1002,1961-02,GarageRock,false,0,0,,,
baseline-replay,1002,1961-02,GarageRock,true,0,0,,,
baseline-replay,1002,1961-02,ProtoPunk,false,0,0,,,
baseline-replay,1002,1961-02,ProtoPunk,true,0,0,,,
baseline-replay,1002,1961-02,Psychedelic,false,0,0,,,
baseline-replay,1002,1961-02,Psychedelic,true,0,0,,,
baseline-replay,1002,1961-02,AcidRock,false,0,0,,,
baseline-replay,1002,1961-02,AcidRock,true,0,0,,,
baseline-replay,1002,1961-02,BaroquePop,false,0,0,,,
baseline-replay,1002,1961-02,BaroquePop,true,0,0,,,
baseline-replay,1002,1961-02,SunshinePop,false,0,0,,,
baseline-replay,1002,1961-02,SunshinePop,true,0,0,,,
baseline-replay,1002,1961-02,ProgressiveRock,false,0,0,,,
baseline-replay,1002,1961-02,ProgressiveRock,true,0,0,,,
baseline-replay,1002,1961-02,BluesRock,false,0,0,,,
baseline-replay,1002,1961-02,BluesRock,true,0,0,,,
baseline-replay,1002,1961-02,HardRock,false,0,0,,,
baseline-replay,1002,1961-02,HardRock,true,0,0,,,
baseline-replay,1002,1961-02,ProtoMetal,false,0,0,,,
baseline-replay,1002,1961-02,ProtoMetal,true,0,0,,,
baseline-replay,1002,1961-02,Bubblegum,false,0,0,,,
baseline-replay,1002,1961-02,Bubblegum,true,0,0,,,
baseline-replay,1002,1961-02,BossaNova,false,0,0,,,
baseline-replay,1002,1961-02,BossaNova,true,0,0,,,
baseline-replay,1002,1961-02,SkaRocksteady,false,0,0,,,
baseline-replay,1002,1961-02,SkaRocksteady,true,0,0,,,
baseline-replay,1002,1961-02,Gospel,false,50,50,3,4,5
baseline-replay,1002,1961-02,Gospel,true,149,149,3,4,5
baseline-replay,1002,1961-02,BritishPop,false,0,0,,,
baseline-replay,1002,1961-02,BritishPop,true,0,0,,,
baseline-replay,1002,1961-02,PsychedelicRock,false,0,0,,,
baseline-replay,1002,1961-02,PsychedelicRock,true,0,0,,,
baseline-replay,1002,1961-02,BritishBeat,false,0,0,,,
baseline-replay,1002,1961-02,BritishBeat,true,0,0,,,
baseline-replay,1002,1961-02,BritishBlues,false,0,0,,,
baseline-replay,1002,1961-02,BritishBlues,true,0,0,,,
baseline-replay,1002,1961-02,Classical,false,57,0,,,
baseline-replay,1002,1961-02,Classical,true,249,0,,,
baseline-replay,1002,1961-02,Boogaloo,false,0,0,,,
baseline-replay,1002,1961-02,Boogaloo,true,0,0,,,
baseline-replay,1002,1961-02,TexMex,false,8,0,,,
baseline-replay,1002,1961-02,TexMex,true,64,0,,,
baseline-replay,1002,1961-02,LatinPop,false,10,0,,,
baseline-replay,1002,1961-02,LatinPop,true,116,0,,,
baseline-replay,1002,1961-02,Ska,false,0,0,,,
baseline-replay,1002,1961-02,Ska,true,0,0,,,
baseline-replay,1002,1961-02,Rocksteady,false,0,0,,,
baseline-replay,1002,1961-02,Rocksteady,true,0,0,,,
baseline-replay,1002,1961-02,Reggae,false,0,0,,,
baseline-replay,1002,1961-02,Reggae,true,0,0,,,
baseline-replay,1002,1961-02,Comedy,false,31,0,,,
baseline-replay,1002,1961-02,Comedy,true,174,0,,,
baseline-replay,1002,1961-02,Childrens,false,25,0,,,
baseline-replay,1002,1961-02,Childrens,true,111,0,,,
baseline-replay,1002,1961-02,ContemporaryFolk,false,0,0,,,
baseline-replay,1002,1961-02,ContemporaryFolk,true,4,0,,,
baseline-replay,1002,1961-02,SingerSongwriter,false,0,0,,,
baseline-replay,1002,1961-02,SingerSongwriter,true,0,0,,,
baseline-replay,1002,1961-02,PopRock,false,0,0,,,
baseline-replay,1002,1961-02,PopRock,true,0,0,,,
baseline-replay,1002,1961-02,RootsRock,false,0,0,,,
baseline-replay,1002,1961-02,RootsRock,true,0,0,,,
baseline-replay,1002,1961-02,PsychedelicPop,false,0,0,,,
baseline-replay,1002,1961-02,PsychedelicPop,true,0,0,,,
baseline-replay,1002,1961-03,TraditionalPop,false,268,4,3,4,5
baseline-replay,1002,1961-03,TraditionalPop,true,532,4,3,3,4
baseline-replay,1002,1961-03,EasyListening,false,101,4,3,4,5
baseline-replay,1002,1961-03,EasyListening,true,405,4,4,5,5
baseline-replay,1002,1961-03,Jazz,false,147,8,3,5,5
baseline-replay,1002,1961-03,Jazz,true,318,8,3,5,5
baseline-replay,1002,1961-03,Blues,false,74,4,3,4,4
baseline-replay,1002,1961-03,Blues,true,286,4,3,4,5
baseline-replay,1002,1961-03,RockAndRoll,false,406,0,,,
baseline-replay,1002,1961-03,RockAndRoll,true,859,0,,,
baseline-replay,1002,1961-03,DooWop,false,132,0,,,
baseline-replay,1002,1961-03,DooWop,true,379,0,,,
baseline-replay,1002,1961-03,TeenPop,false,308,0,,,
baseline-replay,1002,1961-03,TeenPop,true,596,0,,,
baseline-replay,1002,1961-03,RnB,false,398,0,,,
baseline-replay,1002,1961-03,RnB,true,724,0,,,
baseline-replay,1002,1961-03,Soul,false,382,0,,,
baseline-replay,1002,1961-03,Soul,true,754,0,,,
baseline-replay,1002,1961-03,Motown,false,0,0,,,
baseline-replay,1002,1961-03,Motown,true,0,0,,,
baseline-replay,1002,1961-03,Funk,false,0,0,,,
baseline-replay,1002,1961-03,Funk,true,0,0,,,
baseline-replay,1002,1961-03,GirlGroup,false,0,0,,,
baseline-replay,1002,1961-03,GirlGroup,true,0,0,,,
baseline-replay,1002,1961-03,Country,false,214,0,,,
baseline-replay,1002,1961-03,Country,true,582,0,,,
baseline-replay,1002,1961-03,Folk,false,156,4,3,5,5
baseline-replay,1002,1961-03,Folk,true,364,4,4,4,5
baseline-replay,1002,1961-03,FolkRock,false,0,0,,,
baseline-replay,1002,1961-03,FolkRock,true,0,0,,,
baseline-replay,1002,1961-03,CountryRock,false,0,0,,,
baseline-replay,1002,1961-03,CountryRock,true,0,0,,,
baseline-replay,1002,1961-03,BritishInvasion,false,0,0,,,
baseline-replay,1002,1961-03,BritishInvasion,true,0,0,,,
baseline-replay,1002,1961-03,Skiffle,false,0,0,,,
baseline-replay,1002,1961-03,Skiffle,true,0,0,,,
baseline-replay,1002,1961-03,SurfRock,false,6,0,,,
baseline-replay,1002,1961-03,SurfRock,true,49,0,,,
baseline-replay,1002,1961-03,GarageRock,false,0,0,,,
baseline-replay,1002,1961-03,GarageRock,true,0,0,,,
baseline-replay,1002,1961-03,ProtoPunk,false,0,0,,,
baseline-replay,1002,1961-03,ProtoPunk,true,0,0,,,
baseline-replay,1002,1961-03,Psychedelic,false,0,0,,,
baseline-replay,1002,1961-03,Psychedelic,true,0,0,,,
baseline-replay,1002,1961-03,AcidRock,false,0,0,,,
baseline-replay,1002,1961-03,AcidRock,true,0,0,,,
baseline-replay,1002,1961-03,BaroquePop,false,0,0,,,
baseline-replay,1002,1961-03,BaroquePop,true,0,0,,,
baseline-replay,1002,1961-03,SunshinePop,false,0,0,,,
baseline-replay,1002,1961-03,SunshinePop,true,0,0,,,
baseline-replay,1002,1961-03,ProgressiveRock,false,0,0,,,
baseline-replay,1002,1961-03,ProgressiveRock,true,0,0,,,
baseline-replay,1002,1961-03,BluesRock,false,0,0,,,
baseline-replay,1002,1961-03,BluesRock,true,0,0,,,
baseline-replay,1002,1961-03,HardRock,false,0,0,,,
baseline-replay,1002,1961-03,HardRock,true,0,0,,,
baseline-replay,1002,1961-03,ProtoMetal,false,0,0,,,
baseline-replay,1002,1961-03,ProtoMetal,true,0,0,,,
baseline-replay,1002,1961-03,Bubblegum,false,0,0,,,
baseline-replay,1002,1961-03,Bubblegum,true,0,0,,,
baseline-replay,1002,1961-03,BossaNova,false,0,0,,,
baseline-replay,1002,1961-03,BossaNova,true,0,0,,,
baseline-replay,1002,1961-03,SkaRocksteady,false,0,0,,,
baseline-replay,1002,1961-03,SkaRocksteady,true,0,0,,,
baseline-replay,1002,1961-03,Gospel,false,54,54,3,4,5
baseline-replay,1002,1961-03,Gospel,true,150,150,3,4,5
baseline-replay,1002,1961-03,BritishPop,false,0,0,,,
baseline-replay,1002,1961-03,BritishPop,true,0,0,,,
baseline-replay,1002,1961-03,PsychedelicRock,false,0,0,,,
baseline-replay,1002,1961-03,PsychedelicRock,true,0,0,,,
baseline-replay,1002,1961-03,BritishBeat,false,0,0,,,
baseline-replay,1002,1961-03,BritishBeat,true,0,0,,,
baseline-replay,1002,1961-03,BritishBlues,false,0,0,,,
baseline-replay,1002,1961-03,BritishBlues,true,0,0,,,
baseline-replay,1002,1961-03,Classical,false,58,0,,,
baseline-replay,1002,1961-03,Classical,true,252,0,,,
baseline-replay,1002,1961-03,Boogaloo,false,0,0,,,
baseline-replay,1002,1961-03,Boogaloo,true,0,0,,,
baseline-replay,1002,1961-03,TexMex,false,9,0,,,
baseline-replay,1002,1961-03,TexMex,true,73,0,,,
baseline-replay,1002,1961-03,LatinPop,false,10,0,,,
baseline-replay,1002,1961-03,LatinPop,true,119,0,,,
baseline-replay,1002,1961-03,Ska,false,0,0,,,
baseline-replay,1002,1961-03,Ska,true,0,0,,,
baseline-replay,1002,1961-03,Rocksteady,false,0,0,,,
baseline-replay,1002,1961-03,Rocksteady,true,0,0,,,
baseline-replay,1002,1961-03,Reggae,false,0,0,,,
baseline-replay,1002,1961-03,Reggae,true,0,0,,,
baseline-replay,1002,1961-03,Comedy,false,29,0,,,
baseline-replay,1002,1961-03,Comedy,true,192,0,,,
baseline-replay,1002,1961-03,Childrens,false,26,0,,,
baseline-replay,1002,1961-03,Childrens,true,119,0,,,
baseline-replay,1002,1961-03,ContemporaryFolk,false,0,0,,,
baseline-replay,1002,1961-03,ContemporaryFolk,true,7,0,,,
baseline-replay,1002,1961-03,SingerSongwriter,false,0,0,,,
baseline-replay,1002,1961-03,SingerSongwriter,true,0,0,,,
baseline-replay,1002,1961-03,PopRock,false,0,0,,,
baseline-replay,1002,1961-03,PopRock,true,0,0,,,
baseline-replay,1002,1961-03,RootsRock,false,0,0,,,
baseline-replay,1002,1961-03,RootsRock,true,0,0,,,
baseline-replay,1002,1961-03,PsychedelicPop,false,0,0,,,
baseline-replay,1002,1961-03,PsychedelicPop,true,0,0,,,
baseline-replay,1002,1961-04,TraditionalPop,false,270,4,3,3,4
baseline-replay,1002,1961-04,TraditionalPop,true,543,4,3,4,5
baseline-replay,1002,1961-04,EasyListening,false,101,4,3,4,5
baseline-replay,1002,1961-04,EasyListening,true,426,4,3,3,5
baseline-replay,1002,1961-04,Jazz,false,152,8,3,4,5
baseline-replay,1002,1961-04,Jazz,true,328,8,3,4,5
baseline-replay,1002,1961-04,Blues,false,72,4,3,3,4
baseline-replay,1002,1961-04,Blues,true,295,4,4,4,5
baseline-replay,1002,1961-04,RockAndRoll,false,403,0,,,
baseline-replay,1002,1961-04,RockAndRoll,true,876,0,,,
baseline-replay,1002,1961-04,DooWop,false,136,0,,,
baseline-replay,1002,1961-04,DooWop,true,391,0,,,
baseline-replay,1002,1961-04,TeenPop,false,309,0,,,
baseline-replay,1002,1961-04,TeenPop,true,608,0,,,
baseline-replay,1002,1961-04,RnB,false,397,0,,,
baseline-replay,1002,1961-04,RnB,true,732,0,,,
baseline-replay,1002,1961-04,Soul,false,387,0,,,
baseline-replay,1002,1961-04,Soul,true,762,0,,,
baseline-replay,1002,1961-04,Motown,false,0,0,,,
baseline-replay,1002,1961-04,Motown,true,0,0,,,
baseline-replay,1002,1961-04,Funk,false,0,0,,,
baseline-replay,1002,1961-04,Funk,true,0,0,,,
baseline-replay,1002,1961-04,GirlGroup,false,0,0,,,
baseline-replay,1002,1961-04,GirlGroup,true,0,0,,,
baseline-replay,1002,1961-04,Country,false,217,0,,,
baseline-replay,1002,1961-04,Country,true,598,0,,,
baseline-replay,1002,1961-04,Folk,false,155,4,4,4,5
baseline-replay,1002,1961-04,Folk,true,373,4,3,3,5
baseline-replay,1002,1961-04,FolkRock,false,0,0,,,
baseline-replay,1002,1961-04,FolkRock,true,0,0,,,
baseline-replay,1002,1961-04,CountryRock,false,0,0,,,
baseline-replay,1002,1961-04,CountryRock,true,0,0,,,
baseline-replay,1002,1961-04,BritishInvasion,false,0,0,,,
baseline-replay,1002,1961-04,BritishInvasion,true,0,0,,,
baseline-replay,1002,1961-04,Skiffle,false,0,0,,,
baseline-replay,1002,1961-04,Skiffle,true,0,0,,,
baseline-replay,1002,1961-04,SurfRock,false,7,0,,,
baseline-replay,1002,1961-04,SurfRock,true,52,0,,,
baseline-replay,1002,1961-04,GarageRock,false,0,0,,,
baseline-replay,1002,1961-04,GarageRock,true,0,0,,,
baseline-replay,1002,1961-04,ProtoPunk,false,0,0,,,
baseline-replay,1002,1961-04,ProtoPunk,true,0,0,,,
baseline-replay,1002,1961-04,Psychedelic,false,0,0,,,
baseline-replay,1002,1961-04,Psychedelic,true,0,0,,,
baseline-replay,1002,1961-04,AcidRock,false,0,0,,,
baseline-replay,1002,1961-04,AcidRock,true,0,0,,,
baseline-replay,1002,1961-04,BaroquePop,false,0,0,,,
baseline-replay,1002,1961-04,BaroquePop,true,0,0,,,
baseline-replay,1002,1961-04,SunshinePop,false,0,0,,,
baseline-replay,1002,1961-04,SunshinePop,true,0,0,,,
baseline-replay,1002,1961-04,ProgressiveRock,false,0,0,,,
baseline-replay,1002,1961-04,ProgressiveRock,true,0,0,,,
baseline-replay,1002,1961-04,BluesRock,false,0,0,,,
baseline-replay,1002,1961-04,BluesRock,true,0,0,,,
baseline-replay,1002,1961-04,HardRock,false,0,0,,,
baseline-replay,1002,1961-04,HardRock,true,0,0,,,
baseline-replay,1002,1961-04,ProtoMetal,false,0,0,,,
baseline-replay,1002,1961-04,ProtoMetal,true,0,0,,,
baseline-replay,1002,1961-04,Bubblegum,false,0,0,,,
baseline-replay,1002,1961-04,Bubblegum,true,0,0,,,
baseline-replay,1002,1961-04,BossaNova,false,0,0,,,
baseline-replay,1002,1961-04,BossaNova,true,0,0,,,
baseline-replay,1002,1961-04,SkaRocksteady,false,0,0,,,
baseline-replay,1002,1961-04,SkaRocksteady,true,0,0,,,
baseline-replay,1002,1961-04,Gospel,false,54,54,3,4,5
baseline-replay,1002,1961-04,Gospel,true,158,158,3,4,5
baseline-replay,1002,1961-04,BritishPop,false,0,0,,,
baseline-replay,1002,1961-04,BritishPop,true,0,0,,,
baseline-replay,1002,1961-04,PsychedelicRock,false,0,0,,,
baseline-replay,1002,1961-04,PsychedelicRock,true,0,0,,,
baseline-replay,1002,1961-04,BritishBeat,false,0,0,,,
baseline-replay,1002,1961-04,BritishBeat,true,0,0,,,
baseline-replay,1002,1961-04,BritishBlues,false,0,0,,,
baseline-replay,1002,1961-04,BritishBlues,true,0,0,,,
baseline-replay,1002,1961-04,Classical,false,60,0,,,
baseline-replay,1002,1961-04,Classical,true,257,0,,,
baseline-replay,1002,1961-04,Boogaloo,false,0,0,,,
baseline-replay,1002,1961-04,Boogaloo,true,0,0,,,
baseline-replay,1002,1961-04,TexMex,false,12,0,,,
baseline-replay,1002,1961-04,TexMex,true,78,0,,,
baseline-replay,1002,1961-04,LatinPop,false,10,0,,,
baseline-replay,1002,1961-04,LatinPop,true,133,0,,,
baseline-replay,1002,1961-04,Ska,false,0,0,,,
baseline-replay,1002,1961-04,Ska,true,0,0,,,
baseline-replay,1002,1961-04,Rocksteady,false,0,0,,,
baseline-replay,1002,1961-04,Rocksteady,true,0,0,,,
baseline-replay,1002,1961-04,Reggae,false,0,0,,,
baseline-replay,1002,1961-04,Reggae,true,0,0,,,
baseline-replay,1002,1961-04,Comedy,false,29,0,,,
baseline-replay,1002,1961-04,Comedy,true,203,0,,,
baseline-replay,1002,1961-04,Childrens,false,26,0,,,
baseline-replay,1002,1961-04,Childrens,true,127,0,,,
baseline-replay,1002,1961-04,ContemporaryFolk,false,0,0,,,
baseline-replay,1002,1961-04,ContemporaryFolk,true,13,0,,,
baseline-replay,1002,1961-04,SingerSongwriter,false,0,0,,,
baseline-replay,1002,1961-04,SingerSongwriter,true,0,0,,,
baseline-replay,1002,1961-04,PopRock,false,0,0,,,
baseline-replay,1002,1961-04,PopRock,true,0,0,,,
baseline-replay,1002,1961-04,RootsRock,false,0,0,,,
baseline-replay,1002,1961-04,RootsRock,true,0,0,,,
baseline-replay,1002,1961-04,PsychedelicPop,false,0,0,,,
baseline-replay,1002,1961-04,PsychedelicPop,true,0,0,,,
baseline-replay,1002,1961-05,TraditionalPop,false,271,4,3,4,5
baseline-replay,1002,1961-05,TraditionalPop,true,549,4,3,4,5
baseline-replay,1002,1961-05,EasyListening,false,100,4,3,5,5
baseline-replay,1002,1961-05,EasyListening,true,437,4,3,5,5
baseline-replay,1002,1961-05,Jazz,false,152,8,3,4,5
baseline-replay,1002,1961-05,Jazz,true,345,8,3,3,5
baseline-replay,1002,1961-05,Blues,false,71,4,3,3,5
baseline-replay,1002,1961-05,Blues,true,304,4,4,4,5
baseline-replay,1002,1961-05,RockAndRoll,false,400,0,,,
baseline-replay,1002,1961-05,RockAndRoll,true,885,0,,,
baseline-replay,1002,1961-05,DooWop,false,140,0,,,
baseline-replay,1002,1961-05,DooWop,true,400,0,,,
baseline-replay,1002,1961-05,TeenPop,false,307,0,,,
baseline-replay,1002,1961-05,TeenPop,true,617,0,,,
baseline-replay,1002,1961-05,RnB,false,392,0,,,
baseline-replay,1002,1961-05,RnB,true,742,0,,,
baseline-replay,1002,1961-05,Soul,false,390,0,,,
baseline-replay,1002,1961-05,Soul,true,773,0,,,
baseline-replay,1002,1961-05,Motown,false,0,0,,,
baseline-replay,1002,1961-05,Motown,true,0,0,,,
baseline-replay,1002,1961-05,Funk,false,0,0,,,
baseline-replay,1002,1961-05,Funk,true,0,0,,,
baseline-replay,1002,1961-05,GirlGroup,false,0,0,,,
baseline-replay,1002,1961-05,GirlGroup,true,0,0,,,
baseline-replay,1002,1961-05,Country,false,217,0,,,
baseline-replay,1002,1961-05,Country,true,620,0,,,
baseline-replay,1002,1961-05,Folk,false,156,4,3,4,5
baseline-replay,1002,1961-05,Folk,true,382,4,3,3,5
baseline-replay,1002,1961-05,FolkRock,false,0,0,,,
baseline-replay,1002,1961-05,FolkRock,true,0,0,,,
baseline-replay,1002,1961-05,CountryRock,false,0,0,,,
baseline-replay,1002,1961-05,CountryRock,true,0,0,,,
baseline-replay,1002,1961-05,BritishInvasion,false,0,0,,,
baseline-replay,1002,1961-05,BritishInvasion,true,0,0,,,
baseline-replay,1002,1961-05,Skiffle,false,0,0,,,
baseline-replay,1002,1961-05,Skiffle,true,0,0,,,
baseline-replay,1002,1961-05,SurfRock,false,7,0,,,
baseline-replay,1002,1961-05,SurfRock,true,56,0,,,
baseline-replay,1002,1961-05,GarageRock,false,0,0,,,
baseline-replay,1002,1961-05,GarageRock,true,0,0,,,
baseline-replay,1002,1961-05,ProtoPunk,false,0,0,,,
baseline-replay,1002,1961-05,ProtoPunk,true,0,0,,,
baseline-replay,1002,1961-05,Psychedelic,false,0,0,,,
baseline-replay,1002,1961-05,Psychedelic,true,0,0,,,
baseline-replay,1002,1961-05,AcidRock,false,0,0,,,
baseline-replay,1002,1961-05,AcidRock,true,0,0,,,
baseline-replay,1002,1961-05,BaroquePop,false,0,0,,,
baseline-replay,1002,1961-05,BaroquePop,true,0,0,,,
baseline-replay,1002,1961-05,SunshinePop,false,0,0,,,
baseline-replay,1002,1961-05,SunshinePop,true,0,0,,,
baseline-replay,1002,1961-05,ProgressiveRock,false,0,0,,,
baseline-replay,1002,1961-05,ProgressiveRock,true,0,0,,,
baseline-replay,1002,1961-05,BluesRock,false,0,0,,,
baseline-replay,1002,1961-05,BluesRock,true,0,0,,,
baseline-replay,1002,1961-05,HardRock,false,0,0,,,
baseline-replay,1002,1961-05,HardRock,true,0,0,,,
baseline-replay,1002,1961-05,ProtoMetal,false,0,0,,,
baseline-replay,1002,1961-05,ProtoMetal,true,0,0,,,
baseline-replay,1002,1961-05,Bubblegum,false,0,0,,,
baseline-replay,1002,1961-05,Bubblegum,true,0,0,,,
baseline-replay,1002,1961-05,BossaNova,false,0,0,,,
baseline-replay,1002,1961-05,BossaNova,true,0,0,,,
baseline-replay,1002,1961-05,SkaRocksteady,false,0,0,,,
baseline-replay,1002,1961-05,SkaRocksteady,true,0,0,,,
baseline-replay,1002,1961-05,Gospel,false,55,55,3,4,5
baseline-replay,1002,1961-05,Gospel,true,162,162,3,4,5
baseline-replay,1002,1961-05,BritishPop,false,0,0,,,
baseline-replay,1002,1961-05,BritishPop,true,0,0,,,
baseline-replay,1002,1961-05,PsychedelicRock,false,0,0,,,
baseline-replay,1002,1961-05,PsychedelicRock,true,0,0,,,
baseline-replay,1002,1961-05,BritishBeat,false,0,0,,,
baseline-replay,1002,1961-05,BritishBeat,true,0,0,,,
baseline-replay,1002,1961-05,BritishBlues,false,0,0,,,
baseline-replay,1002,1961-05,BritishBlues,true,0,0,,,
baseline-replay,1002,1961-05,Classical,false,60,0,,,
baseline-replay,1002,1961-05,Classical,true,267,0,,,
baseline-replay,1002,1961-05,Boogaloo,false,0,0,,,
baseline-replay,1002,1961-05,Boogaloo,true,0,0,,,
baseline-replay,1002,1961-05,TexMex,false,14,0,,,
baseline-replay,1002,1961-05,TexMex,true,82,0,,,
baseline-replay,1002,1961-05,LatinPop,false,10,0,,,
baseline-replay,1002,1961-05,LatinPop,true,136,0,,,
baseline-replay,1002,1961-05,Ska,false,0,0,,,
baseline-replay,1002,1961-05,Ska,true,0,0,,,
baseline-replay,1002,1961-05,Rocksteady,false,0,0,,,
baseline-replay,1002,1961-05,Rocksteady,true,0,0,,,
baseline-replay,1002,1961-05,Reggae,false,0,0,,,
baseline-replay,1002,1961-05,Reggae,true,0,0,,,
baseline-replay,1002,1961-05,Comedy,false,29,0,,,
baseline-replay,1002,1961-05,Comedy,true,213,0,,,
baseline-replay,1002,1961-05,Childrens,false,26,0,,,
baseline-replay,1002,1961-05,Childrens,true,135,0,,,
baseline-replay,1002,1961-05,ContemporaryFolk,false,0,0,,,
baseline-replay,1002,1961-05,ContemporaryFolk,true,17,0,,,
baseline-replay,1002,1961-05,SingerSongwriter,false,0,0,,,
baseline-replay,1002,1961-05,SingerSongwriter,true,0,0,,,
baseline-replay,1002,1961-05,PopRock,false,0,0,,,
baseline-replay,1002,1961-05,PopRock,true,0,0,,,
baseline-replay,1002,1961-05,RootsRock,false,0,0,,,
baseline-replay,1002,1961-05,RootsRock,true,0,0,,,
baseline-replay,1002,1961-05,PsychedelicPop,false,0,0,,,
baseline-replay,1002,1961-05,PsychedelicPop,true,0,0,,,
baseline-replay,1002,1961-06,TraditionalPop,false,267,4,4,5,5
baseline-replay,1002,1961-06,TraditionalPop,true,560,4,3,5,5
baseline-replay,1002,1961-06,EasyListening,false,97,4,4,4,5
baseline-replay,1002,1961-06,EasyListening,true,446,4,5,5,5
baseline-replay,1002,1961-06,Jazz,false,151,8,3,3,5
baseline-replay,1002,1961-06,Jazz,true,355,8,3,5,5
baseline-replay,1002,1961-06,Blues,false,64,4,3,3,4
baseline-replay,1002,1961-06,Blues,true,317,4,4,4,4
baseline-replay,1002,1961-06,RockAndRoll,false,383,0,,,
baseline-replay,1002,1961-06,RockAndRoll,true,914,0,,,
baseline-replay,1002,1961-06,DooWop,false,142,0,,,
baseline-replay,1002,1961-06,DooWop,true,413,0,,,
baseline-replay,1002,1961-06,TeenPop,false,299,0,,,
baseline-replay,1002,1961-06,TeenPop,true,632,0,,,
baseline-replay,1002,1961-06,RnB,false,385,0,,,
baseline-replay,1002,1961-06,RnB,true,760,0,,,
baseline-replay,1002,1961-06,Soul,false,381,0,,,
baseline-replay,1002,1961-06,Soul,true,789,0,,,
baseline-replay,1002,1961-06,Motown,false,0,0,,,
baseline-replay,1002,1961-06,Motown,true,0,0,,,
baseline-replay,1002,1961-06,Funk,false,0,0,,,
baseline-replay,1002,1961-06,Funk,true,0,0,,,
baseline-replay,1002,1961-06,GirlGroup,false,0,0,,,
baseline-replay,1002,1961-06,GirlGroup,true,0,0,,,
baseline-replay,1002,1961-06,Country,false,216,0,,,
baseline-replay,1002,1961-06,Country,true,643,0,,,
baseline-replay,1002,1961-06,Folk,false,150,4,3,3,5
baseline-replay,1002,1961-06,Folk,true,398,4,3,4,5
baseline-replay,1002,1961-06,FolkRock,false,0,0,,,
baseline-replay,1002,1961-06,FolkRock,true,0,0,,,
baseline-replay,1002,1961-06,CountryRock,false,0,0,,,
baseline-replay,1002,1961-06,CountryRock,true,0,0,,,
baseline-replay,1002,1961-06,BritishInvasion,false,0,0,,,
baseline-replay,1002,1961-06,BritishInvasion,true,0,0,,,
baseline-replay,1002,1961-06,Skiffle,false,0,0,,,
baseline-replay,1002,1961-06,Skiffle,true,0,0,,,
baseline-replay,1002,1961-06,SurfRock,false,7,0,,,
baseline-replay,1002,1961-06,SurfRock,true,59,0,,,
baseline-replay,1002,1961-06,GarageRock,false,0,0,,,
baseline-replay,1002,1961-06,GarageRock,true,0,0,,,
baseline-replay,1002,1961-06,ProtoPunk,false,0,0,,,
baseline-replay,1002,1961-06,ProtoPunk,true,0,0,,,
baseline-replay,1002,1961-06,Psychedelic,false,0,0,,,
baseline-replay,1002,1961-06,Psychedelic,true,0,0,,,
baseline-replay,1002,1961-06,AcidRock,false,0,0,,,
baseline-replay,1002,1961-06,AcidRock,true,0,0,,,
baseline-replay,1002,1961-06,BaroquePop,false,0,0,,,
baseline-replay,1002,1961-06,BaroquePop,true,0,0,,,
baseline-replay,1002,1961-06,SunshinePop,false,0,0,,,
baseline-replay,1002,1961-06,SunshinePop,true,0,0,,,
baseline-replay,1002,1961-06,ProgressiveRock,false,0,0,,,
baseline-replay,1002,1961-06,ProgressiveRock,true,0,0,,,
baseline-replay,1002,1961-06,BluesRock,false,0,0,,,
baseline-replay,1002,1961-06,BluesRock,true,0,0,,,
baseline-replay,1002,1961-06,HardRock,false,0,0,,,
baseline-replay,1002,1961-06,HardRock,true,0,0,,,
baseline-replay,1002,1961-06,ProtoMetal,false,0,0,,,
baseline-replay,1002,1961-06,ProtoMetal,true,0,0,,,
baseline-replay,1002,1961-06,Bubblegum,false,0,0,,,
baseline-replay,1002,1961-06,Bubblegum,true,0,0,,,
baseline-replay,1002,1961-06,BossaNova,false,0,0,,,
baseline-replay,1002,1961-06,BossaNova,true,0,0,,,
baseline-replay,1002,1961-06,SkaRocksteady,false,0,0,,,
baseline-replay,1002,1961-06,SkaRocksteady,true,0,0,,,
baseline-replay,1002,1961-06,Gospel,false,55,55,3,4,5
baseline-replay,1002,1961-06,Gospel,true,173,173,3,4,5
baseline-replay,1002,1961-06,BritishPop,false,0,0,,,
baseline-replay,1002,1961-06,BritishPop,true,0,0,,,
baseline-replay,1002,1961-06,PsychedelicRock,false,0,0,,,
baseline-replay,1002,1961-06,PsychedelicRock,true,0,0,,,
baseline-replay,1002,1961-06,BritishBeat,false,0,0,,,
baseline-replay,1002,1961-06,BritishBeat,true,0,0,,,
baseline-replay,1002,1961-06,BritishBlues,false,0,0,,,
baseline-replay,1002,1961-06,BritishBlues,true,0,0,,,
baseline-replay,1002,1961-06,Classical,false,59,0,,,
baseline-replay,1002,1961-06,Classical,true,271,0,,,
baseline-replay,1002,1961-06,Boogaloo,false,0,0,,,
baseline-replay,1002,1961-06,Boogaloo,true,0,0,,,
baseline-replay,1002,1961-06,TexMex,false,14,0,,,
baseline-replay,1002,1961-06,TexMex,true,88,0,,,
baseline-replay,1002,1961-06,LatinPop,false,11,0,,,
baseline-replay,1002,1961-06,LatinPop,true,144,0,,,
baseline-replay,1002,1961-06,Ska,false,0,0,,,
baseline-replay,1002,1961-06,Ska,true,0,0,,,
baseline-replay,1002,1961-06,Rocksteady,false,0,0,,,
baseline-replay,1002,1961-06,Rocksteady,true,0,0,,,
baseline-replay,1002,1961-06,Reggae,false,0,0,,,
baseline-replay,1002,1961-06,Reggae,true,0,0,,,
baseline-replay,1002,1961-06,Comedy,false,28,0,,,
baseline-replay,1002,1961-06,Comedy,true,225,0,,,
baseline-replay,1002,1961-06,Childrens,false,25,0,,,
baseline-replay,1002,1961-06,Childrens,true,143,0,,,
baseline-replay,1002,1961-06,ContemporaryFolk,false,0,0,,,
baseline-replay,1002,1961-06,ContemporaryFolk,true,24,0,,,
baseline-replay,1002,1961-06,SingerSongwriter,false,0,0,,,
baseline-replay,1002,1961-06,SingerSongwriter,true,0,0,,,
baseline-replay,1002,1961-06,PopRock,false,0,0,,,
baseline-replay,1002,1961-06,PopRock,true,0,0,,,
baseline-replay,1002,1961-06,RootsRock,false,0,0,,,
baseline-replay,1002,1961-06,RootsRock,true,0,0,,,
baseline-replay,1002,1961-06,PsychedelicPop,false,0,0,,,
baseline-replay,1002,1961-06,PsychedelicPop,true,0,0,,,
baseline-replay,1002,1961-07,TraditionalPop,false,273,4,4,5,5
baseline-replay,1002,1961-07,TraditionalPop,true,559,4,3,4,5
baseline-replay,1002,1961-07,EasyListening,false,98,4,3,4,5
baseline-replay,1002,1961-07,EasyListening,true,422,4,3,3,5
baseline-replay,1002,1961-07,Jazz,false,154,8,3,4,4
baseline-replay,1002,1961-07,Jazz,true,360,8,3,4,5
baseline-replay,1002,1961-07,Blues,false,69,4,4,4,5
baseline-replay,1002,1961-07,Blues,true,317,4,3,3,5
baseline-replay,1002,1961-07,RockAndRoll,false,390,0,,,
baseline-replay,1002,1961-07,RockAndRoll,true,918,0,,,
baseline-replay,1002,1961-07,DooWop,false,139,0,,,
baseline-replay,1002,1961-07,DooWop,true,430,0,,,
baseline-replay,1002,1961-07,TeenPop,false,296,0,,,
baseline-replay,1002,1961-07,TeenPop,true,641,0,,,
baseline-replay,1002,1961-07,RnB,false,388,0,,,
baseline-replay,1002,1961-07,RnB,true,771,0,,,
baseline-replay,1002,1961-07,Soul,false,378,0,,,
baseline-replay,1002,1961-07,Soul,true,804,0,,,
baseline-replay,1002,1961-07,Motown,false,0,0,,,
baseline-replay,1002,1961-07,Motown,true,0,0,,,
baseline-replay,1002,1961-07,Funk,false,0,0,,,
baseline-replay,1002,1961-07,Funk,true,0,0,,,
baseline-replay,1002,1961-07,GirlGroup,false,0,0,,,
baseline-replay,1002,1961-07,GirlGroup,true,0,0,,,
baseline-replay,1002,1961-07,Country,false,230,0,,,
baseline-replay,1002,1961-07,Country,true,647,0,,,
baseline-replay,1002,1961-07,Folk,false,148,4,3,4,5
baseline-replay,1002,1961-07,Folk,true,405,4,3,4,5
baseline-replay,1002,1961-07,FolkRock,false,0,0,,,
baseline-replay,1002,1961-07,FolkRock,true,0,0,,,
baseline-replay,1002,1961-07,CountryRock,false,0,0,,,
baseline-replay,1002,1961-07,CountryRock,true,0,0,,,
baseline-replay,1002,1961-07,BritishInvasion,false,0,0,,,
baseline-replay,1002,1961-07,BritishInvasion,true,0,0,,,
baseline-replay,1002,1961-07,Skiffle,false,0,0,,,
baseline-replay,1002,1961-07,Skiffle,true,0,0,,,
baseline-replay,1002,1961-07,SurfRock,false,9,0,,,
baseline-replay,1002,1961-07,SurfRock,true,68,0,,,
baseline-replay,1002,1961-07,GarageRock,false,0,0,,,
baseline-replay,1002,1961-07,GarageRock,true,0,0,,,
baseline-replay,1002,1961-07,ProtoPunk,false,0,0,,,
baseline-replay,1002,1961-07,ProtoPunk,true,0,0,,,
baseline-replay,1002,1961-07,Psychedelic,false,0,0,,,
baseline-replay,1002,1961-07,Psychedelic,true,0,0,,,
baseline-replay,1002,1961-07,AcidRock,false,0,0,,,
baseline-replay,1002,1961-07,AcidRock,true,0,0,,,
baseline-replay,1002,1961-07,BaroquePop,false,0,0,,,
baseline-replay,1002,1961-07,BaroquePop,true,0,0,,,
baseline-replay,1002,1961-07,SunshinePop,false,0,0,,,
baseline-replay,1002,1961-07,SunshinePop,true,0,0,,,
baseline-replay,1002,1961-07,ProgressiveRock,false,0,0,,,
baseline-replay,1002,1961-07,ProgressiveRock,true,0,0,,,
baseline-replay,1002,1961-07,BluesRock,false,0,0,,,
baseline-replay,1002,1961-07,BluesRock,true,0,0,,,
baseline-replay,1002,1961-07,HardRock,false,0,0,,,
baseline-replay,1002,1961-07,HardRock,true,0,0,,,
baseline-replay,1002,1961-07,ProtoMetal,false,0,0,,,
baseline-replay,1002,1961-07,ProtoMetal,true,0,0,,,
baseline-replay,1002,1961-07,Bubblegum,false,0,0,,,
baseline-replay,1002,1961-07,Bubblegum,true,0,0,,,
baseline-replay,1002,1961-07,BossaNova,false,0,0,,,
baseline-replay,1002,1961-07,BossaNova,true,0,0,,,
baseline-replay,1002,1961-07,SkaRocksteady,false,0,0,,,
baseline-replay,1002,1961-07,SkaRocksteady,true,0,0,,,
baseline-replay,1002,1961-07,Gospel,false,58,58,3,4,5
baseline-replay,1002,1961-07,Gospel,true,181,181,3,4,5
baseline-replay,1002,1961-07,BritishPop,false,0,0,,,
baseline-replay,1002,1961-07,BritishPop,true,0,0,,,
baseline-replay,1002,1961-07,PsychedelicRock,false,0,0,,,
baseline-replay,1002,1961-07,PsychedelicRock,true,0,0,,,
baseline-replay,1002,1961-07,BritishBeat,false,0,0,,,
baseline-replay,1002,1961-07,BritishBeat,true,0,0,,,
baseline-replay,1002,1961-07,BritishBlues,false,0,0,,,
baseline-replay,1002,1961-07,BritishBlues,true,0,0,,,
baseline-replay,1002,1961-07,Classical,false,58,0,,,
baseline-replay,1002,1961-07,Classical,true,261,0,,,
baseline-replay,1002,1961-07,Boogaloo,false,0,0,,,
baseline-replay,1002,1961-07,Boogaloo,true,0,0,,,
baseline-replay,1002,1961-07,TexMex,false,15,0,,,
baseline-replay,1002,1961-07,TexMex,true,91,0,,,
baseline-replay,1002,1961-07,LatinPop,false,12,0,,,
baseline-replay,1002,1961-07,LatinPop,true,131,0,,,
baseline-replay,1002,1961-07,Ska,false,0,0,,,
baseline-replay,1002,1961-07,Ska,true,0,0,,,
baseline-replay,1002,1961-07,Rocksteady,false,0,0,,,
baseline-replay,1002,1961-07,Rocksteady,true,0,0,,,
baseline-replay,1002,1961-07,Reggae,false,0,0,,,
baseline-replay,1002,1961-07,Reggae,true,0,0,,,
baseline-replay,1002,1961-07,Comedy,false,27,0,,,
baseline-replay,1002,1961-07,Comedy,true,230,0,,,
baseline-replay,1002,1961-07,Childrens,false,24,0,,,
baseline-replay,1002,1961-07,Childrens,true,144,0,,,
baseline-replay,1002,1961-07,ContemporaryFolk,false,0,0,,,
baseline-replay,1002,1961-07,ContemporaryFolk,true,33,0,,,
baseline-replay,1002,1961-07,SingerSongwriter,false,0,0,,,
baseline-replay,1002,1961-07,SingerSongwriter,true,0,0,,,
baseline-replay,1002,1961-07,PopRock,false,0,0,,,
baseline-replay,1002,1961-07,PopRock,true,0,0,,,
baseline-replay,1002,1961-07,RootsRock,false,0,0,,,
baseline-replay,1002,1961-07,RootsRock,true,0,0,,,
baseline-replay,1002,1961-07,PsychedelicPop,false,0,0,,,
baseline-replay,1002,1961-07,PsychedelicPop,true,0,0,,,
baseline-replay,1002,1961-08,TraditionalPop,false,272,4,3,3,5
baseline-replay,1002,1961-08,TraditionalPop,true,564,4,4,5,5
baseline-replay,1002,1961-08,EasyListening,false,98,4,3,3,3
baseline-replay,1002,1961-08,EasyListening,true,429,4,3,4,5
baseline-replay,1002,1961-08,Jazz,false,154,8,3,4,5
baseline-replay,1002,1961-08,Jazz,true,361,8,3,4,5
baseline-replay,1002,1961-08,Blues,false,68,4,4,4,5
baseline-replay,1002,1961-08,Blues,true,322,4,3,3,5
baseline-replay,1002,1961-08,RockAndRoll,false,390,0,,,
baseline-replay,1002,1961-08,RockAndRoll,true,915,0,,,
baseline-replay,1002,1961-08,DooWop,false,143,0,,,
baseline-replay,1002,1961-08,DooWop,true,429,0,,,
baseline-replay,1002,1961-08,TeenPop,false,295,0,,,
baseline-replay,1002,1961-08,TeenPop,true,650,0,,,
baseline-replay,1002,1961-08,RnB,false,392,0,,,
baseline-replay,1002,1961-08,RnB,true,768,0,,,
baseline-replay,1002,1961-08,Soul,false,376,0,,,
baseline-replay,1002,1961-08,Soul,true,814,0,,,
baseline-replay,1002,1961-08,Motown,false,0,0,,,
baseline-replay,1002,1961-08,Motown,true,0,0,,,
baseline-replay,1002,1961-08,Funk,false,0,0,,,
baseline-replay,1002,1961-08,Funk,true,0,0,,,
baseline-replay,1002,1961-08,GirlGroup,false,0,0,,,
baseline-replay,1002,1961-08,GirlGroup,true,0,0,,,
baseline-replay,1002,1961-08,Country,false,226,0,,,
baseline-replay,1002,1961-08,Country,true,654,0,,,
baseline-replay,1002,1961-08,Folk,false,149,4,3,3,5
baseline-replay,1002,1961-08,Folk,true,407,4,3,4,5
baseline-replay,1002,1961-08,FolkRock,false,0,0,,,
baseline-replay,1002,1961-08,FolkRock,true,0,0,,,
baseline-replay,1002,1961-08,CountryRock,false,0,0,,,
baseline-replay,1002,1961-08,CountryRock,true,0,0,,,
baseline-replay,1002,1961-08,BritishInvasion,false,0,0,,,
baseline-replay,1002,1961-08,BritishInvasion,true,0,0,,,
baseline-replay,1002,1961-08,Skiffle,false,0,0,,,
baseline-replay,1002,1961-08,Skiffle,true,0,0,,,
baseline-replay,1002,1961-08,SurfRock,false,9,0,,,
baseline-replay,1002,1961-08,SurfRock,true,69,0,,,
baseline-replay,1002,1961-08,GarageRock,false,0,0,,,
baseline-replay,1002,1961-08,GarageRock,true,0,0,,,
baseline-replay,1002,1961-08,ProtoPunk,false,0,0,,,
baseline-replay,1002,1961-08,ProtoPunk,true,0,0,,,
baseline-replay,1002,1961-08,Psychedelic,false,0,0,,,
baseline-replay,1002,1961-08,Psychedelic,true,0,0,,,
baseline-replay,1002,1961-08,AcidRock,false,0,0,,,
baseline-replay,1002,1961-08,AcidRock,true,0,0,,,
baseline-replay,1002,1961-08,BaroquePop,false,0,0,,,
baseline-replay,1002,1961-08,BaroquePop,true,0,0,,,
baseline-replay,1002,1961-08,SunshinePop,false,0,0,,,
baseline-replay,1002,1961-08,SunshinePop,true,0,0,,,
baseline-replay,1002,1961-08,ProgressiveRock,false,0,0,,,
baseline-replay,1002,1961-08,ProgressiveRock,true,0,0,,,
baseline-replay,1002,1961-08,BluesRock,false,0,0,,,
baseline-replay,1002,1961-08,BluesRock,true,0,0,,,
baseline-replay,1002,1961-08,HardRock,false,0,0,,,
baseline-replay,1002,1961-08,HardRock,true,0,0,,,
baseline-replay,1002,1961-08,ProtoMetal,false,0,0,,,
baseline-replay,1002,1961-08,ProtoMetal,true,0,0,,,
baseline-replay,1002,1961-08,Bubblegum,false,0,0,,,
baseline-replay,1002,1961-08,Bubblegum,true,0,0,,,
baseline-replay,1002,1961-08,BossaNova,false,0,0,,,
baseline-replay,1002,1961-08,BossaNova,true,0,0,,,
baseline-replay,1002,1961-08,SkaRocksteady,false,0,0,,,
baseline-replay,1002,1961-08,SkaRocksteady,true,0,0,,,
baseline-replay,1002,1961-08,Gospel,false,57,57,3,4,5
baseline-replay,1002,1961-08,Gospel,true,184,184,3,4,5
baseline-replay,1002,1961-08,BritishPop,false,0,0,,,
baseline-replay,1002,1961-08,BritishPop,true,0,0,,,
baseline-replay,1002,1961-08,PsychedelicRock,false,0,0,,,
baseline-replay,1002,1961-08,PsychedelicRock,true,0,0,,,
baseline-replay,1002,1961-08,BritishBeat,false,0,0,,,
baseline-replay,1002,1961-08,BritishBeat,true,0,0,,,
baseline-replay,1002,1961-08,BritishBlues,false,0,0,,,
baseline-replay,1002,1961-08,BritishBlues,true,0,0,,,
baseline-replay,1002,1961-08,Classical,false,60,0,,,
baseline-replay,1002,1961-08,Classical,true,256,0,,,
baseline-replay,1002,1961-08,Boogaloo,false,0,0,,,
baseline-replay,1002,1961-08,Boogaloo,true,0,0,,,
baseline-replay,1002,1961-08,TexMex,false,17,0,,,
baseline-replay,1002,1961-08,TexMex,true,87,0,,,
baseline-replay,1002,1961-08,LatinPop,false,12,0,,,
baseline-replay,1002,1961-08,LatinPop,true,131,0,,,
baseline-replay,1002,1961-08,Ska,false,0,0,,,
baseline-replay,1002,1961-08,Ska,true,0,0,,,
baseline-replay,1002,1961-08,Rocksteady,false,0,0,,,
baseline-replay,1002,1961-08,Rocksteady,true,0,0,,,
baseline-replay,1002,1961-08,Reggae,false,0,0,,,
baseline-replay,1002,1961-08,Reggae,true,0,0,,,
baseline-replay,1002,1961-08,Comedy,false,27,0,,,
baseline-replay,1002,1961-08,Comedy,true,230,0,,,
baseline-replay,1002,1961-08,Childrens,false,24,0,,,
baseline-replay,1002,1961-08,Childrens,true,144,0,,,
baseline-replay,1002,1961-08,ContemporaryFolk,false,0,0,,,
baseline-replay,1002,1961-08,ContemporaryFolk,true,38,0,,,
baseline-replay,1002,1961-08,SingerSongwriter,false,0,0,,,
baseline-replay,1002,1961-08,SingerSongwriter,true,0,0,,,
baseline-replay,1002,1961-08,PopRock,false,0,0,,,
baseline-replay,1002,1961-08,PopRock,true,0,0,,,
baseline-replay,1002,1961-08,RootsRock,false,0,0,,,
baseline-replay,1002,1961-08,RootsRock,true,0,0,,,
baseline-replay,1002,1961-08,PsychedelicPop,false,0,0,,,
baseline-replay,1002,1961-08,PsychedelicPop,true,0,0,,,
baseline-replay,1002,1961-09,TraditionalPop,false,275,4,3,3,5
baseline-replay,1002,1961-09,TraditionalPop,true,555,4,3,4,4
baseline-replay,1002,1961-09,EasyListening,false,97,4,3,3,4
baseline-replay,1002,1961-09,EasyListening,true,434,4,3,3,5
baseline-replay,1002,1961-09,Jazz,false,154,8,3,3,4
baseline-replay,1002,1961-09,Jazz,true,369,8,3,4,5
baseline-replay,1002,1961-09,Blues,false,62,4,3,4,5
baseline-replay,1002,1961-09,Blues,true,329,4,3,4,5
baseline-replay,1002,1961-09,RockAndRoll,false,393,0,,,
baseline-replay,1002,1961-09,RockAndRoll,true,913,0,,,
baseline-replay,1002,1961-09,DooWop,false,142,0,,,
baseline-replay,1002,1961-09,DooWop,true,428,0,,,
baseline-replay,1002,1961-09,TeenPop,false,293,0,,,
baseline-replay,1002,1961-09,TeenPop,true,659,0,,,
baseline-replay,1002,1961-09,RnB,false,390,0,,,
baseline-replay,1002,1961-09,RnB,true,771,0,,,
baseline-replay,1002,1961-09,Soul,false,368,0,,,
baseline-replay,1002,1961-09,Soul,true,823,0,,,
baseline-replay,1002,1961-09,Motown,false,0,0,,,
baseline-replay,1002,1961-09,Motown,true,0,0,,,
baseline-replay,1002,1961-09,Funk,false,0,0,,,
baseline-replay,1002,1961-09,Funk,true,0,0,,,
baseline-replay,1002,1961-09,GirlGroup,false,0,0,,,
baseline-replay,1002,1961-09,GirlGroup,true,0,0,,,
baseline-replay,1002,1961-09,Country,false,219,0,,,
baseline-replay,1002,1961-09,Country,true,654,0,,,
baseline-replay,1002,1961-09,Folk,false,146,4,3,4,5
baseline-replay,1002,1961-09,Folk,true,412,4,3,3,5
baseline-replay,1002,1961-09,FolkRock,false,0,0,,,
baseline-replay,1002,1961-09,FolkRock,true,0,0,,,
baseline-replay,1002,1961-09,CountryRock,false,0,0,,,
baseline-replay,1002,1961-09,CountryRock,true,0,0,,,
baseline-replay,1002,1961-09,BritishInvasion,false,0,0,,,
baseline-replay,1002,1961-09,BritishInvasion,true,0,0,,,
baseline-replay,1002,1961-09,Skiffle,false,0,0,,,
baseline-replay,1002,1961-09,Skiffle,true,0,0,,,
baseline-replay,1002,1961-09,SurfRock,false,10,0,,,
baseline-replay,1002,1961-09,SurfRock,true,70,0,,,
baseline-replay,1002,1961-09,GarageRock,false,0,0,,,
baseline-replay,1002,1961-09,GarageRock,true,0,0,,,
baseline-replay,1002,1961-09,ProtoPunk,false,0,0,,,
baseline-replay,1002,1961-09,ProtoPunk,true,0,0,,,
baseline-replay,1002,1961-09,Psychedelic,false,0,0,,,
baseline-replay,1002,1961-09,Psychedelic,true,0,0,,,
baseline-replay,1002,1961-09,AcidRock,false,0,0,,,
baseline-replay,1002,1961-09,AcidRock,true,0,0,,,
baseline-replay,1002,1961-09,BaroquePop,false,0,0,,,
baseline-replay,1002,1961-09,BaroquePop,true,0,0,,,
baseline-replay,1002,1961-09,SunshinePop,false,0,0,,,
baseline-replay,1002,1961-09,SunshinePop,true,0,0,,,
baseline-replay,1002,1961-09,ProgressiveRock,false,0,0,,,
baseline-replay,1002,1961-09,ProgressiveRock,true,0,0,,,
baseline-replay,1002,1961-09,BluesRock,false,0,0,,,
baseline-replay,1002,1961-09,BluesRock,true,0,0,,,
baseline-replay,1002,1961-09,HardRock,false,0,0,,,
baseline-replay,1002,1961-09,HardRock,true,0,0,,,
baseline-replay,1002,1961-09,ProtoMetal,false,0,0,,,
baseline-replay,1002,1961-09,ProtoMetal,true,0,0,,,
baseline-replay,1002,1961-09,Bubblegum,false,0,0,,,
baseline-replay,1002,1961-09,Bubblegum,true,0,0,,,
baseline-replay,1002,1961-09,BossaNova,false,0,0,,,
baseline-replay,1002,1961-09,BossaNova,true,0,0,,,
baseline-replay,1002,1961-09,SkaRocksteady,false,0,0,,,
baseline-replay,1002,1961-09,SkaRocksteady,true,0,0,,,
baseline-replay,1002,1961-09,Gospel,false,57,57,3,4,5
baseline-replay,1002,1961-09,Gospel,true,193,193,3,4,5
baseline-replay,1002,1961-09,BritishPop,false,0,0,,,
baseline-replay,1002,1961-09,BritishPop,true,0,0,,,
baseline-replay,1002,1961-09,PsychedelicRock,false,0,0,,,
baseline-replay,1002,1961-09,PsychedelicRock,true,0,0,,,
baseline-replay,1002,1961-09,BritishBeat,false,0,0,,,
baseline-replay,1002,1961-09,BritishBeat,true,0,0,,,
baseline-replay,1002,1961-09,BritishBlues,false,0,0,,,
baseline-replay,1002,1961-09,BritishBlues,true,0,0,,,
baseline-replay,1002,1961-09,Classical,false,58,0,,,
baseline-replay,1002,1961-09,Classical,true,258,0,,,
baseline-replay,1002,1961-09,Boogaloo,false,0,0,,,
baseline-replay,1002,1961-09,Boogaloo,true,0,0,,,
baseline-replay,1002,1961-09,TexMex,false,17,0,,,
baseline-replay,1002,1961-09,TexMex,true,88,0,,,
baseline-replay,1002,1961-09,LatinPop,false,12,0,,,
baseline-replay,1002,1961-09,LatinPop,true,135,0,,,
baseline-replay,1002,1961-09,Ska,false,0,0,,,
baseline-replay,1002,1961-09,Ska,true,0,0,,,
baseline-replay,1002,1961-09,Rocksteady,false,0,0,,,
baseline-replay,1002,1961-09,Rocksteady,true,0,0,,,
baseline-replay,1002,1961-09,Reggae,false,0,0,,,
baseline-replay,1002,1961-09,Reggae,true,0,0,,,
baseline-replay,1002,1961-09,Comedy,false,28,0,,,
baseline-replay,1002,1961-09,Comedy,true,234,0,,,
baseline-replay,1002,1961-09,Childrens,false,26,0,,,
baseline-replay,1002,1961-09,Childrens,true,147,0,,,
baseline-replay,1002,1961-09,ContemporaryFolk,false,1,0,,,
baseline-replay,1002,1961-09,ContemporaryFolk,true,43,0,,,
baseline-replay,1002,1961-09,SingerSongwriter,false,0,0,,,
baseline-replay,1002,1961-09,SingerSongwriter,true,0,0,,,
baseline-replay,1002,1961-09,PopRock,false,0,0,,,
baseline-replay,1002,1961-09,PopRock,true,0,0,,,
baseline-replay,1002,1961-09,RootsRock,false,0,0,,,
baseline-replay,1002,1961-09,RootsRock,true,0,0,,,
baseline-replay,1002,1961-09,PsychedelicPop,false,0,0,,,
baseline-replay,1002,1961-09,PsychedelicPop,true,0,0,,,
shape-v2,1001,1960-01,TraditionalPop,false,285,4,3,3,5
shape-v2,1001,1960-01,TraditionalPop,true,0,0,,,
shape-v2,1001,1960-01,EasyListening,false,87,4,3,5,5
shape-v2,1001,1960-01,EasyListening,true,64,4,3,3,5
shape-v2,1001,1960-01,Jazz,false,116,8,3,4,5
shape-v2,1001,1960-01,Jazz,true,0,0,,,
shape-v2,1001,1960-01,Blues,false,134,4,4,4,5
shape-v2,1001,1960-01,Blues,true,0,0,,,
shape-v2,1001,1960-01,RockAndRoll,false,497,0,,,
shape-v2,1001,1960-01,RockAndRoll,true,0,0,,,
shape-v2,1001,1960-01,DooWop,false,94,0,,,
shape-v2,1001,1960-01,DooWop,true,0,0,,,
shape-v2,1001,1960-01,TeenPop,false,310,0,,,
shape-v2,1001,1960-01,TeenPop,true,0,0,,,
shape-v2,1001,1960-01,RnB,false,437,0,,,
shape-v2,1001,1960-01,RnB,true,0,0,,,
shape-v2,1001,1960-01,Soul,false,427,0,,,
shape-v2,1001,1960-01,Soul,true,0,0,,,
shape-v2,1001,1960-01,Motown,false,0,0,,,
shape-v2,1001,1960-01,Motown,true,0,0,,,
shape-v2,1001,1960-01,Funk,false,0,0,,,
shape-v2,1001,1960-01,Funk,true,0,0,,,
shape-v2,1001,1960-01,GirlGroup,false,0,0,,,
shape-v2,1001,1960-01,GirlGroup,true,0,0,,,
shape-v2,1001,1960-01,Country,false,189,0,,,
shape-v2,1001,1960-01,Country,true,0,0,,,
shape-v2,1001,1960-01,Folk,false,176,4,3,4,5
shape-v2,1001,1960-01,Folk,true,0,0,,,
shape-v2,1001,1960-01,FolkRock,false,0,0,,,
shape-v2,1001,1960-01,FolkRock,true,0,0,,,
shape-v2,1001,1960-01,CountryRock,false,0,0,,,
shape-v2,1001,1960-01,CountryRock,true,0,0,,,
shape-v2,1001,1960-01,BritishInvasion,false,0,0,,,
shape-v2,1001,1960-01,BritishInvasion,true,0,0,,,
shape-v2,1001,1960-01,Skiffle,false,0,0,,,
shape-v2,1001,1960-01,Skiffle,true,0,0,,,
shape-v2,1001,1960-01,SurfRock,false,0,0,,,
shape-v2,1001,1960-01,SurfRock,true,0,0,,,
shape-v2,1001,1960-01,GarageRock,false,0,0,,,
shape-v2,1001,1960-01,GarageRock,true,0,0,,,
shape-v2,1001,1960-01,ProtoPunk,false,0,0,,,
shape-v2,1001,1960-01,ProtoPunk,true,0,0,,,
shape-v2,1001,1960-01,Psychedelic,false,0,0,,,
shape-v2,1001,1960-01,Psychedelic,true,0,0,,,
shape-v2,1001,1960-01,AcidRock,false,0,0,,,
shape-v2,1001,1960-01,AcidRock,true,0,0,,,
shape-v2,1001,1960-01,BaroquePop,false,0,0,,,
shape-v2,1001,1960-01,BaroquePop,true,0,0,,,
shape-v2,1001,1960-01,SunshinePop,false,0,0,,,
shape-v2,1001,1960-01,SunshinePop,true,0,0,,,
shape-v2,1001,1960-01,ProgressiveRock,false,0,0,,,
shape-v2,1001,1960-01,ProgressiveRock,true,0,0,,,
shape-v2,1001,1960-01,BluesRock,false,0,0,,,
shape-v2,1001,1960-01,BluesRock,true,0,0,,,
shape-v2,1001,1960-01,HardRock,false,0,0,,,
shape-v2,1001,1960-01,HardRock,true,0,0,,,
shape-v2,1001,1960-01,ProtoMetal,false,0,0,,,
shape-v2,1001,1960-01,ProtoMetal,true,0,0,,,
shape-v2,1001,1960-01,Bubblegum,false,0,0,,,
shape-v2,1001,1960-01,Bubblegum,true,0,0,,,
shape-v2,1001,1960-01,BossaNova,false,0,0,,,
shape-v2,1001,1960-01,BossaNova,true,0,0,,,
shape-v2,1001,1960-01,SkaRocksteady,false,0,0,,,
shape-v2,1001,1960-01,SkaRocksteady,true,0,0,,,
shape-v2,1001,1960-01,Gospel,false,53,53,3,4,5
shape-v2,1001,1960-01,Gospel,true,0,0,,,
shape-v2,1001,1960-01,BritishPop,false,0,0,,,
shape-v2,1001,1960-01,BritishPop,true,0,0,,,
shape-v2,1001,1960-01,PsychedelicRock,false,0,0,,,
shape-v2,1001,1960-01,PsychedelicRock,true,0,0,,,
shape-v2,1001,1960-01,BritishBeat,false,0,0,,,
shape-v2,1001,1960-01,BritishBeat,true,0,0,,,
shape-v2,1001,1960-01,BritishBlues,false,0,0,,,
shape-v2,1001,1960-01,BritishBlues,true,0,0,,,
shape-v2,1001,1960-01,Classical,false,41,0,,,
shape-v2,1001,1960-01,Classical,true,34,0,,,
shape-v2,1001,1960-01,Boogaloo,false,0,0,,,
shape-v2,1001,1960-01,Boogaloo,true,0,0,,,
shape-v2,1001,1960-01,TexMex,false,1,0,,,
shape-v2,1001,1960-01,TexMex,true,4,0,,,
shape-v2,1001,1960-01,LatinPop,false,0,0,,,
shape-v2,1001,1960-01,LatinPop,true,20,0,,,
shape-v2,1001,1960-01,Ska,false,0,0,,,
shape-v2,1001,1960-01,Ska,true,0,0,,,
shape-v2,1001,1960-01,Rocksteady,false,0,0,,,
shape-v2,1001,1960-01,Rocksteady,true,0,0,,,
shape-v2,1001,1960-01,Reggae,false,0,0,,,
shape-v2,1001,1960-01,Reggae,true,0,0,,,
shape-v2,1001,1960-01,Comedy,false,14,0,,,
shape-v2,1001,1960-01,Comedy,true,7,0,,,
shape-v2,1001,1960-01,Childrens,false,4,0,,,
shape-v2,1001,1960-01,Childrens,true,6,0,,,
shape-v2,1001,1960-01,ContemporaryFolk,false,0,0,,,
shape-v2,1001,1960-01,ContemporaryFolk,true,0,0,,,
shape-v2,1001,1960-01,SingerSongwriter,false,0,0,,,
shape-v2,1001,1960-01,SingerSongwriter,true,0,0,,,
shape-v2,1001,1960-01,PopRock,false,0,0,,,
shape-v2,1001,1960-01,PopRock,true,0,0,,,
shape-v2,1001,1960-01,RootsRock,false,0,0,,,
shape-v2,1001,1960-01,RootsRock,true,0,0,,,
shape-v2,1001,1960-01,PsychedelicPop,false,0,0,,,
shape-v2,1001,1960-01,PsychedelicPop,true,0,0,,,
shape-v2,1001,1960-02,TraditionalPop,false,286,4,4,4,5
shape-v2,1001,1960-02,TraditionalPop,true,9,4,3,5,5
shape-v2,1001,1960-02,EasyListening,false,135,4,3,3,5
shape-v2,1001,1960-02,EasyListening,true,32,4,3,3,5
shape-v2,1001,1960-02,Jazz,false,117,8,3,4,5
shape-v2,1001,1960-02,Jazz,true,7,4,4,4,5
shape-v2,1001,1960-02,Blues,false,137,4,3,3,4
shape-v2,1001,1960-02,Blues,true,2,2,3,3,4
shape-v2,1001,1960-02,RockAndRoll,false,500,0,,,
shape-v2,1001,1960-02,RockAndRoll,true,6,0,,,
shape-v2,1001,1960-02,DooWop,false,98,0,,,
shape-v2,1001,1960-02,DooWop,true,15,0,,,
shape-v2,1001,1960-02,TeenPop,false,314,0,,,
shape-v2,1001,1960-02,TeenPop,true,5,0,,,
shape-v2,1001,1960-02,RnB,false,439,0,,,
shape-v2,1001,1960-02,RnB,true,7,0,,,
shape-v2,1001,1960-02,Soul,false,429,0,,,
shape-v2,1001,1960-02,Soul,true,12,0,,,
shape-v2,1001,1960-02,Motown,false,0,0,,,
shape-v2,1001,1960-02,Motown,true,0,0,,,
shape-v2,1001,1960-02,Funk,false,0,0,,,
shape-v2,1001,1960-02,Funk,true,0,0,,,
shape-v2,1001,1960-02,GirlGroup,false,0,0,,,
shape-v2,1001,1960-02,GirlGroup,true,0,0,,,
shape-v2,1001,1960-02,Country,false,197,0,,,
shape-v2,1001,1960-02,Country,true,23,0,,,
shape-v2,1001,1960-02,Folk,false,179,4,3,3,5
shape-v2,1001,1960-02,Folk,true,9,4,4,4,4
shape-v2,1001,1960-02,FolkRock,false,0,0,,,
shape-v2,1001,1960-02,FolkRock,true,0,0,,,
shape-v2,1001,1960-02,CountryRock,false,0,0,,,
shape-v2,1001,1960-02,CountryRock,true,0,0,,,
shape-v2,1001,1960-02,BritishInvasion,false,0,0,,,
shape-v2,1001,1960-02,BritishInvasion,true,0,0,,,
shape-v2,1001,1960-02,Skiffle,false,0,0,,,
shape-v2,1001,1960-02,Skiffle,true,0,0,,,
shape-v2,1001,1960-02,SurfRock,false,0,0,,,
shape-v2,1001,1960-02,SurfRock,true,4,0,,,
shape-v2,1001,1960-02,GarageRock,false,0,0,,,
shape-v2,1001,1960-02,GarageRock,true,0,0,,,
shape-v2,1001,1960-02,ProtoPunk,false,0,0,,,
shape-v2,1001,1960-02,ProtoPunk,true,0,0,,,
shape-v2,1001,1960-02,Psychedelic,false,0,0,,,
shape-v2,1001,1960-02,Psychedelic,true,0,0,,,
shape-v2,1001,1960-02,AcidRock,false,0,0,,,
shape-v2,1001,1960-02,AcidRock,true,0,0,,,
shape-v2,1001,1960-02,BaroquePop,false,0,0,,,
shape-v2,1001,1960-02,BaroquePop,true,0,0,,,
shape-v2,1001,1960-02,SunshinePop,false,0,0,,,
shape-v2,1001,1960-02,SunshinePop,true,0,0,,,
shape-v2,1001,1960-02,ProgressiveRock,false,0,0,,,
shape-v2,1001,1960-02,ProgressiveRock,true,0,0,,,
shape-v2,1001,1960-02,BluesRock,false,0,0,,,
shape-v2,1001,1960-02,BluesRock,true,0,0,,,
shape-v2,1001,1960-02,HardRock,false,0,0,,,
shape-v2,1001,1960-02,HardRock,true,0,0,,,
shape-v2,1001,1960-02,ProtoMetal,false,0,0,,,
shape-v2,1001,1960-02,ProtoMetal,true,0,0,,,
shape-v2,1001,1960-02,Bubblegum,false,0,0,,,
shape-v2,1001,1960-02,Bubblegum,true,0,0,,,
shape-v2,1001,1960-02,BossaNova,false,0,0,,,
shape-v2,1001,1960-02,BossaNova,true,0,0,,,
shape-v2,1001,1960-02,SkaRocksteady,false,0,0,,,
shape-v2,1001,1960-02,SkaRocksteady,true,0,0,,,
shape-v2,1001,1960-02,Gospel,false,53,53,3,4,5
shape-v2,1001,1960-02,Gospel,true,10,10,3,3,5
shape-v2,1001,1960-02,BritishPop,false,0,0,,,
shape-v2,1001,1960-02,BritishPop,true,0,0,,,
shape-v2,1001,1960-02,PsychedelicRock,false,0,0,,,
shape-v2,1001,1960-02,PsychedelicRock,true,0,0,,,
shape-v2,1001,1960-02,BritishBeat,false,0,0,,,
shape-v2,1001,1960-02,BritishBeat,true,0,0,,,
shape-v2,1001,1960-02,BritishBlues,false,0,0,,,
shape-v2,1001,1960-02,BritishBlues,true,0,0,,,
shape-v2,1001,1960-02,Classical,false,67,0,,,
shape-v2,1001,1960-02,Classical,true,17,0,,,
shape-v2,1001,1960-02,Boogaloo,false,0,0,,,
shape-v2,1001,1960-02,Boogaloo,true,0,0,,,
shape-v2,1001,1960-02,TexMex,false,5,0,,,
shape-v2,1001,1960-02,TexMex,true,6,0,,,
shape-v2,1001,1960-02,LatinPop,false,15,0,,,
shape-v2,1001,1960-02,LatinPop,true,10,0,,,
shape-v2,1001,1960-02,Ska,false,0,0,,,
shape-v2,1001,1960-02,Ska,true,0,0,,,
shape-v2,1001,1960-02,Rocksteady,false,0,0,,,
shape-v2,1001,1960-02,Rocksteady,true,0,0,,,
shape-v2,1001,1960-02,Reggae,false,0,0,,,
shape-v2,1001,1960-02,Reggae,true,0,0,,,
shape-v2,1001,1960-02,Comedy,false,20,0,,,
shape-v2,1001,1960-02,Comedy,true,22,0,,,
shape-v2,1001,1960-02,Childrens,false,11,0,,,
shape-v2,1001,1960-02,Childrens,true,13,0,,,
shape-v2,1001,1960-02,ContemporaryFolk,false,0,0,,,
shape-v2,1001,1960-02,ContemporaryFolk,true,0,0,,,
shape-v2,1001,1960-02,SingerSongwriter,false,0,0,,,
shape-v2,1001,1960-02,SingerSongwriter,true,0,0,,,
shape-v2,1001,1960-02,PopRock,false,0,0,,,
shape-v2,1001,1960-02,PopRock,true,0,0,,,
shape-v2,1001,1960-02,RootsRock,false,0,0,,,
shape-v2,1001,1960-02,RootsRock,true,0,0,,,
shape-v2,1001,1960-02,PsychedelicPop,false,0,0,,,
shape-v2,1001,1960-02,PsychedelicPop,true,0,0,,,
shape-v2,1001,1960-03,TraditionalPop,false,290,4,4,4,5
shape-v2,1001,1960-03,TraditionalPop,true,15,4,3,3,5
shape-v2,1001,1960-03,EasyListening,false,136,4,3,4,5
shape-v2,1001,1960-03,EasyListening,true,42,4,3,4,5
shape-v2,1001,1960-03,Jazz,false,118,8,3,4,5
shape-v2,1001,1960-03,Jazz,true,14,6,3,4,5
shape-v2,1001,1960-03,Blues,false,137,4,3,3,4
shape-v2,1001,1960-03,Blues,true,10,4,4,4,5
shape-v2,1001,1960-03,RockAndRoll,false,501,0,,,
shape-v2,1001,1960-03,RockAndRoll,true,7,0,,,
shape-v2,1001,1960-03,DooWop,false,98,0,,,
shape-v2,1001,1960-03,DooWop,true,32,0,,,
shape-v2,1001,1960-03,TeenPop,false,315,0,,,
shape-v2,1001,1960-03,TeenPop,true,11,0,,,
shape-v2,1001,1960-03,RnB,false,440,0,,,
shape-v2,1001,1960-03,RnB,true,17,0,,,
shape-v2,1001,1960-03,Soul,false,430,0,,,
shape-v2,1001,1960-03,Soul,true,27,0,,,
shape-v2,1001,1960-03,Motown,false,0,0,,,
shape-v2,1001,1960-03,Motown,true,0,0,,,
shape-v2,1001,1960-03,Funk,false,0,0,,,
shape-v2,1001,1960-03,Funk,true,0,0,,,
shape-v2,1001,1960-03,GirlGroup,false,0,0,,,
shape-v2,1001,1960-03,GirlGroup,true,0,0,,,
shape-v2,1001,1960-03,Country,false,202,0,,,
shape-v2,1001,1960-03,Country,true,42,0,,,
shape-v2,1001,1960-03,Folk,false,179,4,4,5,5
shape-v2,1001,1960-03,Folk,true,16,4,3,3,4
shape-v2,1001,1960-03,FolkRock,false,0,0,,,
shape-v2,1001,1960-03,FolkRock,true,0,0,,,
shape-v2,1001,1960-03,CountryRock,false,0,0,,,
shape-v2,1001,1960-03,CountryRock,true,0,0,,,
shape-v2,1001,1960-03,BritishInvasion,false,0,0,,,
shape-v2,1001,1960-03,BritishInvasion,true,0,0,,,
shape-v2,1001,1960-03,Skiffle,false,0,0,,,
shape-v2,1001,1960-03,Skiffle,true,0,0,,,
shape-v2,1001,1960-03,SurfRock,false,0,0,,,
shape-v2,1001,1960-03,SurfRock,true,10,0,,,
shape-v2,1001,1960-03,GarageRock,false,0,0,,,
shape-v2,1001,1960-03,GarageRock,true,0,0,,,
shape-v2,1001,1960-03,ProtoPunk,false,0,0,,,
shape-v2,1001,1960-03,ProtoPunk,true,0,0,,,
shape-v2,1001,1960-03,Psychedelic,false,0,0,,,
shape-v2,1001,1960-03,Psychedelic,true,0,0,,,
shape-v2,1001,1960-03,AcidRock,false,0,0,,,
shape-v2,1001,1960-03,AcidRock,true,0,0,,,
shape-v2,1001,1960-03,BaroquePop,false,0,0,,,
shape-v2,1001,1960-03,BaroquePop,true,0,0,,,
shape-v2,1001,1960-03,SunshinePop,false,0,0,,,
shape-v2,1001,1960-03,SunshinePop,true,0,0,,,
shape-v2,1001,1960-03,ProgressiveRock,false,0,0,,,
shape-v2,1001,1960-03,ProgressiveRock,true,0,0,,,
shape-v2,1001,1960-03,BluesRock,false,0,0,,,
shape-v2,1001,1960-03,BluesRock,true,0,0,,,
shape-v2,1001,1960-03,HardRock,false,0,0,,,
shape-v2,1001,1960-03,HardRock,true,0,0,,,
shape-v2,1001,1960-03,ProtoMetal,false,0,0,,,
shape-v2,1001,1960-03,ProtoMetal,true,0,0,,,
shape-v2,1001,1960-03,Bubblegum,false,0,0,,,
shape-v2,1001,1960-03,Bubblegum,true,0,0,,,
shape-v2,1001,1960-03,BossaNova,false,0,0,,,
shape-v2,1001,1960-03,BossaNova,true,0,0,,,
shape-v2,1001,1960-03,SkaRocksteady,false,0,0,,,
shape-v2,1001,1960-03,SkaRocksteady,true,0,0,,,
shape-v2,1001,1960-03,Gospel,false,53,53,3,4,5
shape-v2,1001,1960-03,Gospel,true,18,18,3,4,5
shape-v2,1001,1960-03,BritishPop,false,0,0,,,
shape-v2,1001,1960-03,BritishPop,true,0,0,,,
shape-v2,1001,1960-03,PsychedelicRock,false,0,0,,,
shape-v2,1001,1960-03,PsychedelicRock,true,0,0,,,
shape-v2,1001,1960-03,BritishBeat,false,0,0,,,
shape-v2,1001,1960-03,BritishBeat,true,0,0,,,
shape-v2,1001,1960-03,BritishBlues,false,0,0,,,
shape-v2,1001,1960-03,BritishBlues,true,0,0,,,
shape-v2,1001,1960-03,Classical,false,68,0,,,
shape-v2,1001,1960-03,Classical,true,20,0,,,
shape-v2,1001,1960-03,Boogaloo,false,0,0,,,
shape-v2,1001,1960-03,Boogaloo,true,0,0,,,
shape-v2,1001,1960-03,TexMex,false,6,0,,,
shape-v2,1001,1960-03,TexMex,true,10,0,,,
shape-v2,1001,1960-03,LatinPop,false,17,0,,,
shape-v2,1001,1960-03,LatinPop,true,12,0,,,
shape-v2,1001,1960-03,Ska,false,0,0,,,
shape-v2,1001,1960-03,Ska,true,0,0,,,
shape-v2,1001,1960-03,Rocksteady,false,0,0,,,
shape-v2,1001,1960-03,Rocksteady,true,0,0,,,
shape-v2,1001,1960-03,Reggae,false,0,0,,,
shape-v2,1001,1960-03,Reggae,true,0,0,,,
shape-v2,1001,1960-03,Comedy,false,20,0,,,
shape-v2,1001,1960-03,Comedy,true,38,0,,,
shape-v2,1001,1960-03,Childrens,false,11,0,,,
shape-v2,1001,1960-03,Childrens,true,18,0,,,
shape-v2,1001,1960-03,ContemporaryFolk,false,0,0,,,
shape-v2,1001,1960-03,ContemporaryFolk,true,0,0,,,
shape-v2,1001,1960-03,SingerSongwriter,false,0,0,,,
shape-v2,1001,1960-03,SingerSongwriter,true,0,0,,,
shape-v2,1001,1960-03,PopRock,false,0,0,,,
shape-v2,1001,1960-03,PopRock,true,0,0,,,
shape-v2,1001,1960-03,RootsRock,false,0,0,,,
shape-v2,1001,1960-03,RootsRock,true,0,0,,,
shape-v2,1001,1960-03,PsychedelicPop,false,0,0,,,
shape-v2,1001,1960-03,PsychedelicPop,true,0,0,,,
shape-v2,1001,1960-04,TraditionalPop,false,291,4,3,3,3
shape-v2,1001,1960-04,TraditionalPop,true,23,4,3,3,4
shape-v2,1001,1960-04,EasyListening,false,138,4,4,4,5
shape-v2,1001,1960-04,EasyListening,true,54,4,3,4,5
shape-v2,1001,1960-04,Jazz,false,119,8,3,4,5
shape-v2,1001,1960-04,Jazz,true,24,8,3,4,5
shape-v2,1001,1960-04,Blues,false,137,4,3,5,5
shape-v2,1001,1960-04,Blues,true,13,4,3,3,4
shape-v2,1001,1960-04,RockAndRoll,false,501,0,,,
shape-v2,1001,1960-04,RockAndRoll,true,11,0,,,
shape-v2,1001,1960-04,DooWop,false,100,0,,,
shape-v2,1001,1960-04,DooWop,true,46,0,,,
shape-v2,1001,1960-04,TeenPop,false,316,0,,,
shape-v2,1001,1960-04,TeenPop,true,24,0,,,
shape-v2,1001,1960-04,RnB,false,440,0,,,
shape-v2,1001,1960-04,RnB,true,25,0,,,
shape-v2,1001,1960-04,Soul,false,430,0,,,
shape-v2,1001,1960-04,Soul,true,37,0,,,
shape-v2,1001,1960-04,Motown,false,0,0,,,
shape-v2,1001,1960-04,Motown,true,0,0,,,
shape-v2,1001,1960-04,Funk,false,0,0,,,
shape-v2,1001,1960-04,Funk,true,0,0,,,
shape-v2,1001,1960-04,GirlGroup,false,0,0,,,
shape-v2,1001,1960-04,GirlGroup,true,0,0,,,
shape-v2,1001,1960-04,Country,false,202,0,,,
shape-v2,1001,1960-04,Country,true,71,0,,,
shape-v2,1001,1960-04,Folk,false,179,4,3,4,5
shape-v2,1001,1960-04,Folk,true,27,4,3,3,5
shape-v2,1001,1960-04,FolkRock,false,0,0,,,
shape-v2,1001,1960-04,FolkRock,true,0,0,,,
shape-v2,1001,1960-04,CountryRock,false,0,0,,,
shape-v2,1001,1960-04,CountryRock,true,0,0,,,
shape-v2,1001,1960-04,BritishInvasion,false,0,0,,,
shape-v2,1001,1960-04,BritishInvasion,true,0,0,,,
shape-v2,1001,1960-04,Skiffle,false,0,0,,,
shape-v2,1001,1960-04,Skiffle,true,0,0,,,
shape-v2,1001,1960-04,SurfRock,false,0,0,,,
shape-v2,1001,1960-04,SurfRock,true,15,0,,,
shape-v2,1001,1960-04,GarageRock,false,0,0,,,
shape-v2,1001,1960-04,GarageRock,true,0,0,,,
shape-v2,1001,1960-04,ProtoPunk,false,0,0,,,
shape-v2,1001,1960-04,ProtoPunk,true,0,0,,,
shape-v2,1001,1960-04,Psychedelic,false,0,0,,,
shape-v2,1001,1960-04,Psychedelic,true,0,0,,,
shape-v2,1001,1960-04,AcidRock,false,0,0,,,
shape-v2,1001,1960-04,AcidRock,true,0,0,,,
shape-v2,1001,1960-04,BaroquePop,false,0,0,,,
shape-v2,1001,1960-04,BaroquePop,true,0,0,,,
shape-v2,1001,1960-04,SunshinePop,false,0,0,,,
shape-v2,1001,1960-04,SunshinePop,true,0,0,,,
shape-v2,1001,1960-04,ProgressiveRock,false,0,0,,,
shape-v2,1001,1960-04,ProgressiveRock,true,0,0,,,
shape-v2,1001,1960-04,BluesRock,false,0,0,,,
shape-v2,1001,1960-04,BluesRock,true,0,0,,,
shape-v2,1001,1960-04,HardRock,false,0,0,,,
shape-v2,1001,1960-04,HardRock,true,0,0,,,
shape-v2,1001,1960-04,ProtoMetal,false,0,0,,,
shape-v2,1001,1960-04,ProtoMetal,true,0,0,,,
shape-v2,1001,1960-04,Bubblegum,false,0,0,,,
shape-v2,1001,1960-04,Bubblegum,true,0,0,,,
shape-v2,1001,1960-04,BossaNova,false,0,0,,,
shape-v2,1001,1960-04,BossaNova,true,0,0,,,
shape-v2,1001,1960-04,SkaRocksteady,false,0,0,,,
shape-v2,1001,1960-04,SkaRocksteady,true,0,0,,,
shape-v2,1001,1960-04,Gospel,false,53,53,3,4,5
shape-v2,1001,1960-04,Gospel,true,23,23,3,4,5
shape-v2,1001,1960-04,BritishPop,false,0,0,,,
shape-v2,1001,1960-04,BritishPop,true,0,0,,,
shape-v2,1001,1960-04,PsychedelicRock,false,0,0,,,
shape-v2,1001,1960-04,PsychedelicRock,true,0,0,,,
shape-v2,1001,1960-04,BritishBeat,false,0,0,,,
shape-v2,1001,1960-04,BritishBeat,true,0,0,,,
shape-v2,1001,1960-04,BritishBlues,false,0,0,,,
shape-v2,1001,1960-04,BritishBlues,true,0,0,,,
shape-v2,1001,1960-04,Classical,false,69,0,,,
shape-v2,1001,1960-04,Classical,true,22,0,,,
shape-v2,1001,1960-04,Boogaloo,false,0,0,,,
shape-v2,1001,1960-04,Boogaloo,true,0,0,,,
shape-v2,1001,1960-04,TexMex,false,6,0,,,
shape-v2,1001,1960-04,TexMex,true,12,0,,,
shape-v2,1001,1960-04,LatinPop,false,18,0,,,
shape-v2,1001,1960-04,LatinPop,true,19,0,,,
shape-v2,1001,1960-04,Ska,false,0,0,,,
shape-v2,1001,1960-04,Ska,true,0,0,,,
shape-v2,1001,1960-04,Rocksteady,false,0,0,,,
shape-v2,1001,1960-04,Rocksteady,true,0,0,,,
shape-v2,1001,1960-04,Reggae,false,0,0,,,
shape-v2,1001,1960-04,Reggae,true,0,0,,,
shape-v2,1001,1960-04,Comedy,false,21,0,,,
shape-v2,1001,1960-04,Comedy,true,46,0,,,
shape-v2,1001,1960-04,Childrens,false,12,0,,,
shape-v2,1001,1960-04,Childrens,true,26,0,,,
shape-v2,1001,1960-04,ContemporaryFolk,false,0,0,,,
shape-v2,1001,1960-04,ContemporaryFolk,true,0,0,,,
shape-v2,1001,1960-04,SingerSongwriter,false,0,0,,,
shape-v2,1001,1960-04,SingerSongwriter,true,0,0,,,
shape-v2,1001,1960-04,PopRock,false,0,0,,,
shape-v2,1001,1960-04,PopRock,true,0,0,,,
shape-v2,1001,1960-04,RootsRock,false,0,0,,,
shape-v2,1001,1960-04,RootsRock,true,0,0,,,
shape-v2,1001,1960-04,PsychedelicPop,false,0,0,,,
shape-v2,1001,1960-04,PsychedelicPop,true,0,0,,,
shape-v2,1001,1960-05,TraditionalPop,false,291,4,3,4,5
shape-v2,1001,1960-05,TraditionalPop,true,31,4,3,3,5
shape-v2,1001,1960-05,EasyListening,false,138,4,3,4,5
shape-v2,1001,1960-05,EasyListening,true,69,4,3,4,5
shape-v2,1001,1960-05,Jazz,false,119,8,4,4,5
shape-v2,1001,1960-05,Jazz,true,37,8,3,4,5
shape-v2,1001,1960-05,Blues,false,137,4,3,4,5
shape-v2,1001,1960-05,Blues,true,18,4,4,4,5
shape-v2,1001,1960-05,RockAndRoll,false,501,0,,,
shape-v2,1001,1960-05,RockAndRoll,true,20,0,,,
shape-v2,1001,1960-05,DooWop,false,98,0,,,
shape-v2,1001,1960-05,DooWop,true,74,0,,,
shape-v2,1001,1960-05,TeenPop,false,316,0,,,
shape-v2,1001,1960-05,TeenPop,true,42,0,,,
shape-v2,1001,1960-05,RnB,false,440,0,,,
shape-v2,1001,1960-05,RnB,true,38,0,,,
shape-v2,1001,1960-05,Soul,false,427,0,,,
shape-v2,1001,1960-05,Soul,true,61,0,,,
shape-v2,1001,1960-05,Motown,false,0,0,,,
shape-v2,1001,1960-05,Motown,true,0,0,,,
shape-v2,1001,1960-05,Funk,false,0,0,,,
shape-v2,1001,1960-05,Funk,true,0,0,,,
shape-v2,1001,1960-05,GirlGroup,false,0,0,,,
shape-v2,1001,1960-05,GirlGroup,true,0,0,,,
shape-v2,1001,1960-05,Country,false,202,0,,,
shape-v2,1001,1960-05,Country,true,96,0,,,
shape-v2,1001,1960-05,Folk,false,179,4,3,3,5
shape-v2,1001,1960-05,Folk,true,40,4,4,4,5
shape-v2,1001,1960-05,FolkRock,false,0,0,,,
shape-v2,1001,1960-05,FolkRock,true,0,0,,,
shape-v2,1001,1960-05,CountryRock,false,0,0,,,
shape-v2,1001,1960-05,CountryRock,true,0,0,,,
shape-v2,1001,1960-05,BritishInvasion,false,0,0,,,
shape-v2,1001,1960-05,BritishInvasion,true,0,0,,,
shape-v2,1001,1960-05,Skiffle,false,0,0,,,
shape-v2,1001,1960-05,Skiffle,true,0,0,,,
shape-v2,1001,1960-05,SurfRock,false,0,0,,,
shape-v2,1001,1960-05,SurfRock,true,20,0,,,
shape-v2,1001,1960-05,GarageRock,false,0,0,,,
shape-v2,1001,1960-05,GarageRock,true,0,0,,,
shape-v2,1001,1960-05,ProtoPunk,false,0,0,,,
shape-v2,1001,1960-05,ProtoPunk,true,0,0,,,
shape-v2,1001,1960-05,Psychedelic,false,0,0,,,
shape-v2,1001,1960-05,Psychedelic,true,0,0,,,
shape-v2,1001,1960-05,AcidRock,false,0,0,,,
shape-v2,1001,1960-05,AcidRock,true,0,0,,,
shape-v2,1001,1960-05,BaroquePop,false,0,0,,,
shape-v2,1001,1960-05,BaroquePop,true,0,0,,,
shape-v2,1001,1960-05,SunshinePop,false,0,0,,,
shape-v2,1001,1960-05,SunshinePop,true,0,0,,,
shape-v2,1001,1960-05,ProgressiveRock,false,0,0,,,
shape-v2,1001,1960-05,ProgressiveRock,true,0,0,,,
shape-v2,1001,1960-05,BluesRock,false,0,0,,,
shape-v2,1001,1960-05,BluesRock,true,0,0,,,
shape-v2,1001,1960-05,HardRock,false,0,0,,,
shape-v2,1001,1960-05,HardRock,true,0,0,,,
shape-v2,1001,1960-05,ProtoMetal,false,0,0,,,
shape-v2,1001,1960-05,ProtoMetal,true,0,0,,,
shape-v2,1001,1960-05,Bubblegum,false,0,0,,,
shape-v2,1001,1960-05,Bubblegum,true,0,0,,,
shape-v2,1001,1960-05,BossaNova,false,0,0,,,
shape-v2,1001,1960-05,BossaNova,true,0,0,,,
shape-v2,1001,1960-05,SkaRocksteady,false,0,0,,,
shape-v2,1001,1960-05,SkaRocksteady,true,0,0,,,
shape-v2,1001,1960-05,Gospel,false,53,53,3,4,5
shape-v2,1001,1960-05,Gospel,true,33,33,3,4,5
shape-v2,1001,1960-05,BritishPop,false,0,0,,,
shape-v2,1001,1960-05,BritishPop,true,0,0,,,
shape-v2,1001,1960-05,PsychedelicRock,false,0,0,,,
shape-v2,1001,1960-05,PsychedelicRock,true,0,0,,,
shape-v2,1001,1960-05,BritishBeat,false,0,0,,,
shape-v2,1001,1960-05,BritishBeat,true,0,0,,,
shape-v2,1001,1960-05,BritishBlues,false,0,0,,,
shape-v2,1001,1960-05,BritishBlues,true,0,0,,,
shape-v2,1001,1960-05,Classical,false,69,0,,,
shape-v2,1001,1960-05,Classical,true,30,0,,,
shape-v2,1001,1960-05,Boogaloo,false,0,0,,,
shape-v2,1001,1960-05,Boogaloo,true,0,0,,,
shape-v2,1001,1960-05,TexMex,false,6,0,,,
shape-v2,1001,1960-05,TexMex,true,14,0,,,
shape-v2,1001,1960-05,LatinPop,false,18,0,,,
shape-v2,1001,1960-05,LatinPop,true,21,0,,,
shape-v2,1001,1960-05,Ska,false,0,0,,,
shape-v2,1001,1960-05,Ska,true,0,0,,,
shape-v2,1001,1960-05,Rocksteady,false,0,0,,,
shape-v2,1001,1960-05,Rocksteady,true,0,0,,,
shape-v2,1001,1960-05,Reggae,false,0,0,,,
shape-v2,1001,1960-05,Reggae,true,0,0,,,
shape-v2,1001,1960-05,Comedy,false,21,0,,,
shape-v2,1001,1960-05,Comedy,true,59,0,,,
shape-v2,1001,1960-05,Childrens,false,12,0,,,
shape-v2,1001,1960-05,Childrens,true,31,0,,,
shape-v2,1001,1960-05,ContemporaryFolk,false,0,0,,,
shape-v2,1001,1960-05,ContemporaryFolk,true,0,0,,,
shape-v2,1001,1960-05,SingerSongwriter,false,0,0,,,
shape-v2,1001,1960-05,SingerSongwriter,true,0,0,,,
shape-v2,1001,1960-05,PopRock,false,0,0,,,
shape-v2,1001,1960-05,PopRock,true,0,0,,,
shape-v2,1001,1960-05,RootsRock,false,0,0,,,
shape-v2,1001,1960-05,RootsRock,true,0,0,,,
shape-v2,1001,1960-05,PsychedelicPop,false,0,0,,,
shape-v2,1001,1960-05,PsychedelicPop,true,0,0,,,
shape-v2,1001,1960-06,TraditionalPop,false,291,4,3,3,5
shape-v2,1001,1960-06,TraditionalPop,true,38,4,5,5,5
shape-v2,1001,1960-06,EasyListening,false,140,4,3,3,5
shape-v2,1001,1960-06,EasyListening,true,73,4,3,3,5
shape-v2,1001,1960-06,Jazz,false,120,8,3,3,5
shape-v2,1001,1960-06,Jazz,true,43,8,3,4,5
shape-v2,1001,1960-06,Blues,false,137,4,3,4,5
shape-v2,1001,1960-06,Blues,true,22,4,3,3,5
shape-v2,1001,1960-06,RockAndRoll,false,498,0,,,
shape-v2,1001,1960-06,RockAndRoll,true,33,0,,,
shape-v2,1001,1960-06,DooWop,false,99,0,,,
shape-v2,1001,1960-06,DooWop,true,88,0,,,
shape-v2,1001,1960-06,TeenPop,false,317,0,,,
shape-v2,1001,1960-06,TeenPop,true,50,0,,,
shape-v2,1001,1960-06,RnB,false,440,0,,,
shape-v2,1001,1960-06,RnB,true,46,0,,,
shape-v2,1001,1960-06,Soul,false,428,0,,,
shape-v2,1001,1960-06,Soul,true,72,0,,,
shape-v2,1001,1960-06,Motown,false,0,0,,,
shape-v2,1001,1960-06,Motown,true,0,0,,,
shape-v2,1001,1960-06,Funk,false,0,0,,,
shape-v2,1001,1960-06,Funk,true,0,0,,,
shape-v2,1001,1960-06,GirlGroup,false,0,0,,,
shape-v2,1001,1960-06,GirlGroup,true,0,0,,,
shape-v2,1001,1960-06,Country,false,205,0,,,
shape-v2,1001,1960-06,Country,true,121,0,,,
shape-v2,1001,1960-06,Folk,false,179,4,4,4,5
shape-v2,1001,1960-06,Folk,true,54,4,3,4,5
shape-v2,1001,1960-06,FolkRock,false,0,0,,,
shape-v2,1001,1960-06,FolkRock,true,0,0,,,
shape-v2,1001,1960-06,CountryRock,false,0,0,,,
shape-v2,1001,1960-06,CountryRock,true,0,0,,,
shape-v2,1001,1960-06,BritishInvasion,false,0,0,,,
shape-v2,1001,1960-06,BritishInvasion,true,0,0,,,
shape-v2,1001,1960-06,Skiffle,false,0,0,,,
shape-v2,1001,1960-06,Skiffle,true,0,0,,,
shape-v2,1001,1960-06,SurfRock,false,0,0,,,
shape-v2,1001,1960-06,SurfRock,true,24,0,,,
shape-v2,1001,1960-06,GarageRock,false,0,0,,,
shape-v2,1001,1960-06,GarageRock,true,0,0,,,
shape-v2,1001,1960-06,ProtoPunk,false,0,0,,,
shape-v2,1001,1960-06,ProtoPunk,true,0,0,,,
shape-v2,1001,1960-06,Psychedelic,false,0,0,,,
shape-v2,1001,1960-06,Psychedelic,true,0,0,,,
shape-v2,1001,1960-06,AcidRock,false,0,0,,,
shape-v2,1001,1960-06,AcidRock,true,0,0,,,
shape-v2,1001,1960-06,BaroquePop,false,0,0,,,
shape-v2,1001,1960-06,BaroquePop,true,0,0,,,
shape-v2,1001,1960-06,SunshinePop,false,0,0,,,
shape-v2,1001,1960-06,SunshinePop,true,0,0,,,
shape-v2,1001,1960-06,ProgressiveRock,false,0,0,,,
shape-v2,1001,1960-06,ProgressiveRock,true,0,0,,,
shape-v2,1001,1960-06,BluesRock,false,0,0,,,
shape-v2,1001,1960-06,BluesRock,true,0,0,,,
shape-v2,1001,1960-06,HardRock,false,0,0,,,
shape-v2,1001,1960-06,HardRock,true,0,0,,,
shape-v2,1001,1960-06,ProtoMetal,false,0,0,,,
shape-v2,1001,1960-06,ProtoMetal,true,0,0,,,
shape-v2,1001,1960-06,Bubblegum,false,0,0,,,
shape-v2,1001,1960-06,Bubblegum,true,0,0,,,
shape-v2,1001,1960-06,BossaNova,false,0,0,,,
shape-v2,1001,1960-06,BossaNova,true,0,0,,,
shape-v2,1001,1960-06,SkaRocksteady,false,0,0,,,
shape-v2,1001,1960-06,SkaRocksteady,true,0,0,,,
shape-v2,1001,1960-06,Gospel,false,54,54,3,4,5
shape-v2,1001,1960-06,Gospel,true,36,36,3,4,5
shape-v2,1001,1960-06,BritishPop,false,0,0,,,
shape-v2,1001,1960-06,BritishPop,true,0,0,,,
shape-v2,1001,1960-06,PsychedelicRock,false,0,0,,,
shape-v2,1001,1960-06,PsychedelicRock,true,0,0,,,
shape-v2,1001,1960-06,BritishBeat,false,0,0,,,
shape-v2,1001,1960-06,BritishBeat,true,0,0,,,
shape-v2,1001,1960-06,BritishBlues,false,0,0,,,
shape-v2,1001,1960-06,BritishBlues,true,0,0,,,
shape-v2,1001,1960-06,Classical,false,70,0,,,
shape-v2,1001,1960-06,Classical,true,42,0,,,
shape-v2,1001,1960-06,Boogaloo,false,0,0,,,
shape-v2,1001,1960-06,Boogaloo,true,0,0,,,
shape-v2,1001,1960-06,TexMex,false,7,0,,,
shape-v2,1001,1960-06,TexMex,true,20,0,,,
shape-v2,1001,1960-06,LatinPop,false,17,0,,,
shape-v2,1001,1960-06,LatinPop,true,25,0,,,
shape-v2,1001,1960-06,Ska,false,0,0,,,
shape-v2,1001,1960-06,Ska,true,0,0,,,
shape-v2,1001,1960-06,Rocksteady,false,0,0,,,
shape-v2,1001,1960-06,Rocksteady,true,0,0,,,
shape-v2,1001,1960-06,Reggae,false,0,0,,,
shape-v2,1001,1960-06,Reggae,true,0,0,,,
shape-v2,1001,1960-06,Comedy,false,22,0,,,
shape-v2,1001,1960-06,Comedy,true,67,0,,,
shape-v2,1001,1960-06,Childrens,false,13,0,,,
shape-v2,1001,1960-06,Childrens,true,39,0,,,
shape-v2,1001,1960-06,ContemporaryFolk,false,0,0,,,
shape-v2,1001,1960-06,ContemporaryFolk,true,0,0,,,
shape-v2,1001,1960-06,SingerSongwriter,false,0,0,,,
shape-v2,1001,1960-06,SingerSongwriter,true,0,0,,,
shape-v2,1001,1960-06,PopRock,false,0,0,,,
shape-v2,1001,1960-06,PopRock,true,0,0,,,
shape-v2,1001,1960-06,RootsRock,false,0,0,,,
shape-v2,1001,1960-06,RootsRock,true,0,0,,,
shape-v2,1001,1960-06,PsychedelicPop,false,0,0,,,
shape-v2,1001,1960-06,PsychedelicPop,true,0,0,,,
shape-v2,1001,1960-07,TraditionalPop,false,288,4,3,4,5
shape-v2,1001,1960-07,TraditionalPop,true,47,4,3,4,5
shape-v2,1001,1960-07,EasyListening,false,140,4,3,3,4
shape-v2,1001,1960-07,EasyListening,true,86,4,3,4,4
shape-v2,1001,1960-07,Jazz,false,121,8,3,4,5
shape-v2,1001,1960-07,Jazz,true,51,8,3,3,5
shape-v2,1001,1960-07,Blues,false,136,4,3,4,5
shape-v2,1001,1960-07,Blues,true,33,4,3,4,5
shape-v2,1001,1960-07,RockAndRoll,false,499,0,,,
shape-v2,1001,1960-07,RockAndRoll,true,41,0,,,
shape-v2,1001,1960-07,DooWop,false,103,0,,,
shape-v2,1001,1960-07,DooWop,true,100,0,,,
shape-v2,1001,1960-07,TeenPop,false,316,0,,,
shape-v2,1001,1960-07,TeenPop,true,63,0,,,
shape-v2,1001,1960-07,RnB,false,437,0,,,
shape-v2,1001,1960-07,RnB,true,53,0,,,
shape-v2,1001,1960-07,Soul,false,424,0,,,
shape-v2,1001,1960-07,Soul,true,92,0,,,
shape-v2,1001,1960-07,Motown,false,0,0,,,
shape-v2,1001,1960-07,Motown,true,0,0,,,
shape-v2,1001,1960-07,Funk,false,0,0,,,
shape-v2,1001,1960-07,Funk,true,0,0,,,
shape-v2,1001,1960-07,GirlGroup,false,0,0,,,
shape-v2,1001,1960-07,GirlGroup,true,0,0,,,
shape-v2,1001,1960-07,Country,false,207,0,,,
shape-v2,1001,1960-07,Country,true,140,0,,,
shape-v2,1001,1960-07,Folk,false,180,4,3,3,5
shape-v2,1001,1960-07,Folk,true,57,4,3,4,5
shape-v2,1001,1960-07,FolkRock,false,0,0,,,
shape-v2,1001,1960-07,FolkRock,true,0,0,,,
shape-v2,1001,1960-07,CountryRock,false,0,0,,,
shape-v2,1001,1960-07,CountryRock,true,0,0,,,
shape-v2,1001,1960-07,BritishInvasion,false,0,0,,,
shape-v2,1001,1960-07,BritishInvasion,true,0,0,,,
shape-v2,1001,1960-07,Skiffle,false,0,0,,,
shape-v2,1001,1960-07,Skiffle,true,0,0,,,
shape-v2,1001,1960-07,SurfRock,false,1,0,,,
shape-v2,1001,1960-07,SurfRock,true,25,0,,,
shape-v2,1001,1960-07,GarageRock,false,0,0,,,
shape-v2,1001,1960-07,GarageRock,true,0,0,,,
shape-v2,1001,1960-07,ProtoPunk,false,0,0,,,
shape-v2,1001,1960-07,ProtoPunk,true,0,0,,,
shape-v2,1001,1960-07,Psychedelic,false,0,0,,,
shape-v2,1001,1960-07,Psychedelic,true,0,0,,,
shape-v2,1001,1960-07,AcidRock,false,0,0,,,
shape-v2,1001,1960-07,AcidRock,true,0,0,,,
shape-v2,1001,1960-07,BaroquePop,false,0,0,,,
shape-v2,1001,1960-07,BaroquePop,true,0,0,,,
shape-v2,1001,1960-07,SunshinePop,false,0,0,,,
shape-v2,1001,1960-07,SunshinePop,true,0,0,,,
shape-v2,1001,1960-07,ProgressiveRock,false,0,0,,,
shape-v2,1001,1960-07,ProgressiveRock,true,0,0,,,
shape-v2,1001,1960-07,BluesRock,false,0,0,,,
shape-v2,1001,1960-07,BluesRock,true,0,0,,,
shape-v2,1001,1960-07,HardRock,false,0,0,,,
shape-v2,1001,1960-07,HardRock,true,0,0,,,
shape-v2,1001,1960-07,ProtoMetal,false,0,0,,,
shape-v2,1001,1960-07,ProtoMetal,true,0,0,,,
shape-v2,1001,1960-07,Bubblegum,false,0,0,,,
shape-v2,1001,1960-07,Bubblegum,true,0,0,,,
shape-v2,1001,1960-07,BossaNova,false,0,0,,,
shape-v2,1001,1960-07,BossaNova,true,0,0,,,
shape-v2,1001,1960-07,SkaRocksteady,false,0,0,,,
shape-v2,1001,1960-07,SkaRocksteady,true,0,0,,,
shape-v2,1001,1960-07,Gospel,false,52,52,3,4,5
shape-v2,1001,1960-07,Gospel,true,49,49,3,4,5
shape-v2,1001,1960-07,BritishPop,false,0,0,,,
shape-v2,1001,1960-07,BritishPop,true,0,0,,,
shape-v2,1001,1960-07,PsychedelicRock,false,0,0,,,
shape-v2,1001,1960-07,PsychedelicRock,true,0,0,,,
shape-v2,1001,1960-07,BritishBeat,false,0,0,,,
shape-v2,1001,1960-07,BritishBeat,true,0,0,,,
shape-v2,1001,1960-07,BritishBlues,false,0,0,,,
shape-v2,1001,1960-07,BritishBlues,true,0,0,,,
shape-v2,1001,1960-07,Classical,false,69,0,,,
shape-v2,1001,1960-07,Classical,true,46,0,,,
shape-v2,1001,1960-07,Boogaloo,false,0,0,,,
shape-v2,1001,1960-07,Boogaloo,true,0,0,,,
shape-v2,1001,1960-07,TexMex,false,7,0,,,
shape-v2,1001,1960-07,TexMex,true,22,0,,,
shape-v2,1001,1960-07,LatinPop,false,16,0,,,
shape-v2,1001,1960-07,LatinPop,true,34,0,,,
shape-v2,1001,1960-07,Ska,false,0,0,,,
shape-v2,1001,1960-07,Ska,true,0,0,,,
shape-v2,1001,1960-07,Rocksteady,false,0,0,,,
shape-v2,1001,1960-07,Rocksteady,true,0,0,,,
shape-v2,1001,1960-07,Reggae,false,0,0,,,
shape-v2,1001,1960-07,Reggae,true,0,0,,,
shape-v2,1001,1960-07,Comedy,false,22,0,,,
shape-v2,1001,1960-07,Comedy,true,79,0,,,
shape-v2,1001,1960-07,Childrens,false,14,0,,,
shape-v2,1001,1960-07,Childrens,true,50,0,,,
shape-v2,1001,1960-07,ContemporaryFolk,false,0,0,,,
shape-v2,1001,1960-07,ContemporaryFolk,true,0,0,,,
shape-v2,1001,1960-07,SingerSongwriter,false,0,0,,,
shape-v2,1001,1960-07,SingerSongwriter,true,0,0,,,
shape-v2,1001,1960-07,PopRock,false,0,0,,,
shape-v2,1001,1960-07,PopRock,true,0,0,,,
shape-v2,1001,1960-07,RootsRock,false,0,0,,,
shape-v2,1001,1960-07,RootsRock,true,0,0,,,
shape-v2,1001,1960-07,PsychedelicPop,false,0,0,,,
shape-v2,1001,1960-07,PsychedelicPop,true,0,0,,,
shape-v2,1001,1960-08,TraditionalPop,false,286,4,3,4,5
shape-v2,1001,1960-08,TraditionalPop,true,64,4,3,3,5
shape-v2,1001,1960-08,EasyListening,false,140,4,3,3,5
shape-v2,1001,1960-08,EasyListening,true,108,4,3,4,4
shape-v2,1001,1960-08,Jazz,false,122,8,3,4,5
shape-v2,1001,1960-08,Jazz,true,64,8,3,4,5
shape-v2,1001,1960-08,Blues,false,135,4,4,4,5
shape-v2,1001,1960-08,Blues,true,42,4,4,4,4
shape-v2,1001,1960-08,RockAndRoll,false,497,0,,,
shape-v2,1001,1960-08,RockAndRoll,true,56,0,,,
shape-v2,1001,1960-08,DooWop,false,103,0,,,
shape-v2,1001,1960-08,DooWop,true,123,0,,,
shape-v2,1001,1960-08,TeenPop,false,317,0,,,
shape-v2,1001,1960-08,TeenPop,true,73,0,,,
shape-v2,1001,1960-08,RnB,false,437,0,,,
shape-v2,1001,1960-08,RnB,true,60,0,,,
shape-v2,1001,1960-08,Soul,false,425,0,,,
shape-v2,1001,1960-08,Soul,true,100,0,,,
shape-v2,1001,1960-08,Motown,false,0,0,,,
shape-v2,1001,1960-08,Motown,true,0,0,,,
shape-v2,1001,1960-08,Funk,false,0,0,,,
shape-v2,1001,1960-08,Funk,true,0,0,,,
shape-v2,1001,1960-08,GirlGroup,false,0,0,,,
shape-v2,1001,1960-08,GirlGroup,true,0,0,,,
shape-v2,1001,1960-08,Country,false,206,0,,,
shape-v2,1001,1960-08,Country,true,172,0,,,
shape-v2,1001,1960-08,Folk,false,178,4,3,3,4
shape-v2,1001,1960-08,Folk,true,71,4,3,3,5
shape-v2,1001,1960-08,FolkRock,false,0,0,,,
shape-v2,1001,1960-08,FolkRock,true,0,0,,,
shape-v2,1001,1960-08,CountryRock,false,0,0,,,
shape-v2,1001,1960-08,CountryRock,true,0,0,,,
shape-v2,1001,1960-08,BritishInvasion,false,0,0,,,
shape-v2,1001,1960-08,BritishInvasion,true,0,0,,,
shape-v2,1001,1960-08,Skiffle,false,0,0,,,
shape-v2,1001,1960-08,Skiffle,true,0,0,,,
shape-v2,1001,1960-08,SurfRock,false,1,0,,,
shape-v2,1001,1960-08,SurfRock,true,28,0,,,
shape-v2,1001,1960-08,GarageRock,false,0,0,,,
shape-v2,1001,1960-08,GarageRock,true,0,0,,,
shape-v2,1001,1960-08,ProtoPunk,false,0,0,,,
shape-v2,1001,1960-08,ProtoPunk,true,0,0,,,
shape-v2,1001,1960-08,Psychedelic,false,0,0,,,
shape-v2,1001,1960-08,Psychedelic,true,0,0,,,
shape-v2,1001,1960-08,AcidRock,false,0,0,,,
shape-v2,1001,1960-08,AcidRock,true,0,0,,,
shape-v2,1001,1960-08,BaroquePop,false,0,0,,,
shape-v2,1001,1960-08,BaroquePop,true,0,0,,,
shape-v2,1001,1960-08,SunshinePop,false,0,0,,,
shape-v2,1001,1960-08,SunshinePop,true,0,0,,,
shape-v2,1001,1960-08,ProgressiveRock,false,0,0,,,
shape-v2,1001,1960-08,ProgressiveRock,true,0,0,,,
shape-v2,1001,1960-08,BluesRock,false,0,0,,,
shape-v2,1001,1960-08,BluesRock,true,0,0,,,
shape-v2,1001,1960-08,HardRock,false,0,0,,,
shape-v2,1001,1960-08,HardRock,true,0,0,,,
shape-v2,1001,1960-08,ProtoMetal,false,0,0,,,
shape-v2,1001,1960-08,ProtoMetal,true,0,0,,,
shape-v2,1001,1960-08,Bubblegum,false,0,0,,,
shape-v2,1001,1960-08,Bubblegum,true,0,0,,,
shape-v2,1001,1960-08,BossaNova,false,0,0,,,
shape-v2,1001,1960-08,BossaNova,true,0,0,,,
shape-v2,1001,1960-08,SkaRocksteady,false,0,0,,,
shape-v2,1001,1960-08,SkaRocksteady,true,0,0,,,
shape-v2,1001,1960-08,Gospel,false,52,52,3,4,5
shape-v2,1001,1960-08,Gospel,true,60,60,3,4,5
shape-v2,1001,1960-08,BritishPop,false,0,0,,,
shape-v2,1001,1960-08,BritishPop,true,0,0,,,
shape-v2,1001,1960-08,PsychedelicRock,false,0,0,,,
shape-v2,1001,1960-08,PsychedelicRock,true,0,0,,,
shape-v2,1001,1960-08,BritishBeat,false,0,0,,,
shape-v2,1001,1960-08,BritishBeat,true,0,0,,,
shape-v2,1001,1960-08,BritishBlues,false,0,0,,,
shape-v2,1001,1960-08,BritishBlues,true,0,0,,,
shape-v2,1001,1960-08,Classical,false,67,0,,,
shape-v2,1001,1960-08,Classical,true,56,0,,,
shape-v2,1001,1960-08,Boogaloo,false,0,0,,,
shape-v2,1001,1960-08,Boogaloo,true,0,0,,,
shape-v2,1001,1960-08,TexMex,false,7,0,,,
shape-v2,1001,1960-08,TexMex,true,24,0,,,
shape-v2,1001,1960-08,LatinPop,false,16,0,,,
shape-v2,1001,1960-08,LatinPop,true,42,0,,,
shape-v2,1001,1960-08,Ska,false,0,0,,,
shape-v2,1001,1960-08,Ska,true,0,0,,,
shape-v2,1001,1960-08,Rocksteady,false,0,0,,,
shape-v2,1001,1960-08,Rocksteady,true,0,0,,,
shape-v2,1001,1960-08,Reggae,false,0,0,,,
shape-v2,1001,1960-08,Reggae,true,0,0,,,
shape-v2,1001,1960-08,Comedy,false,22,0,,,
shape-v2,1001,1960-08,Comedy,true,85,0,,,
shape-v2,1001,1960-08,Childrens,false,15,0,,,
shape-v2,1001,1960-08,Childrens,true,57,0,,,
shape-v2,1001,1960-08,ContemporaryFolk,false,0,0,,,
shape-v2,1001,1960-08,ContemporaryFolk,true,0,0,,,
shape-v2,1001,1960-08,SingerSongwriter,false,0,0,,,
shape-v2,1001,1960-08,SingerSongwriter,true,0,0,,,
shape-v2,1001,1960-08,PopRock,false,0,0,,,
shape-v2,1001,1960-08,PopRock,true,0,0,,,
shape-v2,1001,1960-08,RootsRock,false,0,0,,,
shape-v2,1001,1960-08,RootsRock,true,0,0,,,
shape-v2,1001,1960-08,PsychedelicPop,false,0,0,,,
shape-v2,1001,1960-08,PsychedelicPop,true,0,0,,,
shape-v2,1001,1960-09,TraditionalPop,false,285,4,3,4,4
shape-v2,1001,1960-09,TraditionalPop,true,74,4,3,3,4
shape-v2,1001,1960-09,EasyListening,false,129,4,4,4,5
shape-v2,1001,1960-09,EasyListening,true,136,4,3,3,5
shape-v2,1001,1960-09,Jazz,false,123,8,3,3,5
shape-v2,1001,1960-09,Jazz,true,71,8,3,4,5
shape-v2,1001,1960-09,Blues,false,135,4,3,3,4
shape-v2,1001,1960-09,Blues,true,45,4,3,3,5
shape-v2,1001,1960-09,RockAndRoll,false,478,0,,,
shape-v2,1001,1960-09,RockAndRoll,true,85,0,,,
shape-v2,1001,1960-09,DooWop,false,102,0,,,
shape-v2,1001,1960-09,DooWop,true,141,0,,,
shape-v2,1001,1960-09,TeenPop,false,318,0,,,
shape-v2,1001,1960-09,TeenPop,true,85,0,,,
shape-v2,1001,1960-09,RnB,false,431,0,,,
shape-v2,1001,1960-09,RnB,true,73,0,,,
shape-v2,1001,1960-09,Soul,false,422,0,,,
shape-v2,1001,1960-09,Soul,true,113,0,,,
shape-v2,1001,1960-09,Motown,false,0,0,,,
shape-v2,1001,1960-09,Motown,true,0,0,,,
shape-v2,1001,1960-09,Funk,false,0,0,,,
shape-v2,1001,1960-09,Funk,true,0,0,,,
shape-v2,1001,1960-09,GirlGroup,false,0,0,,,
shape-v2,1001,1960-09,GirlGroup,true,0,0,,,
shape-v2,1001,1960-09,Country,false,201,0,,,
shape-v2,1001,1960-09,Country,true,196,0,,,
shape-v2,1001,1960-09,Folk,false,177,4,3,4,5
shape-v2,1001,1960-09,Folk,true,81,4,3,4,5
shape-v2,1001,1960-09,FolkRock,false,0,0,,,
shape-v2,1001,1960-09,FolkRock,true,0,0,,,
shape-v2,1001,1960-09,CountryRock,false,0,0,,,
shape-v2,1001,1960-09,CountryRock,true,0,0,,,
shape-v2,1001,1960-09,BritishInvasion,false,0,0,,,
shape-v2,1001,1960-09,BritishInvasion,true,0,0,,,
shape-v2,1001,1960-09,Skiffle,false,0,0,,,
shape-v2,1001,1960-09,Skiffle,true,0,0,,,
shape-v2,1001,1960-09,SurfRock,false,2,0,,,
shape-v2,1001,1960-09,SurfRock,true,33,0,,,
shape-v2,1001,1960-09,GarageRock,false,0,0,,,
shape-v2,1001,1960-09,GarageRock,true,0,0,,,
shape-v2,1001,1960-09,ProtoPunk,false,0,0,,,
shape-v2,1001,1960-09,ProtoPunk,true,0,0,,,
shape-v2,1001,1960-09,Psychedelic,false,0,0,,,
shape-v2,1001,1960-09,Psychedelic,true,0,0,,,
shape-v2,1001,1960-09,AcidRock,false,0,0,,,
shape-v2,1001,1960-09,AcidRock,true,0,0,,,
shape-v2,1001,1960-09,BaroquePop,false,0,0,,,
shape-v2,1001,1960-09,BaroquePop,true,0,0,,,
shape-v2,1001,1960-09,SunshinePop,false,0,0,,,
shape-v2,1001,1960-09,SunshinePop,true,0,0,,,
shape-v2,1001,1960-09,ProgressiveRock,false,0,0,,,
shape-v2,1001,1960-09,ProgressiveRock,true,0,0,,,
shape-v2,1001,1960-09,BluesRock,false,0,0,,,
shape-v2,1001,1960-09,BluesRock,true,0,0,,,
shape-v2,1001,1960-09,HardRock,false,0,0,,,
shape-v2,1001,1960-09,HardRock,true,0,0,,,
shape-v2,1001,1960-09,ProtoMetal,false,0,0,,,
shape-v2,1001,1960-09,ProtoMetal,true,0,0,,,
shape-v2,1001,1960-09,Bubblegum,false,0,0,,,
shape-v2,1001,1960-09,Bubblegum,true,0,0,,,
shape-v2,1001,1960-09,BossaNova,false,0,0,,,
shape-v2,1001,1960-09,BossaNova,true,0,0,,,
shape-v2,1001,1960-09,SkaRocksteady,false,0,0,,,
shape-v2,1001,1960-09,SkaRocksteady,true,0,0,,,
shape-v2,1001,1960-09,Gospel,false,48,48,3,4,5
shape-v2,1001,1960-09,Gospel,true,73,73,3,4,5
shape-v2,1001,1960-09,BritishPop,false,0,0,,,
shape-v2,1001,1960-09,BritishPop,true,0,0,,,
shape-v2,1001,1960-09,PsychedelicRock,false,0,0,,,
shape-v2,1001,1960-09,PsychedelicRock,true,0,0,,,
shape-v2,1001,1960-09,BritishBeat,false,0,0,,,
shape-v2,1001,1960-09,BritishBeat,true,0,0,,,
shape-v2,1001,1960-09,BritishBlues,false,0,0,,,
shape-v2,1001,1960-09,BritishBlues,true,0,0,,,
shape-v2,1001,1960-09,Classical,false,61,0,,,
shape-v2,1001,1960-09,Classical,true,72,0,,,
shape-v2,1001,1960-09,Boogaloo,false,0,0,,,
shape-v2,1001,1960-09,Boogaloo,true,0,0,,,
shape-v2,1001,1960-09,TexMex,false,6,0,,,
shape-v2,1001,1960-09,TexMex,true,27,0,,,
shape-v2,1001,1960-09,LatinPop,false,14,0,,,
shape-v2,1001,1960-09,LatinPop,true,48,0,,,
shape-v2,1001,1960-09,Ska,false,0,0,,,
shape-v2,1001,1960-09,Ska,true,0,0,,,
shape-v2,1001,1960-09,Rocksteady,false,0,0,,,
shape-v2,1001,1960-09,Rocksteady,true,0,0,,,
shape-v2,1001,1960-09,Reggae,false,0,0,,,
shape-v2,1001,1960-09,Reggae,true,0,0,,,
shape-v2,1001,1960-09,Comedy,false,20,0,,,
shape-v2,1001,1960-09,Comedy,true,98,0,,,
shape-v2,1001,1960-09,Childrens,false,14,0,,,
shape-v2,1001,1960-09,Childrens,true,63,0,,,
shape-v2,1001,1960-09,ContemporaryFolk,false,0,0,,,
shape-v2,1001,1960-09,ContemporaryFolk,true,0,0,,,
shape-v2,1001,1960-09,SingerSongwriter,false,0,0,,,
shape-v2,1001,1960-09,SingerSongwriter,true,0,0,,,
shape-v2,1001,1960-09,PopRock,false,0,0,,,
shape-v2,1001,1960-09,PopRock,true,0,0,,,
shape-v2,1001,1960-09,RootsRock,false,0,0,,,
shape-v2,1001,1960-09,RootsRock,true,0,0,,,
shape-v2,1001,1960-09,PsychedelicPop,false,0,0,,,
shape-v2,1001,1960-09,PsychedelicPop,true,0,0,,,
shape-v2,1001,1960-10,TraditionalPop,false,286,4,3,3,4
shape-v2,1001,1960-10,TraditionalPop,true,85,4,4,5,5
shape-v2,1001,1960-10,EasyListening,false,131,4,3,3,5
shape-v2,1001,1960-10,EasyListening,true,142,4,3,3,4
shape-v2,1001,1960-10,Jazz,false,124,8,3,3,5
shape-v2,1001,1960-10,Jazz,true,76,8,3,4,4
shape-v2,1001,1960-10,Blues,false,137,4,3,3,3
shape-v2,1001,1960-10,Blues,true,52,4,4,4,5
shape-v2,1001,1960-10,RockAndRoll,false,481,0,,,
shape-v2,1001,1960-10,RockAndRoll,true,93,0,,,
shape-v2,1001,1960-10,DooWop,false,109,0,,,
shape-v2,1001,1960-10,DooWop,true,163,0,,,
shape-v2,1001,1960-10,TeenPop,false,319,0,,,
shape-v2,1001,1960-10,TeenPop,true,92,0,,,
shape-v2,1001,1960-10,RnB,false,432,0,,,
shape-v2,1001,1960-10,RnB,true,82,0,,,
shape-v2,1001,1960-10,Soul,false,424,0,,,
shape-v2,1001,1960-10,Soul,true,121,0,,,
shape-v2,1001,1960-10,Motown,false,0,0,,,
shape-v2,1001,1960-10,Motown,true,0,0,,,
shape-v2,1001,1960-10,Funk,false,0,0,,,
shape-v2,1001,1960-10,Funk,true,0,0,,,
shape-v2,1001,1960-10,GirlGroup,false,0,0,,,
shape-v2,1001,1960-10,GirlGroup,true,0,0,,,
shape-v2,1001,1960-10,Country,false,202,0,,,
shape-v2,1001,1960-10,Country,true,237,0,,,
shape-v2,1001,1960-10,Folk,false,178,4,3,4,5
shape-v2,1001,1960-10,Folk,true,90,4,3,3,5
shape-v2,1001,1960-10,FolkRock,false,0,0,,,
shape-v2,1001,1960-10,FolkRock,true,0,0,,,
shape-v2,1001,1960-10,CountryRock,false,0,0,,,
shape-v2,1001,1960-10,CountryRock,true,0,0,,,
shape-v2,1001,1960-10,BritishInvasion,false,0,0,,,
shape-v2,1001,1960-10,BritishInvasion,true,0,0,,,
shape-v2,1001,1960-10,Skiffle,false,0,0,,,
shape-v2,1001,1960-10,Skiffle,true,0,0,,,
shape-v2,1001,1960-10,SurfRock,false,2,0,,,
shape-v2,1001,1960-10,SurfRock,true,34,0,,,
shape-v2,1001,1960-10,GarageRock,false,0,0,,,
shape-v2,1001,1960-10,GarageRock,true,0,0,,,
shape-v2,1001,1960-10,ProtoPunk,false,0,0,,,
shape-v2,1001,1960-10,ProtoPunk,true,0,0,,,
shape-v2,1001,1960-10,Psychedelic,false,0,0,,,
shape-v2,1001,1960-10,Psychedelic,true,0,0,,,
shape-v2,1001,1960-10,AcidRock,false,0,0,,,
shape-v2,1001,1960-10,AcidRock,true,0,0,,,
shape-v2,1001,1960-10,BaroquePop,false,0,0,,,
shape-v2,1001,1960-10,BaroquePop,true,0,0,,,
shape-v2,1001,1960-10,SunshinePop,false,0,0,,,
shape-v2,1001,1960-10,SunshinePop,true,0,0,,,
shape-v2,1001,1960-10,ProgressiveRock,false,0,0,,,
shape-v2,1001,1960-10,ProgressiveRock,true,0,0,,,
shape-v2,1001,1960-10,BluesRock,false,0,0,,,
shape-v2,1001,1960-10,BluesRock,true,0,0,,,
shape-v2,1001,1960-10,HardRock,false,0,0,,,
shape-v2,1001,1960-10,HardRock,true,0,0,,,
shape-v2,1001,1960-10,ProtoMetal,false,0,0,,,
shape-v2,1001,1960-10,ProtoMetal,true,0,0,,,
shape-v2,1001,1960-10,Bubblegum,false,0,0,,,
shape-v2,1001,1960-10,Bubblegum,true,0,0,,,
shape-v2,1001,1960-10,BossaNova,false,0,0,,,
shape-v2,1001,1960-10,BossaNova,true,0,0,,,
shape-v2,1001,1960-10,SkaRocksteady,false,0,0,,,
shape-v2,1001,1960-10,SkaRocksteady,true,0,0,,,
shape-v2,1001,1960-10,Gospel,false,49,49,3,4,5
shape-v2,1001,1960-10,Gospel,true,85,85,3,4,5
shape-v2,1001,1960-10,BritishPop,false,0,0,,,
shape-v2,1001,1960-10,BritishPop,true,0,0,,,
shape-v2,1001,1960-10,PsychedelicRock,false,0,0,,,
shape-v2,1001,1960-10,PsychedelicRock,true,0,0,,,
shape-v2,1001,1960-10,BritishBeat,false,0,0,,,
shape-v2,1001,1960-10,BritishBeat,true,0,0,,,
shape-v2,1001,1960-10,BritishBlues,false,0,0,,,
shape-v2,1001,1960-10,BritishBlues,true,0,0,,,
shape-v2,1001,1960-10,Classical,false,62,0,,,
shape-v2,1001,1960-10,Classical,true,80,0,,,
shape-v2,1001,1960-10,Boogaloo,false,0,0,,,
shape-v2,1001,1960-10,Boogaloo,true,0,0,,,
shape-v2,1001,1960-10,TexMex,false,7,0,,,
shape-v2,1001,1960-10,TexMex,true,30,0,,,
shape-v2,1001,1960-10,LatinPop,false,15,0,,,
shape-v2,1001,1960-10,LatinPop,true,52,0,,,
shape-v2,1001,1960-10,Ska,false,0,0,,,
shape-v2,1001,1960-10,Ska,true,0,0,,,
shape-v2,1001,1960-10,Rocksteady,false,0,0,,,
shape-v2,1001,1960-10,Rocksteady,true,0,0,,,
shape-v2,1001,1960-10,Reggae,false,0,0,,,
shape-v2,1001,1960-10,Reggae,true,0,0,,,
shape-v2,1001,1960-10,Comedy,false,19,0,,,
shape-v2,1001,1960-10,Comedy,true,113,0,,,
shape-v2,1001,1960-10,Childrens,false,13,0,,,
shape-v2,1001,1960-10,Childrens,true,75,0,,,
shape-v2,1001,1960-10,ContemporaryFolk,false,0,0,,,
shape-v2,1001,1960-10,ContemporaryFolk,true,0,0,,,
shape-v2,1001,1960-10,SingerSongwriter,false,0,0,,,
shape-v2,1001,1960-10,SingerSongwriter,true,0,0,,,
shape-v2,1001,1960-10,PopRock,false,0,0,,,
shape-v2,1001,1960-10,PopRock,true,0,0,,,
shape-v2,1001,1960-10,RootsRock,false,0,0,,,
shape-v2,1001,1960-10,RootsRock,true,0,0,,,
shape-v2,1001,1960-10,PsychedelicPop,false,0,0,,,
shape-v2,1001,1960-10,PsychedelicPop,true,0,0,,,
shape-v2,1001,1960-11,TraditionalPop,false,286,4,3,3,5
shape-v2,1001,1960-11,TraditionalPop,true,95,4,3,4,5
shape-v2,1001,1960-11,EasyListening,false,130,4,3,4,4
shape-v2,1001,1960-11,EasyListening,true,154,4,3,3,5
shape-v2,1001,1960-11,Jazz,false,124,8,3,4,5
shape-v2,1001,1960-11,Jazz,true,87,8,3,4,5
shape-v2,1001,1960-11,Blues,false,136,4,3,4,5
shape-v2,1001,1960-11,Blues,true,59,4,3,3,4
shape-v2,1001,1960-11,RockAndRoll,false,481,0,,,
shape-v2,1001,1960-11,RockAndRoll,true,99,0,,,
shape-v2,1001,1960-11,DooWop,false,107,0,,,
shape-v2,1001,1960-11,DooWop,true,181,0,,,
shape-v2,1001,1960-11,TeenPop,false,319,0,,,
shape-v2,1001,1960-11,TeenPop,true,107,0,,,
shape-v2,1001,1960-11,RnB,false,430,0,,,
shape-v2,1001,1960-11,RnB,true,90,0,,,
shape-v2,1001,1960-11,Soul,false,426,0,,,
shape-v2,1001,1960-11,Soul,true,130,0,,,
shape-v2,1001,1960-11,Motown,false,0,0,,,
shape-v2,1001,1960-11,Motown,true,0,0,,,
shape-v2,1001,1960-11,Funk,false,0,0,,,
shape-v2,1001,1960-11,Funk,true,0,0,,,
shape-v2,1001,1960-11,GirlGroup,false,0,0,,,
shape-v2,1001,1960-11,GirlGroup,true,0,0,,,
shape-v2,1001,1960-11,Country,false,202,0,,,
shape-v2,1001,1960-11,Country,true,254,0,,,
shape-v2,1001,1960-11,Folk,false,178,4,3,5,5
shape-v2,1001,1960-11,Folk,true,99,4,3,3,5
shape-v2,1001,1960-11,FolkRock,false,0,0,,,
shape-v2,1001,1960-11,FolkRock,true,0,0,,,
shape-v2,1001,1960-11,CountryRock,false,0,0,,,
shape-v2,1001,1960-11,CountryRock,true,0,0,,,
shape-v2,1001,1960-11,BritishInvasion,false,0,0,,,
shape-v2,1001,1960-11,BritishInvasion,true,0,0,,,
shape-v2,1001,1960-11,Skiffle,false,0,0,,,
shape-v2,1001,1960-11,Skiffle,true,0,0,,,
shape-v2,1001,1960-11,SurfRock,false,2,0,,,
shape-v2,1001,1960-11,SurfRock,true,36,0,,,
shape-v2,1001,1960-11,GarageRock,false,0,0,,,
shape-v2,1001,1960-11,GarageRock,true,0,0,,,
shape-v2,1001,1960-11,ProtoPunk,false,0,0,,,
shape-v2,1001,1960-11,ProtoPunk,true,0,0,,,
shape-v2,1001,1960-11,Psychedelic,false,0,0,,,
shape-v2,1001,1960-11,Psychedelic,true,0,0,,,
shape-v2,1001,1960-11,AcidRock,false,0,0,,,
shape-v2,1001,1960-11,AcidRock,true,0,0,,,
shape-v2,1001,1960-11,BaroquePop,false,0,0,,,
shape-v2,1001,1960-11,BaroquePop,true,0,0,,,
shape-v2,1001,1960-11,SunshinePop,false,0,0,,,
shape-v2,1001,1960-11,SunshinePop,true,0,0,,,
shape-v2,1001,1960-11,ProgressiveRock,false,0,0,,,
shape-v2,1001,1960-11,ProgressiveRock,true,0,0,,,
shape-v2,1001,1960-11,BluesRock,false,0,0,,,
shape-v2,1001,1960-11,BluesRock,true,0,0,,,
shape-v2,1001,1960-11,HardRock,false,0,0,,,
shape-v2,1001,1960-11,HardRock,true,0,0,,,
shape-v2,1001,1960-11,ProtoMetal,false,0,0,,,
shape-v2,1001,1960-11,ProtoMetal,true,0,0,,,
shape-v2,1001,1960-11,Bubblegum,false,0,0,,,
shape-v2,1001,1960-11,Bubblegum,true,0,0,,,
shape-v2,1001,1960-11,BossaNova,false,0,0,,,
shape-v2,1001,1960-11,BossaNova,true,0,0,,,
shape-v2,1001,1960-11,SkaRocksteady,false,0,0,,,
shape-v2,1001,1960-11,SkaRocksteady,true,0,0,,,
shape-v2,1001,1960-11,Gospel,false,50,50,3,4,5
shape-v2,1001,1960-11,Gospel,true,94,94,3,4,5
shape-v2,1001,1960-11,BritishPop,false,0,0,,,
shape-v2,1001,1960-11,BritishPop,true,0,0,,,
shape-v2,1001,1960-11,PsychedelicRock,false,0,0,,,
shape-v2,1001,1960-11,PsychedelicRock,true,0,0,,,
shape-v2,1001,1960-11,BritishBeat,false,0,0,,,
shape-v2,1001,1960-11,BritishBeat,true,0,0,,,
shape-v2,1001,1960-11,BritishBlues,false,0,0,,,
shape-v2,1001,1960-11,BritishBlues,true,0,0,,,
shape-v2,1001,1960-11,Classical,false,61,0,,,
shape-v2,1001,1960-11,Classical,true,83,0,,,
shape-v2,1001,1960-11,Boogaloo,false,0,0,,,
shape-v2,1001,1960-11,Boogaloo,true,0,0,,,
shape-v2,1001,1960-11,TexMex,false,8,0,,,
shape-v2,1001,1960-11,TexMex,true,34,0,,,
shape-v2,1001,1960-11,LatinPop,false,15,0,,,
shape-v2,1001,1960-11,LatinPop,true,60,0,,,
shape-v2,1001,1960-11,Ska,false,0,0,,,
shape-v2,1001,1960-11,Ska,true,0,0,,,
shape-v2,1001,1960-11,Rocksteady,false,0,0,,,
shape-v2,1001,1960-11,Rocksteady,true,0,0,,,
shape-v2,1001,1960-11,Reggae,false,0,0,,,
shape-v2,1001,1960-11,Reggae,true,0,0,,,
shape-v2,1001,1960-11,Comedy,false,18,0,,,
shape-v2,1001,1960-11,Comedy,true,130,0,,,
shape-v2,1001,1960-11,Childrens,false,13,0,,,
shape-v2,1001,1960-11,Childrens,true,83,0,,,
shape-v2,1001,1960-11,ContemporaryFolk,false,0,0,,,
shape-v2,1001,1960-11,ContemporaryFolk,true,0,0,,,
shape-v2,1001,1960-11,SingerSongwriter,false,0,0,,,
shape-v2,1001,1960-11,SingerSongwriter,true,0,0,,,
shape-v2,1001,1960-11,PopRock,false,0,0,,,
shape-v2,1001,1960-11,PopRock,true,0,0,,,
shape-v2,1001,1960-11,RootsRock,false,0,0,,,
shape-v2,1001,1960-11,RootsRock,true,0,0,,,
shape-v2,1001,1960-11,PsychedelicPop,false,0,0,,,
shape-v2,1001,1960-11,PsychedelicPop,true,0,0,,,
shape-v2,1001,1960-12,TraditionalPop,false,287,4,3,3,5
shape-v2,1001,1960-12,TraditionalPop,true,105,4,3,3,4
shape-v2,1001,1960-12,EasyListening,false,118,4,3,3,5
shape-v2,1001,1960-12,EasyListening,true,186,4,3,4,5
shape-v2,1001,1960-12,Jazz,false,123,8,3,4,5
shape-v2,1001,1960-12,Jazz,true,95,8,3,4,5
shape-v2,1001,1960-12,Blues,false,131,4,3,3,5
shape-v2,1001,1960-12,Blues,true,70,4,3,4,5
shape-v2,1001,1960-12,RockAndRoll,false,466,0,,,
shape-v2,1001,1960-12,RockAndRoll,true,120,0,,,
shape-v2,1001,1960-12,DooWop,false,106,0,,,
shape-v2,1001,1960-12,DooWop,true,206,0,,,
shape-v2,1001,1960-12,TeenPop,false,320,0,,,
shape-v2,1001,1960-12,TeenPop,true,113,0,,,
shape-v2,1001,1960-12,RnB,false,415,0,,,
shape-v2,1001,1960-12,RnB,true,108,0,,,
shape-v2,1001,1960-12,Soul,false,402,0,,,
shape-v2,1001,1960-12,Soul,true,164,0,,,
shape-v2,1001,1960-12,Motown,false,0,0,,,
shape-v2,1001,1960-12,Motown,true,0,0,,,
shape-v2,1001,1960-12,Funk,false,0,0,,,
shape-v2,1001,1960-12,Funk,true,0,0,,,
shape-v2,1001,1960-12,GirlGroup,false,0,0,,,
shape-v2,1001,1960-12,GirlGroup,true,0,0,,,
shape-v2,1001,1960-12,Country,false,203,0,,,
shape-v2,1001,1960-12,Country,true,278,0,,,
shape-v2,1001,1960-12,Folk,false,175,4,3,4,5
shape-v2,1001,1960-12,Folk,true,114,4,4,4,5
shape-v2,1001,1960-12,FolkRock,false,0,0,,,
shape-v2,1001,1960-12,FolkRock,true,0,0,,,
shape-v2,1001,1960-12,CountryRock,false,0,0,,,
shape-v2,1001,1960-12,CountryRock,true,0,0,,,
shape-v2,1001,1960-12,BritishInvasion,false,0,0,,,
shape-v2,1001,1960-12,BritishInvasion,true,0,0,,,
shape-v2,1001,1960-12,Skiffle,false,0,0,,,
shape-v2,1001,1960-12,Skiffle,true,0,0,,,
shape-v2,1001,1960-12,SurfRock,false,2,0,,,
shape-v2,1001,1960-12,SurfRock,true,38,0,,,
shape-v2,1001,1960-12,GarageRock,false,0,0,,,
shape-v2,1001,1960-12,GarageRock,true,0,0,,,
shape-v2,1001,1960-12,ProtoPunk,false,0,0,,,
shape-v2,1001,1960-12,ProtoPunk,true,0,0,,,
shape-v2,1001,1960-12,Psychedelic,false,0,0,,,
shape-v2,1001,1960-12,Psychedelic,true,0,0,,,
shape-v2,1001,1960-12,AcidRock,false,0,0,,,
shape-v2,1001,1960-12,AcidRock,true,0,0,,,
shape-v2,1001,1960-12,BaroquePop,false,0,0,,,
shape-v2,1001,1960-12,BaroquePop,true,0,0,,,
shape-v2,1001,1960-12,SunshinePop,false,0,0,,,
shape-v2,1001,1960-12,SunshinePop,true,0,0,,,
shape-v2,1001,1960-12,ProgressiveRock,false,0,0,,,
shape-v2,1001,1960-12,ProgressiveRock,true,0,0,,,
shape-v2,1001,1960-12,BluesRock,false,0,0,,,
shape-v2,1001,1960-12,BluesRock,true,0,0,,,
shape-v2,1001,1960-12,HardRock,false,0,0,,,
shape-v2,1001,1960-12,HardRock,true,0,0,,,
shape-v2,1001,1960-12,ProtoMetal,false,0,0,,,
shape-v2,1001,1960-12,ProtoMetal,true,0,0,,,
shape-v2,1001,1960-12,Bubblegum,false,0,0,,,
shape-v2,1001,1960-12,Bubblegum,true,0,0,,,
shape-v2,1001,1960-12,BossaNova,false,0,0,,,
shape-v2,1001,1960-12,BossaNova,true,0,0,,,
shape-v2,1001,1960-12,SkaRocksteady,false,0,0,,,
shape-v2,1001,1960-12,SkaRocksteady,true,0,0,,,
shape-v2,1001,1960-12,Gospel,false,48,48,3,4,5
shape-v2,1001,1960-12,Gospel,true,103,103,3,4,5
shape-v2,1001,1960-12,BritishPop,false,0,0,,,
shape-v2,1001,1960-12,BritishPop,true,0,0,,,
shape-v2,1001,1960-12,PsychedelicRock,false,0,0,,,
shape-v2,1001,1960-12,PsychedelicRock,true,0,0,,,
shape-v2,1001,1960-12,BritishBeat,false,0,0,,,
shape-v2,1001,1960-12,BritishBeat,true,0,0,,,
shape-v2,1001,1960-12,BritishBlues,false,0,0,,,
shape-v2,1001,1960-12,BritishBlues,true,0,0,,,
shape-v2,1001,1960-12,Classical,false,56,0,,,
shape-v2,1001,1960-12,Classical,true,95,0,,,
shape-v2,1001,1960-12,Boogaloo,false,0,0,,,
shape-v2,1001,1960-12,Boogaloo,true,0,0,,,
shape-v2,1001,1960-12,TexMex,false,6,0,,,
shape-v2,1001,1960-12,TexMex,true,39,0,,,
shape-v2,1001,1960-12,LatinPop,false,15,0,,,
shape-v2,1001,1960-12,LatinPop,true,66,0,,,
shape-v2,1001,1960-12,Ska,false,0,0,,,
shape-v2,1001,1960-12,Ska,true,0,0,,,
shape-v2,1001,1960-12,Rocksteady,false,0,0,,,
shape-v2,1001,1960-12,Rocksteady,true,0,0,,,
shape-v2,1001,1960-12,Reggae,false,0,0,,,
shape-v2,1001,1960-12,Reggae,true,0,0,,,
shape-v2,1001,1960-12,Comedy,false,18,0,,,
shape-v2,1001,1960-12,Comedy,true,138,0,,,
shape-v2,1001,1960-12,Childrens,false,12,0,,,
shape-v2,1001,1960-12,Childrens,true,89,0,,,
shape-v2,1001,1960-12,ContemporaryFolk,false,0,0,,,
shape-v2,1001,1960-12,ContemporaryFolk,true,0,0,,,
shape-v2,1001,1960-12,SingerSongwriter,false,0,0,,,
shape-v2,1001,1960-12,SingerSongwriter,true,0,0,,,
shape-v2,1001,1960-12,PopRock,false,0,0,,,
shape-v2,1001,1960-12,PopRock,true,0,0,,,
shape-v2,1001,1960-12,RootsRock,false,0,0,,,
shape-v2,1001,1960-12,RootsRock,true,0,0,,,
shape-v2,1001,1960-12,PsychedelicPop,false,0,0,,,
shape-v2,1001,1960-12,PsychedelicPop,true,0,0,,,
shape-v2,1001,1961-01,TraditionalPop,false,248,4,3,4,5
shape-v2,1001,1961-01,TraditionalPop,true,530,4,3,4,5
shape-v2,1001,1961-01,EasyListening,false,98,4,3,3,5
shape-v2,1001,1961-01,EasyListening,true,402,4,4,5,5
shape-v2,1001,1961-01,Jazz,false,103,8,3,3,5
shape-v2,1001,1961-01,Jazz,true,298,8,3,3,5
shape-v2,1001,1961-01,Blues,false,110,4,4,4,5
shape-v2,1001,1961-01,Blues,true,247,4,3,3,5
shape-v2,1001,1961-01,RockAndRoll,false,383,0,,,
shape-v2,1001,1961-01,RockAndRoll,true,877,0,,,
shape-v2,1001,1961-01,DooWop,false,101,0,,,
shape-v2,1001,1961-01,DooWop,true,365,0,,,
shape-v2,1001,1961-01,TeenPop,false,282,0,,,
shape-v2,1001,1961-01,TeenPop,true,583,0,,,
shape-v2,1001,1961-01,RnB,false,351,0,,,
shape-v2,1001,1961-01,RnB,true,752,0,,,
shape-v2,1001,1961-01,Soul,false,375,0,,,
shape-v2,1001,1961-01,Soul,true,774,0,,,
shape-v2,1001,1961-01,Motown,false,0,0,,,
shape-v2,1001,1961-01,Motown,true,0,0,,,
shape-v2,1001,1961-01,Funk,false,0,0,,,
shape-v2,1001,1961-01,Funk,true,0,0,,,
shape-v2,1001,1961-01,GirlGroup,false,0,0,,,
shape-v2,1001,1961-01,GirlGroup,true,0,0,,,
shape-v2,1001,1961-01,Country,false,178,0,,,
shape-v2,1001,1961-01,Country,true,564,0,,,
shape-v2,1001,1961-01,Folk,false,158,4,3,4,5
shape-v2,1001,1961-01,Folk,true,365,4,4,4,5
shape-v2,1001,1961-01,FolkRock,false,0,0,,,
shape-v2,1001,1961-01,FolkRock,true,0,0,,,
shape-v2,1001,1961-01,CountryRock,false,0,0,,,
shape-v2,1001,1961-01,CountryRock,true,0,0,,,
shape-v2,1001,1961-01,BritishInvasion,false,0,0,,,
shape-v2,1001,1961-01,BritishInvasion,true,0,0,,,
shape-v2,1001,1961-01,Skiffle,false,0,0,,,
shape-v2,1001,1961-01,Skiffle,true,0,0,,,
shape-v2,1001,1961-01,SurfRock,false,4,0,,,
shape-v2,1001,1961-01,SurfRock,true,42,0,,,
shape-v2,1001,1961-01,GarageRock,false,0,0,,,
shape-v2,1001,1961-01,GarageRock,true,0,0,,,
shape-v2,1001,1961-01,ProtoPunk,false,0,0,,,
shape-v2,1001,1961-01,ProtoPunk,true,0,0,,,
shape-v2,1001,1961-01,Psychedelic,false,0,0,,,
shape-v2,1001,1961-01,Psychedelic,true,0,0,,,
shape-v2,1001,1961-01,AcidRock,false,0,0,,,
shape-v2,1001,1961-01,AcidRock,true,0,0,,,
shape-v2,1001,1961-01,BaroquePop,false,0,0,,,
shape-v2,1001,1961-01,BaroquePop,true,0,0,,,
shape-v2,1001,1961-01,SunshinePop,false,0,0,,,
shape-v2,1001,1961-01,SunshinePop,true,0,0,,,
shape-v2,1001,1961-01,ProgressiveRock,false,0,0,,,
shape-v2,1001,1961-01,ProgressiveRock,true,0,0,,,
shape-v2,1001,1961-01,BluesRock,false,0,0,,,
shape-v2,1001,1961-01,BluesRock,true,0,0,,,
shape-v2,1001,1961-01,HardRock,false,0,0,,,
shape-v2,1001,1961-01,HardRock,true,0,0,,,
shape-v2,1001,1961-01,ProtoMetal,false,0,0,,,
shape-v2,1001,1961-01,ProtoMetal,true,0,0,,,
shape-v2,1001,1961-01,Bubblegum,false,0,0,,,
shape-v2,1001,1961-01,Bubblegum,true,0,0,,,
shape-v2,1001,1961-01,BossaNova,false,0,0,,,
shape-v2,1001,1961-01,BossaNova,true,0,0,,,
shape-v2,1001,1961-01,SkaRocksteady,false,0,0,,,
shape-v2,1001,1961-01,SkaRocksteady,true,0,0,,,
shape-v2,1001,1961-01,Gospel,false,36,36,3,4,5
shape-v2,1001,1961-01,Gospel,true,187,187,3,4,5
shape-v2,1001,1961-01,BritishPop,false,0,0,,,
shape-v2,1001,1961-01,BritishPop,true,0,0,,,
shape-v2,1001,1961-01,PsychedelicRock,false,0,0,,,
shape-v2,1001,1961-01,PsychedelicRock,true,0,0,,,
shape-v2,1001,1961-01,BritishBeat,false,0,0,,,
shape-v2,1001,1961-01,BritishBeat,true,0,0,,,
shape-v2,1001,1961-01,BritishBlues,false,0,0,,,
shape-v2,1001,1961-01,BritishBlues,true,0,0,,,
shape-v2,1001,1961-01,Classical,false,50,0,,,
shape-v2,1001,1961-01,Classical,true,228,0,,,
shape-v2,1001,1961-01,Boogaloo,false,0,0,,,
shape-v2,1001,1961-01,Boogaloo,true,0,0,,,
shape-v2,1001,1961-01,TexMex,false,7,0,,,
shape-v2,1001,1961-01,TexMex,true,49,0,,,
shape-v2,1001,1961-01,LatinPop,false,14,0,,,
shape-v2,1001,1961-01,LatinPop,true,122,0,,,
shape-v2,1001,1961-01,Ska,false,0,0,,,
shape-v2,1001,1961-01,Ska,true,0,0,,,
shape-v2,1001,1961-01,Rocksteady,false,0,0,,,
shape-v2,1001,1961-01,Rocksteady,true,0,0,,,
shape-v2,1001,1961-01,Reggae,false,0,0,,,
shape-v2,1001,1961-01,Reggae,true,0,0,,,
shape-v2,1001,1961-01,Comedy,false,19,0,,,
shape-v2,1001,1961-01,Comedy,true,172,0,,,
shape-v2,1001,1961-01,Childrens,false,12,0,,,
shape-v2,1001,1961-01,Childrens,true,114,0,,,
shape-v2,1001,1961-01,ContemporaryFolk,false,0,0,,,
shape-v2,1001,1961-01,ContemporaryFolk,true,0,0,,,
shape-v2,1001,1961-01,SingerSongwriter,false,0,0,,,
shape-v2,1001,1961-01,SingerSongwriter,true,0,0,,,
shape-v2,1001,1961-01,PopRock,false,0,0,,,
shape-v2,1001,1961-01,PopRock,true,0,0,,,
shape-v2,1001,1961-01,RootsRock,false,0,0,,,
shape-v2,1001,1961-01,RootsRock,true,0,0,,,
shape-v2,1001,1961-01,PsychedelicPop,false,0,0,,,
shape-v2,1001,1961-01,PsychedelicPop,true,0,0,,,
shape-v2,1001,1961-02,TraditionalPop,false,278,4,3,3,3
shape-v2,1001,1961-02,TraditionalPop,true,510,4,3,3,4
shape-v2,1001,1961-02,EasyListening,false,115,4,3,3,5
shape-v2,1001,1961-02,EasyListening,true,400,4,3,4,5
shape-v2,1001,1961-02,Jazz,false,112,8,3,4,5
shape-v2,1001,1961-02,Jazz,true,298,8,3,4,5
shape-v2,1001,1961-02,Blues,false,117,4,4,4,5
shape-v2,1001,1961-02,Blues,true,246,4,3,4,5
shape-v2,1001,1961-02,RockAndRoll,false,432,0,,,
shape-v2,1001,1961-02,RockAndRoll,true,831,0,,,
shape-v2,1001,1961-02,DooWop,false,127,0,,,
shape-v2,1001,1961-02,DooWop,true,348,0,,,
shape-v2,1001,1961-02,TeenPop,false,310,0,,,
shape-v2,1001,1961-02,TeenPop,true,567,0,,,
shape-v2,1001,1961-02,RnB,false,395,0,,,
shape-v2,1001,1961-02,RnB,true,714,0,,,
shape-v2,1001,1961-02,Soul,false,408,0,,,
shape-v2,1001,1961-02,Soul,true,750,0,,,
shape-v2,1001,1961-02,Motown,false,0,0,,,
shape-v2,1001,1961-02,Motown,true,0,0,,,
shape-v2,1001,1961-02,Funk,false,0,0,,,
shape-v2,1001,1961-02,Funk,true,0,0,,,
shape-v2,1001,1961-02,GirlGroup,false,0,0,,,
shape-v2,1001,1961-02,GirlGroup,true,0,0,,,
shape-v2,1001,1961-02,Country,false,204,0,,,
shape-v2,1001,1961-02,Country,true,562,0,,,
shape-v2,1001,1961-02,Folk,false,183,4,3,3,5
shape-v2,1001,1961-02,Folk,true,348,4,3,4,5
shape-v2,1001,1961-02,FolkRock,false,0,0,,,
shape-v2,1001,1961-02,FolkRock,true,0,0,,,
shape-v2,1001,1961-02,CountryRock,false,0,0,,,
shape-v2,1001,1961-02,CountryRock,true,0,0,,,
shape-v2,1001,1961-02,BritishInvasion,false,0,0,,,
shape-v2,1001,1961-02,BritishInvasion,true,0,0,,,
shape-v2,1001,1961-02,Skiffle,false,0,0,,,
shape-v2,1001,1961-02,Skiffle,true,0,0,,,
shape-v2,1001,1961-02,SurfRock,false,9,0,,,
shape-v2,1001,1961-02,SurfRock,true,46,0,,,
shape-v2,1001,1961-02,GarageRock,false,0,0,,,
shape-v2,1001,1961-02,GarageRock,true,0,0,,,
shape-v2,1001,1961-02,ProtoPunk,false,0,0,,,
shape-v2,1001,1961-02,ProtoPunk,true,0,0,,,
shape-v2,1001,1961-02,Psychedelic,false,0,0,,,
shape-v2,1001,1961-02,Psychedelic,true,0,0,,,
shape-v2,1001,1961-02,AcidRock,false,0,0,,,
shape-v2,1001,1961-02,AcidRock,true,0,0,,,
shape-v2,1001,1961-02,BaroquePop,false,0,0,,,
shape-v2,1001,1961-02,BaroquePop,true,0,0,,,
shape-v2,1001,1961-02,SunshinePop,false,0,0,,,
shape-v2,1001,1961-02,SunshinePop,true,0,0,,,
shape-v2,1001,1961-02,ProgressiveRock,false,0,0,,,
shape-v2,1001,1961-02,ProgressiveRock,true,0,0,,,
shape-v2,1001,1961-02,BluesRock,false,0,0,,,
shape-v2,1001,1961-02,BluesRock,true,0,0,,,
shape-v2,1001,1961-02,HardRock,false,0,0,,,
shape-v2,1001,1961-02,HardRock,true,0,0,,,
shape-v2,1001,1961-02,ProtoMetal,false,0,0,,,
shape-v2,1001,1961-02,ProtoMetal,true,0,0,,,
shape-v2,1001,1961-02,Bubblegum,false,0,0,,,
shape-v2,1001,1961-02,Bubblegum,true,0,0,,,
shape-v2,1001,1961-02,BossaNova,false,0,0,,,
shape-v2,1001,1961-02,BossaNova,true,0,0,,,
shape-v2,1001,1961-02,SkaRocksteady,false,0,0,,,
shape-v2,1001,1961-02,SkaRocksteady,true,0,0,,,
shape-v2,1001,1961-02,Gospel,false,48,48,3,4,5
shape-v2,1001,1961-02,Gospel,true,187,187,3,4,5
shape-v2,1001,1961-02,BritishPop,false,0,0,,,
shape-v2,1001,1961-02,BritishPop,true,0,0,,,
shape-v2,1001,1961-02,PsychedelicRock,false,0,0,,,
shape-v2,1001,1961-02,PsychedelicRock,true,0,0,,,
shape-v2,1001,1961-02,BritishBeat,false,0,0,,,
shape-v2,1001,1961-02,BritishBeat,true,0,0,,,
shape-v2,1001,1961-02,BritishBlues,false,0,0,,,
shape-v2,1001,1961-02,BritishBlues,true,0,0,,,
shape-v2,1001,1961-02,Classical,false,58,0,,,
shape-v2,1001,1961-02,Classical,true,224,0,,,
shape-v2,1001,1961-02,Boogaloo,false,0,0,,,
shape-v2,1001,1961-02,Boogaloo,true,0,0,,,
shape-v2,1001,1961-02,TexMex,false,11,0,,,
shape-v2,1001,1961-02,TexMex,true,49,0,,,
shape-v2,1001,1961-02,LatinPop,false,16,0,,,
shape-v2,1001,1961-02,LatinPop,true,126,0,,,
shape-v2,1001,1961-02,Ska,false,0,0,,,
shape-v2,1001,1961-02,Ska,true,0,0,,,
shape-v2,1001,1961-02,Rocksteady,false,0,0,,,
shape-v2,1001,1961-02,Rocksteady,true,0,0,,,
shape-v2,1001,1961-02,Reggae,false,0,0,,,
shape-v2,1001,1961-02,Reggae,true,0,0,,,
shape-v2,1001,1961-02,Comedy,false,25,0,,,
shape-v2,1001,1961-02,Comedy,true,177,0,,,
shape-v2,1001,1961-02,Childrens,false,16,0,,,
shape-v2,1001,1961-02,Childrens,true,113,0,,,
shape-v2,1001,1961-02,ContemporaryFolk,false,1,0,,,
shape-v2,1001,1961-02,ContemporaryFolk,true,8,0,,,
shape-v2,1001,1961-02,SingerSongwriter,false,0,0,,,
shape-v2,1001,1961-02,SingerSongwriter,true,0,0,,,
shape-v2,1001,1961-02,PopRock,false,0,0,,,
shape-v2,1001,1961-02,PopRock,true,0,0,,,
shape-v2,1001,1961-02,RootsRock,false,0,0,,,
shape-v2,1001,1961-02,RootsRock,true,0,0,,,
shape-v2,1001,1961-02,PsychedelicPop,false,0,0,,,
shape-v2,1001,1961-02,PsychedelicPop,true,0,0,,,
shape-v2,1001,1961-03,TraditionalPop,false,273,4,3,4,5
shape-v2,1001,1961-03,TraditionalPop,true,525,4,3,3,5
shape-v2,1001,1961-03,EasyListening,false,116,4,3,3,4
shape-v2,1001,1961-03,EasyListening,true,408,4,3,4,5
shape-v2,1001,1961-03,Jazz,false,114,8,4,4,5
shape-v2,1001,1961-03,Jazz,true,306,8,3,4,5
shape-v2,1001,1961-03,Blues,false,118,4,4,4,5
shape-v2,1001,1961-03,Blues,true,255,4,3,4,5
shape-v2,1001,1961-03,RockAndRoll,false,434,0,,,
shape-v2,1001,1961-03,RockAndRoll,true,833,0,,,
shape-v2,1001,1961-03,DooWop,false,125,0,,,
shape-v2,1001,1961-03,DooWop,true,359,0,,,
shape-v2,1001,1961-03,TeenPop,false,308,0,,,
shape-v2,1001,1961-03,TeenPop,true,579,0,,,
shape-v2,1001,1961-03,RnB,false,384,0,,,
shape-v2,1001,1961-03,RnB,true,733,0,,,
shape-v2,1001,1961-03,Soul,false,398,0,,,
shape-v2,1001,1961-03,Soul,true,772,0,,,
shape-v2,1001,1961-03,Motown,false,0,0,,,
shape-v2,1001,1961-03,Motown,true,0,0,,,
shape-v2,1001,1961-03,Funk,false,0,0,,,
shape-v2,1001,1961-03,Funk,true,0,0,,,
shape-v2,1001,1961-03,GirlGroup,false,0,0,,,
shape-v2,1001,1961-03,GirlGroup,true,0,0,,,
shape-v2,1001,1961-03,Country,false,202,0,,,
shape-v2,1001,1961-03,Country,true,589,0,,,
shape-v2,1001,1961-03,Folk,false,181,4,4,4,5
shape-v2,1001,1961-03,Folk,true,356,4,4,5,5
shape-v2,1001,1961-03,FolkRock,false,0,0,,,
shape-v2,1001,1961-03,FolkRock,true,0,0,,,
shape-v2,1001,1961-03,CountryRock,false,0,0,,,
shape-v2,1001,1961-03,CountryRock,true,0,0,,,
shape-v2,1001,1961-03,BritishInvasion,false,0,0,,,
shape-v2,1001,1961-03,BritishInvasion,true,0,0,,,
shape-v2,1001,1961-03,Skiffle,false,0,0,,,
shape-v2,1001,1961-03,Skiffle,true,0,0,,,
shape-v2,1001,1961-03,SurfRock,false,8,0,,,
shape-v2,1001,1961-03,SurfRock,true,54,0,,,
shape-v2,1001,1961-03,GarageRock,false,0,0,,,
shape-v2,1001,1961-03,GarageRock,true,0,0,,,
shape-v2,1001,1961-03,ProtoPunk,false,0,0,,,
shape-v2,1001,1961-03,ProtoPunk,true,0,0,,,
shape-v2,1001,1961-03,Psychedelic,false,0,0,,,
shape-v2,1001,1961-03,Psychedelic,true,0,0,,,
shape-v2,1001,1961-03,AcidRock,false,0,0,,,
shape-v2,1001,1961-03,AcidRock,true,0,0,,,
shape-v2,1001,1961-03,BaroquePop,false,0,0,,,
shape-v2,1001,1961-03,BaroquePop,true,0,0,,,
shape-v2,1001,1961-03,SunshinePop,false,0,0,,,
shape-v2,1001,1961-03,SunshinePop,true,0,0,,,
shape-v2,1001,1961-03,ProgressiveRock,false,0,0,,,
shape-v2,1001,1961-03,ProgressiveRock,true,0,0,,,
shape-v2,1001,1961-03,BluesRock,false,0,0,,,
shape-v2,1001,1961-03,BluesRock,true,0,0,,,
shape-v2,1001,1961-03,HardRock,false,0,0,,,
shape-v2,1001,1961-03,HardRock,true,0,0,,,
shape-v2,1001,1961-03,ProtoMetal,false,0,0,,,
shape-v2,1001,1961-03,ProtoMetal,true,0,0,,,
shape-v2,1001,1961-03,Bubblegum,false,0,0,,,
shape-v2,1001,1961-03,Bubblegum,true,0,0,,,
shape-v2,1001,1961-03,BossaNova,false,0,0,,,
shape-v2,1001,1961-03,BossaNova,true,0,0,,,
shape-v2,1001,1961-03,SkaRocksteady,false,0,0,,,
shape-v2,1001,1961-03,SkaRocksteady,true,0,0,,,
shape-v2,1001,1961-03,Gospel,false,44,44,3,4,5
shape-v2,1001,1961-03,Gospel,true,200,200,3,4,5
shape-v2,1001,1961-03,BritishPop,false,0,0,,,
shape-v2,1001,1961-03,BritishPop,true,0,0,,,
shape-v2,1001,1961-03,PsychedelicRock,false,0,0,,,
shape-v2,1001,1961-03,PsychedelicRock,true,0,0,,,
shape-v2,1001,1961-03,BritishBeat,false,0,0,,,
shape-v2,1001,1961-03,BritishBeat,true,0,0,,,
shape-v2,1001,1961-03,BritishBlues,false,0,0,,,
shape-v2,1001,1961-03,BritishBlues,true,0,0,,,
shape-v2,1001,1961-03,Classical,false,56,0,,,
shape-v2,1001,1961-03,Classical,true,232,0,,,
shape-v2,1001,1961-03,Boogaloo,false,0,0,,,
shape-v2,1001,1961-03,Boogaloo,true,0,0,,,
shape-v2,1001,1961-03,TexMex,false,10,0,,,
shape-v2,1001,1961-03,TexMex,true,59,0,,,
shape-v2,1001,1961-03,LatinPop,false,14,0,,,
shape-v2,1001,1961-03,LatinPop,true,131,0,,,
shape-v2,1001,1961-03,Ska,false,0,0,,,
shape-v2,1001,1961-03,Ska,true,0,0,,,
shape-v2,1001,1961-03,Rocksteady,false,0,0,,,
shape-v2,1001,1961-03,Rocksteady,true,0,0,,,
shape-v2,1001,1961-03,Reggae,false,0,0,,,
shape-v2,1001,1961-03,Reggae,true,0,0,,,
shape-v2,1001,1961-03,Comedy,false,25,0,,,
shape-v2,1001,1961-03,Comedy,true,185,0,,,
shape-v2,1001,1961-03,Childrens,false,14,0,,,
shape-v2,1001,1961-03,Childrens,true,122,0,,,
shape-v2,1001,1961-03,ContemporaryFolk,false,1,0,,,
shape-v2,1001,1961-03,ContemporaryFolk,true,15,0,,,
shape-v2,1001,1961-03,SingerSongwriter,false,0,0,,,
shape-v2,1001,1961-03,SingerSongwriter,true,0,0,,,
shape-v2,1001,1961-03,PopRock,false,0,0,,,
shape-v2,1001,1961-03,PopRock,true,0,0,,,
shape-v2,1001,1961-03,RootsRock,false,0,0,,,
shape-v2,1001,1961-03,RootsRock,true,0,0,,,
shape-v2,1001,1961-03,PsychedelicPop,false,0,0,,,
shape-v2,1001,1961-03,PsychedelicPop,true,0,0,,,
shape-v2,1001,1961-04,TraditionalPop,false,278,4,3,3,4
shape-v2,1001,1961-04,TraditionalPop,true,532,4,3,3,5
shape-v2,1001,1961-04,EasyListening,false,117,4,3,4,5
shape-v2,1001,1961-04,EasyListening,true,419,4,3,3,4
shape-v2,1001,1961-04,Jazz,false,115,8,3,4,5
shape-v2,1001,1961-04,Jazz,true,316,8,3,4,5
shape-v2,1001,1961-04,Blues,false,118,4,3,4,5
shape-v2,1001,1961-04,Blues,true,263,4,3,3,5
shape-v2,1001,1961-04,RockAndRoll,false,440,0,,,
shape-v2,1001,1961-04,RockAndRoll,true,838,0,,,
shape-v2,1001,1961-04,DooWop,false,126,0,,,
shape-v2,1001,1961-04,DooWop,true,373,0,,,
shape-v2,1001,1961-04,TeenPop,false,307,0,,,
shape-v2,1001,1961-04,TeenPop,true,588,0,,,
shape-v2,1001,1961-04,RnB,false,394,0,,,
shape-v2,1001,1961-04,RnB,true,735,0,,,
shape-v2,1001,1961-04,Soul,false,405,0,,,
shape-v2,1001,1961-04,Soul,true,779,0,,,
shape-v2,1001,1961-04,Motown,false,0,0,,,
shape-v2,1001,1961-04,Motown,true,0,0,,,
shape-v2,1001,1961-04,Funk,false,0,0,,,
shape-v2,1001,1961-04,Funk,true,0,0,,,
shape-v2,1001,1961-04,GirlGroup,false,0,0,,,
shape-v2,1001,1961-04,GirlGroup,true,0,0,,,
shape-v2,1001,1961-04,Country,false,208,0,,,
shape-v2,1001,1961-04,Country,true,605,0,,,
shape-v2,1001,1961-04,Folk,false,183,4,3,3,4
shape-v2,1001,1961-04,Folk,true,372,4,3,3,5
shape-v2,1001,1961-04,FolkRock,false,0,0,,,
shape-v2,1001,1961-04,FolkRock,true,0,0,,,
shape-v2,1001,1961-04,CountryRock,false,0,0,,,
shape-v2,1001,1961-04,CountryRock,true,0,0,,,
shape-v2,1001,1961-04,BritishInvasion,false,0,0,,,
shape-v2,1001,1961-04,BritishInvasion,true,0,0,,,
shape-v2,1001,1961-04,Skiffle,false,0,0,,,
shape-v2,1001,1961-04,Skiffle,true,0,0,,,
shape-v2,1001,1961-04,SurfRock,false,8,0,,,
shape-v2,1001,1961-04,SurfRock,true,66,0,,,
shape-v2,1001,1961-04,GarageRock,false,0,0,,,
shape-v2,1001,1961-04,GarageRock,true,0,0,,,
shape-v2,1001,1961-04,ProtoPunk,false,0,0,,,
shape-v2,1001,1961-04,ProtoPunk,true,0,0,,,
shape-v2,1001,1961-04,Psychedelic,false,0,0,,,
shape-v2,1001,1961-04,Psychedelic,true,0,0,,,
shape-v2,1001,1961-04,AcidRock,false,0,0,,,
shape-v2,1001,1961-04,AcidRock,true,0,0,,,
shape-v2,1001,1961-04,BaroquePop,false,0,0,,,
shape-v2,1001,1961-04,BaroquePop,true,0,0,,,
shape-v2,1001,1961-04,SunshinePop,false,0,0,,,
shape-v2,1001,1961-04,SunshinePop,true,0,0,,,
shape-v2,1001,1961-04,ProgressiveRock,false,0,0,,,
shape-v2,1001,1961-04,ProgressiveRock,true,0,0,,,
shape-v2,1001,1961-04,BluesRock,false,0,0,,,
shape-v2,1001,1961-04,BluesRock,true,0,0,,,
shape-v2,1001,1961-04,HardRock,false,0,0,,,
shape-v2,1001,1961-04,HardRock,true,0,0,,,
shape-v2,1001,1961-04,ProtoMetal,false,0,0,,,
shape-v2,1001,1961-04,ProtoMetal,true,0,0,,,
shape-v2,1001,1961-04,Bubblegum,false,0,0,,,
shape-v2,1001,1961-04,Bubblegum,true,0,0,,,
shape-v2,1001,1961-04,BossaNova,false,0,0,,,
shape-v2,1001,1961-04,BossaNova,true,0,0,,,
shape-v2,1001,1961-04,SkaRocksteady,false,0,0,,,
shape-v2,1001,1961-04,SkaRocksteady,true,0,0,,,
shape-v2,1001,1961-04,Gospel,false,46,46,3,4,5
shape-v2,1001,1961-04,Gospel,true,208,208,3,4,5
shape-v2,1001,1961-04,BritishPop,false,0,0,,,
shape-v2,1001,1961-04,BritishPop,true,0,0,,,
shape-v2,1001,1961-04,PsychedelicRock,false,0,0,,,
shape-v2,1001,1961-04,PsychedelicRock,true,0,0,,,
shape-v2,1001,1961-04,BritishBeat,false,0,0,,,
shape-v2,1001,1961-04,BritishBeat,true,0,0,,,
shape-v2,1001,1961-04,BritishBlues,false,0,0,,,
shape-v2,1001,1961-04,BritishBlues,true,0,0,,,
shape-v2,1001,1961-04,Classical,false,57,0,,,
shape-v2,1001,1961-04,Classical,true,240,0,,,
shape-v2,1001,1961-04,Boogaloo,false,0,0,,,
shape-v2,1001,1961-04,Boogaloo,true,0,0,,,
shape-v2,1001,1961-04,TexMex,false,11,0,,,
shape-v2,1001,1961-04,TexMex,true,61,0,,,
shape-v2,1001,1961-04,LatinPop,false,14,0,,,
shape-v2,1001,1961-04,LatinPop,true,137,0,,,
shape-v2,1001,1961-04,Ska,false,0,0,,,
shape-v2,1001,1961-04,Ska,true,0,0,,,
shape-v2,1001,1961-04,Rocksteady,false,0,0,,,
shape-v2,1001,1961-04,Rocksteady,true,0,0,,,
shape-v2,1001,1961-04,Reggae,false,0,0,,,
shape-v2,1001,1961-04,Reggae,true,0,0,,,
shape-v2,1001,1961-04,Comedy,false,26,0,,,
shape-v2,1001,1961-04,Comedy,true,199,0,,,
shape-v2,1001,1961-04,Childrens,false,16,0,,,
shape-v2,1001,1961-04,Childrens,true,128,0,,,
shape-v2,1001,1961-04,ContemporaryFolk,false,1,0,,,
shape-v2,1001,1961-04,ContemporaryFolk,true,21,0,,,
shape-v2,1001,1961-04,SingerSongwriter,false,0,0,,,
shape-v2,1001,1961-04,SingerSongwriter,true,0,0,,,
shape-v2,1001,1961-04,PopRock,false,0,0,,,
shape-v2,1001,1961-04,PopRock,true,0,0,,,
shape-v2,1001,1961-04,RootsRock,false,0,0,,,
shape-v2,1001,1961-04,RootsRock,true,0,0,,,
shape-v2,1001,1961-04,PsychedelicPop,false,0,0,,,
shape-v2,1001,1961-04,PsychedelicPop,true,0,0,,,
shape-v2,1001,1961-05,TraditionalPop,false,280,4,3,4,4
shape-v2,1001,1961-05,TraditionalPop,true,539,4,3,3,5
shape-v2,1001,1961-05,EasyListening,false,117,4,3,3,5
shape-v2,1001,1961-05,EasyListening,true,434,4,3,4,5
shape-v2,1001,1961-05,Jazz,false,115,8,3,3,5
shape-v2,1001,1961-05,Jazz,true,327,8,3,4,5
shape-v2,1001,1961-05,Blues,false,117,4,3,4,5
shape-v2,1001,1961-05,Blues,true,272,4,3,4,5
shape-v2,1001,1961-05,RockAndRoll,false,440,0,,,
shape-v2,1001,1961-05,RockAndRoll,true,851,0,,,
shape-v2,1001,1961-05,DooWop,false,128,0,,,
shape-v2,1001,1961-05,DooWop,true,382,0,,,
shape-v2,1001,1961-05,TeenPop,false,312,0,,,
shape-v2,1001,1961-05,TeenPop,true,595,0,,,
shape-v2,1001,1961-05,RnB,false,387,0,,,
shape-v2,1001,1961-05,RnB,true,750,0,,,
shape-v2,1001,1961-05,Soul,false,405,0,,,
shape-v2,1001,1961-05,Soul,true,788,0,,,
shape-v2,1001,1961-05,Motown,false,0,0,,,
shape-v2,1001,1961-05,Motown,true,0,0,,,
shape-v2,1001,1961-05,Funk,false,0,0,,,
shape-v2,1001,1961-05,Funk,true,0,0,,,
shape-v2,1001,1961-05,GirlGroup,false,0,0,,,
shape-v2,1001,1961-05,GirlGroup,true,0,0,,,
shape-v2,1001,1961-05,Country,false,211,0,,,
shape-v2,1001,1961-05,Country,true,621,0,,,
shape-v2,1001,1961-05,Folk,false,181,4,3,4,5
shape-v2,1001,1961-05,Folk,true,379,4,4,4,5
shape-v2,1001,1961-05,FolkRock,false,0,0,,,
shape-v2,1001,1961-05,FolkRock,true,0,0,,,
shape-v2,1001,1961-05,CountryRock,false,0,0,,,
shape-v2,1001,1961-05,CountryRock,true,0,0,,,
shape-v2,1001,1961-05,BritishInvasion,false,0,0,,,
shape-v2,1001,1961-05,BritishInvasion,true,0,0,,,
shape-v2,1001,1961-05,Skiffle,false,0,0,,,
shape-v2,1001,1961-05,Skiffle,true,0,0,,,
shape-v2,1001,1961-05,SurfRock,false,8,0,,,
shape-v2,1001,1961-05,SurfRock,true,69,0,,,
shape-v2,1001,1961-05,GarageRock,false,0,0,,,
shape-v2,1001,1961-05,GarageRock,true,0,0,,,
shape-v2,1001,1961-05,ProtoPunk,false,0,0,,,
shape-v2,1001,1961-05,ProtoPunk,true,0,0,,,
shape-v2,1001,1961-05,Psychedelic,false,0,0,,,
shape-v2,1001,1961-05,Psychedelic,true,0,0,,,
shape-v2,1001,1961-05,AcidRock,false,0,0,,,
shape-v2,1001,1961-05,AcidRock,true,0,0,,,
shape-v2,1001,1961-05,BaroquePop,false,0,0,,,
shape-v2,1001,1961-05,BaroquePop,true,0,0,,,
shape-v2,1001,1961-05,SunshinePop,false,0,0,,,
shape-v2,1001,1961-05,SunshinePop,true,0,0,,,
shape-v2,1001,1961-05,ProgressiveRock,false,0,0,,,
shape-v2,1001,1961-05,ProgressiveRock,true,0,0,,,
shape-v2,1001,1961-05,BluesRock,false,0,0,,,
shape-v2,1001,1961-05,BluesRock,true,0,0,,,
shape-v2,1001,1961-05,HardRock,false,0,0,,,
shape-v2,1001,1961-05,HardRock,true,0,0,,,
shape-v2,1001,1961-05,ProtoMetal,false,0,0,,,
shape-v2,1001,1961-05,ProtoMetal,true,0,0,,,
shape-v2,1001,1961-05,Bubblegum,false,0,0,,,
shape-v2,1001,1961-05,Bubblegum,true,0,0,,,
shape-v2,1001,1961-05,BossaNova,false,0,0,,,
shape-v2,1001,1961-05,BossaNova,true,0,0,,,
shape-v2,1001,1961-05,SkaRocksteady,false,0,0,,,
shape-v2,1001,1961-05,SkaRocksteady,true,0,0,,,
shape-v2,1001,1961-05,Gospel,false,47,47,3,4,5
shape-v2,1001,1961-05,Gospel,true,216,216,3,4,5
shape-v2,1001,1961-05,BritishPop,false,0,0,,,
shape-v2,1001,1961-05,BritishPop,true,0,0,,,
shape-v2,1001,1961-05,PsychedelicRock,false,0,0,,,
shape-v2,1001,1961-05,PsychedelicRock,true,0,0,,,
shape-v2,1001,1961-05,BritishBeat,false,0,0,,,
shape-v2,1001,1961-05,BritishBeat,true,0,0,,,
shape-v2,1001,1961-05,BritishBlues,false,0,0,,,
shape-v2,1001,1961-05,BritishBlues,true,0,0,,,
shape-v2,1001,1961-05,Classical,false,59,0,,,
shape-v2,1001,1961-05,Classical,true,245,0,,,
shape-v2,1001,1961-05,Boogaloo,false,0,0,,,
shape-v2,1001,1961-05,Boogaloo,true,0,0,,,
shape-v2,1001,1961-05,TexMex,false,11,0,,,
shape-v2,1001,1961-05,TexMex,true,67,0,,,
shape-v2,1001,1961-05,LatinPop,false,14,0,,,
shape-v2,1001,1961-05,LatinPop,true,138,0,,,
shape-v2,1001,1961-05,Ska,false,0,0,,,
shape-v2,1001,1961-05,Ska,true,0,0,,,
shape-v2,1001,1961-05,Rocksteady,false,0,0,,,
shape-v2,1001,1961-05,Rocksteady,true,0,0,,,
shape-v2,1001,1961-05,Reggae,false,0,0,,,
shape-v2,1001,1961-05,Reggae,true,0,0,,,
shape-v2,1001,1961-05,Comedy,false,26,0,,,
shape-v2,1001,1961-05,Comedy,true,204,0,,,
shape-v2,1001,1961-05,Childrens,false,17,0,,,
shape-v2,1001,1961-05,Childrens,true,135,0,,,
shape-v2,1001,1961-05,ContemporaryFolk,false,1,0,,,
shape-v2,1001,1961-05,ContemporaryFolk,true,31,0,,,
shape-v2,1001,1961-05,SingerSongwriter,false,0,0,,,
shape-v2,1001,1961-05,SingerSongwriter,true,0,0,,,
shape-v2,1001,1961-05,PopRock,false,0,0,,,
shape-v2,1001,1961-05,PopRock,true,0,0,,,
shape-v2,1001,1961-05,RootsRock,false,0,0,,,
shape-v2,1001,1961-05,RootsRock,true,0,0,,,
shape-v2,1001,1961-05,PsychedelicPop,false,0,0,,,
shape-v2,1001,1961-05,PsychedelicPop,true,0,0,,,
shape-v2,1001,1961-06,TraditionalPop,false,273,4,3,4,5
shape-v2,1001,1961-06,TraditionalPop,true,557,4,3,3,5
shape-v2,1001,1961-06,EasyListening,false,115,4,3,3,5
shape-v2,1001,1961-06,EasyListening,true,450,4,3,4,5
shape-v2,1001,1961-06,Jazz,false,115,8,3,4,5
shape-v2,1001,1961-06,Jazz,true,334,8,3,3,5
shape-v2,1001,1961-06,Blues,false,117,4,3,4,5
shape-v2,1001,1961-06,Blues,true,278,4,3,4,5
shape-v2,1001,1961-06,RockAndRoll,false,425,0,,,
shape-v2,1001,1961-06,RockAndRoll,true,870,0,,,
shape-v2,1001,1961-06,DooWop,false,124,0,,,
shape-v2,1001,1961-06,DooWop,true,397,0,,,
shape-v2,1001,1961-06,TeenPop,false,308,0,,,
shape-v2,1001,1961-06,TeenPop,true,608,0,,,
shape-v2,1001,1961-06,RnB,false,372,0,,,
shape-v2,1001,1961-06,RnB,true,772,0,,,
shape-v2,1001,1961-06,Soul,false,400,0,,,
shape-v2,1001,1961-06,Soul,true,806,0,,,
shape-v2,1001,1961-06,Motown,false,0,0,,,
shape-v2,1001,1961-06,Motown,true,0,0,,,
shape-v2,1001,1961-06,Funk,false,0,0,,,
shape-v2,1001,1961-06,Funk,true,0,0,,,
shape-v2,1001,1961-06,GirlGroup,false,0,0,,,
shape-v2,1001,1961-06,GirlGroup,true,0,0,,,
shape-v2,1001,1961-06,Country,false,204,0,,,
shape-v2,1001,1961-06,Country,true,653,0,,,
shape-v2,1001,1961-06,Folk,false,177,4,3,3,5
shape-v2,1001,1961-06,Folk,true,393,4,3,3,4
shape-v2,1001,1961-06,FolkRock,false,0,0,,,
shape-v2,1001,1961-06,FolkRock,true,0,0,,,
shape-v2,1001,1961-06,CountryRock,false,0,0,,,
shape-v2,1001,1961-06,CountryRock,true,0,0,,,
shape-v2,1001,1961-06,BritishInvasion,false,0,0,,,
shape-v2,1001,1961-06,BritishInvasion,true,0,0,,,
shape-v2,1001,1961-06,Skiffle,false,0,0,,,
shape-v2,1001,1961-06,Skiffle,true,0,0,,,
shape-v2,1001,1961-06,SurfRock,false,7,0,,,
shape-v2,1001,1961-06,SurfRock,true,73,0,,,
shape-v2,1001,1961-06,GarageRock,false,0,0,,,
shape-v2,1001,1961-06,GarageRock,true,0,0,,,
shape-v2,1001,1961-06,ProtoPunk,false,0,0,,,
shape-v2,1001,1961-06,ProtoPunk,true,0,0,,,
shape-v2,1001,1961-06,Psychedelic,false,0,0,,,
shape-v2,1001,1961-06,Psychedelic,true,0,0,,,
shape-v2,1001,1961-06,AcidRock,false,0,0,,,
shape-v2,1001,1961-06,AcidRock,true,0,0,,,
shape-v2,1001,1961-06,BaroquePop,false,0,0,,,
shape-v2,1001,1961-06,BaroquePop,true,0,0,,,
shape-v2,1001,1961-06,SunshinePop,false,0,0,,,
shape-v2,1001,1961-06,SunshinePop,true,0,0,,,
shape-v2,1001,1961-06,ProgressiveRock,false,0,0,,,
shape-v2,1001,1961-06,ProgressiveRock,true,0,0,,,
shape-v2,1001,1961-06,BluesRock,false,0,0,,,
shape-v2,1001,1961-06,BluesRock,true,0,0,,,
shape-v2,1001,1961-06,HardRock,false,0,0,,,
shape-v2,1001,1961-06,HardRock,true,0,0,,,
shape-v2,1001,1961-06,ProtoMetal,false,0,0,,,
shape-v2,1001,1961-06,ProtoMetal,true,0,0,,,
shape-v2,1001,1961-06,Bubblegum,false,0,0,,,
shape-v2,1001,1961-06,Bubblegum,true,0,0,,,
shape-v2,1001,1961-06,BossaNova,false,0,0,,,
shape-v2,1001,1961-06,BossaNova,true,0,0,,,
shape-v2,1001,1961-06,SkaRocksteady,false,0,0,,,
shape-v2,1001,1961-06,SkaRocksteady,true,0,0,,,
shape-v2,1001,1961-06,Gospel,false,45,45,3,4,5
shape-v2,1001,1961-06,Gospel,true,225,225,3,4,5
shape-v2,1001,1961-06,BritishPop,false,0,0,,,
shape-v2,1001,1961-06,BritishPop,true,0,0,,,
shape-v2,1001,1961-06,PsychedelicRock,false,0,0,,,
shape-v2,1001,1961-06,PsychedelicRock,true,0,0,,,
shape-v2,1001,1961-06,BritishBeat,false,0,0,,,
shape-v2,1001,1961-06,BritishBeat,true,0,0,,,
shape-v2,1001,1961-06,BritishBlues,false,0,0,,,
shape-v2,1001,1961-06,BritishBlues,true,0,0,,,
shape-v2,1001,1961-06,Classical,false,56,0,,,
shape-v2,1001,1961-06,Classical,true,255,0,,,
shape-v2,1001,1961-06,Boogaloo,false,0,0,,,
shape-v2,1001,1961-06,Boogaloo,true,0,0,,,
shape-v2,1001,1961-06,TexMex,false,10,0,,,
shape-v2,1001,1961-06,TexMex,true,74,0,,,
shape-v2,1001,1961-06,LatinPop,false,13,0,,,
shape-v2,1001,1961-06,LatinPop,true,145,0,,,
shape-v2,1001,1961-06,Ska,false,0,0,,,
shape-v2,1001,1961-06,Ska,true,0,0,,,
shape-v2,1001,1961-06,Rocksteady,false,0,0,,,
shape-v2,1001,1961-06,Rocksteady,true,0,0,,,
shape-v2,1001,1961-06,Reggae,false,0,0,,,
shape-v2,1001,1961-06,Reggae,true,0,0,,,
shape-v2,1001,1961-06,Comedy,false,26,0,,,
shape-v2,1001,1961-06,Comedy,true,215,0,,,
shape-v2,1001,1961-06,Childrens,false,17,0,,,
shape-v2,1001,1961-06,Childrens,true,139,0,,,
shape-v2,1001,1961-06,ContemporaryFolk,false,1,0,,,
shape-v2,1001,1961-06,ContemporaryFolk,true,39,0,,,
shape-v2,1001,1961-06,SingerSongwriter,false,0,0,,,
shape-v2,1001,1961-06,SingerSongwriter,true,0,0,,,
shape-v2,1001,1961-06,PopRock,false,0,0,,,
shape-v2,1001,1961-06,PopRock,true,0,0,,,
shape-v2,1001,1961-06,RootsRock,false,0,0,,,
shape-v2,1001,1961-06,RootsRock,true,0,0,,,
shape-v2,1001,1961-06,PsychedelicPop,false,0,0,,,
shape-v2,1001,1961-06,PsychedelicPop,true,0,0,,,
shape-v2,1001,1961-07,TraditionalPop,false,277,4,3,3,5
shape-v2,1001,1961-07,TraditionalPop,true,561,4,3,4,4
shape-v2,1001,1961-07,EasyListening,false,118,4,3,4,5
shape-v2,1001,1961-07,EasyListening,true,439,4,3,4,4
shape-v2,1001,1961-07,Jazz,false,116,8,3,3,5
shape-v2,1001,1961-07,Jazz,true,345,8,3,4,5
shape-v2,1001,1961-07,Blues,false,118,4,3,4,5
shape-v2,1001,1961-07,Blues,true,283,4,3,3,4
shape-v2,1001,1961-07,RockAndRoll,false,424,0,,,
shape-v2,1001,1961-07,RockAndRoll,true,883,0,,,
shape-v2,1001,1961-07,DooWop,false,137,0,,,
shape-v2,1001,1961-07,DooWop,true,399,0,,,
shape-v2,1001,1961-07,TeenPop,false,316,0,,,
shape-v2,1001,1961-07,TeenPop,true,607,0,,,
shape-v2,1001,1961-07,RnB,false,378,0,,,
shape-v2,1001,1961-07,RnB,true,773,0,,,
shape-v2,1001,1961-07,Soul,false,403,0,,,
shape-v2,1001,1961-07,Soul,true,811,0,,,
shape-v2,1001,1961-07,Motown,false,0,0,,,
shape-v2,1001,1961-07,Motown,true,0,0,,,
shape-v2,1001,1961-07,Funk,false,0,0,,,
shape-v2,1001,1961-07,Funk,true,0,0,,,
shape-v2,1001,1961-07,GirlGroup,false,0,0,,,
shape-v2,1001,1961-07,GirlGroup,true,0,0,,,
shape-v2,1001,1961-07,Country,false,206,0,,,
shape-v2,1001,1961-07,Country,true,685,0,,,
shape-v2,1001,1961-07,Folk,false,182,4,3,4,5
shape-v2,1001,1961-07,Folk,true,399,4,4,4,5
shape-v2,1001,1961-07,FolkRock,false,0,0,,,
shape-v2,1001,1961-07,FolkRock,true,0,0,,,
shape-v2,1001,1961-07,CountryRock,false,0,0,,,
shape-v2,1001,1961-07,CountryRock,true,0,0,,,
shape-v2,1001,1961-07,BritishInvasion,false,0,0,,,
shape-v2,1001,1961-07,BritishInvasion,true,0,0,,,
shape-v2,1001,1961-07,Skiffle,false,0,0,,,
shape-v2,1001,1961-07,Skiffle,true,0,0,,,
shape-v2,1001,1961-07,SurfRock,false,10,0,,,
shape-v2,1001,1961-07,SurfRock,true,84,0,,,
shape-v2,1001,1961-07,GarageRock,false,0,0,,,
shape-v2,1001,1961-07,GarageRock,true,0,0,,,
shape-v2,1001,1961-07,ProtoPunk,false,0,0,,,
shape-v2,1001,1961-07,ProtoPunk,true,0,0,,,
shape-v2,1001,1961-07,Psychedelic,false,0,0,,,
shape-v2,1001,1961-07,Psychedelic,true,0,0,,,
shape-v2,1001,1961-07,AcidRock,false,0,0,,,
shape-v2,1001,1961-07,AcidRock,true,0,0,,,
shape-v2,1001,1961-07,BaroquePop,false,0,0,,,
shape-v2,1001,1961-07,BaroquePop,true,0,0,,,
shape-v2,1001,1961-07,SunshinePop,false,0,0,,,
shape-v2,1001,1961-07,SunshinePop,true,0,0,,,
shape-v2,1001,1961-07,ProgressiveRock,false,0,0,,,
shape-v2,1001,1961-07,ProgressiveRock,true,0,0,,,
shape-v2,1001,1961-07,BluesRock,false,0,0,,,
shape-v2,1001,1961-07,BluesRock,true,0,0,,,
shape-v2,1001,1961-07,HardRock,false,0,0,,,
shape-v2,1001,1961-07,HardRock,true,0,0,,,
shape-v2,1001,1961-07,ProtoMetal,false,0,0,,,
shape-v2,1001,1961-07,ProtoMetal,true,0,0,,,
shape-v2,1001,1961-07,Bubblegum,false,0,0,,,
shape-v2,1001,1961-07,Bubblegum,true,0,0,,,
shape-v2,1001,1961-07,BossaNova,false,0,0,,,
shape-v2,1001,1961-07,BossaNova,true,0,0,,,
shape-v2,1001,1961-07,SkaRocksteady,false,0,0,,,
shape-v2,1001,1961-07,SkaRocksteady,true,0,0,,,
shape-v2,1001,1961-07,Gospel,false,49,49,3,4,5
shape-v2,1001,1961-07,Gospel,true,222,222,3,4,5
shape-v2,1001,1961-07,BritishPop,false,0,0,,,
shape-v2,1001,1961-07,BritishPop,true,0,0,,,
shape-v2,1001,1961-07,PsychedelicRock,false,0,0,,,
shape-v2,1001,1961-07,PsychedelicRock,true,0,0,,,
shape-v2,1001,1961-07,BritishBeat,false,0,0,,,
shape-v2,1001,1961-07,BritishBeat,true,0,0,,,
shape-v2,1001,1961-07,BritishBlues,false,0,0,,,
shape-v2,1001,1961-07,BritishBlues,true,0,0,,,
shape-v2,1001,1961-07,Classical,false,56,0,,,
shape-v2,1001,1961-07,Classical,true,251,0,,,
shape-v2,1001,1961-07,Boogaloo,false,0,0,,,
shape-v2,1001,1961-07,Boogaloo,true,0,0,,,
shape-v2,1001,1961-07,TexMex,false,10,0,,,
shape-v2,1001,1961-07,TexMex,true,75,0,,,
shape-v2,1001,1961-07,LatinPop,false,15,0,,,
shape-v2,1001,1961-07,LatinPop,true,143,0,,,
shape-v2,1001,1961-07,Ska,false,0,0,,,
shape-v2,1001,1961-07,Ska,true,0,0,,,
shape-v2,1001,1961-07,Rocksteady,false,0,0,,,
shape-v2,1001,1961-07,Rocksteady,true,0,0,,,
shape-v2,1001,1961-07,Reggae,false,0,0,,,
shape-v2,1001,1961-07,Reggae,true,0,0,,,
shape-v2,1001,1961-07,Comedy,false,25,0,,,
shape-v2,1001,1961-07,Comedy,true,216,0,,,
shape-v2,1001,1961-07,Childrens,false,18,0,,,
shape-v2,1001,1961-07,Childrens,true,148,0,,,
shape-v2,1001,1961-07,ContemporaryFolk,false,1,0,,,
shape-v2,1001,1961-07,ContemporaryFolk,true,48,0,,,
shape-v2,1001,1961-07,SingerSongwriter,false,0,0,,,
shape-v2,1001,1961-07,SingerSongwriter,true,0,0,,,
shape-v2,1001,1961-07,PopRock,false,0,0,,,
shape-v2,1001,1961-07,PopRock,true,0,0,,,
shape-v2,1001,1961-07,RootsRock,false,0,0,,,
shape-v2,1001,1961-07,RootsRock,true,0,0,,,
shape-v2,1001,1961-07,PsychedelicPop,false,0,0,,,
shape-v2,1001,1961-07,PsychedelicPop,true,0,0,,,
shape-v2,1001,1961-08,TraditionalPop,false,278,4,3,4,5
shape-v2,1001,1961-08,TraditionalPop,true,564,4,4,4,5
shape-v2,1001,1961-08,EasyListening,false,119,4,3,4,4
shape-v2,1001,1961-08,EasyListening,true,438,4,3,4,5
shape-v2,1001,1961-08,Jazz,false,119,8,3,4,5
shape-v2,1001,1961-08,Jazz,true,352,8,3,4,5
shape-v2,1001,1961-08,Blues,false,117,4,3,4,4
shape-v2,1001,1961-08,Blues,true,283,4,3,3,4
shape-v2,1001,1961-08,RockAndRoll,false,420,0,,,
shape-v2,1001,1961-08,RockAndRoll,true,896,0,,,
shape-v2,1001,1961-08,DooWop,false,137,0,,,
shape-v2,1001,1961-08,DooWop,true,399,0,,,
shape-v2,1001,1961-08,TeenPop,false,316,0,,,
shape-v2,1001,1961-08,TeenPop,true,614,0,,,
shape-v2,1001,1961-08,RnB,false,374,0,,,
shape-v2,1001,1961-08,RnB,true,774,0,,,
shape-v2,1001,1961-08,Soul,false,400,0,,,
shape-v2,1001,1961-08,Soul,true,815,0,,,
shape-v2,1001,1961-08,Motown,false,0,0,,,
shape-v2,1001,1961-08,Motown,true,0,0,,,
shape-v2,1001,1961-08,Funk,false,0,0,,,
shape-v2,1001,1961-08,Funk,true,0,0,,,
shape-v2,1001,1961-08,GirlGroup,false,0,0,,,
shape-v2,1001,1961-08,GirlGroup,true,0,0,,,
shape-v2,1001,1961-08,Country,false,205,0,,,
shape-v2,1001,1961-08,Country,true,698,0,,,
shape-v2,1001,1961-08,Folk,false,182,4,4,5,5
shape-v2,1001,1961-08,Folk,true,399,4,3,3,5
shape-v2,1001,1961-08,FolkRock,false,0,0,,,
shape-v2,1001,1961-08,FolkRock,true,0,0,,,
shape-v2,1001,1961-08,CountryRock,false,0,0,,,
shape-v2,1001,1961-08,CountryRock,true,0,0,,,
shape-v2,1001,1961-08,BritishInvasion,false,0,0,,,
shape-v2,1001,1961-08,BritishInvasion,true,0,0,,,
shape-v2,1001,1961-08,Skiffle,false,0,0,,,
shape-v2,1001,1961-08,Skiffle,true,0,0,,,
shape-v2,1001,1961-08,SurfRock,false,10,0,,,
shape-v2,1001,1961-08,SurfRock,true,91,0,,,
shape-v2,1001,1961-08,GarageRock,false,0,0,,,
shape-v2,1001,1961-08,GarageRock,true,0,0,,,
shape-v2,1001,1961-08,ProtoPunk,false,0,0,,,
shape-v2,1001,1961-08,ProtoPunk,true,0,0,,,
shape-v2,1001,1961-08,Psychedelic,false,0,0,,,
shape-v2,1001,1961-08,Psychedelic,true,0,0,,,
shape-v2,1001,1961-08,AcidRock,false,0,0,,,
shape-v2,1001,1961-08,AcidRock,true,0,0,,,
shape-v2,1001,1961-08,BaroquePop,false,0,0,,,
shape-v2,1001,1961-08,BaroquePop,true,0,0,,,
shape-v2,1001,1961-08,SunshinePop,false,0,0,,,
shape-v2,1001,1961-08,SunshinePop,true,0,0,,,
shape-v2,1001,1961-08,ProgressiveRock,false,0,0,,,
shape-v2,1001,1961-08,ProgressiveRock,true,0,0,,,
shape-v2,1001,1961-08,BluesRock,false,0,0,,,
shape-v2,1001,1961-08,BluesRock,true,0,0,,,
shape-v2,1001,1961-08,HardRock,false,0,0,,,
shape-v2,1001,1961-08,HardRock,true,0,0,,,
shape-v2,1001,1961-08,ProtoMetal,false,0,0,,,
shape-v2,1001,1961-08,ProtoMetal,true,0,0,,,
shape-v2,1001,1961-08,Bubblegum,false,0,0,,,
shape-v2,1001,1961-08,Bubblegum,true,0,0,,,
shape-v2,1001,1961-08,BossaNova,false,0,0,,,
shape-v2,1001,1961-08,BossaNova,true,0,0,,,
shape-v2,1001,1961-08,SkaRocksteady,false,0,0,,,
shape-v2,1001,1961-08,SkaRocksteady,true,0,0,,,
shape-v2,1001,1961-08,Gospel,false,48,48,3,4,5
shape-v2,1001,1961-08,Gospel,true,222,222,3,4,5
shape-v2,1001,1961-08,BritishPop,false,0,0,,,
shape-v2,1001,1961-08,BritishPop,true,0,0,,,
shape-v2,1001,1961-08,PsychedelicRock,false,0,0,,,
shape-v2,1001,1961-08,PsychedelicRock,true,0,0,,,
shape-v2,1001,1961-08,BritishBeat,false,0,0,,,
shape-v2,1001,1961-08,BritishBeat,true,0,0,,,
shape-v2,1001,1961-08,BritishBlues,false,0,0,,,
shape-v2,1001,1961-08,BritishBlues,true,0,0,,,
shape-v2,1001,1961-08,Classical,false,56,0,,,
shape-v2,1001,1961-08,Classical,true,251,0,,,
shape-v2,1001,1961-08,Boogaloo,false,0,0,,,
shape-v2,1001,1961-08,Boogaloo,true,0,0,,,
shape-v2,1001,1961-08,TexMex,false,11,0,,,
shape-v2,1001,1961-08,TexMex,true,78,0,,,
shape-v2,1001,1961-08,LatinPop,false,15,0,,,
shape-v2,1001,1961-08,LatinPop,true,146,0,,,
shape-v2,1001,1961-08,Ska,false,0,0,,,
shape-v2,1001,1961-08,Ska,true,0,0,,,
shape-v2,1001,1961-08,Rocksteady,false,0,0,,,
shape-v2,1001,1961-08,Rocksteady,true,0,0,,,
shape-v2,1001,1961-08,Reggae,false,0,0,,,
shape-v2,1001,1961-08,Reggae,true,0,0,,,
shape-v2,1001,1961-08,Comedy,false,25,0,,,
shape-v2,1001,1961-08,Comedy,true,208,0,,,
shape-v2,1001,1961-08,Childrens,false,17,0,,,
shape-v2,1001,1961-08,Childrens,true,145,0,,,
shape-v2,1001,1961-08,ContemporaryFolk,false,2,0,,,
shape-v2,1001,1961-08,ContemporaryFolk,true,50,0,,,
shape-v2,1001,1961-08,SingerSongwriter,false,0,0,,,
shape-v2,1001,1961-08,SingerSongwriter,true,0,0,,,
shape-v2,1001,1961-08,PopRock,false,0,0,,,
shape-v2,1001,1961-08,PopRock,true,0,0,,,
shape-v2,1001,1961-08,RootsRock,false,0,0,,,
shape-v2,1001,1961-08,RootsRock,true,0,0,,,
shape-v2,1001,1961-08,PsychedelicPop,false,0,0,,,
shape-v2,1001,1961-08,PsychedelicPop,true,0,0,,,
shape-v2,1001,1961-09,TraditionalPop,false,279,4,3,4,5
shape-v2,1001,1961-09,TraditionalPop,true,568,4,4,5,5
shape-v2,1001,1961-09,EasyListening,false,124,4,4,4,5
shape-v2,1001,1961-09,EasyListening,true,433,4,3,3,5
shape-v2,1001,1961-09,Jazz,false,120,8,3,4,5
shape-v2,1001,1961-09,Jazz,true,351,8,3,3,5
shape-v2,1001,1961-09,Blues,false,110,4,4,4,5
shape-v2,1001,1961-09,Blues,true,284,4,3,4,5
shape-v2,1001,1961-09,RockAndRoll,false,408,0,,,
shape-v2,1001,1961-09,RockAndRoll,true,923,0,,,
shape-v2,1001,1961-09,DooWop,false,134,0,,,
shape-v2,1001,1961-09,DooWop,true,411,0,,,
shape-v2,1001,1961-09,TeenPop,false,305,0,,,
shape-v2,1001,1961-09,TeenPop,true,630,0,,,
shape-v2,1001,1961-09,RnB,false,377,0,,,
shape-v2,1001,1961-09,RnB,true,774,0,,,
shape-v2,1001,1961-09,Soul,false,389,0,,,
shape-v2,1001,1961-09,Soul,true,824,0,,,
shape-v2,1001,1961-09,Motown,false,0,0,,,
shape-v2,1001,1961-09,Motown,true,0,0,,,
shape-v2,1001,1961-09,Funk,false,0,0,,,
shape-v2,1001,1961-09,Funk,true,0,0,,,
shape-v2,1001,1961-09,GirlGroup,false,0,0,,,
shape-v2,1001,1961-09,GirlGroup,true,0,0,,,
shape-v2,1001,1961-09,Country,false,210,0,,,
shape-v2,1001,1961-09,Country,true,693,0,,,
shape-v2,1001,1961-09,Folk,false,188,4,3,3,5
shape-v2,1001,1961-09,Folk,true,397,4,3,4,5
shape-v2,1001,1961-09,FolkRock,false,0,0,,,
shape-v2,1001,1961-09,FolkRock,true,0,0,,,
shape-v2,1001,1961-09,CountryRock,false,0,0,,,
shape-v2,1001,1961-09,CountryRock,true,0,0,,,
shape-v2,1001,1961-09,BritishInvasion,false,0,0,,,
shape-v2,1001,1961-09,BritishInvasion,true,0,0,,,
shape-v2,1001,1961-09,Skiffle,false,0,0,,,
shape-v2,1001,1961-09,Skiffle,true,0,0,,,
shape-v2,1001,1961-09,SurfRock,false,10,0,,,
shape-v2,1001,1961-09,SurfRock,true,94,0,,,
shape-v2,1001,1961-09,GarageRock,false,0,0,,,
shape-v2,1001,1961-09,GarageRock,true,0,0,,,
shape-v2,1001,1961-09,ProtoPunk,false,0,0,,,
shape-v2,1001,1961-09,ProtoPunk,true,0,0,,,
shape-v2,1001,1961-09,Psychedelic,false,0,0,,,
shape-v2,1001,1961-09,Psychedelic,true,0,0,,,
shape-v2,1001,1961-09,AcidRock,false,0,0,,,
shape-v2,1001,1961-09,AcidRock,true,0,0,,,
shape-v2,1001,1961-09,BaroquePop,false,0,0,,,
shape-v2,1001,1961-09,BaroquePop,true,0,0,,,
shape-v2,1001,1961-09,SunshinePop,false,0,0,,,
shape-v2,1001,1961-09,SunshinePop,true,0,0,,,
shape-v2,1001,1961-09,ProgressiveRock,false,0,0,,,
shape-v2,1001,1961-09,ProgressiveRock,true,0,0,,,
shape-v2,1001,1961-09,BluesRock,false,0,0,,,
shape-v2,1001,1961-09,BluesRock,true,0,0,,,
shape-v2,1001,1961-09,HardRock,false,0,0,,,
shape-v2,1001,1961-09,HardRock,true,0,0,,,
shape-v2,1001,1961-09,ProtoMetal,false,0,0,,,
shape-v2,1001,1961-09,ProtoMetal,true,0,0,,,
shape-v2,1001,1961-09,Bubblegum,false,0,0,,,
shape-v2,1001,1961-09,Bubblegum,true,0,0,,,
shape-v2,1001,1961-09,BossaNova,false,0,0,,,
shape-v2,1001,1961-09,BossaNova,true,0,0,,,
shape-v2,1001,1961-09,SkaRocksteady,false,0,0,,,
shape-v2,1001,1961-09,SkaRocksteady,true,0,0,,,
shape-v2,1001,1961-09,Gospel,false,49,49,3,4,5
shape-v2,1001,1961-09,Gospel,true,223,223,3,4,5
shape-v2,1001,1961-09,BritishPop,false,0,0,,,
shape-v2,1001,1961-09,BritishPop,true,0,0,,,
shape-v2,1001,1961-09,PsychedelicRock,false,0,0,,,
shape-v2,1001,1961-09,PsychedelicRock,true,0,0,,,
shape-v2,1001,1961-09,BritishBeat,false,0,0,,,
shape-v2,1001,1961-09,BritishBeat,true,0,0,,,
shape-v2,1001,1961-09,BritishBlues,false,0,0,,,
shape-v2,1001,1961-09,BritishBlues,true,0,0,,,
shape-v2,1001,1961-09,Classical,false,57,0,,,
shape-v2,1001,1961-09,Classical,true,250,0,,,
shape-v2,1001,1961-09,Boogaloo,false,0,0,,,
shape-v2,1001,1961-09,Boogaloo,true,0,0,,,
shape-v2,1001,1961-09,TexMex,false,11,0,,,
shape-v2,1001,1961-09,TexMex,true,79,0,,,
shape-v2,1001,1961-09,LatinPop,false,15,0,,,
shape-v2,1001,1961-09,LatinPop,true,148,0,,,
shape-v2,1001,1961-09,Ska,false,0,0,,,
shape-v2,1001,1961-09,Ska,true,0,0,,,
shape-v2,1001,1961-09,Rocksteady,false,0,0,,,
shape-v2,1001,1961-09,Rocksteady,true,0,0,,,
shape-v2,1001,1961-09,Reggae,false,0,0,,,
shape-v2,1001,1961-09,Reggae,true,0,0,,,
shape-v2,1001,1961-09,Comedy,false,24,0,,,
shape-v2,1001,1961-09,Comedy,true,206,0,,,
shape-v2,1001,1961-09,Childrens,false,16,0,,,
shape-v2,1001,1961-09,Childrens,true,147,0,,,
shape-v2,1001,1961-09,ContemporaryFolk,false,3,0,,,
shape-v2,1001,1961-09,ContemporaryFolk,true,54,0,,,
shape-v2,1001,1961-09,SingerSongwriter,false,0,0,,,
shape-v2,1001,1961-09,SingerSongwriter,true,0,0,,,
shape-v2,1001,1961-09,PopRock,false,0,0,,,
shape-v2,1001,1961-09,PopRock,true,0,0,,,
shape-v2,1001,1961-09,RootsRock,false,0,0,,,
shape-v2,1001,1961-09,RootsRock,true,0,0,,,
shape-v2,1001,1961-09,PsychedelicPop,false,0,0,,,
shape-v2,1001,1961-09,PsychedelicPop,true,0,0,,,
shape-v2,1002,1960-01,TraditionalPop,false,266,4,3,3,4
shape-v2,1002,1960-01,TraditionalPop,true,0,0,,,
shape-v2,1002,1960-01,EasyListening,false,82,4,3,3,5
shape-v2,1002,1960-01,EasyListening,true,67,4,3,4,5
shape-v2,1002,1960-01,Jazz,false,147,8,3,3,5
shape-v2,1002,1960-01,Jazz,true,0,0,,,
shape-v2,1002,1960-01,Blues,false,87,4,3,3,5
shape-v2,1002,1960-01,Blues,true,0,0,,,
shape-v2,1002,1960-01,RockAndRoll,false,496,0,,,
shape-v2,1002,1960-01,RockAndRoll,true,0,0,,,
shape-v2,1002,1960-01,DooWop,false,122,0,,,
shape-v2,1002,1960-01,DooWop,true,0,0,,,
shape-v2,1002,1960-01,TeenPop,false,328,0,,,
shape-v2,1002,1960-01,TeenPop,true,0,0,,,
shape-v2,1002,1960-01,RnB,false,427,0,,,
shape-v2,1002,1960-01,RnB,true,0,0,,,
shape-v2,1002,1960-01,Soul,false,423,0,,,
shape-v2,1002,1960-01,Soul,true,0,0,,,
shape-v2,1002,1960-01,Motown,false,0,0,,,
shape-v2,1002,1960-01,Motown,true,0,0,,,
shape-v2,1002,1960-01,Funk,false,0,0,,,
shape-v2,1002,1960-01,Funk,true,0,0,,,
shape-v2,1002,1960-01,GirlGroup,false,0,0,,,
shape-v2,1002,1960-01,GirlGroup,true,0,0,,,
shape-v2,1002,1960-01,Country,false,178,0,,,
shape-v2,1002,1960-01,Country,true,0,0,,,
shape-v2,1002,1960-01,Folk,false,158,4,3,4,5
shape-v2,1002,1960-01,Folk,true,0,0,,,
shape-v2,1002,1960-01,FolkRock,false,0,0,,,
shape-v2,1002,1960-01,FolkRock,true,0,0,,,
shape-v2,1002,1960-01,CountryRock,false,0,0,,,
shape-v2,1002,1960-01,CountryRock,true,0,0,,,
shape-v2,1002,1960-01,BritishInvasion,false,0,0,,,
shape-v2,1002,1960-01,BritishInvasion,true,0,0,,,
shape-v2,1002,1960-01,Skiffle,false,0,0,,,
shape-v2,1002,1960-01,Skiffle,true,0,0,,,
shape-v2,1002,1960-01,SurfRock,false,0,0,,,
shape-v2,1002,1960-01,SurfRock,true,0,0,,,
shape-v2,1002,1960-01,GarageRock,false,0,0,,,
shape-v2,1002,1960-01,GarageRock,true,0,0,,,
shape-v2,1002,1960-01,ProtoPunk,false,0,0,,,
shape-v2,1002,1960-01,ProtoPunk,true,0,0,,,
shape-v2,1002,1960-01,Psychedelic,false,0,0,,,
shape-v2,1002,1960-01,Psychedelic,true,0,0,,,
shape-v2,1002,1960-01,AcidRock,false,0,0,,,
shape-v2,1002,1960-01,AcidRock,true,0,0,,,
shape-v2,1002,1960-01,BaroquePop,false,0,0,,,
shape-v2,1002,1960-01,BaroquePop,true,0,0,,,
shape-v2,1002,1960-01,SunshinePop,false,0,0,,,
shape-v2,1002,1960-01,SunshinePop,true,0,0,,,
shape-v2,1002,1960-01,ProgressiveRock,false,0,0,,,
shape-v2,1002,1960-01,ProgressiveRock,true,0,0,,,
shape-v2,1002,1960-01,BluesRock,false,0,0,,,
shape-v2,1002,1960-01,BluesRock,true,0,0,,,
shape-v2,1002,1960-01,HardRock,false,0,0,,,
shape-v2,1002,1960-01,HardRock,true,0,0,,,
shape-v2,1002,1960-01,ProtoMetal,false,0,0,,,
shape-v2,1002,1960-01,ProtoMetal,true,0,0,,,
shape-v2,1002,1960-01,Bubblegum,false,0,0,,,
shape-v2,1002,1960-01,Bubblegum,true,0,0,,,
shape-v2,1002,1960-01,BossaNova,false,0,0,,,
shape-v2,1002,1960-01,BossaNova,true,0,0,,,
shape-v2,1002,1960-01,SkaRocksteady,false,0,0,,,
shape-v2,1002,1960-01,SkaRocksteady,true,0,0,,,
shape-v2,1002,1960-01,Gospel,false,40,40,3,4,5
shape-v2,1002,1960-01,Gospel,true,0,0,,,
shape-v2,1002,1960-01,BritishPop,false,0,0,,,
shape-v2,1002,1960-01,BritishPop,true,0,0,,,
shape-v2,1002,1960-01,PsychedelicRock,false,0,0,,,
shape-v2,1002,1960-01,PsychedelicRock,true,0,0,,,
shape-v2,1002,1960-01,BritishBeat,false,0,0,,,
shape-v2,1002,1960-01,BritishBeat,true,0,0,,,
shape-v2,1002,1960-01,BritishBlues,false,0,0,,,
shape-v2,1002,1960-01,BritishBlues,true,0,0,,,
shape-v2,1002,1960-01,Classical,false,49,0,,,
shape-v2,1002,1960-01,Classical,true,47,0,,,
shape-v2,1002,1960-01,Boogaloo,false,0,0,,,
shape-v2,1002,1960-01,Boogaloo,true,0,0,,,
shape-v2,1002,1960-01,TexMex,false,3,0,,,
shape-v2,1002,1960-01,TexMex,true,4,0,,,
shape-v2,1002,1960-01,LatinPop,false,0,0,,,
shape-v2,1002,1960-01,LatinPop,true,29,0,,,
shape-v2,1002,1960-01,Ska,false,0,0,,,
shape-v2,1002,1960-01,Ska,true,0,0,,,
shape-v2,1002,1960-01,Rocksteady,false,0,0,,,
shape-v2,1002,1960-01,Rocksteady,true,0,0,,,
shape-v2,1002,1960-01,Reggae,false,0,0,,,
shape-v2,1002,1960-01,Reggae,true,0,0,,,
shape-v2,1002,1960-01,Comedy,false,18,0,,,
shape-v2,1002,1960-01,Comedy,true,9,0,,,
shape-v2,1002,1960-01,Childrens,false,9,0,,,
shape-v2,1002,1960-01,Childrens,true,11,0,,,
shape-v2,1002,1960-01,ContemporaryFolk,false,0,0,,,
shape-v2,1002,1960-01,ContemporaryFolk,true,0,0,,,
shape-v2,1002,1960-01,SingerSongwriter,false,0,0,,,
shape-v2,1002,1960-01,SingerSongwriter,true,0,0,,,
shape-v2,1002,1960-01,PopRock,false,0,0,,,
shape-v2,1002,1960-01,PopRock,true,0,0,,,
shape-v2,1002,1960-01,RootsRock,false,0,0,,,
shape-v2,1002,1960-01,RootsRock,true,0,0,,,
shape-v2,1002,1960-01,PsychedelicPop,false,0,0,,,
shape-v2,1002,1960-01,PsychedelicPop,true,0,0,,,
shape-v2,1002,1960-02,TraditionalPop,false,266,4,3,3,5
shape-v2,1002,1960-02,TraditionalPop,true,8,4,3,4,5
shape-v2,1002,1960-02,EasyListening,false,113,4,3,5,5
shape-v2,1002,1960-02,EasyListening,true,48,4,3,3,5
shape-v2,1002,1960-02,Jazz,false,149,8,3,4,5
shape-v2,1002,1960-02,Jazz,true,12,5,3,4,5
shape-v2,1002,1960-02,Blues,false,91,4,4,4,5
shape-v2,1002,1960-02,Blues,true,8,4,3,3,5
shape-v2,1002,1960-02,RockAndRoll,false,497,0,,,
shape-v2,1002,1960-02,RockAndRoll,true,14,0,,,
shape-v2,1002,1960-02,DooWop,false,126,0,,,
shape-v2,1002,1960-02,DooWop,true,16,0,,,
shape-v2,1002,1960-02,TeenPop,false,329,0,,,
shape-v2,1002,1960-02,TeenPop,true,9,0,,,
shape-v2,1002,1960-02,RnB,false,428,0,,,
shape-v2,1002,1960-02,RnB,true,8,0,,,
shape-v2,1002,1960-02,Soul,false,427,0,,,
shape-v2,1002,1960-02,Soul,true,10,0,,,
shape-v2,1002,1960-02,Motown,false,0,0,,,
shape-v2,1002,1960-02,Motown,true,0,0,,,
shape-v2,1002,1960-02,Funk,false,0,0,,,
shape-v2,1002,1960-02,Funk,true,0,0,,,
shape-v2,1002,1960-02,GirlGroup,false,0,0,,,
shape-v2,1002,1960-02,GirlGroup,true,0,0,,,
shape-v2,1002,1960-02,Country,false,184,0,,,
shape-v2,1002,1960-02,Country,true,30,0,,,
shape-v2,1002,1960-02,Folk,false,161,4,4,4,5
shape-v2,1002,1960-02,Folk,true,7,4,4,4,5
shape-v2,1002,1960-02,FolkRock,false,0,0,,,
shape-v2,1002,1960-02,FolkRock,true,0,0,,,
shape-v2,1002,1960-02,CountryRock,false,0,0,,,
shape-v2,1002,1960-02,CountryRock,true,0,0,,,
shape-v2,1002,1960-02,BritishInvasion,false,0,0,,,
shape-v2,1002,1960-02,BritishInvasion,true,0,0,,,
shape-v2,1002,1960-02,Skiffle,false,0,0,,,
shape-v2,1002,1960-02,Skiffle,true,0,0,,,
shape-v2,1002,1960-02,SurfRock,false,1,0,,,
shape-v2,1002,1960-02,SurfRock,true,1,0,,,
shape-v2,1002,1960-02,GarageRock,false,0,0,,,
shape-v2,1002,1960-02,GarageRock,true,0,0,,,
shape-v2,1002,1960-02,ProtoPunk,false,0,0,,,
shape-v2,1002,1960-02,ProtoPunk,true,0,0,,,
shape-v2,1002,1960-02,Psychedelic,false,0,0,,,
shape-v2,1002,1960-02,Psychedelic,true,0,0,,,
shape-v2,1002,1960-02,AcidRock,false,0,0,,,
shape-v2,1002,1960-02,AcidRock,true,0,0,,,
shape-v2,1002,1960-02,BaroquePop,false,0,0,,,
shape-v2,1002,1960-02,BaroquePop,true,0,0,,,
shape-v2,1002,1960-02,SunshinePop,false,0,0,,,
shape-v2,1002,1960-02,SunshinePop,true,0,0,,,
shape-v2,1002,1960-02,ProgressiveRock,false,0,0,,,
shape-v2,1002,1960-02,ProgressiveRock,true,0,0,,,
shape-v2,1002,1960-02,BluesRock,false,0,0,,,
shape-v2,1002,1960-02,BluesRock,true,0,0,,,
shape-v2,1002,1960-02,HardRock,false,0,0,,,
shape-v2,1002,1960-02,HardRock,true,0,0,,,
shape-v2,1002,1960-02,ProtoMetal,false,0,0,,,
shape-v2,1002,1960-02,ProtoMetal,true,0,0,,,
shape-v2,1002,1960-02,Bubblegum,false,0,0,,,
shape-v2,1002,1960-02,Bubblegum,true,0,0,,,
shape-v2,1002,1960-02,BossaNova,false,0,0,,,
shape-v2,1002,1960-02,BossaNova,true,0,0,,,
shape-v2,1002,1960-02,SkaRocksteady,false,0,0,,,
shape-v2,1002,1960-02,SkaRocksteady,true,0,0,,,
shape-v2,1002,1960-02,Gospel,false,41,41,3,4,5
shape-v2,1002,1960-02,Gospel,true,12,12,3,4,4
shape-v2,1002,1960-02,BritishPop,false,0,0,,,
shape-v2,1002,1960-02,BritishPop,true,0,0,,,
shape-v2,1002,1960-02,PsychedelicRock,false,0,0,,,
shape-v2,1002,1960-02,PsychedelicRock,true,0,0,,,
shape-v2,1002,1960-02,BritishBeat,false,0,0,,,
shape-v2,1002,1960-02,BritishBeat,true,0,0,,,
shape-v2,1002,1960-02,BritishBlues,false,0,0,,,
shape-v2,1002,1960-02,BritishBlues,true,0,0,,,
shape-v2,1002,1960-02,Classical,false,76,0,,,
shape-v2,1002,1960-02,Classical,true,29,0,,,
shape-v2,1002,1960-02,Boogaloo,false,0,0,,,
shape-v2,1002,1960-02,Boogaloo,true,0,0,,,
shape-v2,1002,1960-02,TexMex,false,4,0,,,
shape-v2,1002,1960-02,TexMex,true,7,0,,,
shape-v2,1002,1960-02,LatinPop,false,12,0,,,
shape-v2,1002,1960-02,LatinPop,true,22,0,,,
shape-v2,1002,1960-02,Ska,false,0,0,,,
shape-v2,1002,1960-02,Ska,true,0,0,,,
shape-v2,1002,1960-02,Rocksteady,false,0,0,,,
shape-v2,1002,1960-02,Rocksteady,true,0,0,,,
shape-v2,1002,1960-02,Reggae,false,0,0,,,
shape-v2,1002,1960-02,Reggae,true,0,0,,,
shape-v2,1002,1960-02,Comedy,false,27,0,,,
shape-v2,1002,1960-02,Comedy,true,10,0,,,
shape-v2,1002,1960-02,Childrens,false,15,0,,,
shape-v2,1002,1960-02,Childrens,true,13,0,,,
shape-v2,1002,1960-02,ContemporaryFolk,false,0,0,,,
shape-v2,1002,1960-02,ContemporaryFolk,true,0,0,,,
shape-v2,1002,1960-02,SingerSongwriter,false,0,0,,,
shape-v2,1002,1960-02,SingerSongwriter,true,0,0,,,
shape-v2,1002,1960-02,PopRock,false,0,0,,,
shape-v2,1002,1960-02,PopRock,true,0,0,,,
shape-v2,1002,1960-02,RootsRock,false,0,0,,,
shape-v2,1002,1960-02,RootsRock,true,0,0,,,
shape-v2,1002,1960-02,PsychedelicPop,false,0,0,,,
shape-v2,1002,1960-02,PsychedelicPop,true,0,0,,,
shape-v2,1002,1960-03,TraditionalPop,false,268,4,3,3,5
shape-v2,1002,1960-03,TraditionalPop,true,22,4,3,3,5
shape-v2,1002,1960-03,EasyListening,false,114,4,3,4,5
shape-v2,1002,1960-03,EasyListening,true,59,4,3,3,4
shape-v2,1002,1960-03,Jazz,false,150,8,3,4,5
shape-v2,1002,1960-03,Jazz,true,15,7,3,4,5
shape-v2,1002,1960-03,Blues,false,91,4,3,3,5
shape-v2,1002,1960-03,Blues,true,14,4,3,3,5
shape-v2,1002,1960-03,RockAndRoll,false,499,0,,,
shape-v2,1002,1960-03,RockAndRoll,true,25,0,,,
shape-v2,1002,1960-03,DooWop,false,128,0,,,
shape-v2,1002,1960-03,DooWop,true,23,0,,,
shape-v2,1002,1960-03,TeenPop,false,330,0,,,
shape-v2,1002,1960-03,TeenPop,true,16,0,,,
shape-v2,1002,1960-03,RnB,false,428,0,,,
shape-v2,1002,1960-03,RnB,true,12,0,,,
shape-v2,1002,1960-03,Soul,false,429,0,,,
shape-v2,1002,1960-03,Soul,true,14,0,,,
shape-v2,1002,1960-03,Motown,false,0,0,,,
shape-v2,1002,1960-03,Motown,true,0,0,,,
shape-v2,1002,1960-03,Funk,false,0,0,,,
shape-v2,1002,1960-03,Funk,true,0,0,,,
shape-v2,1002,1960-03,GirlGroup,false,0,0,,,
shape-v2,1002,1960-03,GirlGroup,true,0,0,,,
shape-v2,1002,1960-03,Country,false,187,0,,,
shape-v2,1002,1960-03,Country,true,62,0,,,
shape-v2,1002,1960-03,Folk,false,161,4,3,3,4
shape-v2,1002,1960-03,Folk,true,18,4,3,3,5
shape-v2,1002,1960-03,FolkRock,false,0,0,,,
shape-v2,1002,1960-03,FolkRock,true,0,0,,,
shape-v2,1002,1960-03,CountryRock,false,0,0,,,
shape-v2,1002,1960-03,CountryRock,true,0,0,,,
shape-v2,1002,1960-03,BritishInvasion,false,0,0,,,
shape-v2,1002,1960-03,BritishInvasion,true,0,0,,,
shape-v2,1002,1960-03,Skiffle,false,0,0,,,
shape-v2,1002,1960-03,Skiffle,true,0,0,,,
shape-v2,1002,1960-03,SurfRock,false,1,0,,,
shape-v2,1002,1960-03,SurfRock,true,4,0,,,
shape-v2,1002,1960-03,GarageRock,false,0,0,,,
shape-v2,1002,1960-03,GarageRock,true,0,0,,,
shape-v2,1002,1960-03,ProtoPunk,false,0,0,,,
shape-v2,1002,1960-03,ProtoPunk,true,0,0,,,
shape-v2,1002,1960-03,Psychedelic,false,0,0,,,
shape-v2,1002,1960-03,Psychedelic,true,0,0,,,
shape-v2,1002,1960-03,AcidRock,false,0,0,,,
shape-v2,1002,1960-03,AcidRock,true,0,0,,,
shape-v2,1002,1960-03,BaroquePop,false,0,0,,,
shape-v2,1002,1960-03,BaroquePop,true,0,0,,,
shape-v2,1002,1960-03,SunshinePop,false,0,0,,,
shape-v2,1002,1960-03,SunshinePop,true,0,0,,,
shape-v2,1002,1960-03,ProgressiveRock,false,0,0,,,
shape-v2,1002,1960-03,ProgressiveRock,true,0,0,,,
shape-v2,1002,1960-03,BluesRock,false,0,0,,,
shape-v2,1002,1960-03,BluesRock,true,0,0,,,
shape-v2,1002,1960-03,HardRock,false,0,0,,,
shape-v2,1002,1960-03,HardRock,true,0,0,,,
shape-v2,1002,1960-03,ProtoMetal,false,0,0,,,
shape-v2,1002,1960-03,ProtoMetal,true,0,0,,,
shape-v2,1002,1960-03,Bubblegum,false,0,0,,,
shape-v2,1002,1960-03,Bubblegum,true,0,0,,,
shape-v2,1002,1960-03,BossaNova,false,0,0,,,
shape-v2,1002,1960-03,BossaNova,true,0,0,,,
shape-v2,1002,1960-03,SkaRocksteady,false,0,0,,,
shape-v2,1002,1960-03,SkaRocksteady,true,0,0,,,
shape-v2,1002,1960-03,Gospel,false,43,43,3,4,5
shape-v2,1002,1960-03,Gospel,true,16,16,3,3,5
shape-v2,1002,1960-03,BritishPop,false,0,0,,,
shape-v2,1002,1960-03,BritishPop,true,0,0,,,
shape-v2,1002,1960-03,PsychedelicRock,false,0,0,,,
shape-v2,1002,1960-03,PsychedelicRock,true,0,0,,,
shape-v2,1002,1960-03,BritishBeat,false,0,0,,,
shape-v2,1002,1960-03,BritishBeat,true,0,0,,,
shape-v2,1002,1960-03,BritishBlues,false,0,0,,,
shape-v2,1002,1960-03,BritishBlues,true,0,0,,,
shape-v2,1002,1960-03,Classical,false,77,0,,,
shape-v2,1002,1960-03,Classical,true,36,0,,,
shape-v2,1002,1960-03,Boogaloo,false,0,0,,,
shape-v2,1002,1960-03,Boogaloo,true,0,0,,,
shape-v2,1002,1960-03,TexMex,false,4,0,,,
shape-v2,1002,1960-03,TexMex,true,13,0,,,
shape-v2,1002,1960-03,LatinPop,false,13,0,,,
shape-v2,1002,1960-03,LatinPop,true,26,0,,,
shape-v2,1002,1960-03,Ska,false,0,0,,,
shape-v2,1002,1960-03,Ska,true,0,0,,,
shape-v2,1002,1960-03,Rocksteady,false,0,0,,,
shape-v2,1002,1960-03,Rocksteady,true,0,0,,,
shape-v2,1002,1960-03,Reggae,false,0,0,,,
shape-v2,1002,1960-03,Reggae,true,0,0,,,
shape-v2,1002,1960-03,Comedy,false,27,0,,,
shape-v2,1002,1960-03,Comedy,true,21,0,,,
shape-v2,1002,1960-03,Childrens,false,16,0,,,
shape-v2,1002,1960-03,Childrens,true,18,0,,,
shape-v2,1002,1960-03,ContemporaryFolk,false,0,0,,,
shape-v2,1002,1960-03,ContemporaryFolk,true,0,0,,,
shape-v2,1002,1960-03,SingerSongwriter,false,0,0,,,
shape-v2,1002,1960-03,SingerSongwriter,true,0,0,,,
shape-v2,1002,1960-03,PopRock,false,0,0,,,
shape-v2,1002,1960-03,PopRock,true,0,0,,,
shape-v2,1002,1960-03,RootsRock,false,0,0,,,
shape-v2,1002,1960-03,RootsRock,true,0,0,,,
shape-v2,1002,1960-03,PsychedelicPop,false,0,0,,,
shape-v2,1002,1960-03,PsychedelicPop,true,0,0,,,
shape-v2,1002,1960-04,TraditionalPop,false,268,4,3,5,5
shape-v2,1002,1960-04,TraditionalPop,true,35,4,3,4,5
shape-v2,1002,1960-04,EasyListening,false,114,4,3,4,5
shape-v2,1002,1960-04,EasyListening,true,70,4,3,3,5
shape-v2,1002,1960-04,Jazz,false,150,8,3,3,5
shape-v2,1002,1960-04,Jazz,true,30,8,3,4,5
shape-v2,1002,1960-04,Blues,false,93,4,3,4,5
shape-v2,1002,1960-04,Blues,true,17,4,3,3,5
shape-v2,1002,1960-04,RockAndRoll,false,500,0,,,
shape-v2,1002,1960-04,RockAndRoll,true,30,0,,,
shape-v2,1002,1960-04,DooWop,false,130,0,,,
shape-v2,1002,1960-04,DooWop,true,32,0,,,
shape-v2,1002,1960-04,TeenPop,false,331,0,,,
shape-v2,1002,1960-04,TeenPop,true,26,0,,,
shape-v2,1002,1960-04,RnB,false,428,0,,,
shape-v2,1002,1960-04,RnB,true,23,0,,,
shape-v2,1002,1960-04,Soul,false,429,0,,,
shape-v2,1002,1960-04,Soul,true,23,0,,,
shape-v2,1002,1960-04,Motown,false,0,0,,,
shape-v2,1002,1960-04,Motown,true,0,0,,,
shape-v2,1002,1960-04,Funk,false,0,0,,,
shape-v2,1002,1960-04,Funk,true,0,0,,,
shape-v2,1002,1960-04,GirlGroup,false,0,0,,,
shape-v2,1002,1960-04,GirlGroup,true,0,0,,,
shape-v2,1002,1960-04,Country,false,188,0,,,
shape-v2,1002,1960-04,Country,true,86,0,,,
shape-v2,1002,1960-04,Folk,false,162,4,3,4,5
shape-v2,1002,1960-04,Folk,true,24,4,3,3,5
shape-v2,1002,1960-04,FolkRock,false,0,0,,,
shape-v2,1002,1960-04,FolkRock,true,0,0,,,
shape-v2,1002,1960-04,CountryRock,false,0,0,,,
shape-v2,1002,1960-04,CountryRock,true,0,0,,,
shape-v2,1002,1960-04,BritishInvasion,false,0,0,,,
shape-v2,1002,1960-04,BritishInvasion,true,0,0,,,
shape-v2,1002,1960-04,Skiffle,false,0,0,,,
shape-v2,1002,1960-04,Skiffle,true,0,0,,,
shape-v2,1002,1960-04,SurfRock,false,1,0,,,
shape-v2,1002,1960-04,SurfRock,true,9,0,,,
shape-v2,1002,1960-04,GarageRock,false,0,0,,,
shape-v2,1002,1960-04,GarageRock,true,0,0,,,
shape-v2,1002,1960-04,ProtoPunk,false,0,0,,,
shape-v2,1002,1960-04,ProtoPunk,true,0,0,,,
shape-v2,1002,1960-04,Psychedelic,false,0,0,,,
shape-v2,1002,1960-04,Psychedelic,true,0,0,,,
shape-v2,1002,1960-04,AcidRock,false,0,0,,,
shape-v2,1002,1960-04,AcidRock,true,0,0,,,
shape-v2,1002,1960-04,BaroquePop,false,0,0,,,
shape-v2,1002,1960-04,BaroquePop,true,0,0,,,
shape-v2,1002,1960-04,SunshinePop,false,0,0,,,
shape-v2,1002,1960-04,SunshinePop,true,0,0,,,
shape-v2,1002,1960-04,ProgressiveRock,false,0,0,,,
shape-v2,1002,1960-04,ProgressiveRock,true,0,0,,,
shape-v2,1002,1960-04,BluesRock,false,0,0,,,
shape-v2,1002,1960-04,BluesRock,true,0,0,,,
shape-v2,1002,1960-04,HardRock,false,0,0,,,
shape-v2,1002,1960-04,HardRock,true,0,0,,,
shape-v2,1002,1960-04,ProtoMetal,false,0,0,,,
shape-v2,1002,1960-04,ProtoMetal,true,0,0,,,
shape-v2,1002,1960-04,Bubblegum,false,0,0,,,
shape-v2,1002,1960-04,Bubblegum,true,0,0,,,
shape-v2,1002,1960-04,BossaNova,false,0,0,,,
shape-v2,1002,1960-04,BossaNova,true,0,0,,,
shape-v2,1002,1960-04,SkaRocksteady,false,0,0,,,
shape-v2,1002,1960-04,SkaRocksteady,true,0,0,,,
shape-v2,1002,1960-04,Gospel,false,44,44,3,4,5
shape-v2,1002,1960-04,Gospel,true,23,23,3,4,5
shape-v2,1002,1960-04,BritishPop,false,0,0,,,
shape-v2,1002,1960-04,BritishPop,true,0,0,,,
shape-v2,1002,1960-04,PsychedelicRock,false,0,0,,,
shape-v2,1002,1960-04,PsychedelicRock,true,0,0,,,
shape-v2,1002,1960-04,BritishBeat,false,0,0,,,
shape-v2,1002,1960-04,BritishBeat,true,0,0,,,
shape-v2,1002,1960-04,BritishBlues,false,0,0,,,
shape-v2,1002,1960-04,BritishBlues,true,0,0,,,
shape-v2,1002,1960-04,Classical,false,77,0,,,
shape-v2,1002,1960-04,Classical,true,41,0,,,
shape-v2,1002,1960-04,Boogaloo,false,0,0,,,
shape-v2,1002,1960-04,Boogaloo,true,0,0,,,
shape-v2,1002,1960-04,TexMex,false,4,0,,,
shape-v2,1002,1960-04,TexMex,true,16,0,,,
shape-v2,1002,1960-04,LatinPop,false,14,0,,,
shape-v2,1002,1960-04,LatinPop,true,30,0,,,
shape-v2,1002,1960-04,Ska,false,0,0,,,
shape-v2,1002,1960-04,Ska,true,0,0,,,
shape-v2,1002,1960-04,Rocksteady,false,0,0,,,
shape-v2,1002,1960-04,Rocksteady,true,0,0,,,
shape-v2,1002,1960-04,Reggae,false,0,0,,,
shape-v2,1002,1960-04,Reggae,true,0,0,,,
shape-v2,1002,1960-04,Comedy,false,28,0,,,
shape-v2,1002,1960-04,Comedy,true,32,0,,,
shape-v2,1002,1960-04,Childrens,false,16,0,,,
shape-v2,1002,1960-04,Childrens,true,26,0,,,
shape-v2,1002,1960-04,ContemporaryFolk,false,0,0,,,
shape-v2,1002,1960-04,ContemporaryFolk,true,0,0,,,
shape-v2,1002,1960-04,SingerSongwriter,false,0,0,,,
shape-v2,1002,1960-04,SingerSongwriter,true,0,0,,,
shape-v2,1002,1960-04,PopRock,false,0,0,,,
shape-v2,1002,1960-04,PopRock,true,0,0,,,
shape-v2,1002,1960-04,RootsRock,false,0,0,,,
shape-v2,1002,1960-04,RootsRock,true,0,0,,,
shape-v2,1002,1960-04,PsychedelicPop,false,0,0,,,
shape-v2,1002,1960-04,PsychedelicPop,true,0,0,,,
shape-v2,1002,1960-05,TraditionalPop,false,264,4,3,3,5
shape-v2,1002,1960-05,TraditionalPop,true,49,4,3,5,5
shape-v2,1002,1960-05,EasyListening,false,113,4,3,3,5
shape-v2,1002,1960-05,EasyListening,true,84,4,3,3,5
shape-v2,1002,1960-05,Jazz,false,150,8,3,4,5
shape-v2,1002,1960-05,Jazz,true,39,8,3,4,5
shape-v2,1002,1960-05,Blues,false,93,4,5,5,5
shape-v2,1002,1960-05,Blues,true,27,4,3,4,5
shape-v2,1002,1960-05,RockAndRoll,false,500,0,,,
shape-v2,1002,1960-05,RockAndRoll,true,39,0,,,
shape-v2,1002,1960-05,DooWop,false,129,0,,,
shape-v2,1002,1960-05,DooWop,true,46,0,,,
shape-v2,1002,1960-05,TeenPop,false,331,0,,,
shape-v2,1002,1960-05,TeenPop,true,41,0,,,
shape-v2,1002,1960-05,RnB,false,428,0,,,
shape-v2,1002,1960-05,RnB,true,32,0,,,
shape-v2,1002,1960-05,Soul,false,429,0,,,
shape-v2,1002,1960-05,Soul,true,35,0,,,
shape-v2,1002,1960-05,Motown,false,0,0,,,
shape-v2,1002,1960-05,Motown,true,0,0,,,
shape-v2,1002,1960-05,Funk,false,0,0,,,
shape-v2,1002,1960-05,Funk,true,0,0,,,
shape-v2,1002,1960-05,GirlGroup,false,0,0,,,
shape-v2,1002,1960-05,GirlGroup,true,0,0,,,
shape-v2,1002,1960-05,Country,false,188,0,,,
shape-v2,1002,1960-05,Country,true,122,0,,,
shape-v2,1002,1960-05,Folk,false,162,4,3,4,5
shape-v2,1002,1960-05,Folk,true,36,4,3,3,5
shape-v2,1002,1960-05,FolkRock,false,0,0,,,
shape-v2,1002,1960-05,FolkRock,true,0,0,,,
shape-v2,1002,1960-05,CountryRock,false,0,0,,,
shape-v2,1002,1960-05,CountryRock,true,0,0,,,
shape-v2,1002,1960-05,BritishInvasion,false,0,0,,,
shape-v2,1002,1960-05,BritishInvasion,true,0,0,,,
shape-v2,1002,1960-05,Skiffle,false,0,0,,,
shape-v2,1002,1960-05,Skiffle,true,0,0,,,
shape-v2,1002,1960-05,SurfRock,false,1,0,,,
shape-v2,1002,1960-05,SurfRock,true,13,0,,,
shape-v2,1002,1960-05,GarageRock,false,0,0,,,
shape-v2,1002,1960-05,GarageRock,true,0,0,,,
shape-v2,1002,1960-05,ProtoPunk,false,0,0,,,
shape-v2,1002,1960-05,ProtoPunk,true,0,0,,,
shape-v2,1002,1960-05,Psychedelic,false,0,0,,,
shape-v2,1002,1960-05,Psychedelic,true,0,0,,,
shape-v2,1002,1960-05,AcidRock,false,0,0,,,
shape-v2,1002,1960-05,AcidRock,true,0,0,,,
shape-v2,1002,1960-05,BaroquePop,false,0,0,,,
shape-v2,1002,1960-05,BaroquePop,true,0,0,,,
shape-v2,1002,1960-05,SunshinePop,false,0,0,,,
shape-v2,1002,1960-05,SunshinePop,true,0,0,,,
shape-v2,1002,1960-05,ProgressiveRock,false,0,0,,,
shape-v2,1002,1960-05,ProgressiveRock,true,0,0,,,
shape-v2,1002,1960-05,BluesRock,false,0,0,,,
shape-v2,1002,1960-05,BluesRock,true,0,0,,,
shape-v2,1002,1960-05,HardRock,false,0,0,,,
shape-v2,1002,1960-05,HardRock,true,0,0,,,
shape-v2,1002,1960-05,ProtoMetal,false,0,0,,,
shape-v2,1002,1960-05,ProtoMetal,true,0,0,,,
shape-v2,1002,1960-05,Bubblegum,false,0,0,,,
shape-v2,1002,1960-05,Bubblegum,true,0,0,,,
shape-v2,1002,1960-05,BossaNova,false,0,0,,,
shape-v2,1002,1960-05,BossaNova,true,0,0,,,
shape-v2,1002,1960-05,SkaRocksteady,false,0,0,,,
shape-v2,1002,1960-05,SkaRocksteady,true,0,0,,,
shape-v2,1002,1960-05,Gospel,false,44,44,3,4,5
shape-v2,1002,1960-05,Gospel,true,31,31,3,4,5
shape-v2,1002,1960-05,BritishPop,false,0,0,,,
shape-v2,1002,1960-05,BritishPop,true,0,0,,,
shape-v2,1002,1960-05,PsychedelicRock,false,0,0,,,
shape-v2,1002,1960-05,PsychedelicRock,true,0,0,,,
shape-v2,1002,1960-05,BritishBeat,false,0,0,,,
shape-v2,1002,1960-05,BritishBeat,true,0,0,,,
shape-v2,1002,1960-05,BritishBlues,false,0,0,,,
shape-v2,1002,1960-05,BritishBlues,true,0,0,,,
shape-v2,1002,1960-05,Classical,false,77,0,,,
shape-v2,1002,1960-05,Classical,true,49,0,,,
shape-v2,1002,1960-05,Boogaloo,false,0,0,,,
shape-v2,1002,1960-05,Boogaloo,true,0,0,,,
shape-v2,1002,1960-05,TexMex,false,4,0,,,
shape-v2,1002,1960-05,TexMex,true,22,0,,,
shape-v2,1002,1960-05,LatinPop,false,14,0,,,
shape-v2,1002,1960-05,LatinPop,true,37,0,,,
shape-v2,1002,1960-05,Ska,false,0,0,,,
shape-v2,1002,1960-05,Ska,true,0,0,,,
shape-v2,1002,1960-05,Rocksteady,false,0,0,,,
shape-v2,1002,1960-05,Rocksteady,true,0,0,,,
shape-v2,1002,1960-05,Reggae,false,0,0,,,
shape-v2,1002,1960-05,Reggae,true,0,0,,,
shape-v2,1002,1960-05,Comedy,false,28,0,,,
shape-v2,1002,1960-05,Comedy,true,52,0,,,
shape-v2,1002,1960-05,Childrens,false,16,0,,,
shape-v2,1002,1960-05,Childrens,true,36,0,,,
shape-v2,1002,1960-05,ContemporaryFolk,false,0,0,,,
shape-v2,1002,1960-05,ContemporaryFolk,true,0,0,,,
shape-v2,1002,1960-05,SingerSongwriter,false,0,0,,,
shape-v2,1002,1960-05,SingerSongwriter,true,0,0,,,
shape-v2,1002,1960-05,PopRock,false,0,0,,,
shape-v2,1002,1960-05,PopRock,true,0,0,,,
shape-v2,1002,1960-05,RootsRock,false,0,0,,,
shape-v2,1002,1960-05,RootsRock,true,0,0,,,
shape-v2,1002,1960-05,PsychedelicPop,false,0,0,,,
shape-v2,1002,1960-05,PsychedelicPop,true,0,0,,,
shape-v2,1002,1960-06,TraditionalPop,false,265,4,3,3,5
shape-v2,1002,1960-06,TraditionalPop,true,56,4,3,5,5
shape-v2,1002,1960-06,EasyListening,false,112,4,3,3,5
shape-v2,1002,1960-06,EasyListening,true,94,4,3,3,5
shape-v2,1002,1960-06,Jazz,false,154,8,3,3,5
shape-v2,1002,1960-06,Jazz,true,42,8,3,4,5
shape-v2,1002,1960-06,Blues,false,93,4,3,4,5
shape-v2,1002,1960-06,Blues,true,38,4,3,4,5
shape-v2,1002,1960-06,RockAndRoll,false,500,0,,,
shape-v2,1002,1960-06,RockAndRoll,true,48,0,,,
shape-v2,1002,1960-06,DooWop,false,130,0,,,
shape-v2,1002,1960-06,DooWop,true,64,0,,,
shape-v2,1002,1960-06,TeenPop,false,328,0,,,
shape-v2,1002,1960-06,TeenPop,true,53,0,,,
shape-v2,1002,1960-06,RnB,false,428,0,,,
shape-v2,1002,1960-06,RnB,true,42,0,,,
shape-v2,1002,1960-06,Soul,false,429,0,,,
shape-v2,1002,1960-06,Soul,true,48,0,,,
shape-v2,1002,1960-06,Motown,false,0,0,,,
shape-v2,1002,1960-06,Motown,true,0,0,,,
shape-v2,1002,1960-06,Funk,false,0,0,,,
shape-v2,1002,1960-06,Funk,true,0,0,,,
shape-v2,1002,1960-06,GirlGroup,false,0,0,,,
shape-v2,1002,1960-06,GirlGroup,true,0,0,,,
shape-v2,1002,1960-06,Country,false,191,0,,,
shape-v2,1002,1960-06,Country,true,145,0,,,
shape-v2,1002,1960-06,Folk,false,161,4,3,4,5
shape-v2,1002,1960-06,Folk,true,47,4,3,4,5
shape-v2,1002,1960-06,FolkRock,false,0,0,,,
shape-v2,1002,1960-06,FolkRock,true,0,0,,,
shape-v2,1002,1960-06,CountryRock,false,0,0,,,
shape-v2,1002,1960-06,CountryRock,true,0,0,,,
shape-v2,1002,1960-06,BritishInvasion,false,0,0,,,
shape-v2,1002,1960-06,BritishInvasion,true,0,0,,,
shape-v2,1002,1960-06,Skiffle,false,0,0,,,
shape-v2,1002,1960-06,Skiffle,true,0,0,,,
shape-v2,1002,1960-06,SurfRock,false,1,0,,,
shape-v2,1002,1960-06,SurfRock,true,14,0,,,
shape-v2,1002,1960-06,GarageRock,false,0,0,,,
shape-v2,1002,1960-06,GarageRock,true,0,0,,,
shape-v2,1002,1960-06,ProtoPunk,false,0,0,,,
shape-v2,1002,1960-06,ProtoPunk,true,0,0,,,
shape-v2,1002,1960-06,Psychedelic,false,0,0,,,
shape-v2,1002,1960-06,Psychedelic,true,0,0,,,
shape-v2,1002,1960-06,AcidRock,false,0,0,,,
shape-v2,1002,1960-06,AcidRock,true,0,0,,,
shape-v2,1002,1960-06,BaroquePop,false,0,0,,,
shape-v2,1002,1960-06,BaroquePop,true,0,0,,,
shape-v2,1002,1960-06,SunshinePop,false,0,0,,,
shape-v2,1002,1960-06,SunshinePop,true,0,0,,,
shape-v2,1002,1960-06,ProgressiveRock,false,0,0,,,
shape-v2,1002,1960-06,ProgressiveRock,true,0,0,,,
shape-v2,1002,1960-06,BluesRock,false,0,0,,,
shape-v2,1002,1960-06,BluesRock,true,0,0,,,
shape-v2,1002,1960-06,HardRock,false,0,0,,,
shape-v2,1002,1960-06,HardRock,true,0,0,,,
shape-v2,1002,1960-06,ProtoMetal,false,0,0,,,
shape-v2,1002,1960-06,ProtoMetal,true,0,0,,,
shape-v2,1002,1960-06,Bubblegum,false,0,0,,,
shape-v2,1002,1960-06,Bubblegum,true,0,0,,,
shape-v2,1002,1960-06,BossaNova,false,0,0,,,
shape-v2,1002,1960-06,BossaNova,true,0,0,,,
shape-v2,1002,1960-06,SkaRocksteady,false,0,0,,,
shape-v2,1002,1960-06,SkaRocksteady,true,0,0,,,
shape-v2,1002,1960-06,Gospel,false,44,44,3,4,5
shape-v2,1002,1960-06,Gospel,true,37,37,3,4,5
shape-v2,1002,1960-06,BritishPop,false,0,0,,,
shape-v2,1002,1960-06,BritishPop,true,0,0,,,
shape-v2,1002,1960-06,PsychedelicRock,false,0,0,,,
shape-v2,1002,1960-06,PsychedelicRock,true,0,0,,,
shape-v2,1002,1960-06,BritishBeat,false,0,0,,,
shape-v2,1002,1960-06,BritishBeat,true,0,0,,,
shape-v2,1002,1960-06,BritishBlues,false,0,0,,,
shape-v2,1002,1960-06,BritishBlues,true,0,0,,,
shape-v2,1002,1960-06,Classical,false,77,0,,,
shape-v2,1002,1960-06,Classical,true,53,0,,,
shape-v2,1002,1960-06,Boogaloo,false,0,0,,,
shape-v2,1002,1960-06,Boogaloo,true,0,0,,,
shape-v2,1002,1960-06,TexMex,false,4,0,,,
shape-v2,1002,1960-06,TexMex,true,26,0,,,
shape-v2,1002,1960-06,LatinPop,false,14,0,,,
shape-v2,1002,1960-06,LatinPop,true,41,0,,,
shape-v2,1002,1960-06,Ska,false,0,0,,,
shape-v2,1002,1960-06,Ska,true,0,0,,,
shape-v2,1002,1960-06,Rocksteady,false,0,0,,,
shape-v2,1002,1960-06,Rocksteady,true,0,0,,,
shape-v2,1002,1960-06,Reggae,false,0,0,,,
shape-v2,1002,1960-06,Reggae,true,0,0,,,
shape-v2,1002,1960-06,Comedy,false,28,0,,,
shape-v2,1002,1960-06,Comedy,true,61,0,,,
shape-v2,1002,1960-06,Childrens,false,16,0,,,
shape-v2,1002,1960-06,Childrens,true,46,0,,,
shape-v2,1002,1960-06,ContemporaryFolk,false,0,0,,,
shape-v2,1002,1960-06,ContemporaryFolk,true,0,0,,,
shape-v2,1002,1960-06,SingerSongwriter,false,0,0,,,
shape-v2,1002,1960-06,SingerSongwriter,true,0,0,,,
shape-v2,1002,1960-06,PopRock,false,0,0,,,
shape-v2,1002,1960-06,PopRock,true,0,0,,,
shape-v2,1002,1960-06,RootsRock,false,0,0,,,
shape-v2,1002,1960-06,RootsRock,true,0,0,,,
shape-v2,1002,1960-06,PsychedelicPop,false,0,0,,,
shape-v2,1002,1960-06,PsychedelicPop,true,0,0,,,
shape-v2,1002,1960-07,TraditionalPop,false,264,4,3,4,5
shape-v2,1002,1960-07,TraditionalPop,true,65,4,3,3,3
shape-v2,1002,1960-07,EasyListening,false,112,4,4,4,5
shape-v2,1002,1960-07,EasyListening,true,109,4,3,4,5
shape-v2,1002,1960-07,Jazz,false,152,8,3,3,5
shape-v2,1002,1960-07,Jazz,true,55,8,3,4,5
shape-v2,1002,1960-07,Blues,false,93,4,4,4,5
shape-v2,1002,1960-07,Blues,true,45,4,3,3,5
shape-v2,1002,1960-07,RockAndRoll,false,498,0,,,
shape-v2,1002,1960-07,RockAndRoll,true,57,0,,,
shape-v2,1002,1960-07,DooWop,false,131,0,,,
shape-v2,1002,1960-07,DooWop,true,84,0,,,
shape-v2,1002,1960-07,TeenPop,false,327,0,,,
shape-v2,1002,1960-07,TeenPop,true,64,0,,,
shape-v2,1002,1960-07,RnB,false,426,0,,,
shape-v2,1002,1960-07,RnB,true,51,0,,,
shape-v2,1002,1960-07,Soul,false,424,0,,,
shape-v2,1002,1960-07,Soul,true,65,0,,,
shape-v2,1002,1960-07,Motown,false,0,0,,,
shape-v2,1002,1960-07,Motown,true,0,0,,,
shape-v2,1002,1960-07,Funk,false,0,0,,,
shape-v2,1002,1960-07,Funk,true,0,0,,,
shape-v2,1002,1960-07,GirlGroup,false,0,0,,,
shape-v2,1002,1960-07,GirlGroup,true,0,0,,,
shape-v2,1002,1960-07,Country,false,195,0,,,
shape-v2,1002,1960-07,Country,true,165,0,,,
shape-v2,1002,1960-07,Folk,false,161,4,3,4,5
shape-v2,1002,1960-07,Folk,true,55,4,3,4,5
shape-v2,1002,1960-07,FolkRock,false,0,0,,,
shape-v2,1002,1960-07,FolkRock,true,0,0,,,
shape-v2,1002,1960-07,CountryRock,false,0,0,,,
shape-v2,1002,1960-07,CountryRock,true,0,0,,,
shape-v2,1002,1960-07,BritishInvasion,false,0,0,,,
shape-v2,1002,1960-07,BritishInvasion,true,0,0,,,
shape-v2,1002,1960-07,Skiffle,false,0,0,,,
shape-v2,1002,1960-07,Skiffle,true,0,0,,,
shape-v2,1002,1960-07,SurfRock,false,2,0,,,
shape-v2,1002,1960-07,SurfRock,true,16,0,,,
shape-v2,1002,1960-07,GarageRock,false,0,0,,,
shape-v2,1002,1960-07,GarageRock,true,0,0,,,
shape-v2,1002,1960-07,ProtoPunk,false,0,0,,,
shape-v2,1002,1960-07,ProtoPunk,true,0,0,,,
shape-v2,1002,1960-07,Psychedelic,false,0,0,,,
shape-v2,1002,1960-07,Psychedelic,true,0,0,,,
shape-v2,1002,1960-07,AcidRock,false,0,0,,,
shape-v2,1002,1960-07,AcidRock,true,0,0,,,
shape-v2,1002,1960-07,BaroquePop,false,0,0,,,
shape-v2,1002,1960-07,BaroquePop,true,0,0,,,
shape-v2,1002,1960-07,SunshinePop,false,0,0,,,
shape-v2,1002,1960-07,SunshinePop,true,0,0,,,
shape-v2,1002,1960-07,ProgressiveRock,false,0,0,,,
shape-v2,1002,1960-07,ProgressiveRock,true,0,0,,,
shape-v2,1002,1960-07,BluesRock,false,0,0,,,
shape-v2,1002,1960-07,BluesRock,true,0,0,,,
shape-v2,1002,1960-07,HardRock,false,0,0,,,
shape-v2,1002,1960-07,HardRock,true,0,0,,,
shape-v2,1002,1960-07,ProtoMetal,false,0,0,,,
shape-v2,1002,1960-07,ProtoMetal,true,0,0,,,
shape-v2,1002,1960-07,Bubblegum,false,0,0,,,
shape-v2,1002,1960-07,Bubblegum,true,0,0,,,
shape-v2,1002,1960-07,BossaNova,false,0,0,,,
shape-v2,1002,1960-07,BossaNova,true,0,0,,,
shape-v2,1002,1960-07,SkaRocksteady,false,0,0,,,
shape-v2,1002,1960-07,SkaRocksteady,true,0,0,,,
shape-v2,1002,1960-07,Gospel,false,44,44,3,4,5
shape-v2,1002,1960-07,Gospel,true,42,42,3,4,5
shape-v2,1002,1960-07,BritishPop,false,0,0,,,
shape-v2,1002,1960-07,BritishPop,true,0,0,,,
shape-v2,1002,1960-07,PsychedelicRock,false,0,0,,,
shape-v2,1002,1960-07,PsychedelicRock,true,0,0,,,
shape-v2,1002,1960-07,BritishBeat,false,0,0,,,
shape-v2,1002,1960-07,BritishBeat,true,0,0,,,
shape-v2,1002,1960-07,BritishBlues,false,0,0,,,
shape-v2,1002,1960-07,BritishBlues,true,0,0,,,
shape-v2,1002,1960-07,Classical,false,76,0,,,
shape-v2,1002,1960-07,Classical,true,63,0,,,
shape-v2,1002,1960-07,Boogaloo,false,0,0,,,
shape-v2,1002,1960-07,Boogaloo,true,0,0,,,
shape-v2,1002,1960-07,TexMex,false,6,0,,,
shape-v2,1002,1960-07,TexMex,true,27,0,,,
shape-v2,1002,1960-07,LatinPop,false,16,0,,,
shape-v2,1002,1960-07,LatinPop,true,43,0,,,
shape-v2,1002,1960-07,Ska,false,0,0,,,
shape-v2,1002,1960-07,Ska,true,0,0,,,
shape-v2,1002,1960-07,Rocksteady,false,0,0,,,
shape-v2,1002,1960-07,Rocksteady,true,0,0,,,
shape-v2,1002,1960-07,Reggae,false,0,0,,,
shape-v2,1002,1960-07,Reggae,true,0,0,,,
shape-v2,1002,1960-07,Comedy,false,28,0,,,
shape-v2,1002,1960-07,Comedy,true,73,0,,,
shape-v2,1002,1960-07,Childrens,false,17,0,,,
shape-v2,1002,1960-07,Childrens,true,49,0,,,
shape-v2,1002,1960-07,ContemporaryFolk,false,0,0,,,
shape-v2,1002,1960-07,ContemporaryFolk,true,0,0,,,
shape-v2,1002,1960-07,SingerSongwriter,false,0,0,,,
shape-v2,1002,1960-07,SingerSongwriter,true,0,0,,,
shape-v2,1002,1960-07,PopRock,false,0,0,,,
shape-v2,1002,1960-07,PopRock,true,0,0,,,
shape-v2,1002,1960-07,RootsRock,false,0,0,,,
shape-v2,1002,1960-07,RootsRock,true,0,0,,,
shape-v2,1002,1960-07,PsychedelicPop,false,0,0,,,
shape-v2,1002,1960-07,PsychedelicPop,true,0,0,,,
shape-v2,1002,1960-08,TraditionalPop,false,264,4,4,4,5
shape-v2,1002,1960-08,TraditionalPop,true,76,4,3,4,5
shape-v2,1002,1960-08,EasyListening,false,109,4,4,4,5
shape-v2,1002,1960-08,EasyListening,true,130,4,3,3,4
shape-v2,1002,1960-08,Jazz,false,152,8,3,5,5
shape-v2,1002,1960-08,Jazz,true,70,8,3,5,5
shape-v2,1002,1960-08,Blues,false,91,4,4,4,5
shape-v2,1002,1960-08,Blues,true,54,4,3,3,5
shape-v2,1002,1960-08,RockAndRoll,false,499,0,,,
shape-v2,1002,1960-08,RockAndRoll,true,72,0,,,
shape-v2,1002,1960-08,DooWop,false,131,0,,,
shape-v2,1002,1960-08,DooWop,true,112,0,,,
shape-v2,1002,1960-08,TeenPop,false,327,0,,,
shape-v2,1002,1960-08,TeenPop,true,77,0,,,
shape-v2,1002,1960-08,RnB,false,427,0,,,
shape-v2,1002,1960-08,RnB,true,58,0,,,
shape-v2,1002,1960-08,Soul,false,424,0,,,
shape-v2,1002,1960-08,Soul,true,80,0,,,
shape-v2,1002,1960-08,Motown,false,0,0,,,
shape-v2,1002,1960-08,Motown,true,0,0,,,
shape-v2,1002,1960-08,Funk,false,0,0,,,
shape-v2,1002,1960-08,Funk,true,0,0,,,
shape-v2,1002,1960-08,GirlGroup,false,0,0,,,
shape-v2,1002,1960-08,GirlGroup,true,0,0,,,
shape-v2,1002,1960-08,Country,false,195,0,,,
shape-v2,1002,1960-08,Country,true,191,0,,,
shape-v2,1002,1960-08,Folk,false,161,4,3,4,5
shape-v2,1002,1960-08,Folk,true,65,4,3,3,5
shape-v2,1002,1960-08,FolkRock,false,0,0,,,
shape-v2,1002,1960-08,FolkRock,true,0,0,,,
shape-v2,1002,1960-08,CountryRock,false,0,0,,,
shape-v2,1002,1960-08,CountryRock,true,0,0,,,
shape-v2,1002,1960-08,BritishInvasion,false,0,0,,,
shape-v2,1002,1960-08,BritishInvasion,true,0,0,,,
shape-v2,1002,1960-08,Skiffle,false,0,0,,,
shape-v2,1002,1960-08,Skiffle,true,0,0,,,
shape-v2,1002,1960-08,SurfRock,false,2,0,,,
shape-v2,1002,1960-08,SurfRock,true,21,0,,,
shape-v2,1002,1960-08,GarageRock,false,0,0,,,
shape-v2,1002,1960-08,GarageRock,true,0,0,,,
shape-v2,1002,1960-08,ProtoPunk,false,0,0,,,
shape-v2,1002,1960-08,ProtoPunk,true,0,0,,,
shape-v2,1002,1960-08,Psychedelic,false,0,0,,,
shape-v2,1002,1960-08,Psychedelic,true,0,0,,,
shape-v2,1002,1960-08,AcidRock,false,0,0,,,
shape-v2,1002,1960-08,AcidRock,true,0,0,,,
shape-v2,1002,1960-08,BaroquePop,false,0,0,,,
shape-v2,1002,1960-08,BaroquePop,true,0,0,,,
shape-v2,1002,1960-08,SunshinePop,false,0,0,,,
shape-v2,1002,1960-08,SunshinePop,true,0,0,,,
shape-v2,1002,1960-08,ProgressiveRock,false,0,0,,,
shape-v2,1002,1960-08,ProgressiveRock,true,0,0,,,
shape-v2,1002,1960-08,BluesRock,false,0,0,,,
shape-v2,1002,1960-08,BluesRock,true,0,0,,,
shape-v2,1002,1960-08,HardRock,false,0,0,,,
shape-v2,1002,1960-08,HardRock,true,0,0,,,
shape-v2,1002,1960-08,ProtoMetal,false,0,0,,,
shape-v2,1002,1960-08,ProtoMetal,true,0,0,,,
shape-v2,1002,1960-08,Bubblegum,false,0,0,,,
shape-v2,1002,1960-08,Bubblegum,true,0,0,,,
shape-v2,1002,1960-08,BossaNova,false,0,0,,,
shape-v2,1002,1960-08,BossaNova,true,0,0,,,
shape-v2,1002,1960-08,SkaRocksteady,false,0,0,,,
shape-v2,1002,1960-08,SkaRocksteady,true,0,0,,,
shape-v2,1002,1960-08,Gospel,false,44,44,3,4,5
shape-v2,1002,1960-08,Gospel,true,46,46,3,4,5
shape-v2,1002,1960-08,BritishPop,false,0,0,,,
shape-v2,1002,1960-08,BritishPop,true,0,0,,,
shape-v2,1002,1960-08,PsychedelicRock,false,0,0,,,
shape-v2,1002,1960-08,PsychedelicRock,true,0,0,,,
shape-v2,1002,1960-08,BritishBeat,false,0,0,,,
shape-v2,1002,1960-08,BritishBeat,true,0,0,,,
shape-v2,1002,1960-08,BritishBlues,false,0,0,,,
shape-v2,1002,1960-08,BritishBlues,true,0,0,,,
shape-v2,1002,1960-08,Classical,false,77,0,,,
shape-v2,1002,1960-08,Classical,true,71,0,,,
shape-v2,1002,1960-08,Boogaloo,false,0,0,,,
shape-v2,1002,1960-08,Boogaloo,true,0,0,,,
shape-v2,1002,1960-08,TexMex,false,6,0,,,
shape-v2,1002,1960-08,TexMex,true,29,0,,,
shape-v2,1002,1960-08,LatinPop,false,16,0,,,
shape-v2,1002,1960-08,LatinPop,true,49,0,,,
shape-v2,1002,1960-08,Ska,false,0,0,,,
shape-v2,1002,1960-08,Ska,true,0,0,,,
shape-v2,1002,1960-08,Rocksteady,false,0,0,,,
shape-v2,1002,1960-08,Rocksteady,true,0,0,,,
shape-v2,1002,1960-08,Reggae,false,0,0,,,
shape-v2,1002,1960-08,Reggae,true,0,0,,,
shape-v2,1002,1960-08,Comedy,false,27,0,,,
shape-v2,1002,1960-08,Comedy,true,85,0,,,
shape-v2,1002,1960-08,Childrens,false,15,0,,,
shape-v2,1002,1960-08,Childrens,true,58,0,,,
shape-v2,1002,1960-08,ContemporaryFolk,false,0,0,,,
shape-v2,1002,1960-08,ContemporaryFolk,true,0,0,,,
shape-v2,1002,1960-08,SingerSongwriter,false,0,0,,,
shape-v2,1002,1960-08,SingerSongwriter,true,0,0,,,
shape-v2,1002,1960-08,PopRock,false,0,0,,,
shape-v2,1002,1960-08,PopRock,true,0,0,,,
shape-v2,1002,1960-08,RootsRock,false,0,0,,,
shape-v2,1002,1960-08,RootsRock,true,0,0,,,
shape-v2,1002,1960-08,PsychedelicPop,false,0,0,,,
shape-v2,1002,1960-08,PsychedelicPop,true,0,0,,,
shape-v2,1002,1960-09,TraditionalPop,false,264,4,3,4,4
shape-v2,1002,1960-09,TraditionalPop,true,88,4,4,4,5
shape-v2,1002,1960-09,EasyListening,false,96,4,3,4,5
shape-v2,1002,1960-09,EasyListening,true,157,4,3,3,5
shape-v2,1002,1960-09,Jazz,false,143,8,3,4,5
shape-v2,1002,1960-09,Jazz,true,95,8,3,4,5
shape-v2,1002,1960-09,Blues,false,86,4,3,4,5
shape-v2,1002,1960-09,Blues,true,66,4,3,4,4
shape-v2,1002,1960-09,RockAndRoll,false,475,0,,,
shape-v2,1002,1960-09,RockAndRoll,true,101,0,,,
shape-v2,1002,1960-09,DooWop,false,128,0,,,
shape-v2,1002,1960-09,DooWop,true,136,0,,,
shape-v2,1002,1960-09,TeenPop,false,326,0,,,
shape-v2,1002,1960-09,TeenPop,true,90,0,,,
shape-v2,1002,1960-09,RnB,false,415,0,,,
shape-v2,1002,1960-09,RnB,true,79,0,,,
shape-v2,1002,1960-09,Soul,false,416,0,,,
shape-v2,1002,1960-09,Soul,true,96,0,,,
shape-v2,1002,1960-09,Motown,false,0,0,,,
shape-v2,1002,1960-09,Motown,true,0,0,,,
shape-v2,1002,1960-09,Funk,false,0,0,,,
shape-v2,1002,1960-09,Funk,true,0,0,,,
shape-v2,1002,1960-09,GirlGroup,false,0,0,,,
shape-v2,1002,1960-09,GirlGroup,true,0,0,,,
shape-v2,1002,1960-09,Country,false,190,0,,,
shape-v2,1002,1960-09,Country,true,216,0,,,
shape-v2,1002,1960-09,Folk,false,155,4,3,5,5
shape-v2,1002,1960-09,Folk,true,80,4,3,5,5
shape-v2,1002,1960-09,FolkRock,false,0,0,,,
shape-v2,1002,1960-09,FolkRock,true,0,0,,,
shape-v2,1002,1960-09,CountryRock,false,0,0,,,
shape-v2,1002,1960-09,CountryRock,true,0,0,,,
shape-v2,1002,1960-09,BritishInvasion,false,0,0,,,
shape-v2,1002,1960-09,BritishInvasion,true,0,0,,,
shape-v2,1002,1960-09,Skiffle,false,0,0,,,
shape-v2,1002,1960-09,Skiffle,true,0,0,,,
shape-v2,1002,1960-09,SurfRock,false,2,0,,,
shape-v2,1002,1960-09,SurfRock,true,22,0,,,
shape-v2,1002,1960-09,GarageRock,false,0,0,,,
shape-v2,1002,1960-09,GarageRock,true,0,0,,,
shape-v2,1002,1960-09,ProtoPunk,false,0,0,,,
shape-v2,1002,1960-09,ProtoPunk,true,0,0,,,
shape-v2,1002,1960-09,Psychedelic,false,0,0,,,
shape-v2,1002,1960-09,Psychedelic,true,0,0,,,
shape-v2,1002,1960-09,AcidRock,false,0,0,,,
shape-v2,1002,1960-09,AcidRock,true,0,0,,,
shape-v2,1002,1960-09,BaroquePop,false,0,0,,,
shape-v2,1002,1960-09,BaroquePop,true,0,0,,,
shape-v2,1002,1960-09,SunshinePop,false,0,0,,,
shape-v2,1002,1960-09,SunshinePop,true,0,0,,,
shape-v2,1002,1960-09,ProgressiveRock,false,0,0,,,
shape-v2,1002,1960-09,ProgressiveRock,true,0,0,,,
shape-v2,1002,1960-09,BluesRock,false,0,0,,,
shape-v2,1002,1960-09,BluesRock,true,0,0,,,
shape-v2,1002,1960-09,HardRock,false,0,0,,,
shape-v2,1002,1960-09,HardRock,true,0,0,,,
shape-v2,1002,1960-09,ProtoMetal,false,0,0,,,
shape-v2,1002,1960-09,ProtoMetal,true,0,0,,,
shape-v2,1002,1960-09,Bubblegum,false,0,0,,,
shape-v2,1002,1960-09,Bubblegum,true,0,0,,,
shape-v2,1002,1960-09,BossaNova,false,0,0,,,
shape-v2,1002,1960-09,BossaNova,true,0,0,,,
shape-v2,1002,1960-09,SkaRocksteady,false,0,0,,,
shape-v2,1002,1960-09,SkaRocksteady,true,0,0,,,
shape-v2,1002,1960-09,Gospel,false,41,41,3,5,5
shape-v2,1002,1960-09,Gospel,true,59,59,3,4,5
shape-v2,1002,1960-09,BritishPop,false,0,0,,,
shape-v2,1002,1960-09,BritishPop,true,0,0,,,
shape-v2,1002,1960-09,PsychedelicRock,false,0,0,,,
shape-v2,1002,1960-09,PsychedelicRock,true,0,0,,,
shape-v2,1002,1960-09,BritishBeat,false,0,0,,,
shape-v2,1002,1960-09,BritishBeat,true,0,0,,,
shape-v2,1002,1960-09,BritishBlues,false,0,0,,,
shape-v2,1002,1960-09,BritishBlues,true,0,0,,,
shape-v2,1002,1960-09,Classical,false,67,0,,,
shape-v2,1002,1960-09,Classical,true,87,0,,,
shape-v2,1002,1960-09,Boogaloo,false,0,0,,,
shape-v2,1002,1960-09,Boogaloo,true,0,0,,,
shape-v2,1002,1960-09,TexMex,false,6,0,,,
shape-v2,1002,1960-09,TexMex,true,34,0,,,
shape-v2,1002,1960-09,LatinPop,false,14,0,,,
shape-v2,1002,1960-09,LatinPop,true,53,0,,,
shape-v2,1002,1960-09,Ska,false,0,0,,,
shape-v2,1002,1960-09,Ska,true,0,0,,,
shape-v2,1002,1960-09,Rocksteady,false,0,0,,,
shape-v2,1002,1960-09,Rocksteady,true,0,0,,,
shape-v2,1002,1960-09,Reggae,false,0,0,,,
shape-v2,1002,1960-09,Reggae,true,0,0,,,
shape-v2,1002,1960-09,Comedy,false,29,0,,,
shape-v2,1002,1960-09,Comedy,true,90,0,,,
shape-v2,1002,1960-09,Childrens,false,13,0,,,
shape-v2,1002,1960-09,Childrens,true,65,0,,,
shape-v2,1002,1960-09,ContemporaryFolk,false,0,0,,,
shape-v2,1002,1960-09,ContemporaryFolk,true,0,0,,,
shape-v2,1002,1960-09,SingerSongwriter,false,0,0,,,
shape-v2,1002,1960-09,SingerSongwriter,true,0,0,,,
shape-v2,1002,1960-09,PopRock,false,0,0,,,
shape-v2,1002,1960-09,PopRock,true,0,0,,,
shape-v2,1002,1960-09,RootsRock,false,0,0,,,
shape-v2,1002,1960-09,RootsRock,true,0,0,,,
shape-v2,1002,1960-09,PsychedelicPop,false,0,0,,,
shape-v2,1002,1960-09,PsychedelicPop,true,0,0,,,
shape-v2,1002,1960-10,TraditionalPop,false,266,4,3,4,5
shape-v2,1002,1960-10,TraditionalPop,true,95,4,3,3,4
shape-v2,1002,1960-10,EasyListening,false,99,4,3,5,5
shape-v2,1002,1960-10,EasyListening,true,168,4,3,4,5
shape-v2,1002,1960-10,Jazz,false,143,8,3,4,5
shape-v2,1002,1960-10,Jazz,true,116,8,3,3,5
shape-v2,1002,1960-10,Blues,false,85,4,4,4,4
shape-v2,1002,1960-10,Blues,true,81,4,3,3,5
shape-v2,1002,1960-10,RockAndRoll,false,478,0,,,
shape-v2,1002,1960-10,RockAndRoll,true,111,0,,,
shape-v2,1002,1960-10,DooWop,false,132,0,,,
shape-v2,1002,1960-10,DooWop,true,151,0,,,
shape-v2,1002,1960-10,TeenPop,false,326,0,,,
shape-v2,1002,1960-10,TeenPop,true,99,0,,,
shape-v2,1002,1960-10,RnB,false,414,0,,,
shape-v2,1002,1960-10,RnB,true,84,0,,,
shape-v2,1002,1960-10,Soul,false,419,0,,,
shape-v2,1002,1960-10,Soul,true,102,0,,,
shape-v2,1002,1960-10,Motown,false,0,0,,,
shape-v2,1002,1960-10,Motown,true,0,0,,,
shape-v2,1002,1960-10,Funk,false,0,0,,,
shape-v2,1002,1960-10,Funk,true,0,0,,,
shape-v2,1002,1960-10,GirlGroup,false,0,0,,,
shape-v2,1002,1960-10,GirlGroup,true,0,0,,,
shape-v2,1002,1960-10,Country,false,193,0,,,
shape-v2,1002,1960-10,Country,true,248,0,,,
shape-v2,1002,1960-10,Folk,false,154,4,4,4,5
shape-v2,1002,1960-10,Folk,true,100,4,3,3,5
shape-v2,1002,1960-10,FolkRock,false,0,0,,,
shape-v2,1002,1960-10,FolkRock,true,0,0,,,
shape-v2,1002,1960-10,CountryRock,false,0,0,,,
shape-v2,1002,1960-10,CountryRock,true,0,0,,,
shape-v2,1002,1960-10,BritishInvasion,false,0,0,,,
shape-v2,1002,1960-10,BritishInvasion,true,0,0,,,
shape-v2,1002,1960-10,Skiffle,false,0,0,,,
shape-v2,1002,1960-10,Skiffle,true,0,0,,,
shape-v2,1002,1960-10,SurfRock,false,2,0,,,
shape-v2,1002,1960-10,SurfRock,true,25,0,,,
shape-v2,1002,1960-10,GarageRock,false,0,0,,,
shape-v2,1002,1960-10,GarageRock,true,0,0,,,
shape-v2,1002,1960-10,ProtoPunk,false,0,0,,,
shape-v2,1002,1960-10,ProtoPunk,true,0,0,,,
shape-v2,1002,1960-10,Psychedelic,false,0,0,,,
shape-v2,1002,1960-10,Psychedelic,true,0,0,,,
shape-v2,1002,1960-10,AcidRock,false,0,0,,,
shape-v2,1002,1960-10,AcidRock,true,0,0,,,
shape-v2,1002,1960-10,BaroquePop,false,0,0,,,
shape-v2,1002,1960-10,BaroquePop,true,0,0,,,
shape-v2,1002,1960-10,SunshinePop,false,0,0,,,
shape-v2,1002,1960-10,SunshinePop,true,0,0,,,
shape-v2,1002,1960-10,ProgressiveRock,false,0,0,,,
shape-v2,1002,1960-10,ProgressiveRock,true,0,0,,,
shape-v2,1002,1960-10,BluesRock,false,0,0,,,
shape-v2,1002,1960-10,BluesRock,true,0,0,,,
shape-v2,1002,1960-10,HardRock,false,0,0,,,
shape-v2,1002,1960-10,HardRock,true,0,0,,,
shape-v2,1002,1960-10,ProtoMetal,false,0,0,,,
shape-v2,1002,1960-10,ProtoMetal,true,0,0,,,
shape-v2,1002,1960-10,Bubblegum,false,0,0,,,
shape-v2,1002,1960-10,Bubblegum,true,0,0,,,
shape-v2,1002,1960-10,BossaNova,false,0,0,,,
shape-v2,1002,1960-10,BossaNova,true,0,0,,,
shape-v2,1002,1960-10,SkaRocksteady,false,0,0,,,
shape-v2,1002,1960-10,SkaRocksteady,true,0,0,,,
shape-v2,1002,1960-10,Gospel,false,42,42,3,4,5
shape-v2,1002,1960-10,Gospel,true,68,68,3,4,5
shape-v2,1002,1960-10,BritishPop,false,0,0,,,
shape-v2,1002,1960-10,BritishPop,true,0,0,,,
shape-v2,1002,1960-10,PsychedelicRock,false,0,0,,,
shape-v2,1002,1960-10,PsychedelicRock,true,0,0,,,
shape-v2,1002,1960-10,BritishBeat,false,0,0,,,
shape-v2,1002,1960-10,BritishBeat,true,0,0,,,
shape-v2,1002,1960-10,BritishBlues,false,0,0,,,
shape-v2,1002,1960-10,BritishBlues,true,0,0,,,
shape-v2,1002,1960-10,Classical,false,67,0,,,
shape-v2,1002,1960-10,Classical,true,95,0,,,
shape-v2,1002,1960-10,Boogaloo,false,0,0,,,
shape-v2,1002,1960-10,Boogaloo,true,0,0,,,
shape-v2,1002,1960-10,TexMex,false,6,0,,,
shape-v2,1002,1960-10,TexMex,true,37,0,,,
shape-v2,1002,1960-10,LatinPop,false,15,0,,,
shape-v2,1002,1960-10,LatinPop,true,58,0,,,
shape-v2,1002,1960-10,Ska,false,0,0,,,
shape-v2,1002,1960-10,Ska,true,0,0,,,
shape-v2,1002,1960-10,Rocksteady,false,0,0,,,
shape-v2,1002,1960-10,Rocksteady,true,0,0,,,
shape-v2,1002,1960-10,Reggae,false,0,0,,,
shape-v2,1002,1960-10,Reggae,true,0,0,,,
shape-v2,1002,1960-10,Comedy,false,31,0,,,
shape-v2,1002,1960-10,Comedy,true,99,0,,,
shape-v2,1002,1960-10,Childrens,false,15,0,,,
shape-v2,1002,1960-10,Childrens,true,68,0,,,
shape-v2,1002,1960-10,ContemporaryFolk,false,0,0,,,
shape-v2,1002,1960-10,ContemporaryFolk,true,0,0,,,
shape-v2,1002,1960-10,SingerSongwriter,false,0,0,,,
shape-v2,1002,1960-10,SingerSongwriter,true,0,0,,,
shape-v2,1002,1960-10,PopRock,false,0,0,,,
shape-v2,1002,1960-10,PopRock,true,0,0,,,
shape-v2,1002,1960-10,RootsRock,false,0,0,,,
shape-v2,1002,1960-10,RootsRock,true,0,0,,,
shape-v2,1002,1960-10,PsychedelicPop,false,0,0,,,
shape-v2,1002,1960-10,PsychedelicPop,true,0,0,,,
shape-v2,1002,1960-11,TraditionalPop,false,265,4,3,4,5
shape-v2,1002,1960-11,TraditionalPop,true,104,4,3,3,3
shape-v2,1002,1960-11,EasyListening,false,98,4,4,4,5
shape-v2,1002,1960-11,EasyListening,true,179,4,4,4,5
shape-v2,1002,1960-11,Jazz,false,143,8,4,5,5
shape-v2,1002,1960-11,Jazz,true,124,8,3,4,5
shape-v2,1002,1960-11,Blues,false,85,4,4,4,5
shape-v2,1002,1960-11,Blues,true,91,4,3,4,5
shape-v2,1002,1960-11,RockAndRoll,false,479,0,,,
shape-v2,1002,1960-11,RockAndRoll,true,124,0,,,
shape-v2,1002,1960-11,DooWop,false,135,0,,,
shape-v2,1002,1960-11,DooWop,true,169,0,,,
shape-v2,1002,1960-11,TeenPop,false,329,0,,,
shape-v2,1002,1960-11,TeenPop,true,106,0,,,
shape-v2,1002,1960-11,RnB,false,413,0,,,
shape-v2,1002,1960-11,RnB,true,88,0,,,
shape-v2,1002,1960-11,Soul,false,419,0,,,
shape-v2,1002,1960-11,Soul,true,117,0,,,
shape-v2,1002,1960-11,Motown,false,0,0,,,
shape-v2,1002,1960-11,Motown,true,0,0,,,
shape-v2,1002,1960-11,Funk,false,0,0,,,
shape-v2,1002,1960-11,Funk,true,0,0,,,
shape-v2,1002,1960-11,GirlGroup,false,0,0,,,
shape-v2,1002,1960-11,GirlGroup,true,0,0,,,
shape-v2,1002,1960-11,Country,false,195,0,,,
shape-v2,1002,1960-11,Country,true,266,0,,,
shape-v2,1002,1960-11,Folk,false,153,4,3,4,4
shape-v2,1002,1960-11,Folk,true,106,4,3,3,4
shape-v2,1002,1960-11,FolkRock,false,0,0,,,
shape-v2,1002,1960-11,FolkRock,true,0,0,,,
shape-v2,1002,1960-11,CountryRock,false,0,0,,,
shape-v2,1002,1960-11,CountryRock,true,0,0,,,
shape-v2,1002,1960-11,BritishInvasion,false,0,0,,,
shape-v2,1002,1960-11,BritishInvasion,true,0,0,,,
shape-v2,1002,1960-11,Skiffle,false,0,0,,,
shape-v2,1002,1960-11,Skiffle,true,0,0,,,
shape-v2,1002,1960-11,SurfRock,false,2,0,,,
shape-v2,1002,1960-11,SurfRock,true,31,0,,,
shape-v2,1002,1960-11,GarageRock,false,0,0,,,
shape-v2,1002,1960-11,GarageRock,true,0,0,,,
shape-v2,1002,1960-11,ProtoPunk,false,0,0,,,
shape-v2,1002,1960-11,ProtoPunk,true,0,0,,,
shape-v2,1002,1960-11,Psychedelic,false,0,0,,,
shape-v2,1002,1960-11,Psychedelic,true,0,0,,,
shape-v2,1002,1960-11,AcidRock,false,0,0,,,
shape-v2,1002,1960-11,AcidRock,true,0,0,,,
shape-v2,1002,1960-11,BaroquePop,false,0,0,,,
shape-v2,1002,1960-11,BaroquePop,true,0,0,,,
shape-v2,1002,1960-11,SunshinePop,false,0,0,,,
shape-v2,1002,1960-11,SunshinePop,true,0,0,,,
shape-v2,1002,1960-11,ProgressiveRock,false,0,0,,,
shape-v2,1002,1960-11,ProgressiveRock,true,0,0,,,
shape-v2,1002,1960-11,BluesRock,false,0,0,,,
shape-v2,1002,1960-11,BluesRock,true,0,0,,,
shape-v2,1002,1960-11,HardRock,false,0,0,,,
shape-v2,1002,1960-11,HardRock,true,0,0,,,
shape-v2,1002,1960-11,ProtoMetal,false,0,0,,,
shape-v2,1002,1960-11,ProtoMetal,true,0,0,,,
shape-v2,1002,1960-11,Bubblegum,false,0,0,,,
shape-v2,1002,1960-11,Bubblegum,true,0,0,,,
shape-v2,1002,1960-11,BossaNova,false,0,0,,,
shape-v2,1002,1960-11,BossaNova,true,0,0,,,
shape-v2,1002,1960-11,SkaRocksteady,false,0,0,,,
shape-v2,1002,1960-11,SkaRocksteady,true,0,0,,,
shape-v2,1002,1960-11,Gospel,false,42,42,3,4,5
shape-v2,1002,1960-11,Gospel,true,78,78,3,4,5
shape-v2,1002,1960-11,BritishPop,false,0,0,,,
shape-v2,1002,1960-11,BritishPop,true,0,0,,,
shape-v2,1002,1960-11,PsychedelicRock,false,0,0,,,
shape-v2,1002,1960-11,PsychedelicRock,true,0,0,,,
shape-v2,1002,1960-11,BritishBeat,false,0,0,,,
shape-v2,1002,1960-11,BritishBeat,true,0,0,,,
shape-v2,1002,1960-11,BritishBlues,false,0,0,,,
shape-v2,1002,1960-11,BritishBlues,true,0,0,,,
shape-v2,1002,1960-11,Classical,false,67,0,,,
shape-v2,1002,1960-11,Classical,true,100,0,,,
shape-v2,1002,1960-11,Boogaloo,false,0,0,,,
shape-v2,1002,1960-11,Boogaloo,true,0,0,,,
shape-v2,1002,1960-11,TexMex,false,6,0,,,
shape-v2,1002,1960-11,TexMex,true,40,0,,,
shape-v2,1002,1960-11,LatinPop,false,16,0,,,
shape-v2,1002,1960-11,LatinPop,true,59,0,,,
shape-v2,1002,1960-11,Ska,false,0,0,,,
shape-v2,1002,1960-11,Ska,true,0,0,,,
shape-v2,1002,1960-11,Rocksteady,false,0,0,,,
shape-v2,1002,1960-11,Rocksteady,true,0,0,,,
shape-v2,1002,1960-11,Reggae,false,0,0,,,
shape-v2,1002,1960-11,Reggae,true,0,0,,,
shape-v2,1002,1960-11,Comedy,false,31,0,,,
shape-v2,1002,1960-11,Comedy,true,112,0,,,
shape-v2,1002,1960-11,Childrens,false,15,0,,,
shape-v2,1002,1960-11,Childrens,true,74,0,,,
shape-v2,1002,1960-11,ContemporaryFolk,false,0,0,,,
shape-v2,1002,1960-11,ContemporaryFolk,true,0,0,,,
shape-v2,1002,1960-11,SingerSongwriter,false,0,0,,,
shape-v2,1002,1960-11,SingerSongwriter,true,0,0,,,
shape-v2,1002,1960-11,PopRock,false,0,0,,,
shape-v2,1002,1960-11,PopRock,true,0,0,,,
shape-v2,1002,1960-11,RootsRock,false,0,0,,,
shape-v2,1002,1960-11,RootsRock,true,0,0,,,
shape-v2,1002,1960-11,PsychedelicPop,false,0,0,,,
shape-v2,1002,1960-11,PsychedelicPop,true,0,0,,,
shape-v2,1002,1960-12,TraditionalPop,false,264,4,3,3,5
shape-v2,1002,1960-12,TraditionalPop,true,120,4,3,3,5
shape-v2,1002,1960-12,EasyListening,false,96,4,3,4,5
shape-v2,1002,1960-12,EasyListening,true,191,4,4,5,5
shape-v2,1002,1960-12,Jazz,false,134,8,3,4,5
shape-v2,1002,1960-12,Jazz,true,144,8,3,3,5
shape-v2,1002,1960-12,Blues,false,80,4,4,5,5
shape-v2,1002,1960-12,Blues,true,105,4,4,4,5
shape-v2,1002,1960-12,RockAndRoll,false,464,0,,,
shape-v2,1002,1960-12,RockAndRoll,true,145,0,,,
shape-v2,1002,1960-12,DooWop,false,135,0,,,
shape-v2,1002,1960-12,DooWop,true,190,0,,,
shape-v2,1002,1960-12,TeenPop,false,319,0,,,
shape-v2,1002,1960-12,TeenPop,true,122,0,,,
shape-v2,1002,1960-12,RnB,false,405,0,,,
shape-v2,1002,1960-12,RnB,true,100,0,,,
shape-v2,1002,1960-12,Soul,false,404,0,,,
shape-v2,1002,1960-12,Soul,true,142,0,,,
shape-v2,1002,1960-12,Motown,false,0,0,,,
shape-v2,1002,1960-12,Motown,true,0,0,,,
shape-v2,1002,1960-12,Funk,false,0,0,,,
shape-v2,1002,1960-12,Funk,true,0,0,,,
shape-v2,1002,1960-12,GirlGroup,false,0,0,,,
shape-v2,1002,1960-12,GirlGroup,true,0,0,,,
shape-v2,1002,1960-12,Country,false,196,0,,,
shape-v2,1002,1960-12,Country,true,279,0,,,
shape-v2,1002,1960-12,Folk,false,151,4,3,3,5
shape-v2,1002,1960-12,Folk,true,114,4,3,4,5
shape-v2,1002,1960-12,FolkRock,false,0,0,,,
shape-v2,1002,1960-12,FolkRock,true,0,0,,,
shape-v2,1002,1960-12,CountryRock,false,0,0,,,
shape-v2,1002,1960-12,CountryRock,true,0,0,,,
shape-v2,1002,1960-12,BritishInvasion,false,0,0,,,
shape-v2,1002,1960-12,BritishInvasion,true,0,0,,,
shape-v2,1002,1960-12,Skiffle,false,0,0,,,
shape-v2,1002,1960-12,Skiffle,true,0,0,,,
shape-v2,1002,1960-12,SurfRock,false,1,0,,,
shape-v2,1002,1960-12,SurfRock,true,39,0,,,
shape-v2,1002,1960-12,GarageRock,false,0,0,,,
shape-v2,1002,1960-12,GarageRock,true,0,0,,,
shape-v2,1002,1960-12,ProtoPunk,false,0,0,,,
shape-v2,1002,1960-12,ProtoPunk,true,0,0,,,
shape-v2,1002,1960-12,Psychedelic,false,0,0,,,
shape-v2,1002,1960-12,Psychedelic,true,0,0,,,
shape-v2,1002,1960-12,AcidRock,false,0,0,,,
shape-v2,1002,1960-12,AcidRock,true,0,0,,,
shape-v2,1002,1960-12,BaroquePop,false,0,0,,,
shape-v2,1002,1960-12,BaroquePop,true,0,0,,,
shape-v2,1002,1960-12,SunshinePop,false,0,0,,,
shape-v2,1002,1960-12,SunshinePop,true,0,0,,,
shape-v2,1002,1960-12,ProgressiveRock,false,0,0,,,
shape-v2,1002,1960-12,ProgressiveRock,true,0,0,,,
shape-v2,1002,1960-12,BluesRock,false,0,0,,,
shape-v2,1002,1960-12,BluesRock,true,0,0,,,
shape-v2,1002,1960-12,HardRock,false,0,0,,,
shape-v2,1002,1960-12,HardRock,true,0,0,,,
shape-v2,1002,1960-12,ProtoMetal,false,0,0,,,
shape-v2,1002,1960-12,ProtoMetal,true,0,0,,,
shape-v2,1002,1960-12,Bubblegum,false,0,0,,,
shape-v2,1002,1960-12,Bubblegum,true,0,0,,,
shape-v2,1002,1960-12,BossaNova,false,0,0,,,
shape-v2,1002,1960-12,BossaNova,true,0,0,,,
shape-v2,1002,1960-12,SkaRocksteady,false,0,0,,,
shape-v2,1002,1960-12,SkaRocksteady,true,0,0,,,
shape-v2,1002,1960-12,Gospel,false,40,40,3,4,5
shape-v2,1002,1960-12,Gospel,true,86,86,3,4,5
shape-v2,1002,1960-12,BritishPop,false,0,0,,,
shape-v2,1002,1960-12,BritishPop,true,0,0,,,
shape-v2,1002,1960-12,PsychedelicRock,false,0,0,,,
shape-v2,1002,1960-12,PsychedelicRock,true,0,0,,,
shape-v2,1002,1960-12,BritishBeat,false,0,0,,,
shape-v2,1002,1960-12,BritishBeat,true,0,0,,,
shape-v2,1002,1960-12,BritishBlues,false,0,0,,,
shape-v2,1002,1960-12,BritishBlues,true,0,0,,,
shape-v2,1002,1960-12,Classical,false,61,0,,,
shape-v2,1002,1960-12,Classical,true,114,0,,,
shape-v2,1002,1960-12,Boogaloo,false,0,0,,,
shape-v2,1002,1960-12,Boogaloo,true,0,0,,,
shape-v2,1002,1960-12,TexMex,false,6,0,,,
shape-v2,1002,1960-12,TexMex,true,48,0,,,
shape-v2,1002,1960-12,LatinPop,false,14,0,,,
shape-v2,1002,1960-12,LatinPop,true,64,0,,,
shape-v2,1002,1960-12,Ska,false,0,0,,,
shape-v2,1002,1960-12,Ska,true,0,0,,,
shape-v2,1002,1960-12,Rocksteady,false,0,0,,,
shape-v2,1002,1960-12,Rocksteady,true,0,0,,,
shape-v2,1002,1960-12,Reggae,false,0,0,,,
shape-v2,1002,1960-12,Reggae,true,0,0,,,
shape-v2,1002,1960-12,Comedy,false,31,0,,,
shape-v2,1002,1960-12,Comedy,true,124,0,,,
shape-v2,1002,1960-12,Childrens,false,18,0,,,
shape-v2,1002,1960-12,Childrens,true,84,0,,,
shape-v2,1002,1960-12,ContemporaryFolk,false,0,0,,,
shape-v2,1002,1960-12,ContemporaryFolk,true,0,0,,,
shape-v2,1002,1960-12,SingerSongwriter,false,0,0,,,
shape-v2,1002,1960-12,SingerSongwriter,true,0,0,,,
shape-v2,1002,1960-12,PopRock,false,0,0,,,
shape-v2,1002,1960-12,PopRock,true,0,0,,,
shape-v2,1002,1960-12,RootsRock,false,0,0,,,
shape-v2,1002,1960-12,RootsRock,true,0,0,,,
shape-v2,1002,1960-12,PsychedelicPop,false,0,0,,,
shape-v2,1002,1960-12,PsychedelicPop,true,0,0,,,
shape-v2,1002,1961-01,TraditionalPop,false,242,4,4,4,5
shape-v2,1002,1961-01,TraditionalPop,true,544,4,3,3,4
shape-v2,1002,1961-01,EasyListening,false,96,4,3,3,5
shape-v2,1002,1961-01,EasyListening,true,385,4,3,4,5
shape-v2,1002,1961-01,Jazz,false,117,8,3,4,5
shape-v2,1002,1961-01,Jazz,true,338,8,3,4,5
shape-v2,1002,1961-01,Blues,false,62,4,3,4,5
shape-v2,1002,1961-01,Blues,true,287,4,3,3,4
shape-v2,1002,1961-01,RockAndRoll,false,390,0,,,
shape-v2,1002,1961-01,RockAndRoll,true,856,0,,,
shape-v2,1002,1961-01,DooWop,false,117,0,,,
shape-v2,1002,1961-01,DooWop,true,371,0,,,
shape-v2,1002,1961-01,TeenPop,false,269,0,,,
shape-v2,1002,1961-01,TeenPop,true,615,0,,,
shape-v2,1002,1961-01,RnB,false,356,0,,,
shape-v2,1002,1961-01,RnB,true,748,0,,,
shape-v2,1002,1961-01,Soul,false,352,0,,,
shape-v2,1002,1961-01,Soul,true,763,0,,,
shape-v2,1002,1961-01,Motown,false,0,0,,,
shape-v2,1002,1961-01,Motown,true,0,0,,,
shape-v2,1002,1961-01,Funk,false,0,0,,,
shape-v2,1002,1961-01,Funk,true,0,0,,,
shape-v2,1002,1961-01,GirlGroup,false,0,0,,,
shape-v2,1002,1961-01,GirlGroup,true,0,0,,,
shape-v2,1002,1961-01,Country,false,185,0,,,
shape-v2,1002,1961-01,Country,true,573,0,,,
shape-v2,1002,1961-01,Folk,false,137,4,4,4,5
shape-v2,1002,1961-01,Folk,true,357,4,4,4,5
shape-v2,1002,1961-01,FolkRock,false,0,0,,,
shape-v2,1002,1961-01,FolkRock,true,0,0,,,
shape-v2,1002,1961-01,CountryRock,false,0,0,,,
shape-v2,1002,1961-01,CountryRock,true,0,0,,,
shape-v2,1002,1961-01,BritishInvasion,false,0,0,,,
shape-v2,1002,1961-01,BritishInvasion,true,0,0,,,
shape-v2,1002,1961-01,Skiffle,false,0,0,,,
shape-v2,1002,1961-01,Skiffle,true,0,0,,,
shape-v2,1002,1961-01,SurfRock,false,4,0,,,
shape-v2,1002,1961-01,SurfRock,true,37,0,,,
shape-v2,1002,1961-01,GarageRock,false,0,0,,,
shape-v2,1002,1961-01,GarageRock,true,0,0,,,
shape-v2,1002,1961-01,ProtoPunk,false,0,0,,,
shape-v2,1002,1961-01,ProtoPunk,true,0,0,,,
shape-v2,1002,1961-01,Psychedelic,false,0,0,,,
shape-v2,1002,1961-01,Psychedelic,true,0,0,,,
shape-v2,1002,1961-01,AcidRock,false,0,0,,,
shape-v2,1002,1961-01,AcidRock,true,0,0,,,
shape-v2,1002,1961-01,BaroquePop,false,0,0,,,
shape-v2,1002,1961-01,BaroquePop,true,0,0,,,
shape-v2,1002,1961-01,SunshinePop,false,0,0,,,
shape-v2,1002,1961-01,SunshinePop,true,0,0,,,
shape-v2,1002,1961-01,ProgressiveRock,false,0,0,,,
shape-v2,1002,1961-01,ProgressiveRock,true,0,0,,,
shape-v2,1002,1961-01,BluesRock,false,0,0,,,
shape-v2,1002,1961-01,BluesRock,true,0,0,,,
shape-v2,1002,1961-01,HardRock,false,0,0,,,
shape-v2,1002,1961-01,HardRock,true,0,0,,,
shape-v2,1002,1961-01,ProtoMetal,false,0,0,,,
shape-v2,1002,1961-01,ProtoMetal,true,0,0,,,
shape-v2,1002,1961-01,Bubblegum,false,0,0,,,
shape-v2,1002,1961-01,Bubblegum,true,0,0,,,
shape-v2,1002,1961-01,BossaNova,false,0,0,,,
shape-v2,1002,1961-01,BossaNova,true,0,0,,,
shape-v2,1002,1961-01,SkaRocksteady,false,0,0,,,
shape-v2,1002,1961-01,SkaRocksteady,true,0,0,,,
shape-v2,1002,1961-01,Gospel,false,34,34,3,4,5
shape-v2,1002,1961-01,Gospel,true,158,158,3,4,5
shape-v2,1002,1961-01,BritishPop,false,0,0,,,
shape-v2,1002,1961-01,BritishPop,true,0,0,,,
shape-v2,1002,1961-01,PsychedelicRock,false,0,0,,,
shape-v2,1002,1961-01,PsychedelicRock,true,0,0,,,
shape-v2,1002,1961-01,BritishBeat,false,0,0,,,
shape-v2,1002,1961-01,BritishBeat,true,0,0,,,
shape-v2,1002,1961-01,BritishBlues,false,0,0,,,
shape-v2,1002,1961-01,BritishBlues,true,0,0,,,
shape-v2,1002,1961-01,Classical,false,52,0,,,
shape-v2,1002,1961-01,Classical,true,246,0,,,
shape-v2,1002,1961-01,Boogaloo,false,0,0,,,
shape-v2,1002,1961-01,Boogaloo,true,0,0,,,
shape-v2,1002,1961-01,TexMex,false,6,0,,,
shape-v2,1002,1961-01,TexMex,true,62,0,,,
shape-v2,1002,1961-01,LatinPop,false,15,0,,,
shape-v2,1002,1961-01,LatinPop,true,101,0,,,
shape-v2,1002,1961-01,Ska,false,0,0,,,
shape-v2,1002,1961-01,Ska,true,0,0,,,
shape-v2,1002,1961-01,Rocksteady,false,0,0,,,
shape-v2,1002,1961-01,Rocksteady,true,0,0,,,
shape-v2,1002,1961-01,Reggae,false,0,0,,,
shape-v2,1002,1961-01,Reggae,true,0,0,,,
shape-v2,1002,1961-01,Comedy,false,29,0,,,
shape-v2,1002,1961-01,Comedy,true,169,0,,,
shape-v2,1002,1961-01,Childrens,false,26,0,,,
shape-v2,1002,1961-01,Childrens,true,101,0,,,
shape-v2,1002,1961-01,ContemporaryFolk,false,0,0,,,
shape-v2,1002,1961-01,ContemporaryFolk,true,0,0,,,
shape-v2,1002,1961-01,SingerSongwriter,false,0,0,,,
shape-v2,1002,1961-01,SingerSongwriter,true,0,0,,,
shape-v2,1002,1961-01,PopRock,false,0,0,,,
shape-v2,1002,1961-01,PopRock,true,0,0,,,
shape-v2,1002,1961-01,RootsRock,false,0,0,,,
shape-v2,1002,1961-01,RootsRock,true,0,0,,,
shape-v2,1002,1961-01,PsychedelicPop,false,0,0,,,
shape-v2,1002,1961-01,PsychedelicPop,true,0,0,,,
shape-v2,1002,1961-02,TraditionalPop,false,267,4,3,3,5
shape-v2,1002,1961-02,TraditionalPop,true,526,4,3,3,5
shape-v2,1002,1961-02,EasyListening,false,111,4,3,4,5
shape-v2,1002,1961-02,EasyListening,true,383,4,4,4,5
shape-v2,1002,1961-02,Jazz,false,138,8,3,4,5
shape-v2,1002,1961-02,Jazz,true,327,8,3,4,5
shape-v2,1002,1961-02,Blues,false,70,4,4,5,5
shape-v2,1002,1961-02,Blues,true,284,4,3,5,5
shape-v2,1002,1961-02,RockAndRoll,false,436,0,,,
shape-v2,1002,1961-02,RockAndRoll,true,818,0,,,
shape-v2,1002,1961-02,DooWop,false,140,0,,,
shape-v2,1002,1961-02,DooWop,true,357,0,,,
shape-v2,1002,1961-02,TeenPop,false,296,0,,,
shape-v2,1002,1961-02,TeenPop,true,599,0,,,
shape-v2,1002,1961-02,RnB,false,403,0,,,
shape-v2,1002,1961-02,RnB,true,709,0,,,
shape-v2,1002,1961-02,Soul,false,390,0,,,
shape-v2,1002,1961-02,Soul,true,735,0,,,
shape-v2,1002,1961-02,Motown,false,0,0,,,
shape-v2,1002,1961-02,Motown,true,0,0,,,
shape-v2,1002,1961-02,Funk,false,0,0,,,
shape-v2,1002,1961-02,Funk,true,0,0,,,
shape-v2,1002,1961-02,GirlGroup,false,0,0,,,
shape-v2,1002,1961-02,GirlGroup,true,0,0,,,
shape-v2,1002,1961-02,Country,false,205,0,,,
shape-v2,1002,1961-02,Country,true,572,0,,,
shape-v2,1002,1961-02,Folk,false,150,4,3,3,5
shape-v2,1002,1961-02,Folk,true,354,4,4,4,5
shape-v2,1002,1961-02,FolkRock,false,0,0,,,
shape-v2,1002,1961-02,FolkRock,true,0,0,,,
shape-v2,1002,1961-02,CountryRock,false,0,0,,,
shape-v2,1002,1961-02,CountryRock,true,0,0,,,
shape-v2,1002,1961-02,BritishInvasion,false,0,0,,,
shape-v2,1002,1961-02,BritishInvasion,true,0,0,,,
shape-v2,1002,1961-02,Skiffle,false,0,0,,,
shape-v2,1002,1961-02,Skiffle,true,0,0,,,
shape-v2,1002,1961-02,SurfRock,false,4,0,,,
shape-v2,1002,1961-02,SurfRock,true,47,0,,,
shape-v2,1002,1961-02,GarageRock,false,0,0,,,
shape-v2,1002,1961-02,GarageRock,true,0,0,,,
shape-v2,1002,1961-02,ProtoPunk,false,0,0,,,
shape-v2,1002,1961-02,ProtoPunk,true,0,0,,,
shape-v2,1002,1961-02,Psychedelic,false,0,0,,,
shape-v2,1002,1961-02,Psychedelic,true,0,0,,,
shape-v2,1002,1961-02,AcidRock,false,0,0,,,
shape-v2,1002,1961-02,AcidRock,true,0,0,,,
shape-v2,1002,1961-02,BaroquePop,false,0,0,,,
shape-v2,1002,1961-02,BaroquePop,true,0,0,,,
shape-v2,1002,1961-02,SunshinePop,false,0,0,,,
shape-v2,1002,1961-02,SunshinePop,true,0,0,,,
shape-v2,1002,1961-02,ProgressiveRock,false,0,0,,,
shape-v2,1002,1961-02,ProgressiveRock,true,0,0,,,
shape-v2,1002,1961-02,BluesRock,false,0,0,,,
shape-v2,1002,1961-02,BluesRock,true,0,0,,,
shape-v2,1002,1961-02,HardRock,false,0,0,,,
shape-v2,1002,1961-02,HardRock,true,0,0,,,
shape-v2,1002,1961-02,ProtoMetal,false,0,0,,,
shape-v2,1002,1961-02,ProtoMetal,true,0,0,,,
shape-v2,1002,1961-02,Bubblegum,false,0,0,,,
shape-v2,1002,1961-02,Bubblegum,true,0,0,,,
shape-v2,1002,1961-02,BossaNova,false,0,0,,,
shape-v2,1002,1961-02,BossaNova,true,0,0,,,
shape-v2,1002,1961-02,SkaRocksteady,false,0,0,,,
shape-v2,1002,1961-02,SkaRocksteady,true,0,0,,,
shape-v2,1002,1961-02,Gospel,false,40,40,3,4,5
shape-v2,1002,1961-02,Gospel,true,159,159,3,4,5
shape-v2,1002,1961-02,BritishPop,false,0,0,,,
shape-v2,1002,1961-02,BritishPop,true,0,0,,,
shape-v2,1002,1961-02,PsychedelicRock,false,0,0,,,
shape-v2,1002,1961-02,PsychedelicRock,true,0,0,,,
shape-v2,1002,1961-02,BritishBeat,false,0,0,,,
shape-v2,1002,1961-02,BritishBeat,true,0,0,,,
shape-v2,1002,1961-02,BritishBlues,false,0,0,,,
shape-v2,1002,1961-02,BritishBlues,true,0,0,,,
shape-v2,1002,1961-02,Classical,false,58,0,,,
shape-v2,1002,1961-02,Classical,true,248,0,,,
shape-v2,1002,1961-02,Boogaloo,false,0,0,,,
shape-v2,1002,1961-02,Boogaloo,true,0,0,,,
shape-v2,1002,1961-02,TexMex,false,8,0,,,
shape-v2,1002,1961-02,TexMex,true,64,0,,,
shape-v2,1002,1961-02,LatinPop,false,18,0,,,
shape-v2,1002,1961-02,LatinPop,true,108,0,,,
shape-v2,1002,1961-02,Ska,false,0,0,,,
shape-v2,1002,1961-02,Ska,true,0,0,,,
shape-v2,1002,1961-02,Rocksteady,false,0,0,,,
shape-v2,1002,1961-02,Rocksteady,true,0,0,,,
shape-v2,1002,1961-02,Reggae,false,0,0,,,
shape-v2,1002,1961-02,Reggae,true,0,0,,,
shape-v2,1002,1961-02,Comedy,false,35,0,,,
shape-v2,1002,1961-02,Comedy,true,170,0,,,
shape-v2,1002,1961-02,Childrens,false,28,0,,,
shape-v2,1002,1961-02,Childrens,true,108,0,,,
shape-v2,1002,1961-02,ContemporaryFolk,false,0,0,,,
shape-v2,1002,1961-02,ContemporaryFolk,true,4,0,,,
shape-v2,1002,1961-02,SingerSongwriter,false,0,0,,,
shape-v2,1002,1961-02,SingerSongwriter,true,0,0,,,
shape-v2,1002,1961-02,PopRock,false,0,0,,,
shape-v2,1002,1961-02,PopRock,true,0,0,,,
shape-v2,1002,1961-02,RootsRock,false,0,0,,,
shape-v2,1002,1961-02,RootsRock,true,0,0,,,
shape-v2,1002,1961-02,PsychedelicPop,false,0,0,,,
shape-v2,1002,1961-02,PsychedelicPop,true,0,0,,,
shape-v2,1002,1961-03,TraditionalPop,false,273,4,3,4,4
shape-v2,1002,1961-03,TraditionalPop,true,526,4,3,3,5
shape-v2,1002,1961-03,EasyListening,false,109,4,3,4,5
shape-v2,1002,1961-03,EasyListening,true,396,4,4,5,5
shape-v2,1002,1961-03,Jazz,false,132,8,3,4,5
shape-v2,1002,1961-03,Jazz,true,336,8,3,4,5
shape-v2,1002,1961-03,Blues,false,66,4,3,4,5
shape-v2,1002,1961-03,Blues,true,294,4,3,3,5
shape-v2,1002,1961-03,RockAndRoll,false,412,0,,,
shape-v2,1002,1961-03,RockAndRoll,true,853,0,,,
shape-v2,1002,1961-03,DooWop,false,140,0,,,
shape-v2,1002,1961-03,DooWop,true,371,0,,,
shape-v2,1002,1961-03,TeenPop,false,297,0,,,
shape-v2,1002,1961-03,TeenPop,true,608,0,,,
shape-v2,1002,1961-03,RnB,false,393,0,,,
shape-v2,1002,1961-03,RnB,true,728,0,,,
shape-v2,1002,1961-03,Soul,false,385,0,,,
shape-v2,1002,1961-03,Soul,true,750,0,,,
shape-v2,1002,1961-03,Motown,false,0,0,,,
shape-v2,1002,1961-03,Motown,true,0,0,,,
shape-v2,1002,1961-03,Funk,false,0,0,,,
shape-v2,1002,1961-03,Funk,true,0,0,,,
shape-v2,1002,1961-03,GirlGroup,false,0,0,,,
shape-v2,1002,1961-03,GirlGroup,true,0,0,,,
shape-v2,1002,1961-03,Country,false,204,0,,,
shape-v2,1002,1961-03,Country,true,594,0,,,
shape-v2,1002,1961-03,Folk,false,153,4,3,5,5
shape-v2,1002,1961-03,Folk,true,365,4,4,5,5
shape-v2,1002,1961-03,FolkRock,false,0,0,,,
shape-v2,1002,1961-03,FolkRock,true,0,0,,,
shape-v2,1002,1961-03,CountryRock,false,0,0,,,
shape-v2,1002,1961-03,CountryRock,true,0,0,,,
shape-v2,1002,1961-03,BritishInvasion,false,0,0,,,
shape-v2,1002,1961-03,BritishInvasion,true,0,0,,,
shape-v2,1002,1961-03,Skiffle,false,0,0,,,
shape-v2,1002,1961-03,Skiffle,true,0,0,,,
shape-v2,1002,1961-03,SurfRock,false,4,0,,,
shape-v2,1002,1961-03,SurfRock,true,51,0,,,
shape-v2,1002,1961-03,GarageRock,false,0,0,,,
shape-v2,1002,1961-03,GarageRock,true,0,0,,,
shape-v2,1002,1961-03,ProtoPunk,false,0,0,,,
shape-v2,1002,1961-03,ProtoPunk,true,0,0,,,
shape-v2,1002,1961-03,Psychedelic,false,0,0,,,
shape-v2,1002,1961-03,Psychedelic,true,0,0,,,
shape-v2,1002,1961-03,AcidRock,false,0,0,,,
shape-v2,1002,1961-03,AcidRock,true,0,0,,,
shape-v2,1002,1961-03,BaroquePop,false,0,0,,,
shape-v2,1002,1961-03,BaroquePop,true,0,0,,,
shape-v2,1002,1961-03,SunshinePop,false,0,0,,,
shape-v2,1002,1961-03,SunshinePop,true,0,0,,,
shape-v2,1002,1961-03,ProgressiveRock,false,0,0,,,
shape-v2,1002,1961-03,ProgressiveRock,true,0,0,,,
shape-v2,1002,1961-03,BluesRock,false,0,0,,,
shape-v2,1002,1961-03,BluesRock,true,0,0,,,
shape-v2,1002,1961-03,HardRock,false,0,0,,,
shape-v2,1002,1961-03,HardRock,true,0,0,,,
shape-v2,1002,1961-03,ProtoMetal,false,0,0,,,
shape-v2,1002,1961-03,ProtoMetal,true,0,0,,,
shape-v2,1002,1961-03,Bubblegum,false,0,0,,,
shape-v2,1002,1961-03,Bubblegum,true,0,0,,,
shape-v2,1002,1961-03,BossaNova,false,0,0,,,
shape-v2,1002,1961-03,BossaNova,true,0,0,,,
shape-v2,1002,1961-03,SkaRocksteady,false,0,0,,,
shape-v2,1002,1961-03,SkaRocksteady,true,0,0,,,
shape-v2,1002,1961-03,Gospel,false,41,41,3,4,5
shape-v2,1002,1961-03,Gospel,true,163,163,3,4,5
shape-v2,1002,1961-03,BritishPop,false,0,0,,,
shape-v2,1002,1961-03,BritishPop,true,0,0,,,
shape-v2,1002,1961-03,PsychedelicRock,false,0,0,,,
shape-v2,1002,1961-03,PsychedelicRock,true,0,0,,,
shape-v2,1002,1961-03,BritishBeat,false,0,0,,,
shape-v2,1002,1961-03,BritishBeat,true,0,0,,,
shape-v2,1002,1961-03,BritishBlues,false,0,0,,,
shape-v2,1002,1961-03,BritishBlues,true,0,0,,,
shape-v2,1002,1961-03,Classical,false,58,0,,,
shape-v2,1002,1961-03,Classical,true,252,0,,,
shape-v2,1002,1961-03,Boogaloo,false,0,0,,,
shape-v2,1002,1961-03,Boogaloo,true,0,0,,,
shape-v2,1002,1961-03,TexMex,false,8,0,,,
shape-v2,1002,1961-03,TexMex,true,74,0,,,
shape-v2,1002,1961-03,LatinPop,false,16,0,,,
shape-v2,1002,1961-03,LatinPop,true,113,0,,,
shape-v2,1002,1961-03,Ska,false,0,0,,,
shape-v2,1002,1961-03,Ska,true,0,0,,,
shape-v2,1002,1961-03,Rocksteady,false,0,0,,,
shape-v2,1002,1961-03,Rocksteady,true,0,0,,,
shape-v2,1002,1961-03,Reggae,false,0,0,,,
shape-v2,1002,1961-03,Reggae,true,0,0,,,
shape-v2,1002,1961-03,Comedy,false,33,0,,,
shape-v2,1002,1961-03,Comedy,true,188,0,,,
shape-v2,1002,1961-03,Childrens,false,29,0,,,
shape-v2,1002,1961-03,Childrens,true,116,0,,,
shape-v2,1002,1961-03,ContemporaryFolk,false,0,0,,,
shape-v2,1002,1961-03,ContemporaryFolk,true,7,0,,,
shape-v2,1002,1961-03,SingerSongwriter,false,0,0,,,
shape-v2,1002,1961-03,SingerSongwriter,true,0,0,,,
shape-v2,1002,1961-03,PopRock,false,0,0,,,
shape-v2,1002,1961-03,PopRock,true,0,0,,,
shape-v2,1002,1961-03,RootsRock,false,0,0,,,
shape-v2,1002,1961-03,RootsRock,true,0,0,,,
shape-v2,1002,1961-03,PsychedelicPop,false,0,0,,,
shape-v2,1002,1961-03,PsychedelicPop,true,0,0,,,
shape-v2,1002,1961-04,TraditionalPop,false,277,4,3,3,5
shape-v2,1002,1961-04,TraditionalPop,true,535,4,3,3,5
shape-v2,1002,1961-04,EasyListening,false,109,4,3,4,5
shape-v2,1002,1961-04,EasyListening,true,417,4,3,3,5
shape-v2,1002,1961-04,Jazz,false,134,8,3,4,5
shape-v2,1002,1961-04,Jazz,true,348,8,3,4,5
shape-v2,1002,1961-04,Blues,false,67,4,4,4,5
shape-v2,1002,1961-04,Blues,true,301,4,3,4,5
shape-v2,1002,1961-04,RockAndRoll,false,421,0,,,
shape-v2,1002,1961-04,RockAndRoll,true,858,0,,,
shape-v2,1002,1961-04,DooWop,false,142,0,,,
shape-v2,1002,1961-04,DooWop,true,386,0,,,
shape-v2,1002,1961-04,TeenPop,false,304,0,,,
shape-v2,1002,1961-04,TeenPop,true,614,0,,,
shape-v2,1002,1961-04,RnB,false,394,0,,,
shape-v2,1002,1961-04,RnB,true,735,0,,,
shape-v2,1002,1961-04,Soul,false,391,0,,,
shape-v2,1002,1961-04,Soul,true,755,0,,,
shape-v2,1002,1961-04,Motown,false,0,0,,,
shape-v2,1002,1961-04,Motown,true,0,0,,,
shape-v2,1002,1961-04,Funk,false,0,0,,,
shape-v2,1002,1961-04,Funk,true,0,0,,,
shape-v2,1002,1961-04,GirlGroup,false,0,0,,,
shape-v2,1002,1961-04,GirlGroup,true,0,0,,,
shape-v2,1002,1961-04,Country,false,205,0,,,
shape-v2,1002,1961-04,Country,true,612,0,,,
shape-v2,1002,1961-04,Folk,false,155,4,3,4,5
shape-v2,1002,1961-04,Folk,true,371,4,3,4,5
shape-v2,1002,1961-04,FolkRock,false,0,0,,,
shape-v2,1002,1961-04,FolkRock,true,0,0,,,
shape-v2,1002,1961-04,CountryRock,false,0,0,,,
shape-v2,1002,1961-04,CountryRock,true,0,0,,,
shape-v2,1002,1961-04,BritishInvasion,false,0,0,,,
shape-v2,1002,1961-04,BritishInvasion,true,0,0,,,
shape-v2,1002,1961-04,Skiffle,false,0,0,,,
shape-v2,1002,1961-04,Skiffle,true,0,0,,,
shape-v2,1002,1961-04,SurfRock,false,4,0,,,
shape-v2,1002,1961-04,SurfRock,true,55,0,,,
shape-v2,1002,1961-04,GarageRock,false,0,0,,,
shape-v2,1002,1961-04,GarageRock,true,0,0,,,
shape-v2,1002,1961-04,ProtoPunk,false,0,0,,,
shape-v2,1002,1961-04,ProtoPunk,true,0,0,,,
shape-v2,1002,1961-04,Psychedelic,false,0,0,,,
shape-v2,1002,1961-04,Psychedelic,true,0,0,,,
shape-v2,1002,1961-04,AcidRock,false,0,0,,,
shape-v2,1002,1961-04,AcidRock,true,0,0,,,
shape-v2,1002,1961-04,BaroquePop,false,0,0,,,
shape-v2,1002,1961-04,BaroquePop,true,0,0,,,
shape-v2,1002,1961-04,SunshinePop,false,0,0,,,
shape-v2,1002,1961-04,SunshinePop,true,0,0,,,
shape-v2,1002,1961-04,ProgressiveRock,false,0,0,,,
shape-v2,1002,1961-04,ProgressiveRock,true,0,0,,,
shape-v2,1002,1961-04,BluesRock,false,0,0,,,
shape-v2,1002,1961-04,BluesRock,true,0,0,,,
shape-v2,1002,1961-04,HardRock,false,0,0,,,
shape-v2,1002,1961-04,HardRock,true,0,0,,,
shape-v2,1002,1961-04,ProtoMetal,false,0,0,,,
shape-v2,1002,1961-04,ProtoMetal,true,0,0,,,
shape-v2,1002,1961-04,Bubblegum,false,0,0,,,
shape-v2,1002,1961-04,Bubblegum,true,0,0,,,
shape-v2,1002,1961-04,BossaNova,false,0,0,,,
shape-v2,1002,1961-04,BossaNova,true,0,0,,,
shape-v2,1002,1961-04,SkaRocksteady,false,0,0,,,
shape-v2,1002,1961-04,SkaRocksteady,true,0,0,,,
shape-v2,1002,1961-04,Gospel,false,43,43,3,4,5
shape-v2,1002,1961-04,Gospel,true,169,169,3,4,5
shape-v2,1002,1961-04,BritishPop,false,0,0,,,
shape-v2,1002,1961-04,BritishPop,true,0,0,,,
shape-v2,1002,1961-04,PsychedelicRock,false,0,0,,,
shape-v2,1002,1961-04,PsychedelicRock,true,0,0,,,
shape-v2,1002,1961-04,BritishBeat,false,0,0,,,
shape-v2,1002,1961-04,BritishBeat,true,0,0,,,
shape-v2,1002,1961-04,BritishBlues,false,0,0,,,
shape-v2,1002,1961-04,BritishBlues,true,0,0,,,
shape-v2,1002,1961-04,Classical,false,58,0,,,
shape-v2,1002,1961-04,Classical,true,259,0,,,
shape-v2,1002,1961-04,Boogaloo,false,0,0,,,
shape-v2,1002,1961-04,Boogaloo,true,0,0,,,
shape-v2,1002,1961-04,TexMex,false,8,0,,,
shape-v2,1002,1961-04,TexMex,true,82,0,,,
shape-v2,1002,1961-04,LatinPop,false,17,0,,,
shape-v2,1002,1961-04,LatinPop,true,126,0,,,
shape-v2,1002,1961-04,Ska,false,0,0,,,
shape-v2,1002,1961-04,Ska,true,0,0,,,
shape-v2,1002,1961-04,Rocksteady,false,0,0,,,
shape-v2,1002,1961-04,Rocksteady,true,0,0,,,
shape-v2,1002,1961-04,Reggae,false,0,0,,,
shape-v2,1002,1961-04,Reggae,true,0,0,,,
shape-v2,1002,1961-04,Comedy,false,33,0,,,
shape-v2,1002,1961-04,Comedy,true,199,0,,,
shape-v2,1002,1961-04,Childrens,false,30,0,,,
shape-v2,1002,1961-04,Childrens,true,122,0,,,
shape-v2,1002,1961-04,ContemporaryFolk,false,0,0,,,
shape-v2,1002,1961-04,ContemporaryFolk,true,13,0,,,
shape-v2,1002,1961-04,SingerSongwriter,false,0,0,,,
shape-v2,1002,1961-04,SingerSongwriter,true,0,0,,,
shape-v2,1002,1961-04,PopRock,false,0,0,,,
shape-v2,1002,1961-04,PopRock,true,0,0,,,
shape-v2,1002,1961-04,RootsRock,false,0,0,,,
shape-v2,1002,1961-04,RootsRock,true,0,0,,,
shape-v2,1002,1961-04,PsychedelicPop,false,0,0,,,
shape-v2,1002,1961-04,PsychedelicPop,true,0,0,,,
shape-v2,1002,1961-05,TraditionalPop,false,278,4,3,4,4
shape-v2,1002,1961-05,TraditionalPop,true,541,4,3,4,5
shape-v2,1002,1961-05,EasyListening,false,109,4,3,5,5
shape-v2,1002,1961-05,EasyListening,true,427,4,3,5,5
shape-v2,1002,1961-05,Jazz,false,135,8,3,3,5
shape-v2,1002,1961-05,Jazz,true,363,8,3,4,5
shape-v2,1002,1961-05,Blues,false,69,4,3,4,5
shape-v2,1002,1961-05,Blues,true,308,4,4,5,5
shape-v2,1002,1961-05,RockAndRoll,false,419,0,,,
shape-v2,1002,1961-05,RockAndRoll,true,866,0,,,
shape-v2,1002,1961-05,DooWop,false,144,0,,,
shape-v2,1002,1961-05,DooWop,true,395,0,,,
shape-v2,1002,1961-05,TeenPop,false,303,0,,,
shape-v2,1002,1961-05,TeenPop,true,622,0,,,
shape-v2,1002,1961-05,RnB,false,392,0,,,
shape-v2,1002,1961-05,RnB,true,746,0,,,
shape-v2,1002,1961-05,Soul,false,393,0,,,
shape-v2,1002,1961-05,Soul,true,765,0,,,
shape-v2,1002,1961-05,Motown,false,0,0,,,
shape-v2,1002,1961-05,Motown,true,0,0,,,
shape-v2,1002,1961-05,Funk,false,0,0,,,
shape-v2,1002,1961-05,Funk,true,0,0,,,
shape-v2,1002,1961-05,GirlGroup,false,0,0,,,
shape-v2,1002,1961-05,GirlGroup,true,0,0,,,
shape-v2,1002,1961-05,Country,false,203,0,,,
shape-v2,1002,1961-05,Country,true,634,0,,,
shape-v2,1002,1961-05,Folk,false,156,4,3,4,5
shape-v2,1002,1961-05,Folk,true,381,4,3,3,4
shape-v2,1002,1961-05,FolkRock,false,0,0,,,
shape-v2,1002,1961-05,FolkRock,true,0,0,,,
shape-v2,1002,1961-05,CountryRock,false,0,0,,,
shape-v2,1002,1961-05,CountryRock,true,0,0,,,
shape-v2,1002,1961-05,BritishInvasion,false,0,0,,,
shape-v2,1002,1961-05,BritishInvasion,true,0,0,,,
shape-v2,1002,1961-05,Skiffle,false,0,0,,,
shape-v2,1002,1961-05,Skiffle,true,0,0,,,
shape-v2,1002,1961-05,SurfRock,false,4,0,,,
shape-v2,1002,1961-05,SurfRock,true,59,0,,,
shape-v2,1002,1961-05,GarageRock,false,0,0,,,
shape-v2,1002,1961-05,GarageRock,true,0,0,,,
shape-v2,1002,1961-05,ProtoPunk,false,0,0,,,
shape-v2,1002,1961-05,ProtoPunk,true,0,0,,,
shape-v2,1002,1961-05,Psychedelic,false,0,0,,,
shape-v2,1002,1961-05,Psychedelic,true,0,0,,,
shape-v2,1002,1961-05,AcidRock,false,0,0,,,
shape-v2,1002,1961-05,AcidRock,true,0,0,,,
shape-v2,1002,1961-05,BaroquePop,false,0,0,,,
shape-v2,1002,1961-05,BaroquePop,true,0,0,,,
shape-v2,1002,1961-05,SunshinePop,false,0,0,,,
shape-v2,1002,1961-05,SunshinePop,true,0,0,,,
shape-v2,1002,1961-05,ProgressiveRock,false,0,0,,,
shape-v2,1002,1961-05,ProgressiveRock,true,0,0,,,
shape-v2,1002,1961-05,BluesRock,false,0,0,,,
shape-v2,1002,1961-05,BluesRock,true,0,0,,,
shape-v2,1002,1961-05,HardRock,false,0,0,,,
shape-v2,1002,1961-05,HardRock,true,0,0,,,
shape-v2,1002,1961-05,ProtoMetal,false,0,0,,,
shape-v2,1002,1961-05,ProtoMetal,true,0,0,,,
shape-v2,1002,1961-05,Bubblegum,false,0,0,,,
shape-v2,1002,1961-05,Bubblegum,true,0,0,,,
shape-v2,1002,1961-05,BossaNova,false,0,0,,,
shape-v2,1002,1961-05,BossaNova,true,0,0,,,
shape-v2,1002,1961-05,SkaRocksteady,false,0,0,,,
shape-v2,1002,1961-05,SkaRocksteady,true,0,0,,,
shape-v2,1002,1961-05,Gospel,false,42,42,3,3,5
shape-v2,1002,1961-05,Gospel,true,175,175,3,4,5
shape-v2,1002,1961-05,BritishPop,false,0,0,,,
shape-v2,1002,1961-05,BritishPop,true,0,0,,,
shape-v2,1002,1961-05,PsychedelicRock,false,0,0,,,
shape-v2,1002,1961-05,PsychedelicRock,true,0,0,,,
shape-v2,1002,1961-05,BritishBeat,false,0,0,,,
shape-v2,1002,1961-05,BritishBeat,true,0,0,,,
shape-v2,1002,1961-05,BritishBlues,false,0,0,,,
shape-v2,1002,1961-05,BritishBlues,true,0,0,,,
shape-v2,1002,1961-05,Classical,false,56,0,,,
shape-v2,1002,1961-05,Classical,true,271,0,,,
shape-v2,1002,1961-05,Boogaloo,false,0,0,,,
shape-v2,1002,1961-05,Boogaloo,true,0,0,,,
shape-v2,1002,1961-05,TexMex,false,8,0,,,
shape-v2,1002,1961-05,TexMex,true,88,0,,,
shape-v2,1002,1961-05,LatinPop,false,16,0,,,
shape-v2,1002,1961-05,LatinPop,true,130,0,,,
shape-v2,1002,1961-05,Ska,false,0,0,,,
shape-v2,1002,1961-05,Ska,true,0,0,,,
shape-v2,1002,1961-05,Rocksteady,false,0,0,,,
shape-v2,1002,1961-05,Rocksteady,true,0,0,,,
shape-v2,1002,1961-05,Reggae,false,0,0,,,
shape-v2,1002,1961-05,Reggae,true,0,0,,,
shape-v2,1002,1961-05,Comedy,false,33,0,,,
shape-v2,1002,1961-05,Comedy,true,209,0,,,
shape-v2,1002,1961-05,Childrens,false,30,0,,,
shape-v2,1002,1961-05,Childrens,true,131,0,,,
shape-v2,1002,1961-05,ContemporaryFolk,false,0,0,,,
shape-v2,1002,1961-05,ContemporaryFolk,true,17,0,,,
shape-v2,1002,1961-05,SingerSongwriter,false,0,0,,,
shape-v2,1002,1961-05,SingerSongwriter,true,0,0,,,
shape-v2,1002,1961-05,PopRock,false,0,0,,,
shape-v2,1002,1961-05,PopRock,true,0,0,,,
shape-v2,1002,1961-05,RootsRock,false,0,0,,,
shape-v2,1002,1961-05,RootsRock,true,0,0,,,
shape-v2,1002,1961-05,PsychedelicPop,false,0,0,,,
shape-v2,1002,1961-05,PsychedelicPop,true,0,0,,,
shape-v2,1002,1961-06,TraditionalPop,false,278,4,4,4,5
shape-v2,1002,1961-06,TraditionalPop,true,549,4,3,4,5
shape-v2,1002,1961-06,EasyListening,false,105,4,4,4,5
shape-v2,1002,1961-06,EasyListening,true,437,4,5,5,5
shape-v2,1002,1961-06,Jazz,false,127,8,3,4,5
shape-v2,1002,1961-06,Jazz,true,379,8,3,5,5
shape-v2,1002,1961-06,Blues,false,64,4,3,4,4
shape-v2,1002,1961-06,Blues,true,319,4,4,4,4
shape-v2,1002,1961-06,RockAndRoll,false,417,0,,,
shape-v2,1002,1961-06,RockAndRoll,true,880,0,,,
shape-v2,1002,1961-06,DooWop,false,143,0,,,
shape-v2,1002,1961-06,DooWop,true,411,0,,,
shape-v2,1002,1961-06,TeenPop,false,293,0,,,
shape-v2,1002,1961-06,TeenPop,true,640,0,,,
shape-v2,1002,1961-06,RnB,false,384,0,,,
shape-v2,1002,1961-06,RnB,true,763,0,,,
shape-v2,1002,1961-06,Soul,false,386,0,,,
shape-v2,1002,1961-06,Soul,true,780,0,,,
shape-v2,1002,1961-06,Motown,false,0,0,,,
shape-v2,1002,1961-06,Motown,true,0,0,,,
shape-v2,1002,1961-06,Funk,false,0,0,,,
shape-v2,1002,1961-06,Funk,true,0,0,,,
shape-v2,1002,1961-06,GirlGroup,false,0,0,,,
shape-v2,1002,1961-06,GirlGroup,true,0,0,,,
shape-v2,1002,1961-06,Country,false,202,0,,,
shape-v2,1002,1961-06,Country,true,657,0,,,
shape-v2,1002,1961-06,Folk,false,150,4,3,3,5
shape-v2,1002,1961-06,Folk,true,398,4,3,4,5
shape-v2,1002,1961-06,FolkRock,false,0,0,,,
shape-v2,1002,1961-06,FolkRock,true,0,0,,,
shape-v2,1002,1961-06,CountryRock,false,0,0,,,
shape-v2,1002,1961-06,CountryRock,true,0,0,,,
shape-v2,1002,1961-06,BritishInvasion,false,0,0,,,
shape-v2,1002,1961-06,BritishInvasion,true,0,0,,,
shape-v2,1002,1961-06,Skiffle,false,0,0,,,
shape-v2,1002,1961-06,Skiffle,true,0,0,,,
shape-v2,1002,1961-06,SurfRock,false,5,0,,,
shape-v2,1002,1961-06,SurfRock,true,61,0,,,
shape-v2,1002,1961-06,GarageRock,false,0,0,,,
shape-v2,1002,1961-06,GarageRock,true,0,0,,,
shape-v2,1002,1961-06,ProtoPunk,false,0,0,,,
shape-v2,1002,1961-06,ProtoPunk,true,0,0,,,
shape-v2,1002,1961-06,Psychedelic,false,0,0,,,
shape-v2,1002,1961-06,Psychedelic,true,0,0,,,
shape-v2,1002,1961-06,AcidRock,false,0,0,,,
shape-v2,1002,1961-06,AcidRock,true,0,0,,,
shape-v2,1002,1961-06,BaroquePop,false,0,0,,,
shape-v2,1002,1961-06,BaroquePop,true,0,0,,,
shape-v2,1002,1961-06,SunshinePop,false,0,0,,,
shape-v2,1002,1961-06,SunshinePop,true,0,0,,,
shape-v2,1002,1961-06,ProgressiveRock,false,0,0,,,
shape-v2,1002,1961-06,ProgressiveRock,true,0,0,,,
shape-v2,1002,1961-06,BluesRock,false,0,0,,,
shape-v2,1002,1961-06,BluesRock,true,0,0,,,
shape-v2,1002,1961-06,HardRock,false,0,0,,,
shape-v2,1002,1961-06,HardRock,true,0,0,,,
shape-v2,1002,1961-06,ProtoMetal,false,0,0,,,
shape-v2,1002,1961-06,ProtoMetal,true,0,0,,,
shape-v2,1002,1961-06,Bubblegum,false,0,0,,,
shape-v2,1002,1961-06,Bubblegum,true,0,0,,,
shape-v2,1002,1961-06,BossaNova,false,0,0,,,
shape-v2,1002,1961-06,BossaNova,true,0,0,,,
shape-v2,1002,1961-06,SkaRocksteady,false,0,0,,,
shape-v2,1002,1961-06,SkaRocksteady,true,0,0,,,
shape-v2,1002,1961-06,Gospel,false,43,43,3,4,5
shape-v2,1002,1961-06,Gospel,true,185,185,3,4,5
shape-v2,1002,1961-06,BritishPop,false,0,0,,,
shape-v2,1002,1961-06,BritishPop,true,0,0,,,
shape-v2,1002,1961-06,PsychedelicRock,false,0,0,,,
shape-v2,1002,1961-06,PsychedelicRock,true,0,0,,,
shape-v2,1002,1961-06,BritishBeat,false,0,0,,,
shape-v2,1002,1961-06,BritishBeat,true,0,0,,,
shape-v2,1002,1961-06,BritishBlues,false,0,0,,,
shape-v2,1002,1961-06,BritishBlues,true,0,0,,,
shape-v2,1002,1961-06,Classical,false,51,0,,,
shape-v2,1002,1961-06,Classical,true,279,0,,,
shape-v2,1002,1961-06,Boogaloo,false,0,0,,,
shape-v2,1002,1961-06,Boogaloo,true,0,0,,,
shape-v2,1002,1961-06,TexMex,false,8,0,,,
shape-v2,1002,1961-06,TexMex,true,94,0,,,
shape-v2,1002,1961-06,LatinPop,false,17,0,,,
shape-v2,1002,1961-06,LatinPop,true,138,0,,,
shape-v2,1002,1961-06,Ska,false,0,0,,,
shape-v2,1002,1961-06,Ska,true,0,0,,,
shape-v2,1002,1961-06,Rocksteady,false,0,0,,,
shape-v2,1002,1961-06,Rocksteady,true,0,0,,,
shape-v2,1002,1961-06,Reggae,false,0,0,,,
shape-v2,1002,1961-06,Reggae,true,0,0,,,
shape-v2,1002,1961-06,Comedy,false,33,0,,,
shape-v2,1002,1961-06,Comedy,true,220,0,,,
shape-v2,1002,1961-06,Childrens,false,28,0,,,
shape-v2,1002,1961-06,Childrens,true,140,0,,,
shape-v2,1002,1961-06,ContemporaryFolk,false,0,0,,,
shape-v2,1002,1961-06,ContemporaryFolk,true,24,0,,,
shape-v2,1002,1961-06,SingerSongwriter,false,0,0,,,
shape-v2,1002,1961-06,SingerSongwriter,true,0,0,,,
shape-v2,1002,1961-06,PopRock,false,0,0,,,
shape-v2,1002,1961-06,PopRock,true,0,0,,,
shape-v2,1002,1961-06,RootsRock,false,0,0,,,
shape-v2,1002,1961-06,RootsRock,true,0,0,,,
shape-v2,1002,1961-06,PsychedelicPop,false,0,0,,,
shape-v2,1002,1961-06,PsychedelicPop,true,0,0,,,
shape-v2,1002,1961-07,TraditionalPop,false,287,4,3,4,5
shape-v2,1002,1961-07,TraditionalPop,true,545,4,4,5,5
shape-v2,1002,1961-07,EasyListening,false,110,4,3,4,5
shape-v2,1002,1961-07,EasyListening,true,409,4,3,3,5
shape-v2,1002,1961-07,Jazz,false,137,8,3,4,4
shape-v2,1002,1961-07,Jazz,true,376,8,3,4,5
shape-v2,1002,1961-07,Blues,false,63,4,3,3,5
shape-v2,1002,1961-07,Blues,true,324,4,3,3,5
shape-v2,1002,1961-07,RockAndRoll,false,417,0,,,
shape-v2,1002,1961-07,RockAndRoll,true,891,0,,,
shape-v2,1002,1961-07,DooWop,false,143,0,,,
shape-v2,1002,1961-07,DooWop,true,425,0,,,
shape-v2,1002,1961-07,TeenPop,false,286,0,,,
shape-v2,1002,1961-07,TeenPop,true,652,0,,,
shape-v2,1002,1961-07,RnB,false,388,0,,,
shape-v2,1002,1961-07,RnB,true,776,0,,,
shape-v2,1002,1961-07,Soul,false,386,0,,,
shape-v2,1002,1961-07,Soul,true,789,0,,,
shape-v2,1002,1961-07,Motown,false,0,0,,,
shape-v2,1002,1961-07,Motown,true,0,0,,,
shape-v2,1002,1961-07,Funk,false,0,0,,,
shape-v2,1002,1961-07,Funk,true,0,0,,,
shape-v2,1002,1961-07,GirlGroup,false,0,0,,,
shape-v2,1002,1961-07,GirlGroup,true,0,0,,,
shape-v2,1002,1961-07,Country,false,206,0,,,
shape-v2,1002,1961-07,Country,true,671,0,,,
shape-v2,1002,1961-07,Folk,false,152,4,3,3,5
shape-v2,1002,1961-07,Folk,true,401,4,3,4,5
shape-v2,1002,1961-07,FolkRock,false,0,0,,,
shape-v2,1002,1961-07,FolkRock,true,0,0,,,
shape-v2,1002,1961-07,CountryRock,false,0,0,,,
shape-v2,1002,1961-07,CountryRock,true,0,0,,,
shape-v2,1002,1961-07,BritishInvasion,false,0,0,,,
shape-v2,1002,1961-07,BritishInvasion,true,0,0,,,
shape-v2,1002,1961-07,Skiffle,false,0,0,,,
shape-v2,1002,1961-07,Skiffle,true,0,0,,,
shape-v2,1002,1961-07,SurfRock,false,6,0,,,
shape-v2,1002,1961-07,SurfRock,true,71,0,,,
shape-v2,1002,1961-07,GarageRock,false,0,0,,,
shape-v2,1002,1961-07,GarageRock,true,0,0,,,
shape-v2,1002,1961-07,ProtoPunk,false,0,0,,,
shape-v2,1002,1961-07,ProtoPunk,true,0,0,,,
shape-v2,1002,1961-07,Psychedelic,false,0,0,,,
shape-v2,1002,1961-07,Psychedelic,true,0,0,,,
shape-v2,1002,1961-07,AcidRock,false,0,0,,,
shape-v2,1002,1961-07,AcidRock,true,0,0,,,
shape-v2,1002,1961-07,BaroquePop,false,0,0,,,
shape-v2,1002,1961-07,BaroquePop,true,0,0,,,
shape-v2,1002,1961-07,SunshinePop,false,0,0,,,
shape-v2,1002,1961-07,SunshinePop,true,0,0,,,
shape-v2,1002,1961-07,ProgressiveRock,false,0,0,,,
shape-v2,1002,1961-07,ProgressiveRock,true,0,0,,,
shape-v2,1002,1961-07,BluesRock,false,0,0,,,
shape-v2,1002,1961-07,BluesRock,true,0,0,,,
shape-v2,1002,1961-07,HardRock,false,0,0,,,
shape-v2,1002,1961-07,HardRock,true,0,0,,,
shape-v2,1002,1961-07,ProtoMetal,false,0,0,,,
shape-v2,1002,1961-07,ProtoMetal,true,0,0,,,
shape-v2,1002,1961-07,Bubblegum,false,0,0,,,
shape-v2,1002,1961-07,Bubblegum,true,0,0,,,
shape-v2,1002,1961-07,BossaNova,false,0,0,,,
shape-v2,1002,1961-07,BossaNova,true,0,0,,,
shape-v2,1002,1961-07,SkaRocksteady,false,0,0,,,
shape-v2,1002,1961-07,SkaRocksteady,true,0,0,,,
shape-v2,1002,1961-07,Gospel,false,44,44,3,4,5
shape-v2,1002,1961-07,Gospel,true,194,194,3,4,5
shape-v2,1002,1961-07,BritishPop,false,0,0,,,
shape-v2,1002,1961-07,BritishPop,true,0,0,,,
shape-v2,1002,1961-07,PsychedelicRock,false,0,0,,,
shape-v2,1002,1961-07,PsychedelicRock,true,0,0,,,
shape-v2,1002,1961-07,BritishBeat,false,0,0,,,
shape-v2,1002,1961-07,BritishBeat,true,0,0,,,
shape-v2,1002,1961-07,BritishBlues,false,0,0,,,
shape-v2,1002,1961-07,BritishBlues,true,0,0,,,
shape-v2,1002,1961-07,Classical,false,51,0,,,
shape-v2,1002,1961-07,Classical,true,269,0,,,
shape-v2,1002,1961-07,Boogaloo,false,0,0,,,
shape-v2,1002,1961-07,Boogaloo,true,0,0,,,
shape-v2,1002,1961-07,TexMex,false,10,0,,,
shape-v2,1002,1961-07,TexMex,true,96,0,,,
shape-v2,1002,1961-07,LatinPop,false,17,0,,,
shape-v2,1002,1961-07,LatinPop,true,127,0,,,
shape-v2,1002,1961-07,Ska,false,0,0,,,
shape-v2,1002,1961-07,Ska,true,0,0,,,
shape-v2,1002,1961-07,Rocksteady,false,0,0,,,
shape-v2,1002,1961-07,Rocksteady,true,0,0,,,
shape-v2,1002,1961-07,Reggae,false,0,0,,,
shape-v2,1002,1961-07,Reggae,true,0,0,,,
shape-v2,1002,1961-07,Comedy,false,36,0,,,
shape-v2,1002,1961-07,Comedy,true,222,0,,,
shape-v2,1002,1961-07,Childrens,false,28,0,,,
shape-v2,1002,1961-07,Childrens,true,140,0,,,
shape-v2,1002,1961-07,ContemporaryFolk,false,1,0,,,
shape-v2,1002,1961-07,ContemporaryFolk,true,32,0,,,
shape-v2,1002,1961-07,SingerSongwriter,false,0,0,,,
shape-v2,1002,1961-07,SingerSongwriter,true,0,0,,,
shape-v2,1002,1961-07,PopRock,false,0,0,,,
shape-v2,1002,1961-07,PopRock,true,0,0,,,
shape-v2,1002,1961-07,RootsRock,false,0,0,,,
shape-v2,1002,1961-07,RootsRock,true,0,0,,,
shape-v2,1002,1961-07,PsychedelicPop,false,0,0,,,
shape-v2,1002,1961-07,PsychedelicPop,true,0,0,,,
shape-v2,1002,1961-08,TraditionalPop,false,286,4,3,4,5
shape-v2,1002,1961-08,TraditionalPop,true,549,4,3,5,5
shape-v2,1002,1961-08,EasyListening,false,110,4,3,3,5
shape-v2,1002,1961-08,EasyListening,true,417,4,3,4,5
shape-v2,1002,1961-08,Jazz,false,136,8,3,4,5
shape-v2,1002,1961-08,Jazz,true,378,8,3,4,5
shape-v2,1002,1961-08,Blues,false,63,4,3,3,4
shape-v2,1002,1961-08,Blues,true,328,4,3,3,5
shape-v2,1002,1961-08,RockAndRoll,false,416,0,,,
shape-v2,1002,1961-08,RockAndRoll,true,891,0,,,
shape-v2,1002,1961-08,DooWop,false,139,0,,,
shape-v2,1002,1961-08,DooWop,true,433,0,,,
shape-v2,1002,1961-08,TeenPop,false,282,0,,,
shape-v2,1002,1961-08,TeenPop,true,663,0,,,
shape-v2,1002,1961-08,RnB,false,390,0,,,
shape-v2,1002,1961-08,RnB,true,772,0,,,
shape-v2,1002,1961-08,Soul,false,384,0,,,
shape-v2,1002,1961-08,Soul,true,799,0,,,
shape-v2,1002,1961-08,Motown,false,0,0,,,
shape-v2,1002,1961-08,Motown,true,0,0,,,
shape-v2,1002,1961-08,Funk,false,0,0,,,
shape-v2,1002,1961-08,Funk,true,0,0,,,
shape-v2,1002,1961-08,GirlGroup,false,0,0,,,
shape-v2,1002,1961-08,GirlGroup,true,0,0,,,
shape-v2,1002,1961-08,Country,false,211,0,,,
shape-v2,1002,1961-08,Country,true,669,0,,,
shape-v2,1002,1961-08,Folk,false,150,4,3,4,5
shape-v2,1002,1961-08,Folk,true,407,4,3,4,5
shape-v2,1002,1961-08,FolkRock,false,0,0,,,
shape-v2,1002,1961-08,FolkRock,true,0,0,,,
shape-v2,1002,1961-08,CountryRock,false,0,0,,,
shape-v2,1002,1961-08,CountryRock,true,0,0,,,
shape-v2,1002,1961-08,BritishInvasion,false,0,0,,,
shape-v2,1002,1961-08,BritishInvasion,true,0,0,,,
shape-v2,1002,1961-08,Skiffle,false,0,0,,,
shape-v2,1002,1961-08,Skiffle,true,0,0,,,
shape-v2,1002,1961-08,SurfRock,false,6,0,,,
shape-v2,1002,1961-08,SurfRock,true,72,0,,,
shape-v2,1002,1961-08,GarageRock,false,0,0,,,
shape-v2,1002,1961-08,GarageRock,true,0,0,,,
shape-v2,1002,1961-08,ProtoPunk,false,0,0,,,
shape-v2,1002,1961-08,ProtoPunk,true,0,0,,,
shape-v2,1002,1961-08,Psychedelic,false,0,0,,,
shape-v2,1002,1961-08,Psychedelic,true,0,0,,,
shape-v2,1002,1961-08,AcidRock,false,0,0,,,
shape-v2,1002,1961-08,AcidRock,true,0,0,,,
shape-v2,1002,1961-08,BaroquePop,false,0,0,,,
shape-v2,1002,1961-08,BaroquePop,true,0,0,,,
shape-v2,1002,1961-08,SunshinePop,false,0,0,,,
shape-v2,1002,1961-08,SunshinePop,true,0,0,,,
shape-v2,1002,1961-08,ProgressiveRock,false,0,0,,,
shape-v2,1002,1961-08,ProgressiveRock,true,0,0,,,
shape-v2,1002,1961-08,BluesRock,false,0,0,,,
shape-v2,1002,1961-08,BluesRock,true,0,0,,,
shape-v2,1002,1961-08,HardRock,false,0,0,,,
shape-v2,1002,1961-08,HardRock,true,0,0,,,
shape-v2,1002,1961-08,ProtoMetal,false,0,0,,,
shape-v2,1002,1961-08,ProtoMetal,true,0,0,,,
shape-v2,1002,1961-08,Bubblegum,false,0,0,,,
shape-v2,1002,1961-08,Bubblegum,true,0,0,,,
shape-v2,1002,1961-08,BossaNova,false,0,0,,,
shape-v2,1002,1961-08,BossaNova,true,0,0,,,
shape-v2,1002,1961-08,SkaRocksteady,false,0,0,,,
shape-v2,1002,1961-08,SkaRocksteady,true,0,0,,,
shape-v2,1002,1961-08,Gospel,false,47,47,3,4,5
shape-v2,1002,1961-08,Gospel,true,192,192,3,4,5
shape-v2,1002,1961-08,BritishPop,false,0,0,,,
shape-v2,1002,1961-08,BritishPop,true,0,0,,,
shape-v2,1002,1961-08,PsychedelicRock,false,0,0,,,
shape-v2,1002,1961-08,PsychedelicRock,true,0,0,,,
shape-v2,1002,1961-08,BritishBeat,false,0,0,,,
shape-v2,1002,1961-08,BritishBeat,true,0,0,,,
shape-v2,1002,1961-08,BritishBlues,false,0,0,,,
shape-v2,1002,1961-08,BritishBlues,true,0,0,,,
shape-v2,1002,1961-08,Classical,false,50,0,,,
shape-v2,1002,1961-08,Classical,true,267,0,,,
shape-v2,1002,1961-08,Boogaloo,false,0,0,,,
shape-v2,1002,1961-08,Boogaloo,true,0,0,,,
shape-v2,1002,1961-08,TexMex,false,11,0,,,
shape-v2,1002,1961-08,TexMex,true,93,0,,,
shape-v2,1002,1961-08,LatinPop,false,19,0,,,
shape-v2,1002,1961-08,LatinPop,true,124,0,,,
shape-v2,1002,1961-08,Ska,false,0,0,,,
shape-v2,1002,1961-08,Ska,true,0,0,,,
shape-v2,1002,1961-08,Rocksteady,false,0,0,,,
shape-v2,1002,1961-08,Rocksteady,true,0,0,,,
shape-v2,1002,1961-08,Reggae,false,0,0,,,
shape-v2,1002,1961-08,Reggae,true,0,0,,,
shape-v2,1002,1961-08,Comedy,false,36,0,,,
shape-v2,1002,1961-08,Comedy,true,224,0,,,
shape-v2,1002,1961-08,Childrens,false,28,0,,,
shape-v2,1002,1961-08,Childrens,true,140,0,,,
shape-v2,1002,1961-08,ContemporaryFolk,false,1,0,,,
shape-v2,1002,1961-08,ContemporaryFolk,true,37,0,,,
shape-v2,1002,1961-08,SingerSongwriter,false,0,0,,,
shape-v2,1002,1961-08,SingerSongwriter,true,0,0,,,
shape-v2,1002,1961-08,PopRock,false,0,0,,,
shape-v2,1002,1961-08,PopRock,true,0,0,,,
shape-v2,1002,1961-08,RootsRock,false,0,0,,,
shape-v2,1002,1961-08,RootsRock,true,0,0,,,
shape-v2,1002,1961-08,PsychedelicPop,false,0,0,,,
shape-v2,1002,1961-08,PsychedelicPop,true,0,0,,,
shape-v2,1002,1961-09,TraditionalPop,false,281,4,4,5,5
shape-v2,1002,1961-09,TraditionalPop,true,549,4,3,3,4
shape-v2,1002,1961-09,EasyListening,false,105,4,3,3,4
shape-v2,1002,1961-09,EasyListening,true,424,4,3,3,5
shape-v2,1002,1961-09,Jazz,false,132,8,3,3,5
shape-v2,1002,1961-09,Jazz,true,389,8,3,4,5
shape-v2,1002,1961-09,Blues,false,61,4,4,4,5
shape-v2,1002,1961-09,Blues,true,330,4,3,4,5
shape-v2,1002,1961-09,RockAndRoll,false,411,0,,,
shape-v2,1002,1961-09,RockAndRoll,true,895,0,,,
shape-v2,1002,1961-09,DooWop,false,136,0,,,
shape-v2,1002,1961-09,DooWop,true,435,0,,,
shape-v2,1002,1961-09,TeenPop,false,285,0,,,
shape-v2,1002,1961-09,TeenPop,true,668,0,,,
shape-v2,1002,1961-09,RnB,false,381,0,,,
shape-v2,1002,1961-09,RnB,true,782,0,,,
shape-v2,1002,1961-09,Soul,false,387,0,,,
shape-v2,1002,1961-09,Soul,true,796,0,,,
shape-v2,1002,1961-09,Motown,false,0,0,,,
shape-v2,1002,1961-09,Motown,true,0,0,,,
shape-v2,1002,1961-09,Funk,false,0,0,,,
shape-v2,1002,1961-09,Funk,true,0,0,,,
shape-v2,1002,1961-09,GirlGroup,false,0,0,,,
shape-v2,1002,1961-09,GirlGroup,true,0,0,,,
shape-v2,1002,1961-09,Country,false,212,0,,,
shape-v2,1002,1961-09,Country,true,660,0,,,
shape-v2,1002,1961-09,Folk,false,145,4,3,4,5
shape-v2,1002,1961-09,Folk,true,414,4,3,4,5
shape-v2,1002,1961-09,FolkRock,false,0,0,,,
shape-v2,1002,1961-09,FolkRock,true,0,0,,,
shape-v2,1002,1961-09,CountryRock,false,0,0,,,
shape-v2,1002,1961-09,CountryRock,true,0,0,,,
shape-v2,1002,1961-09,BritishInvasion,false,0,0,,,
shape-v2,1002,1961-09,BritishInvasion,true,0,0,,,
shape-v2,1002,1961-09,Skiffle,false,0,0,,,
shape-v2,1002,1961-09,Skiffle,true,0,0,,,
shape-v2,1002,1961-09,SurfRock,false,5,0,,,
shape-v2,1002,1961-09,SurfRock,true,74,0,,,
shape-v2,1002,1961-09,GarageRock,false,0,0,,,
shape-v2,1002,1961-09,GarageRock,true,0,0,,,
shape-v2,1002,1961-09,ProtoPunk,false,0,0,,,
shape-v2,1002,1961-09,ProtoPunk,true,0,0,,,
shape-v2,1002,1961-09,Psychedelic,false,0,0,,,
shape-v2,1002,1961-09,Psychedelic,true,0,0,,,
shape-v2,1002,1961-09,AcidRock,false,0,0,,,
shape-v2,1002,1961-09,AcidRock,true,0,0,,,
shape-v2,1002,1961-09,BaroquePop,false,0,0,,,
shape-v2,1002,1961-09,BaroquePop,true,0,0,,,
shape-v2,1002,1961-09,SunshinePop,false,0,0,,,
shape-v2,1002,1961-09,SunshinePop,true,0,0,,,
shape-v2,1002,1961-09,ProgressiveRock,false,0,0,,,
shape-v2,1002,1961-09,ProgressiveRock,true,0,0,,,
shape-v2,1002,1961-09,BluesRock,false,0,0,,,
shape-v2,1002,1961-09,BluesRock,true,0,0,,,
shape-v2,1002,1961-09,HardRock,false,0,0,,,
shape-v2,1002,1961-09,HardRock,true,0,0,,,
shape-v2,1002,1961-09,ProtoMetal,false,0,0,,,
shape-v2,1002,1961-09,ProtoMetal,true,0,0,,,
shape-v2,1002,1961-09,Bubblegum,false,0,0,,,
shape-v2,1002,1961-09,Bubblegum,true,0,0,,,
shape-v2,1002,1961-09,BossaNova,false,0,0,,,
shape-v2,1002,1961-09,BossaNova,true,0,0,,,
shape-v2,1002,1961-09,SkaRocksteady,false,0,0,,,
shape-v2,1002,1961-09,SkaRocksteady,true,0,0,,,
shape-v2,1002,1961-09,Gospel,false,48,48,3,4,5
shape-v2,1002,1961-09,Gospel,true,198,198,3,4,5
shape-v2,1002,1961-09,BritishPop,false,0,0,,,
shape-v2,1002,1961-09,BritishPop,true,0,0,,,
shape-v2,1002,1961-09,PsychedelicRock,false,0,0,,,
shape-v2,1002,1961-09,PsychedelicRock,true,0,0,,,
shape-v2,1002,1961-09,BritishBeat,false,0,0,,,
shape-v2,1002,1961-09,BritishBeat,true,0,0,,,
shape-v2,1002,1961-09,BritishBlues,false,0,0,,,
shape-v2,1002,1961-09,BritishBlues,true,0,0,,,
shape-v2,1002,1961-09,Classical,false,50,0,,,
shape-v2,1002,1961-09,Classical,true,266,0,,,
shape-v2,1002,1961-09,Boogaloo,false,0,0,,,
shape-v2,1002,1961-09,Boogaloo,true,0,0,,,
shape-v2,1002,1961-09,TexMex,false,11,0,,,
shape-v2,1002,1961-09,TexMex,true,95,0,,,
shape-v2,1002,1961-09,LatinPop,false,17,0,,,
shape-v2,1002,1961-09,LatinPop,true,131,0,,,
shape-v2,1002,1961-09,Ska,false,0,0,,,
shape-v2,1002,1961-09,Ska,true,0,0,,,
shape-v2,1002,1961-09,Rocksteady,false,0,0,,,
shape-v2,1002,1961-09,Rocksteady,true,0,0,,,
shape-v2,1002,1961-09,Reggae,false,0,0,,,
shape-v2,1002,1961-09,Reggae,true,0,0,,,
shape-v2,1002,1961-09,Comedy,false,35,0,,,
shape-v2,1002,1961-09,Comedy,true,227,0,,,
shape-v2,1002,1961-09,Childrens,false,27,0,,,
shape-v2,1002,1961-09,Childrens,true,147,0,,,
shape-v2,1002,1961-09,ContemporaryFolk,false,3,0,,,
shape-v2,1002,1961-09,ContemporaryFolk,true,41,0,,,
shape-v2,1002,1961-09,SingerSongwriter,false,0,0,,,
shape-v2,1002,1961-09,SingerSongwriter,true,0,0,,,
shape-v2,1002,1961-09,PopRock,false,0,0,,,
shape-v2,1002,1961-09,PopRock,true,0,0,,,
shape-v2,1002,1961-09,RootsRock,false,0,0,,,
shape-v2,1002,1961-09,RootsRock,true,0,0,,,
shape-v2,1002,1961-09,PsychedelicPop,false,0,0,,,
shape-v2,1002,1961-09,PsychedelicPop,true,0,0,,,
