seed,source,variant,archetype,compositions,recordings,distinctShapes,collisionPercent,nnMedian,nnP10,nearestTemplateMedian,nearestOtherTemplateDistance,axesAboveFloor,stdVocalPower,stdVocalNuance,stdMusicianship,stdEnsemble,stdLyricDelivery,stdStudioCraft,stdToughness,stdSophistication,stdSincerity,stdMaturity,nearestDisagreements,disagreementPercent,constraintViolations
1001,original,off,Swinger,647,423,1,100,0,0,4.500051994214512e-8,0.3354101966249685,0,0,0,0,0,0,0,0,0,0,0,0,0,0
1001,original,off,LushStandard,1270,389,1,100,0,0,4.6552715754663335e-8,0.529150262212918,0,0,0,0,0,0,0,0,0,0,0,0,0,0
1001,original,off,BrightPopNumber,926,332,1,100,0,0,3.3186461699968217e-8,0.3082207001484488,0,0,0,0,0,0,0,0,0,0,0,0,0,0
1001,original,off,VerseDrivenSong,1439,1129,1,100,0,0,3.637837054396647e-8,0.33166247903553997,0,0,0,0,0,0,0,0,0,0,0,0,0,0
1001,original,off,MidTempoRocker,1951,1866,1,100,0,0,4.172325133008518e-8,0.23452078799117151,0,0,0,0,0,0,0,0,0,0,0,0,0,0
1001,original,off,HornDrivenSoulNumber,4940,2823,1,100,0,0,4.2981520561747076e-8,0.31224989991991986,0,0,0,0,0,0,0,0,0,0,0,0,0,0
1001,original,off,ReverieMoodPiece,1494,921,1,100,0,0,4.172325134991058e-8,0.273861278752583,0,0,0,0,0,0,0,0,0,0,0,0,0,0
1001,original,off,SpokenWord,472,245,1,100,0,0,3.4946320620875134e-8,0.4272001872658766,0,0,0,0,0,0,0,0,0,0,0,0,0,0
1001,original,off,DanceNumber,198,118,1,100,0,0,2.169641817399357e-8,0.3082207001484488,0,0,0,0,0,0,0,0,0,0,0,0,0,0
1001,original,off,CountryTwoBeat,716,493,1,100,0,0,2.615143171454752e-8,0.18027756377319945,0,0,0,0,0,0,0,0,0,0,0,0,0,0
1001,original,off,SlowBlues,1457,2144,1,100,0,0,4.182955281055798e-8,0.4183300132670378,0,0,0,0,0,0,0,0,0,0,0,0,0,0
1001,original,off,SpiritualShout,514,193,1,100,0,0,4.814712530724085e-8,0.31224989991991986,0,0,0,0,0,0,0,0,0,0,0,0,0,0
1001,seeded,off,SlowBallad,673,1439,673,0,0.023225158809140962,0.018486704613486282,0.08425106548809279,0.27838821814150105,10,0.014166806558983665,0.014151268574173792,0.014588316195418774,0.014420244213432066,0.008104937143530125,0.014631255781752934,0.01179141018506078,0.011530489864320146,0.011457805330530183,0.01169970314017809,0,0,0
1001,seeded,off,LushStandard,296,11,296,0,0.024744935834103282,0.019617266906039543,0.10472357101446847,0.529150262212918,10,0.014606285291514427,0.014115815141452204,0.014074424833298385,0.014411117684126276,0.007951260451368902,0.014178315891125505,0.01100238530164466,0.011628770042197081,0.01154670515945259,0.011691742780711936,0,0,0
1001,seeded,off,Swinger,277,136,277,0,0.025635488291975785,0.01767056430352801,0.08433846254245204,0.3354101966249685,10,0.014743582812113269,0.014242319583899458,0.014976910770083071,0.01386876890921159,0.00777711453288365,0.014616354487210291,0.011350058875731192,0.011438004062589983,0.011909118162311301,0.01105186273672051,0,0,0
1001,seeded,off,SaloonBallad,280,11,280,0,0.023677629837649213,0.01860586694839738,0.15621492844442955,0.51478150704935,10,0.014312194576373862,0.0142945299777656,0.013904464632474885,0.014025288942743276,0.007521033002173706,0.014456672672300374,0.010997068562680934,0.011530312288296025,0.0062764509574618575,0.011319802474301066,0,0,0
1001,seeded,off,CharmSong,407,2562,407,0,0.023946905366062473,0.019484477943522406,0.08117059386395414,0.27838821814150105,10,0.013628386490470368,0.014491911234036812,0.014584834963301641,0.014271725825301469,0.007910403809588497,0.01430018171846375,0.011382952539687335,0.011142196613528698,0.011299658913033195,0.011307541657477964,0,0,0
1001,seeded,off,ModernJazzInstrumental,102,164,102,0,0.02058271919335384,0.01592034590311321,0.0333582851150278,0.33911649915626346,7,0,0,0.014268142165547093,0.013999649968956723,0,0.013916803924976743,0.01117074044006491,0.01154279678366348,0.012550814359083009,0.010839340799569833,0,0,0
1001,seeded,off,CountryWaltz,96,195,96,0,0.028390606737780533,0.022813651200536304,0.08378508133434324,0.2915475947422651,10,0.014408918766889116,0.014597748054046115,0.014690469733493913,0.015018894610937139,0.007685148346640305,0.014107755811349921,0.011809088606482578,0.0116899748392129,0.011221267086163621,0.010708898422490164,0,0,0
1001,seeded,off,VerseDrivenSong,274,17,274,0,0.025075371413805364,0.018600271518744684,0.11396596245954178,0.33166247903553997,10,0.014893487920886666,0.013956169756960712,0.014857611703641815,0.014256843789403872,0.00799872735190565,0.013777323341043568,0.011896015615843332,0.011090884047241366,0.01102028871124363,0.011079880826136763,0,0,0
1001,seeded,off,NashvilleBallad,73,18,73,0,0.03148155488209169,0.02356998401171105,0.08414848378614592,0.273861278752583,10,0.015118545147873802,0.01568790250218272,0.014909155082310119,0.015077442176206464,0.008081463585592578,0.015082236577618141,0.011439069756811625,0.01135952442135731,0.01142483521699959,0.010170668810238495,0,0,0
1001,seeded,off,CountryTwoBeat,78,120,78,0,0.03102977239756094,0.023485114424752207,0.08254257050294136,0.18027756377319945,10,0.015805087229939258,0.014305086348512214,0.013762432207390757,0.014491762242038991,0.007700954244597827,0.01362178150067834,0.012377303872864658,0.01012528997493883,0.011735908385216463,0.011573929781469892,0,0,0
1001,seeded,off,CountryShuffle,86,159,86,0,0.028438542440971312,0.023537499941786943,0.07991170429466785,0.206155281280883,10,0.014283219806531784,0.01262996934936449,0.015281374415553314,0.013486634104639574,0.00791378621839371,0.013436247645604504,0.011509006803821916,0.011335575171899015,0.011428945975114482,0.011073850524344666,0,0,0
1001,seeded,off,WesternSwing,85,27,85,0,0.02953948720972556,0.02108327853957161,0.08191368728709934,0.16583123951776993,10,0.013530430695943712,0.014347704931798223,0.013692948377588781,0.015325596001096732,0.007509256290264382,0.013770314546632972,0.010857821054625783,0.011940417414645388,0.011121331805235946,0.011153320911495731,0,0,0
1001,seeded,off,GrooveRiffVamp,283,612,283,0,0.025537019889933576,0.018880998629281696,0.10476331629018316,0.23452078799117151,10,0.014896310851579244,0.014568579480914895,0.014416623245944593,0.014257095310480675,0.007475238510820749,0.014278778560498032,0.011645213512069848,0.011138217163577303,0.0114076277829805,0.01145552485612434,0,0,0
1001,seeded,off,SlowBlues,215,108,215,0,0.02633143911151849,0.020798486694775107,0.08274496432137567,0.4183300132670378,10,0.013655261449929824,0.014491449880384108,0.014914275547339368,0.013885304341931646,0.007527547037547987,0.01435020845569318,0.011654629304891567,0.011322387702281212,0.01167115065835493,0.011785462806970588,0,0,0
1001,seeded,off,ShuffleTwelveBar,294,1040,294,0,0.02519351201883168,0.01955951947540332,0.08454628462964413,0.18027756377319945,10,0.015249147762793977,0.01470221318436994,0.014465851532230019,0.014203285514429082,0.007506368313410199,0.014669948040982575,0.011343645127443647,0.012000729539681197,0.010884806605571845,0.011234822766044322,0,0,0
1001,seeded,off,SpiritualShout,86,2,86,0,0.03147265209025609,0.02523976692432996,0.06146531387670249,0.31224989991991986,10,0.014853418261829362,0.0150514428073532,0.013767185887460053,0.014693445436491285,0.00872282161644678,0.014315570429749014,0.011421060249657868,0.011804907031217643,0.011436683962498568,0.012491324706712208,0,0,0
1001,seeded,off,GospelQuartet,72,80,72,0,0.03027895682951864,0.022395969742774486,0.046361443171804774,0.23452078799117146,10,0.014600005881126546,0.013795159029053893,0.014319191640300339,0.01290987018223707,0.007953908769642115,0.014467634035988731,0.012340494703557883,0.01142223721378308,0.011178100764067991,0.011865548383879482,0,0,0
1001,seeded,off,QuietHymn,135,339,135,0,0.028381738504834646,0.022241782515350098,0.040883168304480334,0.3122498999199199,10,0.014897044864733483,0.01460406923623211,0.014106457314653771,0.014596781047734321,0.008090557390640922,0.01416709815231118,0.010548416353398532,0.012349860387942281,0.011527866750400104,0.012191710776939431,0,0,0
1001,seeded,off,GospelChoir,87,9,87,0,0.03050614688312568,0.0262858249763525,0.04230484855956706,0.23452078799117146,10,0.015492105590103484,0.015410402797267646,0.014658469317261212,0.013709879975987344,0.007911867135766236,0.015179192357803822,0.012244048742113841,0.011723571196949665,0.011826695930890236,0.012520732933749508,0,0,0
1001,seeded,off,ProtestMessageSong,243,119,243,0,0.024313019213504337,0.018755626932022252,0.10868748268479439,0.33166247903553997,10,0.01398405277111993,0.013913861480141336,0.014277339415317638,0.014843015400126747,0.007952383662542993,0.01394211718571523,0.01215559130827658,0.011173585488184506,0.006774826753392974,0.011454556757040888,0,0,0
1001,seeded,off,HornDrivenSoulNumber,126,27,126,0,0.0286392258906016,0.022961714186934202,0.08383717958376265,0.31224989991991986,10,0.014857756973606126,0.014238731003171315,0.014333053731026144,0.013374557669791247,0.007683258081485815,0.014238116513145048,0.01245188031101943,0.011200163332006645,0.01176321913401674,0.011458828535032526,0,0,0
1001,seeded,off,DeepSoulPleader,115,12,115,0,0.026702935582552843,0.02091832805744234,0.0898489454809964,0.3427827300200522,10,0.01332945064273551,0.014523125442053171,0.01409181024075764,0.013942654803045457,0.008722651317656089,0.014193548802967254,0.011992186621336734,0.01108933286805757,0.007016292865967037,0.01099258898196293,0,0,0
1001,seeded,off,SingAlongChant,102,234,102,0,0.028246633851973253,0.023319610206785142,0.12150289911204099,0.3872983346207417,10,0.014615004229218884,0.014203064545405956,0.014616552914070933,0.014398620027566249,0.007759983974681975,0.014441749355197023,0.011818306357992855,0.01124208699578972,0.011450503355173888,0.011265862171032743,0,0,0
1001,seeded,off,MidTempoRocker,64,58,64,0,0.028789899635105316,0.02161168067755106,0.0771061280256213,0.23452078799117151,10,0.013460914261222395,0.014003234910304866,0.015002507933428708,0.013986690151554593,0.007789045784907407,0.013536523632676382,0.01247018807776278,0.010588993462759932,0.011532891005397988,0.011438346737365143,0,0,0
1001,seeded,off,StomperRocker,40,2,40,0,0.032370262519128466,0.024410980408028977,0.1187306669391833,0.3201562118716425,10,0.01555741707128192,0.01367281575081295,0.014636310914580442,0.01477029800690615,0.006581519808157462,0.016362819381754778,0.01189255888822901,0.011756975650566631,0.010980782603809807,0.010481438353498058,0,0,0
1001,seeded,off,MidTempoPopSong,126,371,126,0,0.02818458473267656,0.022196203509009523,0.08420858916187465,0.32015621187164256,10,0.01373694484859647,0.014749479987705696,0.013556259602823036,0.014098985910142341,0.0073118603464796235,0.014184445229100702,0.01117603605982805,0.012035740142588099,0.010607263174207576,0.01154727109443818,0,0,0
1001,seeded,off,BrightPopNumber,87,149,87,0,0.027712915337650912,0.022926673234456567,0.10623773614454017,0.3082207001484488,10,0.01586784920127378,0.013372004119494038,0.013830710416748021,0.013608175461346983,0.007849329428905365,0.014437751364592416,0.011710974035249467,0.011586185028631667,0.012224621989922068,0.011436951982124296,0,0,0
1001,seeded,off,DanceNumber,37,56,37,0,0.03213365571984548,0.025140068205920886,0.12100132318956218,0.3082207001484488,10,0.015239232845629837,0.012918120748245101,0.014024553825292278,0.012775436597571,0.007754728870572919,0.013356858437784959,0.011730891248124115,0.011216183385489673,0.012330643504185045,0.01207508012384099,0,0,0
1001,seeded,off,LatinBolero,149,209,149,0,0.027451632865975743,0.01978347094010043,0.08265401032548418,0.206155281280883,10,0.013851941978495137,0.014374368311734652,0.014042298842409352,0.014187801547591597,0.007823252032787881,0.014399207857318398,0.012131258973628994,0.011483592223346271,0.011997167265670374,0.012151205647345101,0,0,0
1001,seeded,off,BossaSong,37,172,37,0,0.033948745035227136,0.026076726976976838,0.07979896664871299,0.206155281280883,10,0.012749256991440958,0.01554400912036486,0.014416102017885457,0.014496533229432408,0.008366671950539055,0.013661220060601628,0.013180964495258239,0.011239760552307484,0.011931652295770864,0.011103178342087601,0,0,0
1001,seeded,off,Novelty,46,276,46,0,0.03321335877408346,0.028315535191110634,0.10605476692792043,0.4949747468305833,10,0.01411518068616582,0.012579968842723293,0.012458401976829748,0.014213534940683082,0.00779534281382515,0.014529702191757029,0.011695120942554626,0.012139734851674099,0.010800563658301095,0.011873707910436791,0,0,0
1001,seeded,off,ClassicalOrchestral,38,0,38,0,0.017643058413592812,0.014052667460505765,0.05851283034308843,0.23979157616563596,6,0,0,0.015027387924289006,0,0,0.013815856003120179,0.010644337134999952,0.011614137544972016,0.01132651534520912,0.011726519740479563,0,0,0
1001,seeded,off,ClassicalChamber,37,16,37,0,0.0237590674426566,0.01819593903292391,0.1184812650499934,0.23979157616563596,7,0,0,0.014820128693780348,0.014927715883196881,0,0.013397422880859423,0.010444802578838687,0.010518808407258419,0.012071036683227909,0.009912410801249825,0,0,0
1001,seeded,off,ClassicalSolo,45,479,45,0,0.023734980519541773,0.018007285073017795,0.12062861074295567,0.6062177826491071,7,0,0,0.015441980830462004,0.01465987536933531,0,0.013901249007973382,0.01102230057381048,0.010880227381812407,0.01097904686196842,0.012506276854619315,0,0,0
1001,seeded,off,JauntyMusicHallRomp,24,98,24,0,0.033778391329463885,0.026675885751954096,0.11973640817465664,0.44158804331639234,10,0.01282928155497963,0.014497757126439812,0.010866365144131534,0.013372392325183943,0.008962889513872929,0.01467420042302723,0.010896540915902479,0.010413213829261074,0.012026001700865157,0.011457870749464624,0,0,0
1001,seeded,off,SpokenWord,18,1,18,0,0.03447256918687322,0.024109793887323476,0.2510364149878147,0.4272001872658766,10,0.013354618004315765,0.016057019909096644,0.01391428654528126,0.012281060840977243,0.007710411281697827,0.015602115613270852,0.009038433930136864,0.011342763374038967,0.010126887436465393,0.011348821025356011,0,0,0
1001,seeded,off,LatinDance,60,2,60,0,0.03011735472991587,0.02366456881462275,0.08154508065577591,0.16583123951776993,10,0.014380535796695171,0.013755748571186374,0.014995380374946082,0.013464710096736422,0.007830361049368016,0.014486664312452078,0.011037085556556353,0.010079021483731045,0.012066992809401107,0.01203831591669008,0,0,0
1001,seeded,off,SurfInstrumental,32,14,32,0,0.022522828872734303,0.017438881244197388,0.033590192091290584,0.618465843842649,7,0,0,0.014371389069953411,0.013409807544012694,0,0.01243717238492015,0.012305936270338385,0.011538825563492314,0.012253360340314526,0.008728902350345909,0,0,0
1001,seeded,off,TexMexSong,45,80,45,0,0.03285145448578392,0.027896527880700957,0.08381765869678391,0.2345207879911715,10,0.01262053564848936,0.015529839885540424,0.015679426444084706,0.012958214000031528,0.008370938979557142,0.01462070520631473,0.010881268470442308,0.011708148500796425,0.012321433948414758,0.013301244284102558,0,0,0
1001,scouted-imported-professional,off,BrightPopNumber,48,1219,1,100,0,0,3.3186461699968217e-8,0.3082207001484488,0,0,0,0,0,0,0,0,0,0,0,0,0,0
1001,scouted-imported-professional,off,LushStandard,52,1081,1,100,0,0,4.6552715754663335e-8,0.529150262212918,0,0,0,0,0,0,0,0,0,0,0,0,0,0
1001,scouted-imported-professional,off,MidTempoPopSong,59,204,1,100,0,0,2.8585383397927913e-8,0.32015621187164256,0,0,0,0,0,0,0,0,0,0,0,0,0,0
1001,scouted-imported-professional,off,VerseDrivenSong,28,155,1,100,0,0,3.637837054396647e-8,0.33166247903553997,0,0,0,0,0,0,0,0,0,0,0,0,0,0
1001,scouted-imported-professional,off,CountryTwoBeat,17,738,1,100,0,0,2.615143171454752e-8,0.18027756377319945,0,0,0,0,0,0,0,0,0,0,0,0,0,0
1001,scouted-imported-professional,off,ReverieMoodPiece,18,542,1,100,0,0,4.172325134991058e-8,0.273861278752583,0,0,0,0,0,0,0,0,0,0,0,0,0,0
1001,scouted-imported-professional,off,Swinger,17,192,1,100,0,0,4.500051994214512e-8,0.3354101966249685,0,0,0,0,0,0,0,0,0,0,0,0,0,0
1001,scouted-imported-professional,off,HornDrivenSoulNumber,31,5271,1,100,0,0,4.2981520561747076e-8,0.31224989991991986,0,0,0,0,0,0,0,0,0,0,0,0,0,0
1001,covers,off,SlowBallad,376,1435,376,0,0.02513741168135619,0.02037081483816321,0.08410731919675717,0.27838821814150105,10,0.014136258120731006,0.014263530122595573,0.014902115654468376,0.014489869017994166,0.007920130000703433,0.014672116103294273,0.01192915839935722,0.011642121691699356,0.01155464234615859,0.011747507626318808,0,0,0
1001,covers,off,Swinger,97,161,91,7.216494845360825,0.028448338492054814,0.02046729878608958,0.08184653040739893,0.3354101966249685,10,0.013584881507765878,0.014254062405791202,0.013833214341444806,0.013300818005939661,0.009500267692767028,0.013830402740776217,0.016778428796508194,0.010462832634571588,0.01602746526731351,0.011394717614707402,0,0,0
1001,covers,off,CharmSong,308,2556,308,0,0.025061416262298335,0.019707854333699003,0.08064213516908825,0.27838821814150105,10,0.013766726725091492,0.014042198342016794,0.014712317519872875,0.014405649271190745,0.007996319498461338,0.013953160013358092,0.011381971244738191,0.011138209298359304,0.011450064642450929,0.011238885949946457,0,0,0
1001,covers,off,LushStandard,11,11,11,0,0.03896719514509747,0.03531653553852081,0.1038577690312764,0.529150262212918,10,0.013287855754162902,0.01266790716078511,0.008122706528647524,0.013307942573418653,0.020410281861312024,0.01328095181417768,0.015854124374340115,0.011729770145639336,0.01819108912508365,0.01006449639129432,0,0,0
1001,covers,off,SaloonBallad,12,11,12,0,0.03978267425232817,0.03580820379232789,0.15585037709650437,0.51478150704935,10,0.015644015033162935,0.011095963515128008,0.013037646083585588,0.016327783493648895,0.008674103165988005,0.01327522427870695,0.012936135860062802,0.011470204548728342,0.007924137251491045,0.012331439868665693,0,0,0
1001,covers,off,ModernJazzInstrumental,56,162,56,0,0.023694428416969646,0.01592034590311321,0.03255599267211668,0.33911649915626346,7,0,0,0.013918230374605526,0.013430540869427084,0,0.01343900887174151,0.011953991319347771,0.011741517575806259,0.012342266078050022,0.011113737079468963,0,0,0
1001,covers,off,CountryWaltz,61,194,61,0,0.03126909993099393,0.024735936927255047,0.08369175965719614,0.2915475947422651,10,0.014293241438265119,0.014985950064128393,0.014566629182189749,0.015140575942236096,0.007589152541263939,0.014050065178039278,0.011301435205113319,0.012026147156957396,0.010855558005554945,0.011044314508606655,0,0,0
1001,covers,off,NashvilleBallad,16,17,16,0,0.03447158756292638,0.02218609464195522,0.08459487994721969,0.273861278752583,10,0.012779288937009328,0.013298396466480485,0.014198893663972808,0.014962301726256204,0.007315936233259424,0.015962347120392132,0.009399530103653126,0.00948467822145436,0.01014070899243334,0.010210529652635402,0,0,0
1001,covers,off,CountryTwoBeat,148,559,52,65.54054054054055,0,0,2.615143171454752e-8,0.18027756377319945,10,0.008816184966116686,0.008345685184366635,0.00832928839647083,0.008426348105737403,0.004596999569161127,0.007865232891884445,0.025442481913133825,0.006214990597241196,0.025205026463508473,0.007165164930039328,0,0,0
1001,covers,off,CountryShuffle,52,158,52,0,0.031180041473975652,0.02402052112732396,0.08088397077963028,0.206155281280883,10,0.01347285588370504,0.012935090282113293,0.0145483437013406,0.015188443266378127,0.007692154815879511,0.012921126247143824,0.011388993282675845,0.011311491393091686,0.011444235233595052,0.010871449929413194,0,0,0
1001,covers,off,WesternSwing,17,25,17,0,0.03756250054686636,0.031607692152605726,0.08411594268081973,0.16583123951776993,10,0.014978864666441842,0.015219386199557159,0.012923992287574668,0.017457963977450374,0.006845536089708707,0.012614191372386447,0.009486201963003276,0.010958543044076677,0.011170897690131406,0.009361398783062214,0,0,0
1001,covers,off,GrooveRiffVamp,144,609,144,0,0.027278628324339946,0.019560080265433294,0.10516797388765717,0.23452078799117151,10,0.01528974572210559,0.014461151644007813,0.014261309218862308,0.013765847862938276,0.007500792431505532,0.014707971465370381,0.011182014656760915,0.010499958208239565,0.01142804264429032,0.011574968533041874,0,0,0
1001,covers,off,SlowBlues,621,1752,40,93.71980676328502,0,0,4.182955281055798e-8,0.4183300132670378,10,0.003487348438291369,0.003430770634664912,0.003707137308676554,0.0034185305751106517,0.006261588832250602,0.0035244417461567736,0.012334491983011482,0.002781816902581559,0.01126890961576357,0.0028764977087252785,0,0,0
1001,covers,off,ShuffleTwelveBar,177,1039,177,0,0.02754002120595484,0.02192635068865208,0.08464103087076873,0.18027756377319945,10,0.015012359056134041,0.014690984971898979,0.01456893011161816,0.013745049813934056,0.007606000527720481,0.014913174830412494,0.011105164042235273,0.011528840631942892,0.011097780073007171,0.011474796947242242,0,0,0
1001,covers,off,GospelChoir,7,9,7,0,0.03814769864357759,0.03674118200198761,0.0412355874194006,0.23452078799117146,10,0.015698011165086023,0.012295400855260144,0.0106284430023904,0.008541655292144727,0.0034405058274405965,0.013337633406908623,0.011779422776567258,0.010727056233252348,0.011386397816274721,0.012471236010212026,0,0,0
1001,covers,off,QuietHymn,94,338,94,0,0.02941100379871139,0.023058055955288283,0.04059713573163887,0.3122498999199199,10,0.01513552217886817,0.014741852663712939,0.01438294903833174,0.015205933940959327,0.007793200707134816,0.014168321148520591,0.010747615695404208,0.012050536781245997,0.011811782990722499,0.012023633962787553,0,0,0
1001,covers,off,GospelQuartet,38,78,38,0,0.03341941709147407,0.029274967614994648,0.046970904803019686,0.23452078799117146,10,0.014584735841220114,0.013700035082423005,0.01478898474404895,0.013484363485210487,0.0077667227964173515,0.015030380353421335,0.01237443693717197,0.011217952286330947,0.011441872763918528,0.011324470421060927,0,0,0
1001,covers,off,SpiritualShout,2,2,2,0,0.06473332498450195,0.06473332498450195,0.05512061349496946,0.31224989991991986,10,0.008931845426559448,0.014302611351013184,0.018734067678451538,0.01227465271949768,0.0031497329473495483,0.0050719380378723145,0.005855530500411987,0.002457946538925171,0.012730568647384644,0.004856377840042114,0,0,0
1001,covers,off,ProtestMessageSong,80,113,80,0,0.027584442395215042,0.020755967963052586,0.11166171000611409,0.33166247903553997,10,0.013411094735291031,0.014660766619017052,0.01499912436175524,0.015338622689982706,0.007086983474968285,0.012696350960404442,0.011592830605548575,0.01086953293281426,0.006715332013786238,0.01162270576563263,0,0,0
1001,covers,off,VerseDrivenSong,23,28,18,26.08695652173913,0.032555322295879915,0,0.10944355743608343,0.33166247903553997,10,0.010826604415991559,0.013408541397940777,0.012222034553309818,0.012364928122865548,0.037264026792498954,0.012725524691767432,0.010283607942916792,0.020402277727077263,0.0077479760379846095,0.02474011379936755,0,0,0
1001,covers,off,HornDrivenSoulNumber,313,1231,19,94.24920127795527,0,0,4.2981520561747076e-8,0.31224989991991986,10,0.0037207936938708787,0.00391270399107174,0.0026012358920362104,0.0036011609328658887,0.0063513586144900705,0.0032863678145383037,0.01252810555605113,0.0025943331644684505,0.011774602285445544,0.0030804919506865736,0,0,0
1001,covers,off,SingAlongChant,81,229,81,0,0.02873764105285767,0.023319610206785142,0.12253752169948794,0.3872983346207417,10,0.014458249527902416,0.014183635575064349,0.01433162834555519,0.014558614564085512,0.007895952075075235,0.014304445861477314,0.011430858681113033,0.010794567179856105,0.01146440227747315,0.011437363160864735,0,0,0
1001,covers,off,MidTempoRocker,413,853,40,90.55690072639226,0,0,4.172325133008518e-8,0.23452078799117151,10,0.0038644669431676846,0.004483194623896162,0.004856665268209085,0.004328563847303722,0.0023449588458849284,0.004237036192418779,0.014491538905621822,0.003070703656616865,0.014787668262939055,0.0036517042194050813,0,0,0
1001,covers,off,StomperRocker,2,2,2,0,0.06508973023815737,0.06508973023815737,0.11964047788582532,0.3201562118716425,9,0.0115109384059906,0.0011940672993659973,0.0023366957902908325,0.011186063289642334,0.002790689468383789,0.023223698139190674,0.0015869438648223877,0.004280127584934235,0.015056014060974121,0.000055149197578430176,0,0,0
1001,covers,off,DeepSoulPleader,9,10,9,0,0.04354794974574858,0.025777111943706285,0.0886585147139163,0.3427827300200522,10,0.013198320978435011,0.009573296733800975,0.0156544555395658,0.011422181205343525,0.008987491227861381,0.0123921694824295,0.008923778901966318,0.009450644024681699,0.008330753420125446,0.011320607681421036,0,0,0
1001,covers,off,MidTempoPopSong,182,573,125,31.86813186813187,0.024495964296877677,0,0.07736312764180296,0.32015621187164256,10,0.011415392224215398,0.012097399564932743,0.011334634110430874,0.011619599151865289,0.011921086879547347,0.011779303846843394,0.02499365478193328,0.009937340926943764,0.025548825536514958,0.009507827733589044,0,0,0
1001,covers,off,BrightPopNumber,215,1426,76,65.11627906976744,0,0,3.3186461699968217e-8,0.3082207001484488,10,0.00945615621409968,0.007616522934911485,0.008502506703332564,0.008017744905460032,0.03301465982834728,0.008521620830738427,0.02469085082270381,0.006766736388968661,0.025688848265686487,0.006481396419412044,0,0,0
1001,covers,off,DanceNumber,36,62,33,11.11111111111111,0.031754780616159294,0,0.1205963497161443,0.3082207001484488,10,0.01514799378854462,0.011972608170554197,0.0133326806950226,0.012462609922485435,0.02870988380931005,0.012830215186214054,0.019227973720640286,0.010230446452100066,0.020341504842741307,0.011045016655636297,0,0,0
1001,covers,off,ReverieMoodPiece,237,847,1,100,0,0,4.172325134991058e-8,0.273861278752583,0,0,0,0,0,0,0,0,0,0,0,0,0,0
1001,covers,off,LatinBolero,72,206,72,0,0.03163338470763138,0.023536496358395016,0.08246172437728755,0.206155281280883,10,0.01371775885693639,0.014690876789728231,0.014354796819086897,0.014615898583790109,0.007604489325442921,0.015184866997485445,0.012624157900875725,0.011604736362657228,0.012383312204266063,0.01199136821236733,0,0,0
1001,covers,off,BossaSong,32,172,32,0,0.033948745035227136,0.026076726976976838,0.08254856997273277,0.206155281280883,10,0.013554329836725953,0.01584094792756728,0.014037749341769042,0.014145259463435027,0.008599941844880997,0.01316183396761439,0.012698382163181738,0.011213811596172973,0.012113201829889564,0.011532573847891822,0,0,0
1001,covers,off,Novelty,45,276,45,0,0.033522663588420466,0.028315535191110634,0.10667009573166304,0.4949747468305833,10,0.014085494079461164,0.012605725763280956,0.012549353574813977,0.014247592258683267,0.007702200723426548,0.01428151915338352,0.011711574859161173,0.0121640627578713,0.010901375205204625,0.011969172727712718,0,0,0
1001,covers,off,ClassicalChamber,12,16,12,0,0.02440922783369783,0.019994421300210452,0.10812204381866139,0.23979157616563596,7,0,0,0.016275311067284446,0.011413351493457478,0,0.013297078500965748,0.00659043500006846,0.010325692776396172,0.009352337570352877,0.008902752940023028,0,0,0
1001,covers,off,ClassicalSolo,43,479,43,0,0.023734980519541773,0.018007285073017795,0.11969101921876446,0.6062177826491071,7,0,0,0.015338979897112014,0.014504677632356085,0,0.01376907316831308,0.011105318649182037,0.011025963406925887,0.01084375031177991,0.012585740667513067,0,0,0
1001,covers,off,JauntyMusicHallRomp,20,97,20,0,0.03375220541042721,0.026675885751954096,0.12342271364542727,0.44158804331639234,10,0.013242244395993034,0.014841392750214608,0.010953006913791885,0.013855800985583417,0.00853588332281433,0.014749240083544356,0.011199788379636774,0.010057442743615069,0.012029809223224218,0.01105485911614916,0,0,0
1001,covers,off,SpokenWord,11,18,3,81.81818181818181,0,0,3.4946320620875134e-8,0.4272001872658766,10,0.0034982356970791003,0.009332696368209914,0.00707625208510353,0.003996811182440183,0.09489471726863641,0.007552527290887403,0.002266480224901524,0.005004845530759119,0.0052206927942401735,0.00819039738250131,0,0,0
1001,covers,off,LatinDance,1,1,1,0,,,0.08271814368292553,0.16583123951776993,0,0,0,0,0,0,0,0,0,0,0,0,0,0
1001,covers,off,SurfInstrumental,12,13,12,0,0.030008732091707742,0.022930784137681032,0.034211609538580184,0.618465843842649,7,0,0,0.016533531405359566,0.011850177639163025,0,0.010849841656534092,0.013471678826362427,0.013048776908176624,0.009808794008279328,0.007849649620389497,0,0,0
1001,covers,off,TexMexSong,33,73,33,0,0.036147374330212874,0.028886011486193207,0.08508290291825481,0.2345207879911715,10,0.011789089173852248,0.015564900383157623,0.015190885989891835,0.012839523125395873,0.008121661118802324,0.014047751547646472,0.010946584672500871,0.01190831597014849,0.012802378914457015,0.012435910280061593,0,0,0
1001,original,on,Swinger,647,423,647,0,0.011035327177800152,0.008846038744631609,0.019311039654109366,0.3354101966249685,10,0.007004740340591518,0.007064328369230497,0.006963821187427808,0.007131762359486918,0.006883691127479212,0.007122384522434012,0.004457815298119373,0.004720790383285655,0.0044826474499825375,0.004585879438016635,0,0,0
1001,original,on,LushStandard,1270,389,1270,0,0.010108783026607998,0.008277260773799765,0.019022069628574226,0.529150262212918,10,0.0068803919263108505,0.006884699832967149,0.00681630733874679,0.006881431748968045,0.007007818963087913,0.00675632034718264,0.004617364441089944,0.004711000829564905,0.0046065049469884494,0.004633924974056224,0,0,0
1001,original,on,BrightPopNumber,926,332,926,0,0.010395791679075521,0.008345334576443724,0.019077047094341652,0.3082207001484488,10,0.006862265872298625,0.00688001277975713,0.006915250481845275,0.006905775287826004,0.006880209844681608,0.00695329544926167,0.004510998654270515,0.00468280851770957,0.004622915756347881,0.0045493103334182244,0,0,0
1001,original,on,VerseDrivenSong,1439,1129,1439,0,0.009920958606577301,0.007809948303892237,0.019204647529832305,0.33166247903553997,10,0.006939689599782133,0.0070672928013258045,0.006891838058619648,0.006852442345968614,0.007001884576870975,0.00683534444879284,0.004552026997115802,0.004603236119810865,0.004577865388016935,0.004593112542826962,0,0,0
1001,original,on,MidTempoRocker,1951,1866,1951,0,0.009654567481207476,0.007831783476226243,0.019070426489915637,0.23452078799117151,10,0.006934545674298681,0.006875475925328493,0.006841336190064135,0.006813808418244807,0.00679744620087571,0.0070546562498174994,0.004590433339389651,0.004638949446255089,0.0045803000655867225,0.00458336698540732,0,0,0
1001,original,on,HornDrivenSoulNumber,4940,2823,4940,0,0.008655997942061875,0.006895112887924713,0.019240087778940443,0.31224989991991986,10,0.006945449692126351,0.006876609739945972,0.006863462921041038,0.006980995857116687,0.0069247208228926035,0.006965143144169999,0.0046392196487709085,0.004617290856311238,0.004635250410188813,0.0046219348822446535,0,0,0
1001,original,on,ReverieMoodPiece,1494,921,1494,0,0.0098955528567106,0.007964072631459118,0.0191038753605529,0.273861278752583,10,0.006876048870158627,0.00678005023331232,0.0068372155086154065,0.006904802980687717,0.006897800150176835,0.006892905231517455,0.004553877533244259,0.004632091429327857,0.0046229379451838215,0.0046094538811031205,0,0,0
1001,original,on,SpokenWord,472,245,472,0,0.011297555430783982,0.009009213115430641,0.019107126564161227,0.4272001872658766,10,0.006754385835400596,0.006724086797431919,0.0066560133678699495,0.007043991541223733,0.0066738772489050024,0.007164307710307906,0.004614929568758595,0.0046765694085054215,0.004604948143789469,0.0045489068232859335,0,0,0
1001,original,on,DanceNumber,198,118,198,0,0.012896954883288124,0.01033519985986198,0.019197353740800727,0.3082207001484488,10,0.006934044864506687,0.007269092947160739,0.006666485675682551,0.00665092477017573,0.006908208597325742,0.006800847481993298,0.004595825602847844,0.004694083113142578,0.004756464105414644,0.004908921910052927,0,0,0
1001,original,on,CountryTwoBeat,716,493,716,0,0.010724458065228034,0.008289441438674485,0.019183505082174916,0.18027756377319945,10,0.006934899345323288,0.006889818944396129,0.006985506025473215,0.00679599434487769,0.007070327516349249,0.006984008188677073,0.0046138489655125,0.004489927267330251,0.004621399858759716,0.004651071442477386,0,0,0
1001,original,on,SlowBlues,1457,2144,1457,0,0.009894120013960988,0.007793479021207038,0.019224531499801523,0.4183300132670378,10,0.006801074209637951,0.007082109693179706,0.007054399448692304,0.006874182238570642,0.006883786777708035,0.006997326766661136,0.0045757200575391255,0.004662509227874217,0.0047044522283306725,0.004568028549871684,0,0,0
1001,original,on,SpiritualShout,514,193,514,0,0.011255908393026932,0.009068892088617692,0.01894472532880458,0.31224989991991986,10,0.006824983041718244,0.0069656883041113015,0.006881976024530272,0.006846329217116782,0.006851008710357252,0.006898799442135305,0.004530684746036233,0.004567046775146693,0.004497413968982283,0.004604916201959027,0,0,0
1001,seeded,on,SlowBallad,673,1439,673,0,0.010205547867501228,0.008160130293873509,0.07690372144885173,0.27838821814150105,10,0.006897275974959484,0.006982134800205974,0.007003251801718183,0.0068413056708227695,0.0038214379189496052,0.006788094712232247,0.004722334581823387,0.004671290554028746,0.004590506041594548,0.004586944615399401,0,0,0
1001,seeded,on,LushStandard,296,11,296,0,0.011138680851541285,0.008366258828512803,0.09927909082747303,0.529150262212918,10,0.006942650840188893,0.006639187646361244,0.0070531144896047145,0.00713864836438042,0.0038917736278929653,0.0066471260891562516,0.0045220289148754575,0.00472991145339897,0.004555765291396279,0.004790153457114958,0,0,0
1001,seeded,on,Swinger,277,136,277,0,0.01119506695193982,0.008877862005031507,0.0767275888419622,0.3354101966249685,10,0.006691662867600025,0.0068976712386866175,0.006952166617322624,0.006914826371431587,0.003599582448397803,0.006806747216690613,0.004644811534128099,0.0044477472059899536,0.004464101667157746,0.004721867967754317,0,0,0
1001,seeded,on,SaloonBallad,280,11,280,0,0.010707820829612049,0.00803988149775114,0.1524348155922035,0.51478150704935,10,0.006559142985695993,0.007286049801807292,0.006832091601685698,0.006711538847884838,0.0038501372396903847,0.006978216815390307,0.004364837732291571,0.004523725690036322,0.0026871835245880953,0.004793485285303663,0,0,0
1001,seeded,on,CharmSong,407,2562,407,0,0.010986730743610664,0.008780160980830062,0.07342611532281439,0.27838821814150105,10,0.006861370941545305,0.007044489358143583,0.007271787653821266,0.006577356641952324,0.0038536763073582243,0.007001005596375889,0.004739349934917615,0.004471731966882122,0.004617646764787388,0.004778513171549124,0,0,0
1001,seeded,on,ModernJazzInstrumental,102,164,102,0,0.008716710071793303,0.00655103827880566,0.01506763142462272,0.33911649915626346,7,0,0,0.006848761908551245,0.0071348520705624505,0,0.007222508623659884,0.00446233520562639,0.004692749294013857,0.0048354513377827195,0.00412890220629263,0,0,0
1001,seeded,on,CountryWaltz,96,195,96,0,0.013187529610105683,0.009601689859293537,0.07515368073386093,0.2915475947422651,10,0.00684701679687577,0.0069515954231128664,0.006809837125180776,0.0063487520986740854,0.0036603737749494477,0.00689663970601326,0.004886576791134594,0.004551295707381091,0.004791186208433404,0.004745811097142222,0,0,0
1001,seeded,on,VerseDrivenSong,274,17,274,0,0.011510342745640108,0.008782903954611213,0.10840742927385183,0.33166247903553997,10,0.006832053235910736,0.006848426634678202,0.007138874043082282,0.007014114670923756,0.003712722307600842,0.007097892601112868,0.004572771900501706,0.0046835934075098486,0.0046832189359322885,0.004662164663035787,0,0,0
1001,seeded,on,NashvilleBallad,73,18,73,0,0.01367282541861705,0.010691175221769158,0.07264793857581907,0.273861278752583,10,0.007083287454619723,0.007063344741775904,0.0071023094390319065,0.006535895389943057,0.0036333582723791836,0.007035037452494808,0.004792723524467824,0.004209043124588245,0.004758779575791119,0.005106000950764086,0,0,0
1001,seeded,on,CountryTwoBeat,78,120,78,0,0.014244116354793133,0.01095832991864718,0.07336691407437491,0.18027756377319945,10,0.006625808077177433,0.006364519757524039,0.00725694761028534,0.00705696339021092,0.0037009023819151183,0.007426688946643794,0.0042618910238807475,0.0046598982217088865,0.0043729069044588795,0.004665937600029364,0,0,0
1001,seeded,on,CountryShuffle,86,159,86,0,0.012719657984285248,0.009660300126009635,0.07398170366458443,0.206155281280883,10,0.007044920803497689,0.006872029938533366,0.006488761167715318,0.006461248288972803,0.003669760096630996,0.007488918117738247,0.004273623326663955,0.004456429700155288,0.004821926422809417,0.004526155686276071,0,0,0
1001,seeded,on,WesternSwing,85,27,85,0,0.01327881083409681,0.009859372872392493,0.07577540739385862,0.16583123951776993,10,0.007332076492977116,0.006109554447725392,0.007066025565296821,0.0073184599139075966,0.0039798641698296595,0.007098726236579527,0.0045734721538150626,0.004434361955195534,0.004279204413855535,0.004419794738770157,0,0,0
1001,seeded,on,GrooveRiffVamp,283,612,283,0,0.01145993796695404,0.009521682704298574,0.09965775275992489,0.23452078799117151,10,0.0072360677296140884,0.007242973686015809,0.006853713816537575,0.0071369310587090454,0.0037281851042557943,0.006922163318530234,0.004497995813435033,0.004456899726254987,0.004627228776906143,0.004470720317137942,0,0,0
1001,seeded,on,SlowBlues,215,108,215,0,0.011912561853735373,0.009608234018856611,0.07653589178554879,0.4183300132670378,10,0.007105815821064207,0.007242544193077584,0.006862116369272724,0.006648076755259701,0.0038370595908222096,0.006969349108527868,0.004648573218333096,0.004348627281270518,0.004511838662269488,0.004701207655554752,0,0,0
1001,seeded,on,ShuffleTwelveBar,294,1040,294,0,0.011333225307604134,0.009270727154508714,0.07722960560808326,0.18027756377319945,10,0.007177502858969038,0.006919992040194545,0.007025842212565368,0.0068085520887071985,0.003978831408064235,0.006728971113942972,0.0048102563211373656,0.004777168854250876,0.004529186343147474,0.004722524516725903,0,0,0
1001,seeded,on,SpiritualShout,86,2,86,0,0.012688916114308323,0.010218005602353824,0.049136190618127,0.31224989991991986,10,0.006596056208734737,0.006873614197299653,0.006814905786214943,0.006908134767296576,0.003742083474184473,0.007193337614121329,0.004682109418587217,0.004193366133868141,0.004935568890590356,0.0045908134586235905,0,0,0
1001,seeded,on,GospelQuartet,72,80,72,0,0.013308613907265421,0.009761881631822407,0.027445491162528302,0.23452078799117146,10,0.007349135913933248,0.006501123742087381,0.006649464320980749,0.005992623034280323,0.0034907363049751705,0.007055947328852125,0.0047139152681370845,0.0048042170188965,0.0049475140168385185,0.004235038801030872,0,0,0
1001,seeded,on,QuietHymn,135,339,135,0,0.012472287432978622,0.009757621307158675,0.018202779982109604,0.3122498999199199,10,0.007135587141129684,0.006339170972258545,0.0069069823372453305,0.007155671671885904,0.0035762331371767234,0.006987999399245479,0.00467675744614783,0.004579590752784662,0.0043845425698676105,0.004804306086664224,0,0,0
1001,seeded,on,GospelChoir,87,9,87,0,0.013071968742899532,0.010633892710279372,0.017920613434472266,0.23452078799117146,10,0.0067831696252161795,0.007025858699465184,0.006830344234308508,0.006273087809246302,0.003992746968155018,0.006644715700654051,0.004728846185143111,0.004647345712709115,0.004447128103704944,0.004791718372905035,0,0,0
1001,seeded,on,ProtestMessageSong,243,119,243,0,0.01105053765750136,0.00845535934070154,0.10445226420550285,0.33166247903553997,10,0.00672227047056005,0.006742917413335138,0.006665851627314372,0.007048748141083309,0.003685872668604504,0.006874985430552385,0.004715434145409337,0.004763551098465936,0.002451335860480766,0.004602530245430477,0,0,0
1001,seeded,on,HornDrivenSoulNumber,126,27,126,0,0.01304643089298513,0.009521005020933695,0.07614137131217945,0.31224989991991986,10,0.00676004891905782,0.007295577438807207,0.007018187527636859,0.006903601325273047,0.003830226841326064,0.00688294176219543,0.004737811507706002,0.004602326746455676,0.004988878666702748,0.004784038853041908,0,0,0
1001,seeded,on,DeepSoulPleader,115,12,115,0,0.012439660078816467,0.010202061634376947,0.08476660936536351,0.3427827300200522,10,0.006963248141628634,0.0068346344108665795,0.0073666169389911135,0.006379315934438245,0.00375014825421323,0.007374268178510809,0.004730062593393806,0.0043173787916273056,0.002570134664937752,0.004673734537365401,0,0,0
1001,seeded,on,SingAlongChant,102,234,102,0,0.012972385983747125,0.010168865328885933,0.11511823590930341,0.3872983346207417,10,0.00645820818949866,0.006770059492040794,0.007482085709468,0.007111549072381982,0.004166085785311487,0.0068975568073691715,0.004607595753997991,0.004432835715306618,0.004606893246429924,0.004629011797182669,0,0,0
1001,seeded,on,MidTempoRocker,64,58,64,0,0.013817203020928827,0.009802266263470248,0.07353076332468418,0.23452078799117151,10,0.00721030783818288,0.00673407732726561,0.007080910400767625,0.007188993206408462,0.0036298147006527167,0.0077298631564940825,0.004436008616825171,0.004618374428756204,0.004752839901310696,0.004184605671914179,0,0,0
1001,seeded,on,StomperRocker,40,2,40,0,0.01557203086740262,0.012699606590901066,0.11427070160437874,0.3201562118716425,10,0.006535716539646295,0.00657701073665621,0.006903455040427047,0.0072585740101934445,0.0037514177486205596,0.00638807087407715,0.00446984119514549,0.0052292613412701664,0.004521820565648144,0.004141331879892661,0,0,0
1001,seeded,on,MidTempoPopSong,126,371,126,0,0.01260668089728376,0.009760487829403884,0.0769242797713742,0.32015621187164256,10,0.007366051243961644,0.0067884031825031325,0.006718217060486133,0.006644287713986307,0.004053814129028288,0.006829324911799047,0.004544443851894405,0.004583282985271707,0.004731085649220967,0.004541945638466819,0,0,0
1001,seeded,on,BrightPopNumber,87,149,87,0,0.01289056413628105,0.010850295828592,0.09995415199234638,0.3082207001484488,10,0.006811647473714345,0.006759741494467267,0.006787526749178885,0.006459453065445215,0.0036660463752317372,0.0067070678130626265,0.004540764983794176,0.004761676795473999,0.0041875114839919686,0.004384556835192372,0,0,0
1001,seeded,on,DanceNumber,37,56,37,0,0.016249768613044974,0.011880266398418752,0.11479682617573077,0.3082207001484488,10,0.006766344625525993,0.007073260743614942,0.00718759603435807,0.0072586908964634095,0.0035568766874041055,0.00660186255386002,0.0046220329596203796,0.0044526344317562545,0.005085128085926642,0.004630748584618219,0,0,0
1001,seeded,on,LatinBolero,149,209,149,0,0.012276143015886028,0.009975823574071016,0.07723350161981166,0.206155281280883,10,0.006791916330158586,0.006742615164676171,0.00726181079196233,0.006873783768714882,0.003635572617883671,0.006601924055646931,0.004572341457708763,0.004657885036111367,0.004507495763679254,0.004229425772301173,0,0,0
1001,seeded,on,BossaSong,37,172,37,0,0.015208433886785364,0.011155498444016134,0.07466039411796925,0.206155281280883,10,0.00692181714592238,0.007092486494749144,0.006574862514723914,0.006186237439910588,0.003232173944408856,0.006960887709553332,0.003768722307995218,0.004617372854113401,0.0044318267470340586,0.004197683473078574,0,0,0
1001,seeded,on,Novelty,46,276,46,0,0.014449537982329681,0.01155571952562822,0.09778684350687317,0.4949747468305833,10,0.00639406051295778,0.007493312305972669,0.0066660712610607424,0.006389809555265417,0.0036766589642577767,0.007087736848243052,0.004675795753013348,0.0046181673804794295,0.004239529746654963,0.004537206246059283,0,0,0
1001,seeded,on,ClassicalOrchestral,38,0,38,0,0.008582979550379332,0.0043888545713379225,0.05196315684450046,0.23979157616563596,6,0,0,0.006425189876026606,0,0,0.007299529119506947,0.004226448292689679,0.00524337104252422,0.004377029917210128,0.004076372999274506,0,0,0
1001,seeded,on,ClassicalChamber,37,16,37,0,0.01067993713935135,0.0061975984635019975,0.1191510379923385,0.23979157616563596,7,0,0,0.00686532664335968,0.006688622551936199,0,0.006168230694798875,0.004902433990654677,0.004462887586808791,0.004359182209664299,0.0044921876785592105,0,0,0
1001,seeded,on,ClassicalSolo,45,479,45,0,0.009714534659247398,0.007276260816597578,0.11659123194759703,0.6062177826491071,7,0,0,0.005752155593053117,0.006996079722209242,0,0.006231423365766691,0.004710202928722251,0.005046630291500477,0.004908255423744129,0.004894654946632074,0,0,0
1001,seeded,on,JauntyMusicHallRomp,24,98,24,0,0.015484344599597228,0.012586861902106943,0.11500899751731533,0.44158804331639234,10,0.006727473979997231,0.005274815263300367,0.006586389336532895,0.006324964402257266,0.003915891692100627,0.006967959231573948,0.004141376667620973,0.0046631140328779845,0.0050300381263157605,0.0046192950253419384,0,0,0
1001,seeded,on,SpokenWord,18,1,18,0,0.017225097113713186,0.012006271085403586,0.2509842051445725,0.4272001872658766,10,0.006800274821331657,0.007665734651923833,0.006245181838627318,0.006472882727301124,0.004391573981689869,0.006417363890805794,0.004037699752336924,0.004137013361315906,0.004790541112499782,0.004691513439739873,0,0,0
1001,seeded,on,LatinDance,60,2,60,0,0.013828571359428896,0.010873158428709359,0.07617696589208539,0.16583123951776993,10,0.007041923813813176,0.006945668396840811,0.00698814391205553,0.006810628602339703,0.0039615404270460525,0.006357633939611745,0.004541542467643886,0.00468782667191751,0.004655951370708295,0.0044750129483241505,0,0,0
1001,seeded,on,SurfInstrumental,32,14,32,0,0.010493760071797044,0.006019794719808129,0.014149818001697585,0.618465843842649,7,0,0,0.006640544451416349,0.006833247413914095,0,0.006804568250209047,0.0044256241187117075,0.004505373372596347,0.004175940110164329,0.004629370120193772,0,0,0
1001,seeded,on,TexMexSong,45,80,45,0,0.015296918942271111,0.011031850115818994,0.07376818553409008,0.2345207879911715,10,0.006550760599539494,0.006737892457590747,0.006843223941631503,0.007043025761654471,0.0037952004549297097,0.006669901631241937,0.0047879198436761965,0.004860503200508137,0.003940449152281126,0.004618396481706079,0,0,0
1001,scouted-imported-professional,on,BrightPopNumber,48,1219,48,0,0.015305300988033104,0.012441186560871164,0.01895721219801214,0.3082207001484488,10,0.007213016161813081,0.0074949923763420355,0.006703119379302617,0.006686434877969734,0.0059908517222524785,0.006524218235423845,0.004444586464654518,0.004660836040622961,0.004501941644767221,0.004819375152762304,0,0,0
1001,scouted-imported-professional,on,LushStandard,52,1081,52,0,0.014193652312255585,0.012029510774893469,0.019367357942990136,0.529150262212918,10,0.006925471115307807,0.0071047763030082905,0.006665704081985788,0.007137399658001246,0.0064845537416335745,0.006638424146043673,0.004264195289942112,0.0046778769255583375,0.004699719492736814,0.0048425929280362726,0,0,0
1001,scouted-imported-professional,on,MidTempoPopSong,59,204,59,0,0.014076670293108502,0.009572762056756138,0.01897008091763876,0.32015621187164256,10,0.007020522399458744,0.007103172003589629,0.006894772615733238,0.006468862112740964,0.0064992490816335536,0.00700320645410075,0.004531745522074262,0.004440696719117126,0.0044390695981152365,0.004644111660797371,0,0,0
1001,scouted-imported-professional,on,VerseDrivenSong,28,155,28,0,0.016889169468851238,0.014696667804450041,0.01925929322144412,0.33166247903553997,10,0.006818696150922661,0.007286844366064653,0.007116987057721526,0.00711949190951616,0.006417572842566123,0.0069901001078860586,0.004161152514612839,0.0049433123446582855,0.004527921402724588,0.004873720835704684,0,0,0
1001,scouted-imported-professional,on,CountryTwoBeat,17,738,17,0,0.01712770465639727,0.012941446197757129,0.019703085637404825,0.18027756377319945,10,0.00668188583146782,0.0070034338646237475,0.007982151965946819,0.005529690219370074,0.006966895531437451,0.006689596245847165,0.004801362705511951,0.0039710281046135545,0.004215563960915866,0.005030356428948337,0,0,0
1001,scouted-imported-professional,on,ReverieMoodPiece,18,542,18,0,0.016641994510210003,0.012209656992616355,0.01871045419697445,0.273861278752583,10,0.00702783298873419,0.006743941062680808,0.007382033655575023,0.00725482426330109,0.006312246224127831,0.006569172939301181,0.005350812932707925,0.005470331420734734,0.004258451954772843,0.005110697582866352,0,0,0
1001,scouted-imported-professional,on,Swinger,17,192,17,0,0.017140033957134742,0.0129984237119116,0.019161197346405288,0.3354101966249685,10,0.007681418214142292,0.007367979808802054,0.006061869259936912,0.00820477213201074,0.00803789762096205,0.005302764062693684,0.004136840755363881,0.003811751539728614,0.003981874852216698,0.004027865218934014,0,0,0
1001,scouted-imported-professional,on,HornDrivenSoulNumber,31,5271,31,0,0.015519047189623837,0.011687715474855712,0.019639370595669007,0.31224989991991986,10,0.006509115912317407,0.0065246274941574076,0.0066487966524993395,0.006738069241578156,0.0067879348855829046,0.0072945140364877184,0.004591202292846788,0.005206027972636225,0.004266931269805722,0.004250255530390771,0,0,0
1001,covers,on,SlowBallad,376,1435,376,0,0.011283177600964766,0.008830161288540795,0.07676005426275889,0.27838821814150105,10,0.006953333305315764,0.007075906988275654,0.006991247872773774,0.006671112275343508,0.0037795144574566657,0.006846034496457163,0.0047896339091928085,0.004657900675477324,0.004469267573287668,0.004659766589242833,0,0,0
1001,covers,on,Swinger,97,161,97,0,0.012723171035107061,0.009905961395007898,0.07527010433827977,0.3354101966249685,10,0.006692046843570133,0.006961203504914556,0.006662285824280119,0.007334952262196261,0.006465714630591109,0.006575757970469473,0.013546752257137917,0.004125270809928042,0.014037312902657756,0.004630897631238819,0,0,0
1001,covers,on,CharmSong,308,2556,308,0,0.011502108401734747,0.008871403284926657,0.07328341028471727,0.27838821814150105,10,0.006716319705808467,0.007058633060988329,0.007323266569814071,0.006577850094494702,0.0038642791229105537,0.0070030266381113085,0.004694964674760604,0.004483375602788278,0.004600590813923476,0.004744287819276482,0,0,0
1001,covers,on,LushStandard,11,11,11,0,0.019799194689086485,0.016769642561640208,0.09936778963686213,0.529150262212918,10,0.007268150854966968,0.006927218626514268,0.005866386001289736,0.007874144764786473,0.020279304187121244,0.006751198834537618,0.014510798871042337,0.004716033007420884,0.013704812228099541,0.004307662910573518,0,0,0
1001,covers,on,SaloonBallad,12,11,12,0,0.016514562937722924,0.012410594675998936,0.15141652900203792,0.51478150704935,10,0.0076152211029437145,0.006172880232553553,0.0062818656560332895,0.005609280840189103,0.003963507555074086,0.00684422147923658,0.004291001679208794,0.003771060241488732,0.0015432917877571475,0.004258844858801195,0,0,0
1001,covers,on,ModernJazzInstrumental,56,162,56,0,0.010240111069459589,0.008841262446728934,0.01506763142462272,0.33911649915626346,7,0,0,0.006760098902997642,0.007222640145209774,0,0.0073790941591190705,0.004686954441498781,0.004981517397397249,0.0048851324546356194,0.0038480815398345006,0,0,0
1001,covers,on,CountryWaltz,61,194,61,0,0.014023098997786804,0.009756443129676714,0.0760084589193452,0.2915475947422651,10,0.0069381594597634575,0.00670454278915299,0.006649013262312885,0.00607368827260817,0.003560669702669263,0.007166996458955167,0.004944443375443091,0.0044557186878565755,0.004931664478985703,0.004596627355405404,0,0,0
1001,covers,on,NashvilleBallad,16,17,16,0,0.01875231680711392,0.017275815904412028,0.07326858169928067,0.273861278752583,10,0.006311040094012273,0.006811930903607514,0.006625046653223459,0.0064047507205469015,0.003628971343498831,0.007757910503434458,0.004463826236549364,0.0041027726387680066,0.004722849912845462,0.005501420992702957,0,0,0
1001,covers,on,CountryTwoBeat,148,559,148,0,0.014153786933015397,0.010261102651262023,0.021957223637193685,0.18027756377319945,10,0.006878137325821517,0.006844557480618911,0.007400978087050316,0.006892136257374851,0.0065060643934415,0.007010182821572507,0.02445090679735217,0.004610528528661339,0.024426514031280808,0.004913353910869545,0,0,0
1001,covers,on,CountryShuffle,52,158,52,0,0.01421954475038199,0.011959655924436235,0.07365434738495659,0.206155281280883,10,0.007094718488160122,0.006793634432125851,0.006293354887606879,0.006372117522365698,0.0037189068919778355,0.007119121373986767,0.004385302877475164,0.004727885202272492,0.004986023591708107,0.004665685663836976,0,0,0
1001,covers,on,WesternSwing,17,25,17,0,0.01656821133367835,0.011088403828962704,0.0754832828628942,0.16583123951776993,10,0.005482524783697259,0.006086063940683931,0.008078184196594425,0.006843180886891992,0.004079040151745082,0.007174814343711069,0.0037093823354316896,0.003177844081483391,0.004956449849168716,0.0041668382610524635,0,0,0
1001,covers,on,GrooveRiffVamp,144,609,144,0,0.012188370191001286,0.009613718247922494,0.09941074049855582,0.23452078799117151,10,0.0069757596119888595,0.007015851183981238,0.007019953347326834,0.006865017271336609,0.0036469800661549597,0.0070723277196227015,0.004307426781691252,0.0045190706082418545,0.004661327576870943,0.004529055898612913,0,0,0
1001,covers,on,SlowBlues,621,1752,621,0,0.011038025366905617,0.00885293271550953,0.019397698451715826,0.4183300132670378,10,0.006816860508119707,0.00721128503712884,0.007060918046956113,0.0067693419951696905,0.008544961157182805,0.00700652981274973,0.012405960279966778,0.004626935306498118,0.013023726647163857,0.00450648863556544,0,0,0
1001,covers,on,ShuffleTwelveBar,177,1039,177,0,0.01240390997935425,0.009538267838335477,0.07739733803556996,0.18027756377319945,10,0.0072530599707996725,0.0068907876741591,0.007085746508972488,0.0068009655913242335,0.004010749513623309,0.006847546798971929,0.004898662474181548,0.0047311874901165615,0.004488411268689547,0.004786299604943492,0,0,0
1001,covers,on,GospelChoir,7,9,7,0,0.01954118620715041,0.017000648149024498,0.019634948697905254,0.23452078799117146,10,0.00800244996247233,0.005839317755597315,0.006881339001000331,0.0068965217122359,0.002834050287308689,0.0069219993466195775,0.004267626355336971,0.004020384402036279,0.004527583850486261,0.0029125881080545356,0,0,0
1001,covers,on,QuietHymn,94,338,94,0,0.013249454480450416,0.0099871539539052,0.018280266381197348,0.3122498999199199,10,0.0071824394224659195,0.0062181525193538995,0.007121456687852753,0.007418274339704247,0.003717078759651293,0.00717906367749225,0.004820782838724058,0.004471834804438468,0.0044116704049109315,0.0048865504953748895,0,0,0
1001,covers,on,GospelQuartet,38,78,38,0,0.015125317404446921,0.011560564880397063,0.0270067863966036,0.23452078799117146,10,0.0072904277626749435,0.00660244397626631,0.006916411016858376,0.005505897755620282,0.0035284457901592022,0.00705285950032893,0.004940757240279076,0.0050753825659493315,0.00507561505062802,0.004023575071862076,0,0,0
1001,covers,on,SpiritualShout,2,2,2,0,0.02700247513162892,0.02700247513162892,0.0464772822474381,0.31224989991991986,10,0.0001538097858428955,0.009780406951904297,0.006110727787017822,0.0013665556907653809,0.004888966679573059,0.004058800637722015,0.0012001097202301025,0.0015715956687927246,0.0016075372695922852,0.0007243752479553223,0,0,0
1001,covers,on,ProtestMessageSong,80,113,80,0,0.012673251153023675,0.009573151408082693,0.10462711666501362,0.33166247903553997,10,0.006416825995920392,0.006982215772311761,0.006337175232799053,0.006861635493561574,0.0036064496809050987,0.006693974209481352,0.00465952859359194,0.0041457013445432905,0.0024315512524847732,0.004875437586694213,0,0,0
1001,covers,on,VerseDrivenSong,23,28,23,0,0.01727966466762184,0.013298836586129056,0.10837939166294869,0.33166247903553997,10,0.00793063900859138,0.006629078765339682,0.006363752739508014,0.007484915382137463,0.037444402638934365,0.005881738955348455,0.0039368536694129935,0.023110057955499225,0.003957113056601728,0.023959865697887498,0,0,0
1001,covers,on,HornDrivenSoulNumber,313,1231,313,0,0.011892095371385938,0.009496643938245095,0.019253843827405335,0.31224989991991986,10,0.006952529075589559,0.006802688953511066,0.006621955040464614,0.007199640690531797,0.008739191977330942,0.006753373344487657,0.012642670691593572,0.004475220588415117,0.012177863161913145,0.004469601125794515,0,0,0
1001,covers,on,SingAlongChant,81,229,81,0,0.012972385983747125,0.00950223328313583,0.11487777634783662,0.3872983346207417,10,0.006454043343292009,0.00673113857404516,0.00752768421501819,0.007073903448821361,0.004124784616170239,0.006844466386659123,0.00457867258070781,0.0042615009843120204,0.004506472860115878,0.004445989554774901,0,0,0
1001,covers,on,MidTempoRocker,413,853,413,0,0.011785563656077686,0.009596276066929152,0.019624982948975234,0.23452078799117151,10,0.0067314406405315904,0.0069327737016728445,0.007161306614637709,0.00707746220605747,0.006630928370775082,0.007299969212372717,0.015342032826854242,0.0047505673245340045,0.015502478693667809,0.004428627073730704,0,0,0
1001,covers,on,StomperRocker,2,2,2,0,0.021900626365559735,0.021900626365559735,0.11148604871665294,0.3201562118716425,10,0.003991603851318359,0.004860341548919678,0.0001423358917236328,0.0020723342895507812,0.0009670108556747437,0.0002721622586250305,0.0061803460121154785,0.0006083101034164429,0.0014990270137786865,0.00584942102432251,0,0,0
1001,covers,on,DeepSoulPleader,9,10,9,0,0.02025532848039501,0.01746591044099908,0.08437376894434154,0.3427827300200522,10,0.00459907052609913,0.005611386727698037,0.007286752152026899,0.007103010497175165,0.003624803029271681,0.006094370538604407,0.005249075987106543,0.004655661161633577,0.0029498720664909326,0.00445410950840964,0,0,0
1001,covers,on,MidTempoPopSong,182,573,182,0,0.013323670550484258,0.009760487829403884,0.07367761094436161,0.32015621187164256,10,0.0071961279421238365,0.006937102257412838,0.00673708567406579,0.006580352391629172,0.012050539693631422,0.0069116223429122195,0.0242596142733345,0.004519584124486103,0.023940834137446184,0.004614940454555558,0,0,0
1001,covers,on,BrightPopNumber,215,1426,215,0,0.013282620939615407,0.010750130777094307,0.020675737131758576,0.3082207001484488,10,0.00698332973942516,0.006972708726165505,0.0065279134740261575,0.006729358525355265,0.03282237943523832,0.006618561091998862,0.024498448764059134,0.0046535255433172076,0.02403876172220523,0.004509512866879964,0,0,0
1001,covers,on,DanceNumber,36,62,36,0,0.016622515044210324,0.011880266398418752,0.113407938481335,0.3082207001484488,10,0.006910518288447619,0.007246493773340958,0.007509396294966106,0.006770991990483245,0.028478274568910507,0.006805114856332124,0.014945906662003192,0.004421394045281732,0.016340318741053055,0.004644714790580389,0,0,0
1001,covers,on,ReverieMoodPiece,237,847,237,0,0.012500945423321221,0.01018321263482676,0.019554948013729687,0.273861278752583,10,0.007020711557726756,0.006614050179119311,0.007152212375825384,0.00683775269083301,0.007110051178377352,0.006926837019155791,0.004654686307693464,0.004819818653033277,0.004585389902853352,0.004753194828104118,0,0,0
1001,covers,on,LatinBolero,72,206,72,0,0.013071973932354236,0.010969417601644828,0.07709355844825733,0.206155281280883,10,0.0070077350076016825,0.006376820551134639,0.007251389420946769,0.006606728227139231,0.003456983825971046,0.006676154355138852,0.004583208813729578,0.004870126921723591,0.0043568793250625525,0.004497489386203511,0,0,0
1001,covers,on,BossaSong,32,172,32,0,0.014281061700288228,0.011155498444016134,0.0736127963801202,0.206155281280883,10,0.006597753626649672,0.006826287177341904,0.0065597362611460085,0.006126277018780965,0.003298219875662343,0.0071246906211315224,0.0036239550920447393,0.0043995992615639455,0.004241400041229346,0.0040462499085988785,0,0,0
1001,covers,on,Novelty,45,276,45,0,0.014449537982329681,0.01155571952562822,0.0981150062636198,0.4949747468305833,10,0.006354615421337302,0.007467544188441909,0.006662847272302457,0.006414777498789614,0.0036027927393817724,0.007132279079584015,0.004643991767840035,0.0046581508510680335,0.004282095179454612,0.004542468760293185,0,0,0
1001,covers,on,ClassicalChamber,12,16,12,0,0.01225994507420127,0.008116523617805453,0.11499211408122922,0.23979157616563596,7,0,0,0.006404042927028308,0.005732324373304799,0,0.005924770699954656,0.004257826222203375,0.004022342344239704,0.0037182399762153142,0.004114364764177807,0,0,0
1001,covers,on,ClassicalSolo,43,479,43,0,0.009714534659247398,0.007276260816597578,0.11659123194759703,0.6062177826491071,7,0,0,0.005776240089084084,0.007081513945113508,0,0.006239409777389395,0.004707780197898598,0.005050521615042892,0.004898425066667228,0.004903689807533445,0,0,0
1001,covers,on,JauntyMusicHallRomp,20,97,20,0,0.01556773188123448,0.011108506442049351,0.11500899751731533,0.44158804331639234,10,0.0064129189775115,0.005440833470330342,0.006863717406704538,0.006789805975167914,0.0038782188195773935,0.007261020362623284,0.004072023892496117,0.004857482049075695,0.005153994491095057,0.0042360005669944915,0,0,0
1001,covers,on,SpokenWord,11,18,11,0,0.0211287464671596,0.013617128688507075,0.020455955566978497,0.4272001872658766,10,0.005598002816885283,0.006091817067433952,0.00569507958577337,0.007254459506740057,0.09412991253623375,0.007541071992029394,0.004252308952496612,0.004692231303328351,0.00459889020623476,0.004048676218063501,0,0,0
1001,covers,on,LatinDance,1,1,1,0,,,0.0813345908214819,0.16583123951776993,0,0,0,0,0,0,0,0,0,0,0,0,0,0
1001,covers,on,SurfInstrumental,12,13,12,0,0.010190523691451887,0.008603971511296092,0.014630039789308078,0.618465843842649,7,0,0,0.006321287731633101,0.007747866312079537,0,0.007366189864663952,0.0032454529598178582,0.0047554971814888535,0.004067787431122124,0.004318173886158236,0,0,0
1001,covers,on,TexMexSong,33,73,33,0,0.015349299401313842,0.012298575582473615,0.07376818553409008,0.2345207879911715,10,0.006560686904036729,0.006446592213625465,0.0065630456195469285,0.0073756349257540375,0.003493390542328029,0.007054425877174118,0.004810650942092695,0.00512285575462864,0.003908398594342601,0.004646213626571443,0,0,0
1002,original,off,LushStandard,1072,310,1,100,0,0,4.6552715754663335e-8,0.529150262212918,0,0,0,0,0,0,0,0,0,0,0,0,0,0
1002,original,off,VerseDrivenSong,1251,979,1,100,0,0,3.637837054396647e-8,0.33166247903553997,0,0,0,0,0,0,0,0,0,0,0,0,0,0
1002,original,off,MidTempoRocker,1927,1865,1,100,0,0,4.172325133008518e-8,0.23452078799117151,0,0,0,0,0,0,0,0,0,0,0,0,0,0
1002,original,off,HornDrivenSoulNumber,4608,2776,1,100,0,0,4.2981520561747076e-8,0.31224989991991986,0,0,0,0,0,0,0,0,0,0,0,0,0,0
1002,original,off,BrightPopNumber,950,368,1,100,0,0,3.3186461699968217e-8,0.3082207001484488,0,0,0,0,0,0,0,0,0,0,0,0,0,0
1002,original,off,SlowBlues,871,1242,1,100,0,0,4.182955281055798e-8,0.4183300132670378,0,0,0,0,0,0,0,0,0,0,0,0,0,0
1002,original,off,ReverieMoodPiece,1339,863,1,100,0,0,4.172325134991058e-8,0.273861278752583,0,0,0,0,0,0,0,0,0,0,0,0,0,0
1002,original,off,DanceNumber,117,69,1,100,0,0,2.169641817399357e-8,0.3082207001484488,0,0,0,0,0,0,0,0,0,0,0,0,0,0
1002,original,off,SpokenWord,474,227,1,100,0,0,3.4946320620875134e-8,0.4272001872658766,0,0,0,0,0,0,0,0,0,0,0,0,0,0
1002,original,off,CountryTwoBeat,651,430,1,100,0,0,2.615143171454752e-8,0.18027756377319945,0,0,0,0,0,0,0,0,0,0,0,0,0,0
1002,original,off,Swinger,767,461,1,100,0,0,4.500051994214512e-8,0.3354101966249685,0,0,0,0,0,0,0,0,0,0,0,0,0,0
1002,original,off,SpiritualShout,495,203,1,100,0,0,4.814712530724085e-8,0.31224989991991986,0,0,0,0,0,0,0,0,0,0,0,0,0,0
1002,seeded,off,SlowBallad,673,1371,673,0,0.023225158809140962,0.018486704613486282,0.08425106548809279,0.27838821814150105,10,0.014166806558983665,0.014151268574173792,0.014588316195418774,0.014420244213432066,0.008104937143530125,0.014631255781752934,0.01179141018506078,0.011530489864320146,0.011457805330530183,0.01169970314017809,0,0,0
1002,seeded,off,LushStandard,296,11,296,0,0.024744935834103282,0.019617266906039543,0.10472357101446847,0.529150262212918,10,0.014606285291514427,0.014115815141452204,0.014074424833298385,0.014411117684126276,0.007951260451368902,0.014178315891125505,0.01100238530164466,0.011628770042197081,0.01154670515945259,0.011691742780711936,0,0,0
1002,seeded,off,Swinger,277,129,277,0,0.025635488291975785,0.01767056430352801,0.08433846254245204,0.3354101966249685,10,0.014743582812113269,0.014242319583899458,0.014976910770083071,0.01386876890921159,0.00777711453288365,0.014616354487210291,0.011350058875731192,0.011438004062589983,0.011909118162311301,0.01105186273672051,0,0,0
1002,seeded,off,SaloonBallad,280,16,280,0,0.023677629837649213,0.01860586694839738,0.15621492844442955,0.51478150704935,10,0.014312194576373862,0.0142945299777656,0.013904464632474885,0.014025288942743276,0.007521033002173706,0.014456672672300374,0.010997068562680934,0.011530312288296025,0.0062764509574618575,0.011319802474301066,0,0,0
1002,seeded,off,CharmSong,407,2271,407,0,0.023946905366062473,0.019484477943522406,0.08117059386395414,0.27838821814150105,10,0.013628386490470368,0.014491911234036812,0.014584834963301641,0.014271725825301469,0.007910403809588497,0.01430018171846375,0.011382952539687335,0.011142196613528698,0.011299658913033195,0.011307541657477964,0,0,0
1002,seeded,off,ModernJazzInstrumental,102,184,102,0,0.02058271919335384,0.01592034590311321,0.0333582851150278,0.33911649915626346,7,0,0,0.014268142165547093,0.013999649968956723,0,0.013916803924976743,0.01117074044006491,0.01154279678366348,0.012550814359083009,0.010839340799569833,0,0,0
1002,seeded,off,CountryWaltz,96,194,96,0,0.028390606737780533,0.022813651200536304,0.08378508133434324,0.2915475947422651,10,0.014408918766889116,0.014597748054046115,0.014690469733493913,0.015018894610937139,0.007685148346640305,0.014107755811349921,0.011809088606482578,0.0116899748392129,0.011221267086163621,0.010708898422490164,0,0,0
1002,seeded,off,VerseDrivenSong,274,65,274,0,0.025075371413805364,0.018600271518744684,0.11396596245954178,0.33166247903553997,10,0.014893487920886666,0.013956169756960712,0.014857611703641815,0.014256843789403872,0.00799872735190565,0.013777323341043568,0.011896015615843332,0.011090884047241366,0.01102028871124363,0.011079880826136763,0,0,0
1002,seeded,off,NashvilleBallad,73,21,73,0,0.03148155488209169,0.02356998401171105,0.08414848378614592,0.273861278752583,10,0.015118545147873802,0.01568790250218272,0.014909155082310119,0.015077442176206464,0.008081463585592578,0.015082236577618141,0.011439069756811625,0.01135952442135731,0.01142483521699959,0.010170668810238495,0,0,0
1002,seeded,off,CountryTwoBeat,78,93,78,0,0.03102977239756094,0.023485114424752207,0.08254257050294136,0.18027756377319945,10,0.015805087229939258,0.014305086348512214,0.013762432207390757,0.014491762242038991,0.007700954244597827,0.01362178150067834,0.012377303872864658,0.01012528997493883,0.011735908385216463,0.011573929781469892,0,0,0
1002,seeded,off,CountryShuffle,86,115,86,0,0.028438542440971312,0.023537499941786943,0.07991170429466785,0.206155281280883,10,0.014283219806531784,0.01262996934936449,0.015281374415553314,0.013486634104639574,0.00791378621839371,0.013436247645604504,0.011509006803821916,0.011335575171899015,0.011428945975114482,0.011073850524344666,0,0,0
1002,seeded,off,WesternSwing,85,31,85,0,0.02953948720972556,0.02108327853957161,0.08191368728709934,0.16583123951776993,10,0.013530430695943712,0.014347704931798223,0.013692948377588781,0.015325596001096732,0.007509256290264382,0.013770314546632972,0.010857821054625783,0.011940417414645388,0.011121331805235946,0.011153320911495731,0,0,0
1002,seeded,off,GrooveRiffVamp,283,455,283,0,0.025537019889933576,0.018880998629281696,0.10476331629018316,0.23452078799117151,10,0.014896310851579244,0.014568579480914895,0.014416623245944593,0.014257095310480675,0.007475238510820749,0.014278778560498032,0.011645213512069848,0.011138217163577303,0.0114076277829805,0.01145552485612434,0,0,0
1002,seeded,off,SlowBlues,215,59,215,0,0.02633143911151849,0.020798486694775107,0.08274496432137567,0.4183300132670378,10,0.013655261449929824,0.014491449880384108,0.014914275547339368,0.013885304341931646,0.007527547037547987,0.01435020845569318,0.011654629304891567,0.011322387702281212,0.01167115065835493,0.011785462806970588,0,0,0
1002,seeded,off,ShuffleTwelveBar,294,906,294,0,0.02519351201883168,0.01955951947540332,0.08454628462964413,0.18027756377319945,10,0.015249147762793977,0.01470221318436994,0.014465851532230019,0.014203285514429082,0.007506368313410199,0.014669948040982575,0.011343645127443647,0.012000729539681197,0.010884806605571845,0.011234822766044322,0,0,0
1002,seeded,off,SpiritualShout,86,0,86,0,0.03147265209025609,0.02523976692432996,0.06146531387670249,0.31224989991991986,10,0.014853418261829362,0.0150514428073532,0.013767185887460053,0.014693445436491285,0.00872282161644678,0.014315570429749014,0.011421060249657868,0.011804907031217643,0.011436683962498568,0.012491324706712208,0,0,0
1002,seeded,off,GospelQuartet,72,59,72,0,0.03027895682951864,0.022395969742774486,0.046361443171804774,0.23452078799117146,10,0.014600005881126546,0.013795159029053893,0.014319191640300339,0.01290987018223707,0.007953908769642115,0.014467634035988731,0.012340494703557883,0.01142223721378308,0.011178100764067991,0.011865548383879482,0,0,0
1002,seeded,off,QuietHymn,135,340,135,0,0.028381738504834646,0.022241782515350098,0.040883168304480334,0.3122498999199199,10,0.014897044864733483,0.01460406923623211,0.014106457314653771,0.014596781047734321,0.008090557390640922,0.01416709815231118,0.010548416353398532,0.012349860387942281,0.011527866750400104,0.012191710776939431,0,0,0
1002,seeded,off,GospelChoir,87,10,87,0,0.03050614688312568,0.0262858249763525,0.04230484855956706,0.23452078799117146,10,0.015492105590103484,0.015410402797267646,0.014658469317261212,0.013709879975987344,0.007911867135766236,0.015179192357803822,0.012244048742113841,0.011723571196949665,0.011826695930890236,0.012520732933749508,0,0,0
1002,seeded,off,ProtestMessageSong,243,29,243,0,0.024313019213504337,0.018755626932022252,0.10868748268479439,0.33166247903553997,10,0.01398405277111993,0.013913861480141336,0.014277339415317638,0.014843015400126747,0.007952383662542993,0.01394211718571523,0.01215559130827658,0.011173585488184506,0.006774826753392974,0.011454556757040888,0,0,0
1002,seeded,off,HornDrivenSoulNumber,126,26,126,0,0.0286392258906016,0.022961714186934202,0.08383717958376265,0.31224989991991986,10,0.014857756973606126,0.014238731003171315,0.014333053731026144,0.013374557669791247,0.007683258081485815,0.014238116513145048,0.01245188031101943,0.011200163332006645,0.01176321913401674,0.011458828535032526,0,0,0
1002,seeded,off,DeepSoulPleader,115,6,115,0,0.026702935582552843,0.02091832805744234,0.0898489454809964,0.3427827300200522,10,0.01332945064273551,0.014523125442053171,0.01409181024075764,0.013942654803045457,0.008722651317656089,0.014193548802967254,0.011992186621336734,0.01108933286805757,0.007016292865967037,0.01099258898196293,0,0,0
1002,seeded,off,SingAlongChant,102,231,102,0,0.028246633851973253,0.023319610206785142,0.12150289911204099,0.3872983346207417,10,0.014615004229218884,0.014203064545405956,0.014616552914070933,0.014398620027566249,0.007759983974681975,0.014441749355197023,0.011818306357992855,0.01124208699578972,0.011450503355173888,0.011265862171032743,0,0,0
1002,seeded,off,MidTempoRocker,64,51,64,0,0.028789899635105316,0.02161168067755106,0.0771061280256213,0.23452078799117151,10,0.013460914261222395,0.014003234910304866,0.015002507933428708,0.013986690151554593,0.007789045784907407,0.013536523632676382,0.01247018807776278,0.010588993462759932,0.011532891005397988,0.011438346737365143,0,0,0
1002,seeded,off,StomperRocker,40,17,40,0,0.032370262519128466,0.024410980408028977,0.1187306669391833,0.3201562118716425,10,0.01555741707128192,0.01367281575081295,0.014636310914580442,0.01477029800690615,0.006581519808157462,0.016362819381754778,0.01189255888822901,0.011756975650566631,0.010980782603809807,0.010481438353498058,0,0,0
1002,seeded,off,MidTempoPopSong,126,363,126,0,0.02818458473267656,0.022196203509009523,0.08420858916187465,0.32015621187164256,10,0.01373694484859647,0.014749479987705696,0.013556259602823036,0.014098985910142341,0.0073118603464796235,0.014184445229100702,0.01117603605982805,0.012035740142588099,0.010607263174207576,0.01154727109443818,0,0,0
1002,seeded,off,BrightPopNumber,87,157,87,0,0.027712915337650912,0.022926673234456567,0.10623773614454017,0.3082207001484488,10,0.01586784920127378,0.013372004119494038,0.013830710416748021,0.013608175461346983,0.007849329428905365,0.014437751364592416,0.011710974035249467,0.011586185028631667,0.012224621989922068,0.011436951982124296,0,0,0
1002,seeded,off,DanceNumber,37,51,37,0,0.03213365571984548,0.025140068205920886,0.12100132318956218,0.3082207001484488,10,0.015239232845629837,0.012918120748245101,0.014024553825292278,0.012775436597571,0.007754728870572919,0.013356858437784959,0.011730891248124115,0.011216183385489673,0.012330643504185045,0.01207508012384099,0,0,0
1002,seeded,off,LatinBolero,149,157,149,0,0.027451632865975743,0.01978347094010043,0.08265401032548418,0.206155281280883,10,0.013851941978495137,0.014374368311734652,0.014042298842409352,0.014187801547591597,0.007823252032787881,0.014399207857318398,0.012131258973628994,0.011483592223346271,0.011997167265670374,0.012151205647345101,0,0,0
1002,seeded,off,BossaSong,37,158,37,0,0.033948745035227136,0.026076726976976838,0.07979896664871299,0.206155281280883,10,0.012749256991440958,0.01554400912036486,0.014416102017885457,0.014496533229432408,0.008366671950539055,0.013661220060601628,0.013180964495258239,0.011239760552307484,0.011931652295770864,0.011103178342087601,0,0,0
1002,seeded,off,Novelty,46,295,46,0,0.03321335877408346,0.028315535191110634,0.10605476692792043,0.4949747468305833,10,0.01411518068616582,0.012579968842723293,0.012458401976829748,0.014213534940683082,0.00779534281382515,0.014529702191757029,0.011695120942554626,0.012139734851674099,0.010800563658301095,0.011873707910436791,0,0,0
1002,seeded,off,ClassicalOrchestral,38,0,38,0,0.017643058413592812,0.014052667460505765,0.05851283034308843,0.23979157616563596,6,0,0,0.015027387924289006,0,0,0.013815856003120179,0.010644337134999952,0.011614137544972016,0.01132651534520912,0.011726519740479563,0,0,0
1002,seeded,off,ClassicalChamber,37,28,37,0,0.0237590674426566,0.01819593903292391,0.1184812650499934,0.23979157616563596,7,0,0,0.014820128693780348,0.014927715883196881,0,0.013397422880859423,0.010444802578838687,0.010518808407258419,0.012071036683227909,0.009912410801249825,0,0,0
1002,seeded,off,ClassicalSolo,45,423,45,0,0.023734980519541773,0.018007285073017795,0.12062861074295567,0.6062177826491071,7,0,0,0.015441980830462004,0.01465987536933531,0,0.013901249007973382,0.01102230057381048,0.010880227381812407,0.01097904686196842,0.012506276854619315,0,0,0
1002,seeded,off,JauntyMusicHallRomp,24,96,24,0,0.033778391329463885,0.026675885751954096,0.11973640817465664,0.44158804331639234,10,0.01282928155497963,0.014497757126439812,0.010866365144131534,0.013372392325183943,0.008962889513872929,0.01467420042302723,0.010896540915902479,0.010413213829261074,0.012026001700865157,0.011457870749464624,0,0,0
1002,seeded,off,SpokenWord,18,4,18,0,0.03447256918687322,0.024109793887323476,0.2510364149878147,0.4272001872658766,10,0.013354618004315765,0.016057019909096644,0.01391428654528126,0.012281060840977243,0.007710411281697827,0.015602115613270852,0.009038433930136864,0.011342763374038967,0.010126887436465393,0.011348821025356011,0,0,0
1002,seeded,off,LatinDance,60,10,60,0,0.03011735472991587,0.02366456881462275,0.08154508065577591,0.16583123951776993,10,0.014380535796695171,0.013755748571186374,0.014995380374946082,0.013464710096736422,0.007830361049368016,0.014486664312452078,0.011037085556556353,0.010079021483731045,0.012066992809401107,0.01203831591669008,0,0,0
1002,seeded,off,SurfInstrumental,32,16,32,0,0.022522828872734303,0.017438881244197388,0.033590192091290584,0.618465843842649,7,0,0,0.014371389069953411,0.013409807544012694,0,0.01243717238492015,0.012305936270338385,0.011538825563492314,0.012253360340314526,0.008728902350345909,0,0,0
1002,seeded,off,TexMexSong,45,45,45,0,0.03285145448578392,0.027896527880700957,0.08381765869678391,0.2345207879911715,10,0.01262053564848936,0.015529839885540424,0.015679426444084706,0.012958214000031528,0.008370938979557142,0.01462070520631473,0.010881268470442308,0.011708148500796425,0.012321433948414758,0.013301244284102558,0,0,0
1002,scouted-imported-professional,off,MidTempoPopSong,78,292,1,100,0,0,2.8585383397927913e-8,0.32015621187164256,0,0,0,0,0,0,0,0,0,0,0,0,0,0
1002,scouted-imported-professional,off,LushStandard,47,869,1,100,0,0,4.6552715754663335e-8,0.529150262212918,0,0,0,0,0,0,0,0,0,0,0,0,0,0
1002,scouted-imported-professional,off,BrightPopNumber,39,1221,1,100,0,0,3.3186461699968217e-8,0.3082207001484488,0,0,0,0,0,0,0,0,0,0,0,0,0,0
1002,scouted-imported-professional,off,CountryTwoBeat,27,658,1,100,0,0,2.615143171454752e-8,0.18027756377319945,0,0,0,0,0,0,0,0,0,0,0,0,0,0
1002,scouted-imported-professional,off,VerseDrivenSong,18,147,1,100,0,0,3.637837054396647e-8,0.33166247903553997,0,0,0,0,0,0,0,0,0,0,0,0,0,0
1002,scouted-imported-professional,off,ReverieMoodPiece,21,462,1,100,0,0,4.172325134991058e-8,0.273861278752583,0,0,0,0,0,0,0,0,0,0,0,0,0,0
1002,scouted-imported-professional,off,Swinger,14,213,1,100,0,0,4.500051994214512e-8,0.3354101966249685,0,0,0,0,0,0,0,0,0,0,0,0,0,0
1002,scouted-imported-professional,off,HornDrivenSoulNumber,26,4654,1,100,0,0,4.2981520561747076e-8,0.31224989991991986,0,0,0,0,0,0,0,0,0,0,0,0,0,0
1002,covers,off,SlowBallad,371,1362,371,0,0.024503629444398278,0.01948307117878521,0.08394123554654442,0.27838821814150105,10,0.014113025716131381,0.013646325437765732,0.014476148983582467,0.014096740950136138,0.00811521895742236,0.014561428161132352,0.01178617594433526,0.011620451559634142,0.011547016269813665,0.011689775315514727,0,0,0
1002,covers,off,Swinger,95,146,85,11.578947368421053,0.02803170271325046,0,0.08337562177093644,0.3354101966249685,10,0.013796474304056356,0.013543145082889708,0.013637324957595788,0.011737454090603242,0.010163866652149396,0.014124540857868104,0.019142916283241638,0.011007882391308219,0.019833628138468843,0.009672175903846968,0,0,0
1002,covers,off,CharmSong,303,2268,303,0,0.02471365378952326,0.019707854333699003,0.08106741386427123,0.27838821814150105,10,0.013779721843477274,0.014589665119812944,0.014457369166115763,0.014410284028228186,0.00792546441620175,0.014073404923027279,0.011347494820148978,0.01090834173995664,0.011169150099011925,0.01150004240416622,0,0,0
1002,covers,off,LushStandard,12,11,12,0,0.035112508063697326,0.02877082216368277,0.10345388721317493,0.529150262212918,10,0.014544274891919532,0.010843643335834227,0.014546244527791715,0.013174627514919468,0.007503828272713119,0.014731019606942836,0.009581917690768323,0.010921383083224602,0.009661396540075001,0.012244646301575497,0,0,0
1002,covers,off,SaloonBallad,13,15,13,0,0.031985058552806644,0.0276495219658416,0.1552925023902442,0.51478150704935,10,0.013442676678153371,0.00905949927632647,0.012760520972403502,0.011723846723860138,0.007902392919107317,0.013273672270639972,0.013241897963539589,0.01170818098351466,0.006143517736823337,0.009642225656800132,0,0,0
1002,covers,off,ModernJazzInstrumental,61,184,61,0,0.021843749722146654,0.01641445104112295,0.03380693306121971,0.33911649915626346,7,0,0,0.014662707612122124,0.014264313534979017,0,0.014141705060541049,0.01082426352862832,0.011835173462679115,0.011479905261178728,0.010966674121768438,0,0,0
1002,covers,off,CountryTwoBeat,132,609,39,71.21212121212122,0,0,2.615143171454752e-8,0.18027756377319945,10,0.008411208529704966,0.007794702368606729,0.006958732782644161,0.008098980923394193,0.004381363897653947,0.007303915052070254,0.023993491789185202,0.005693638969349105,0.024040825298727152,0.00648154569047973,0,0,0
1002,covers,off,CountryShuffle,45,114,45,0,0.02977711380707517,0.023867496060903323,0.07725289792640314,0.206155281280883,10,0.014941020618933144,0.012519954740769286,0.01553657842482231,0.013322539999684808,0.00790486470796346,0.013307020333630024,0.010521453900598344,0.011108008778701653,0.01134753989093081,0.011239767119114136,0,0,0
1002,covers,off,WesternSwing,22,30,22,0,0.03204467710165796,0.028204019786858117,0.08546301993571363,0.16583123951776993,10,0.011129756193731485,0.014161552807765087,0.012676593055040682,0.013668024705488706,0.008266458379161524,0.014584202560877856,0.01027659426329137,0.0117999168006934,0.010043604818989851,0.010299911038143067,0,0,0
1002,covers,off,CountryWaltz,61,193,61,0,0.0300650210065843,0.023349571786932713,0.08378508133434324,0.2915475947422651,10,0.013428048419731045,0.014103674424333697,0.014311569179900474,0.013757935975423284,0.00798000793064587,0.013291810855610193,0.011110822103366147,0.011601367511664771,0.010821795430983095,0.01059872793866473,0,0,0
1002,covers,off,NashvilleBallad,15,18,15,0,0.04057975522144665,0.02120080225744816,0.07865162275466818,0.273861278752583,10,0.01634386969120238,0.017212003095285925,0.014120335560649063,0.012276673979314265,0.007845810163253985,0.01345038559709565,0.01094561868465938,0.007467609040710515,0.009051114258025381,0.010944284680153557,0,0,0
1002,covers,off,ShuffleTwelveBar,184,902,184,0,0.026761105137040348,0.020912087664484443,0.08431112219394564,0.18027756377319945,10,0.015097244521298818,0.014764021807149277,0.014291978961150007,0.013841818412148602,0.007613373873380828,0.014576381169819427,0.01130432187078096,0.012304358652481088,0.010881282447232686,0.011204691118658582,0,0,0
1002,covers,off,SlowBlues,375,992,31,92,0,0,4.182955281055798e-8,0.4183300132670378,10,0.004055048042283712,0.004314745609214106,0.004230550985160897,0.003962649728549841,0.006489005294422234,0.00366834926576096,0.014082630994543916,0.0031709081072423123,0.01428392021164932,0.003653593559159605,0,0,0
1002,covers,off,GrooveRiffVamp,134,452,134,0,0.02821305500514302,0.020067615013415373,0.104740913750984,0.23452078799117151,10,0.015230239322143763,0.014191813341740401,0.014697056321616983,0.013733914975315092,0.007547300041960678,0.013920310009094996,0.011988692317283393,0.011053275718373822,0.011600383531221368,0.011974889414251252,0,0,0
1002,covers,off,QuietHymn,95,340,95,0,0.03077315164660437,0.023058055955288283,0.041606448205226326,0.3122498999199199,10,0.014716327863034893,0.014156080604707258,0.014798731691834781,0.014831672976734737,0.008161591910675628,0.014447537977244925,0.010737897273688488,0.012472372201065174,0.011796048217822245,0.012115427700351343,0,0,0
1002,covers,off,GospelQuartet,29,55,29,0,0.03391651308927182,0.024462828848405508,0.046970904803019686,0.23452078799117146,10,0.015242890341294547,0.014071409752561957,0.012740035042086293,0.013077006032410509,0.007476308608528516,0.014037759747548076,0.01340364637001798,0.01081127254347084,0.011224717588350632,0.01113358267551708,0,0,0
1002,covers,off,GospelChoir,6,8,6,0,0.03912559730721656,0.027927758516045027,0.042967737050711545,0.23452078799117146,10,0.00758808800305576,0.015128640433474871,0.013074705262620945,0.008878894839978387,0.010111921761847508,0.014491441192780804,0.006918207334788498,0.007429844116609873,0.010135804906145924,0.012211962471867056,0,0,0
1002,covers,off,ProtestMessageSong,20,23,20,0,0.03469313624839318,0.021824696515757306,0.11166950475011381,0.33166247903553997,10,0.01381014938656621,0.013710169134399713,0.014387865489961467,0.015865608380736064,0.0059475256170943075,0.013349015461211054,0.009335495112248635,0.01166135170279866,0.007166417748315012,0.011258368879794986,0,0,0
1002,covers,off,VerseDrivenSong,48,68,47,4.166666666666667,0.033333388233068785,0.021665741842853883,0.11421736781547694,0.33166247903553997,10,0.014558412292653429,0.013241701978676312,0.01583975905705442,0.014762850454447547,0.01776486866303308,0.014303969198832395,0.011955268222569867,0.013515761887972585,0.009372503786980159,0.0153542416635754,0,0,0
1002,covers,off,HornDrivenSoulNumber,370,1399,18,95.4054054054054,0,0,4.2981520561747076e-8,0.31224989991991986,10,0.0032585657577052086,0.002957907906503323,0.003075622974846224,0.002728180530201898,0.005264269477258814,0.003324446068206993,0.010380967518826308,0.002118708176883449,0.011121917297303677,0.002483383011031316,0,0,0
1002,covers,off,DeepSoulPleader,7,6,7,0,0.03214581543478992,0.030138347650696222,0.09523395562664956,0.3427827300200522,10,0.014254130481230809,0.014926553758794401,0.016921606509576664,0.013132730667070111,0.0067104330543727685,0.013171956869153895,0.009467098666381416,0.010287583846021327,0.0009324455979965821,0.009031423267243772,0,0,0
1002,covers,off,SingAlongChant,84,228,84,0,0.02921080363120755,0.023903059864270534,0.12167732642291278,0.3872983346207417,10,0.014074409595294893,0.014357336587078575,0.014592863402092874,0.014429666482453186,0.007732147554613859,0.01467043317909855,0.01180068320870654,0.011279262665284416,0.011454323413234737,0.010846508106960405,0,0,0
1002,covers,off,MidTempoRocker,419,870,36,91.64677804295943,0,0,4.172325133008518e-8,0.23452078799117151,10,0.004012982082578777,0.004045649004854614,0.0041870194298538384,0.004019919075650542,0.0021772420790391062,0.0034797561092498016,0.013573455488128019,0.002708404840884941,0.01419608813417333,0.0032851459630477056,0,0,0
1002,covers,off,StomperRocker,15,17,15,0,0.036409544401630654,0.028444287163830385,0.11964000103384968,0.3201562118716425,10,0.014840434911940514,0.013240451185399297,0.01316803499540061,0.016765690321512792,0.005638968845330501,0.017481292631610027,0.012958913470602707,0.009901552094949915,0.010731530677222585,0.010850231694200336,0,0,0
1002,covers,off,MidTempoPopSong,195,654,120,38.97435897435897,0.02396136128616319,0,0.07521581685337092,0.32015621187164256,10,0.010695665086614755,0.011537932962233753,0.010615130515234671,0.010899233628525674,0.012107419175405294,0.011136475263303565,0.025986773600356564,0.009522988912899885,0.02663414873202917,0.009030988546844514,0,0,0
1002,covers,off,BrightPopNumber,211,1393,80,62.55924170616114,0,0,3.3186461699968217e-8,0.3082207001484488,10,0.009811268712973562,0.008104766924862875,0.008677543255801745,0.008337334142005048,0.033206417345530405,0.008927495720327494,0.024744793406697822,0.006982752254978803,0.02546501210576055,0.006989801968210561,0,0,0
1002,covers,off,DanceNumber,35,66,28,22.857142857142858,0.030197833056486895,0,0.1205963497161443,0.3082207001484488,10,0.01280722324824552,0.012396477621974723,0.012541740290440018,0.011827190933184533,0.03793952095751224,0.012270476130841488,0.0232953555103175,0.00969158383543387,0.024888655947578536,0.00915516852685757,0,0,0
1002,covers,off,ReverieMoodPiece,226,618,1,100,0,0,4.172325134991058e-8,0.273861278752583,0,0,0,0,0,0,0,0,0,0,0,0,0,0
1002,covers,off,LatinBolero,43,153,43,0,0.03318014468101946,0.02668304009598993,0.08236070879172078,0.206155281280883,10,0.014617020748808973,0.01484817265213957,0.014457695551706819,0.013839818493998443,0.006900079738832197,0.014822667368372037,0.012393065596080027,0.011810945363258602,0.011774541503994878,0.011789654546416563,0,0,0
1002,covers,off,BossaSong,35,158,35,0,0.034361649030121254,0.026076726976976838,0.07979896664871299,0.206155281280883,10,0.01309649357608762,0.015804337537053306,0.014176782064827328,0.014575242230421738,0.008078948359119648,0.013849583819549347,0.012774783051401653,0.01153327361880348,0.011935319045284214,0.011008894382234027,0,0,0
1002,covers,off,Novelty,46,295,46,0,0.03321335877408346,0.028315535191110634,0.10605476692792043,0.4949747468305833,10,0.01411518068616582,0.012579968842723293,0.012458401976829748,0.014213534940683082,0.00779534281382515,0.014529702191757029,0.011695120942554626,0.012139734851674099,0.010800563658301095,0.011873707910436791,0,0,0
1002,covers,off,ClassicalChamber,17,27,17,0,0.02440922783369783,0.0217966205164428,0.11209161771955936,0.23979157616563596,7,0,0,0.013673876322182569,0.010928864807880963,0,0.015567471245133926,0.007425575857743071,0.010507753971336336,0.011163300633911325,0.010927607849954163,0,0,0
1002,covers,off,ClassicalSolo,45,423,45,0,0.023734980519541773,0.018007285073017795,0.12062861074295567,0.6062177826491071,7,0,0,0.015441980830462004,0.01465987536933531,0,0.013901249007973382,0.01102230057381048,0.010880227381812407,0.01097904686196842,0.012506276854619315,0,0,0
1002,covers,off,JauntyMusicHallRomp,21,92,21,0,0.033778391329463885,0.031569042646773585,0.12342271364542727,0.44158804331639234,10,0.012057908223383484,0.01373961878702315,0.0109295620669834,0.013183599316871453,0.009116755147558168,0.014560732298988058,0.010442348976361846,0.01022072676798719,0.011563429206738066,0.01201434664646312,0,0,0
1002,covers,off,SpokenWord,8,13,3,75,0,0,3.4946320620875134e-8,0.4272001872658766,10,0.0054656980763565476,0.009116642319699221,0.006896142229919396,0.00441971363278464,0.1105182694798841,0.0054776344213925965,0.0037968911950587926,0.006547730974384716,0.0043580717406658245,0.0018070827945875292,0,0,0
1002,covers,off,LatinDance,8,10,8,0,0.026941670527730426,0.0234235493059081,0.08164050764038777,0.16583123951776993,10,0.013239809567315894,0.015883191057152364,0.016864790284222806,0.01131565813507263,0.0058027170646327,0.010199689734986698,0.008897643823383887,0.01300385159766786,0.005768659916039388,0.011182572083861843,0,0,0
1002,covers,off,SurfInstrumental,13,15,13,0,0.031066147813660343,0.02513159908825691,0.03427761881471301,0.618465843842649,7,0,0,0.013696584217865904,0.014266253007682115,0,0.014175629825223,0.009556984145965558,0.009978615037508179,0.01271660493404765,0.009394538554798338,0,0,0
1002,covers,off,TexMexSong,27,42,27,0,0.03411727573868202,0.02375399497594132,0.07947603048255551,0.2345207879911715,10,0.01260824710271442,0.016015818511530385,0.014970341959930446,0.012224866153045195,0.008186864770039957,0.014509866411302303,0.01002980023671627,0.011189407393112551,0.01177520054801427,0.012123962621842127,0,0,0
1002,covers,off,SpiritualShout,1,2,1,0,,,4.814712530724085e-8,0.31224989991991986,0,0,0,0,0,0,0,0,0,0,0,0,0,0
1002,original,on,LushStandard,1072,310,1072,0,0.010313023580760399,0.008312399666650868,0.019168102777803106,0.529150262212918,10,0.006886574576614636,0.006930477535912489,0.006808753617103866,0.006874262744716437,0.006897150748526199,0.007082357662254839,0.0046149452902270165,0.0046814952734154725,0.004643947157114721,0.004546617823730913,0,0,0
1002,original,on,VerseDrivenSong,1251,979,1251,0,0.010050567268413366,0.008006050558773894,0.019040225289475597,0.33166247903553997,10,0.006805631492974568,0.00691894021974212,0.0068322829585646195,0.007061547548311576,0.006829640987100488,0.0069211341332455845,0.004625805546367346,0.004538663682438392,0.0045749206191773965,0.004531632862232549,0,0,0
1002,original,on,MidTempoRocker,1927,1865,1927,0,0.009590672392577222,0.007637361882682316,0.019044924992043584,0.23452078799117151,10,0.00677697046094469,0.00695173877876482,0.006800927285489964,0.006833144998946169,0.006823809487361158,0.006989113785286758,0.004617526266736677,0.004612823907907456,0.00449278360264754,0.004598716085702879,0,0,0
1002,original,on,HornDrivenSoulNumber,4608,2776,4608,0,0.008684905549166079,0.0070101843522322104,0.019188509730366603,0.31224989991991986,10,0.006921787512735981,0.006933829728471069,0.0069273497464779005,0.00689795865768386,0.006969285875834041,0.006941067840688172,0.004573315925010343,0.004628919875017482,0.0046476561008109455,0.004594408499177421,0,0,0
1002,original,on,BrightPopNumber,950,368,950,0,0.010367874196978566,0.008485016519651696,0.01910385484805042,0.3082207001484488,10,0.006866307791161897,0.006886915433425646,0.006994913890587204,0.006918257700932548,0.00703394676295792,0.006729103142542519,0.0046177478158757794,0.004669439665064309,0.0044993405287944745,0.0046345879358409715,0,0,0
1002,original,on,SlowBlues,871,1242,871,0,0.010644665171702098,0.008365609409322402,0.01930512180020016,0.4183300132670378,10,0.006841077318947431,0.006800647486871491,0.0069539659750426355,0.0072070499425696734,0.006995889895343239,0.0068280780172526225,0.004670495188979074,0.004690712399294581,0.004766744059029695,0.004653694720112419,0,0,0
1002,original,on,ReverieMoodPiece,1339,863,1339,0,0.010067700370265715,0.00809112603185345,0.019200577169624162,0.273861278752583,10,0.006894880784957957,0.006879632000372884,0.0070023187881125895,0.006904755139861435,0.007050447361617397,0.0068176062807912925,0.0046477900210122386,0.004589654489344625,0.004567263013409684,0.004642441671193422,0,0,0
1002,original,on,DanceNumber,117,69,117,0,0.013550199679921148,0.010665390331508807,0.0197207822685295,0.3082207001484488,10,0.007315704820754906,0.00700716015570963,0.007287861132525962,0.006770391150352634,0.00653598257351333,0.007127701048233913,0.004729085631858022,0.0044881008554185494,0.004835186922850834,0.004749636902104862,0,0,0
1002,original,on,SpokenWord,474,227,474,0,0.01122808302159586,0.00900501071012634,0.018986406107206224,0.4272001872658766,10,0.006758383112097832,0.007025390367065062,0.0068693220774830735,0.0069892179002782355,0.006762167096067735,0.006660749381730634,0.004527201969675354,0.004751123968104285,0.004657603975835993,0.004685004226149192,0,0,0
1002,original,on,CountryTwoBeat,651,430,651,0,0.010753898744710387,0.00852070933462955,0.019111703144850185,0.18027756377319945,10,0.006880540632401639,0.006958425570936348,0.006855767871153025,0.007024707628478839,0.006894654203474715,0.006710268770712965,0.004568152436953228,0.004499255127911274,0.0046668908966796974,0.004543085448374769,0,0,0
1002,original,on,Swinger,767,461,767,0,0.01061924613986787,0.0084321946980465,0.019127890043059443,0.3354101966249685,10,0.006753908074360225,0.007047014257767676,0.006842009038758241,0.0068558149097054846,0.00688267144498574,0.0069156280566493285,0.004616904056457516,0.004688182163055929,0.00461500354992185,0.00452262630859424,0,0,0
1002,original,on,SpiritualShout,495,203,495,0,0.011466471133617578,0.009203011341151429,0.019652206938485732,0.31224989991991986,10,0.006766437096705896,0.00715258163557088,0.007242843658589048,0.007149843117986643,0.00693262243876655,0.007261049784766921,0.004522565139594545,0.004593883889966533,0.004733085665753874,0.004573590069588529,0,0,0
1002,seeded,on,SlowBallad,673,1371,673,0,0.010197528592412032,0.008020309764800943,0.07647391190041256,0.27838821814150105,10,0.006874466856813655,0.006886587789711675,0.007090083183965751,0.006868654544874178,0.003798797991513596,0.007144249427169851,0.004501498771093559,0.004655559438526293,0.004613762304456235,0.00459777963632917,0,0,0
1002,seeded,on,LushStandard,296,11,296,0,0.011550875033123189,0.009183413448900089,0.09940382061134737,0.529150262212918,10,0.00694701732803394,0.006887354417652156,0.00693933074317701,0.007101062346393628,0.0039133478650570175,0.006916002045085111,0.004576609839896175,0.004694825441168118,0.004650300304721582,0.004617802028892521,0,0,0
1002,seeded,on,Swinger,277,129,277,0,0.011282488594412589,0.008973561461374983,0.07658551151170889,0.3354101966249685,10,0.0072806181766951975,0.006568893972900577,0.006970774398075183,0.006770375200062826,0.00375689141249441,0.006780958577054355,0.004430563547332947,0.004615742980621374,0.004528305427652297,0.004794634275761773,0,0,0
1002,seeded,on,SaloonBallad,280,16,280,0,0.010759949817494268,0.008392955891787318,0.15301871407206286,0.51478150704935,10,0.006761008317568011,0.006967376296597262,0.007034061220853753,0.007090979102707203,0.0037714316023173267,0.006864631400416438,0.004785110574075779,0.0045200693504356204,0.002443696274190552,0.00440196254947165,0,0,0
1002,seeded,on,CharmSong,407,2271,407,0,0.010976376184887712,0.008705065892944315,0.0731965821260014,0.27838821814150105,10,0.007183490287394281,0.006992525933487123,0.00693658096520114,0.006942845631141922,0.0038387737962488483,0.006777332082322822,0.004618335053666959,0.00443018509577146,0.004585630715771035,0.00444999949610788,0,0,0
1002,seeded,on,ModernJazzInstrumental,102,184,102,0,0.008895035725430238,0.007481478975553686,0.01470780784250714,0.33911649915626346,7,0,0,0.0065562915684599325,0.00721001052447785,0,0.006566418156792545,0.004756473550654421,0.004233633913619501,0.0047695740455287634,0.004332703641072287,0,0,0
1002,seeded,on,CountryWaltz,96,194,96,0,0.012885644622592996,0.009258844367014296,0.07588093561730992,0.2915475947422651,10,0.006841121991946572,0.006686233700970514,0.007078400726251015,0.007060166340095122,0.0038205092830062137,0.006807187147509057,0.00445952295255724,0.0043333912889634615,0.004511616013495281,0.004497865706748545,0,0,0
1002,seeded,on,VerseDrivenSong,274,65,274,0,0.011471769768007857,0.008832311010484843,0.10847405686618147,0.33166247903553997,10,0.006773108124014041,0.00717922954241431,0.00715392633121318,0.006960587641525497,0.0038147993984054126,0.0071496029780505265,0.004556459104429943,0.004499563926644917,0.004395978169792534,0.004745500084396631,0,0,0
1002,seeded,on,NashvilleBallad,73,21,73,0,0.013410425728199095,0.010563295768653237,0.0734237694185058,0.273861278752583,10,0.006669736968541669,0.007081538626286973,0.007401219777120512,0.007651321951751274,0.0039557101205199025,0.006855029775498575,0.004744401365903851,0.004553798965830995,0.004684719559552534,0.004136424701120544,0,0,0
1002,seeded,on,CountryTwoBeat,78,93,78,0,0.013995697564762396,0.010276296682440322,0.07354613986327374,0.18027756377319945,10,0.006838072521582255,0.007004638042912122,0.006767596121158776,0.006409083969227694,0.0037493310506384403,0.007140041723167187,0.004667197937158365,0.00483128373057833,0.005008287641627743,0.004413508137097346,0,0,0
1002,seeded,on,CountryShuffle,86,115,86,0,0.012824140478667211,0.008611053238293013,0.07360661395563121,0.206155281280883,10,0.007151057896566578,0.007045260379964756,0.006900799738645135,0.006744908901560874,0.0037350164414605325,0.006553237329905898,0.004829989307587015,0.004078854105695247,0.004554170750415254,0.004492864019763,0,0,0
1002,seeded,on,WesternSwing,85,31,85,0,0.013273060617074148,0.010945844137503352,0.07715775180677915,0.16583123951776993,10,0.00745095302666233,0.006776090475654534,0.006752770690159687,0.007047200961435019,0.003952956156163981,0.006914847200489578,0.004700391708031915,0.004590038702596894,0.004350298854877058,0.004749597429327235,0,0,0
1002,seeded,on,GrooveRiffVamp,283,455,283,0,0.01160460326901467,0.009778482519139195,0.09983871690916252,0.23452078799117151,10,0.006677198099324556,0.007300977477656713,0.006817696387055827,0.0068224418580061525,0.0040108266041343965,0.007096106222823815,0.00486137054857935,0.0045871588623319645,0.004607730084056223,0.0047077908579957455,0,0,0
1002,seeded,on,SlowBlues,215,59,215,0,0.011790959919423263,0.009640595899967188,0.07639762881165359,0.4183300132670378,10,0.00697829529221156,0.006968239939490004,0.006885691376802607,0.006776682266614271,0.0038987688030910675,0.006953486618030304,0.004752198833251404,0.004640016561042934,0.004647810136178144,0.0047656797113160764,0,0,0
1002,seeded,on,ShuffleTwelveBar,294,906,294,0,0.011187500997259257,0.008848708931259207,0.07626704996857615,0.18027756377319945,10,0.006708080059113744,0.006888385220886924,0.0065808114705686585,0.0071667734917329525,0.0036377155138299917,0.007004502001755675,0.004695193343461776,0.0045760107015703514,0.00462695533644231,0.004719130552710465,0,0,0
1002,seeded,on,SpiritualShout,86,0,86,0,0.013479560934001284,0.010939394480296733,0.048611565365411606,0.31224989991991986,10,0.006662861263397367,0.006969852933994886,0.006726067381347549,0.006538203567185489,0.0038201585117007856,0.007166894789814744,0.004878985896149519,0.004377868211934816,0.004231302720112,0.004932792179273377,0,0,0
1002,seeded,on,GospelQuartet,72,59,72,0,0.013314484227046723,0.01038502474420041,0.028165472905445178,0.23452078799117146,10,0.0067348303599632725,0.007421199826448643,0.006585342360371508,0.0067789650949164225,0.0041427966738365185,0.006673750450531968,0.004487366471279511,0.003883604583989833,0.00453260148270186,0.004458752737957251,0,0,0
1002,seeded,on,QuietHymn,135,340,135,0,0.012590082416601159,0.009832394400355089,0.01850337594210644,0.3122498999199199,10,0.006494746878502524,0.007100540696503356,0.007240343058616236,0.006799046792915893,0.003714890849944726,0.006922939548744798,0.004960254287939118,0.004464729168687722,0.004502431529138826,0.004419094040055201,0,0,0
1002,seeded,on,GospelChoir,87,10,87,0,0.013439155330297428,0.010040280102106962,0.018414319255694818,0.23452078799117146,10,0.007405371053971637,0.007015405080546778,0.006777967598408809,0.006202891392049569,0.003812018045306117,0.007412622411503996,0.004656220111771575,0.004510151542082693,0.004615653401111656,0.004816317445605111,0,0,0
1002,seeded,on,ProtestMessageSong,243,29,243,0,0.01083431012519332,0.008370324151167301,0.10426837885509652,0.33166247903553997,10,0.00730588350940005,0.00695479223030692,0.006778583556517912,0.006424273095440352,0.0037431117423552085,0.006590633248754862,0.004330618790846504,0.004423790364688492,0.0025871773110554305,0.004689593036943871,0,0,0
1002,seeded,on,HornDrivenSoulNumber,126,26,126,0,0.012643275904304035,0.010421298732400384,0.07634433376044195,0.31224989991991986,10,0.0070161695544608575,0.00709703617992465,0.006989422469434492,0.007048928333778213,0.0036888551960945304,0.006806122174997303,0.005234257397665912,0.004810464622384932,0.004385847601177886,0.0044999847540648065,0,0,0
1002,seeded,on,DeepSoulPleader,115,6,115,0,0.012306431142268046,0.009310993052791568,0.0854953418146564,0.3427827300200522,10,0.007249564870479739,0.006727656952006594,0.006851414787049201,0.00694168077898622,0.003972633238073273,0.0067274442830619376,0.004446054382936097,0.004418125965274955,0.0026190963228099606,0.004491435738476848,0,0,0
1002,seeded,on,SingAlongChant,102,231,102,0,0.012898838098497756,0.009908096538375172,0.1166764789055062,0.3872983346207417,10,0.006629211920981225,0.00759674842487545,0.007045948419813501,0.006861506692122652,0.003966883891023714,0.006708879427866404,0.004324941805166647,0.004876424728419281,0.004644106660522755,0.004469373352966001,0,0,0
1002,seeded,on,MidTempoRocker,64,51,64,0,0.012819866820682835,0.010336091159128579,0.07366163152733504,0.23452078799117151,10,0.006659958551688845,0.006056017431738646,0.006187329764085255,0.00657302615766291,0.004373193477890687,0.007542509259108888,0.004471852784913974,0.004601663643467115,0.004363823148279648,0.004320964145879757,0,0,0
1002,seeded,on,StomperRocker,40,17,40,0,0.013966749913089941,0.010697523714689539,0.11496887868583838,0.3201562118716425,10,0.006417939521211482,0.007475423999906935,0.007328726812683799,0.007375844602720446,0.0035981444013433337,0.005860911625955197,0.004154541332388444,0.00508956432321006,0.004274433141173461,0.004955263341389678,0,0,0
1002,seeded,on,MidTempoPopSong,126,363,126,0,0.012555168354017897,0.009889628794800048,0.07516861286879066,0.32015621187164256,10,0.007009395707745005,0.006279702350385835,0.007085076259852812,0.006735919083094223,0.0037290404789210793,0.0072668664398957,0.00434505025362437,0.004739332023955258,0.004465809423634406,0.004727655309915254,0,0,0
1002,seeded,on,BrightPopNumber,87,157,87,0,0.01363045171389263,0.009896095295250778,0.09886537446290286,0.3082207001484488,10,0.006748846578582044,0.006891558798231244,0.006658651167349949,0.007553373178946768,0.004065782298133238,0.00667998189075359,0.004495289222593108,0.004920074484763004,0.004673923206381192,0.004875544372035034,0,0,0
1002,seeded,on,DanceNumber,37,51,37,0,0.014767800688917197,0.011207856732440681,0.11580701558946363,0.3082207001484488,10,0.006360174203993088,0.0065914217855464015,0.007018726996266937,0.0064975640149559566,0.004059623112839751,0.007012330844558918,0.0051521086408120335,0.004266038414956625,0.00447350747236909,0.004699584764873407,0,0,0
1002,seeded,on,LatinBolero,149,157,149,0,0.012899182301481543,0.011061741540066033,0.07705580275522417,0.206155281280883,10,0.006702846418710772,0.00702160347389293,0.006925841537523629,0.006949956070849727,0.004065603852451426,0.006948786645319573,0.004351058343942163,0.0046201964615973515,0.004797460277472932,0.004637144979713612,0,0,0
1002,seeded,on,BossaSong,37,158,37,0,0.015570357539452658,0.010531577103425095,0.07807378649638531,0.206155281280883,10,0.007309992518234877,0.007480650299294059,0.006844311706875252,0.007404481566842288,0.003703664095225312,0.007253453142907921,0.0046247211156792666,0.005125201247381113,0.004392900709925256,0.0047835443778108675,0,0,0
1002,seeded,on,Novelty,46,295,46,0,0.012309493455137564,0.01000708918338145,0.09817713951452474,0.4949747468305833,10,0.007114486340314806,0.006473699885423521,0.006182562591373574,0.0062413817608688174,0.003611684305077983,0.005754276811732593,0.004246288561301482,0.004450488851391963,0.004927404411606214,0.00457686864424693,0,0,0
1002,seeded,on,ClassicalOrchestral,38,0,38,0,0.008638649867329982,0.005346801605491077,0.051716979144490936,0.23979157616563596,6,0,0,0.006454152332478979,0,0,0.007957489658918978,0.005037933503198077,0.004496807973309849,0.004138662139949245,0.004093746336761404,0,0,0
1002,seeded,on,ClassicalChamber,37,28,37,0,0.010588306416570535,0.0055086090505506715,0.11870688094013733,0.23979157616563596,7,0,0,0.007217688046024354,0.006602567406443521,0,0.008078375273443931,0.0038784000230539344,0.004657349305056112,0.00437400500544467,0.004819374211708752,0,0,0
1002,seeded,on,ClassicalSolo,45,423,45,0,0.010073079431835543,0.008153830127649628,0.11951804178318658,0.6062177826491071,7,0,0,0.007319377927092329,0.006741486184771314,0,0.007110118348175328,0.004399404491808197,0.004786717654794004,0.004031684102436166,0.004852041500510716,0,0,0
1002,seeded,on,JauntyMusicHallRomp,24,96,24,0,0.014839649251799704,0.0125008115300909,0.11464689116646638,0.44158804331639234,10,0.0059295069932438615,0.004812437288388759,0.0065529329908105925,0.006789391532383279,0.004296394510868609,0.0061955320392652734,0.004326141681421509,0.004831118643634163,0.00472331998932119,0.003764119535975929,0,0,0
1002,seeded,on,SpokenWord,18,4,18,0,0.017253078079537666,0.011329124557589795,0.25034832555942627,0.4272001872658766,10,0.007484040615260865,0.005452978293945358,0.007697001976980012,0.006520974136397894,0.004695448146918817,0.006822065882273048,0.004522743294925217,0.0042438210504076885,0.0039261655064911725,0.004980740126080717,0,0,0
1002,seeded,on,LatinDance,60,10,60,0,0.013177543409141667,0.010829569127643707,0.07593123979523468,0.16583123951776993,10,0.00680606197553434,0.006504377037137047,0.006510920904840132,0.006984256893161074,0.004123454489871922,0.006631675059803551,0.00410282641844678,0.004273416222381335,0.004175528304292705,0.004618817679915799,0,0,0
1002,seeded,on,SurfInstrumental,32,16,32,0,0.011619655617072299,0.006463561161554037,0.015338800666515339,0.618465843842649,7,0,0,0.007113322979137512,0.007213807822970174,0,0.007719415508253038,0.004619401108061662,0.004400103746255709,0.00474606046840386,0.004841403947194461,0,0,0
1002,seeded,on,TexMexSong,45,45,45,0,0.015280783954875235,0.012382830610798591,0.0731151292389944,0.2345207879911715,10,0.006658268904894018,0.007052273996082517,0.007743475583264505,0.006592642312457007,0.0036931521823235247,0.006663897880759431,0.004390626595252084,0.004397474635593205,0.004701451588549729,0.004875946776746335,0,0,0
1002,scouted-imported-professional,on,MidTempoPopSong,78,292,78,0,0.01423176302829937,0.010780329961335017,0.02031194426943751,0.32015621187164256,10,0.007710378748613011,0.007384201914121396,0.007184565984205144,0.006984086277825283,0.007245591825259497,0.006843609702020414,0.004198196324905512,0.004700803541283068,0.0045046030472063155,0.005232342108708527,0,0,0
1002,scouted-imported-professional,on,LushStandard,47,869,47,0,0.014843563397089785,0.012662722194062325,0.019038436978366404,0.529150262212918,10,0.006926500953669009,0.007154107869968139,0.00651050430203507,0.0072648419344769465,0.006327034786552412,0.006790728705514944,0.003970552215947234,0.00507769838948473,0.004508915256503109,0.004453274634626753,0,0,0
1002,scouted-imported-professional,on,BrightPopNumber,39,1221,39,0,0.017134177809949754,0.011153075846627024,0.019808406730696476,0.3082207001484488,10,0.006697876533494794,0.006636244687045879,0.0068386345036723336,0.006853708519338283,0.007640713580859976,0.00727140938558941,0.004699076583721415,0.004648266809348723,0.003917196492294758,0.005035556740583548,0,0,0
1002,scouted-imported-professional,on,CountryTwoBeat,27,658,27,0,0.017663084821929968,0.012736175116481212,0.019547709219673998,0.18027756377319945,10,0.007079834928760211,0.006018975628134462,0.006984172856858475,0.006749802464501181,0.006424331164992334,0.00664710557200044,0.005063640354349185,0.0052879861180044965,0.00408388050316584,0.005308955368651295,0,0,0
1002,scouted-imported-professional,on,VerseDrivenSong,18,147,18,0,0.015817363414849354,0.011340057097887385,0.0192665888658595,0.33166247903553997,10,0.007083397538168793,0.007161070298371364,0.006030422888601072,0.00516064316811854,0.006601582090132176,0.005348693924210135,0.00464182055123898,0.004895056782716528,0.004706686969471757,0.0042682251610395095,0,0,0
1002,scouted-imported-professional,on,ReverieMoodPiece,21,462,21,0,0.017652172022297172,0.01285452525617546,0.01934249080620826,0.273861278752583,10,0.006934604711570558,0.006900830414801604,0.006164087329249155,0.006373356367957095,0.007263796039204422,0.0064736612249178295,0.005186477764676775,0.004387007603728564,0.004120846603219016,0.004102649975829857,0,0,0
1002,scouted-imported-professional,on,Swinger,14,213,14,0,0.018363978646480445,0.013691781823729297,0.018770815985862003,0.3354101966249685,10,0.00583352776681816,0.007040528981487694,0.005998608056151934,0.007438195682476109,0.007286297559683203,0.007090781764056339,0.003677061691346405,0.004830001869082305,0.004639712603215653,0.004383017123506446,0,0,0
1002,scouted-imported-professional,on,HornDrivenSoulNumber,26,4654,26,0,0.01682292000709402,0.01299157631771887,0.019595102054654277,0.31224989991991986,10,0.0070912390979135246,0.007431235063131937,0.007473364947914694,0.005992783879911547,0.006988136477903686,0.0063483738803016415,0.004929123368797334,0.004913963693794946,0.004246147702953856,0.004724160552770644,0,0,0
1002,covers,on,SlowBallad,371,1362,371,0,0.01123349177707839,0.008551296998430304,0.07556470568218017,0.27838821814150105,10,0.006825066244194275,0.007019108196957266,0.007177934868425379,0.006921359025444988,0.0037672388610822008,0.0071023277610979645,0.004621272352996583,0.004626263730010412,0.004595354663934104,0.004636014405616807,0,0,0
1002,covers,on,Swinger,95,146,95,0,0.013402809143615507,0.010712610089228091,0.07446440750145027,0.3354101966249685,10,0.007041876787641511,0.006739314369041719,0.007097638571380949,0.0061841796891321955,0.00838728494189696,0.006579433667954795,0.017649768845773562,0.0043652975077865305,0.016889382742361986,0.004691776116475819,0,0,0
1002,covers,on,CharmSong,303,2268,303,0,0.01125582892558851,0.00891692039109392,0.0731965821260014,0.27838821814150105,10,0.007189023445881174,0.007044079727256264,0.006943544049527471,0.006945233333685967,0.003883209471986059,0.006664279582865522,0.004666582940377462,0.00441699267907823,0.004623154119513251,0.004548273977159175,0,0,0
1002,covers,on,LushStandard,12,11,12,0,0.019974407969077818,0.019566609068889584,0.09760556832749556,0.529150262212918,10,0.007108889327220216,0.007154146123315426,0.007117155517980001,0.007054125255757294,0.003796037355601778,0.007357650174245923,0.004517969132794158,0.004964322436644437,0.004953595565871622,0.003677774468566537,0,0,0
1002,covers,on,SaloonBallad,13,15,13,0,0.015877818878964025,0.014107716137403258,0.15435354965161394,0.51478150704935,10,0.004864774104511738,0.006144206651800258,0.007985924633898718,0.007657043195600889,0.0032072536952982575,0.007273640474143883,0.004844452980141412,0.0033340269669472292,0.0015969549986420228,0.004872850083682703,0,0,0
1002,covers,on,ModernJazzInstrumental,61,184,61,0,0.009553755668739991,0.0077564438309066725,0.014866519318375597,0.33911649915626346,7,0,0,0.006935479603691611,0.007117229038573984,0,0.006394991133164767,0.004809843738538224,0.00436713355705903,0.005002777211004683,0.003798174492842597,0,0,0
1002,covers,on,CountryTwoBeat,132,609,132,0,0.014589013710981268,0.01138518825419405,0.020433407209985745,0.18027756377319945,10,0.00694180629755056,0.0065375240115895005,0.007167931295005885,0.006940633493787352,0.00580277841034392,0.007287361627191392,0.023117077507567023,0.0044075996962342195,0.023022991003030516,0.004671530261993342,0,0,0
1002,covers,on,CountryShuffle,45,114,45,0,0.014766240461834805,0.012242145749834113,0.07381679820636636,0.206155281280883,10,0.006743761979095376,0.007180947684888634,0.00677721759241698,0.006957491679026293,0.003732461497390129,0.006312000937740292,0.004565954659870547,0.004191907358067913,0.004574647537308905,0.00406962444264275,0,0,0
1002,covers,on,WesternSwing,22,30,22,0,0.01755582614767224,0.014750335606668314,0.07466149342521328,0.16583123951776993,10,0.006830333379188526,0.0071872971267050315,0.005678183556793046,0.007056717419892306,0.004011421728127101,0.0067069899024437656,0.004071129121862819,0.004494597970785245,0.0042243642520073494,0.0047201517122488,0,0,0
1002,covers,on,CountryWaltz,61,193,61,0,0.013561035088137278,0.01137350949738808,0.07591476435222538,0.2915475947422651,10,0.007096892980465426,0.006736375267018133,0.007149768665886302,0.006880078733197079,0.003906872591634261,0.0067025320807066295,0.004060184735746194,0.004575873493276418,0.00472955318768539,0.0045522950091914215,0,0,0
1002,covers,on,NashvilleBallad,15,18,15,0,0.018250629553346862,0.013269686924176533,0.07153624744336898,0.273861278752583,10,0.0056961705883743045,0.0083631331738411,0.007329181219734268,0.0076056873073564865,0.003465420469477969,0.006474243721464683,0.004694851093122186,0.004352142073199058,0.005218501559933759,0.005129009149268366,0,0,0
1002,covers,on,ShuffleTwelveBar,184,902,184,0,0.012222015015761574,0.00954536636275394,0.07634136926743906,0.18027756377319945,10,0.006739668300203251,0.006917292086422927,0.006876594464096567,0.007119737954691817,0.0035995066401712443,0.006973941501489998,0.004810953950924607,0.004525191611999311,0.004689176095771651,0.004690241450357812,0,0,0
1002,covers,on,SlowBlues,375,992,375,0,0.012039139685676265,0.009458810092345008,0.019553298336196075,0.4183300132670378,10,0.006902214104894437,0.006806686135802072,0.0070477547363104005,0.007039776233847751,0.009120850063684476,0.006799047705109816,0.014068592388271805,0.004693598138514625,0.014401747749939672,0.0046585769357734425,0,0,0
1002,covers,on,GrooveRiffVamp,134,452,134,0,0.012585849090823664,0.010613351349340628,0.09901509172341912,0.23452078799117151,10,0.00686357664007253,0.00702825065958326,0.007151194696717735,0.006522645085439161,0.004130948358232304,0.007173865222412482,0.0051620713351753925,0.004534036308596651,0.0047509635848368235,0.0045018535878996215,0,0,0
1002,covers,on,QuietHymn,95,340,95,0,0.012986560883461734,0.010151540410577312,0.018576449340236063,0.3122498999199199,10,0.006099103110013036,0.007404929757219973,0.007464296442914587,0.006888977923723531,0.0036487658509180496,0.007049320301907011,0.004858750943640298,0.004422766386266332,0.004348791229675805,0.004300662436841611,0,0,0
1002,covers,on,GospelQuartet,29,55,29,0,0.01507473972336511,0.011461598478492587,0.02745366931853634,0.23452078799117146,10,0.006624717506076578,0.007342804678346978,0.006514611809195581,0.0063719445113575674,0.0037228808195749414,0.00628206421578911,0.004593391276508916,0.004163746148781988,0.004560804973277215,0.004547062407754847,0,0,0
1002,covers,on,GospelChoir,6,8,6,0,0.019781563899486692,0.01959070013955312,0.01995486382389892,0.23452078799117146,10,0.0049022559940398724,0.0035402729640038886,0.008662394524511991,0.008605473916029371,0.004313659814582139,0.005610177151275508,0.0028997638334970787,0.004671199233600137,0.004451409951778069,0.005649181857415255,0,0,0
1002,covers,on,ProtestMessageSong,20,23,20,0,0.014937663882913434,0.013080475672116698,0.10245918794404531,0.33166247903553997,10,0.007625774725009929,0.006966714927014008,0.006284651678194742,0.006555825460009221,0.0036489492023237626,0.0064965660425568604,0.0040870909438806054,0.0035342643054855744,0.0020322435578642027,0.0038655308418904973,0,0,0
1002,covers,on,VerseDrivenSong,48,68,48,0,0.014502002205996348,0.011137703120584175,0.10810183901467386,0.33166247903553997,10,0.007244083967936953,0.00650848997287588,0.0069875390091758095,0.006477399784817721,0.01563412871207103,0.007547182166521959,0.0046623390506030735,0.010656107983104932,0.003956065953109021,0.011606799395728548,0,0,0
1002,covers,on,HornDrivenSoulNumber,370,1399,370,0,0.011929743342026648,0.009833607549966416,0.019319529268759995,0.31224989991991986,10,0.00675850076931696,0.007091913813987161,0.006868716088461279,0.007086436498100319,0.008178019558733384,0.007092546820795305,0.01130179472607136,0.004600313720596975,0.011425326470642634,0.004487542346309805,0,0,0
1002,covers,on,DeepSoulPleader,7,6,7,0,0.01918340354044344,0.016971455548840317,0.08475729369740602,0.3427827300200522,10,0.003848886470154082,0.006715864556062191,0.005934021490986491,0.006217840001892582,0.004140988128164357,0.004838833522759715,0.004592020277948689,0.0058907627737582145,0.0027747700571705363,0.0032769928515570014,0,0,0
1002,covers,on,SingAlongChant,84,228,84,0,0.013528173174153802,0.009908096538375172,0.11698556307634374,0.3872983346207417,10,0.006588306549899549,0.007809495395008412,0.007236876315343286,0.006920579463566879,0.0040186271159015595,0.006724578446869385,0.004157877614522292,0.004892637668830643,0.00480663644336316,0.004579680677553926,0,0,0
1002,covers,on,MidTempoRocker,419,870,419,0,0.011979692154997829,0.009296178793529047,0.01942916596107848,0.23452078799117151,10,0.00655915821249983,0.006889524633526268,0.0066085088579652005,0.00685345217848582,0.0069242848761916585,0.007029736494998033,0.01456856823180286,0.004615799174482153,0.014546345698327376,0.004613427492598816,0,0,0
1002,covers,on,StomperRocker,15,17,15,0,0.017759784294476964,0.0104030190641379,0.11594116367763806,0.3201562118716425,10,0.006975044726092651,0.00819921951916964,0.006306014776574229,0.008516892643128635,0.004082349977202182,0.006084041127319809,0.00423121731253708,0.004846915139985032,0.004720837935316509,0.0041897795349744,0,0,0
1002,covers,on,MidTempoPopSong,195,654,195,0,0.01315156048114273,0.010250199711182694,0.0707621829952228,0.32015621187164256,10,0.007256682335222672,0.006745779499694422,0.007052749151270302,0.006857358643997641,0.012584500013672754,0.007150093170612473,0.024165506388529566,0.004790753482756051,0.025068659004395085,0.004941089750464236,0,0,0
1002,covers,on,BrightPopNumber,211,1393,211,0,0.013784451532386192,0.010704745309923274,0.021312135541372925,0.3082207001484488,10,0.006452850652950266,0.006911838309451482,0.0067731095711768986,0.007434133597583228,0.03310077729920163,0.006795923172237178,0.0245621900525982,0.004862515116759804,0.024351520309648347,0.004882941757203002,0,0,0
1002,covers,on,DanceNumber,35,66,35,0,0.01725054758335176,0.011930153042308022,0.11465108014795154,0.3082207001484488,10,0.0067961228820427105,0.006892925064251972,0.00744128959696202,0.006217461421653923,0.03711546866357364,0.006545750429550269,0.022178899109223403,0.0043317100753985,0.022285728663336415,0.004129591477638409,0,0,0
1002,covers,on,ReverieMoodPiece,226,618,226,0,0.012369387817807977,0.009571231282108992,0.019044943540388305,0.273861278752583,10,0.006803865666235432,0.006833862876987298,0.006802949101046885,0.006596239573823966,0.007011172759374889,0.007063954755318479,0.004776376598962352,0.0046411111351419366,0.004552609037067427,0.004345732035520117,0,0,0
1002,covers,on,LatinBolero,43,153,43,0,0.014090734116957057,0.011562055789126004,0.07705580275522417,0.206155281280883,10,0.006616929494698237,0.007189745767750942,0.006251775538556791,0.006383920652100666,0.00412272682764416,0.007070957123298995,0.004367500248071344,0.004813154253236065,0.0048015776105163836,0.004714743274757692,0,0,0
1002,covers,on,BossaSong,35,158,35,0,0.016155831182758162,0.010531577103425095,0.07817289126791263,0.206155281280883,10,0.006976061300359377,0.0076658104654049875,0.007000446698448372,0.0073760408137833865,0.0036708888742384258,0.006996467409468342,0.004555275318407989,0.005013034740343065,0.004504564879089544,0.004813895279073698,0,0,0
1002,covers,on,Novelty,46,295,46,0,0.012309493455137564,0.01000708918338145,0.09817713951452474,0.4949747468305833,10,0.007114486340314806,0.006473699885423521,0.006182562591373574,0.0062413817608688174,0.003611684305077983,0.005754276811732593,0.004246288561301482,0.004450488851391963,0.004927404411606214,0.00457686864424693,0,0,0
1002,covers,on,ClassicalChamber,17,27,17,0,0.011982958065852615,0.004768329085802352,0.11791541856698348,0.23979157616563596,7,0,0,0.006434140156067783,0.005325941510362083,0,0.007044085737541189,0.00380242578859379,0.004709587889409889,0.0038302951010168954,0.004124374685797748,0,0,0
1002,covers,on,ClassicalSolo,45,423,45,0,0.010073079431835543,0.008153830127649628,0.11951804178318658,0.6062177826491071,7,0,0,0.007319377927092329,0.006741486184771314,0,0.007110118348175328,0.004399404491808197,0.004786717654794004,0.004031684102436166,0.004852041500510716,0,0,0
1002,covers,on,JauntyMusicHallRomp,21,92,21,0,0.014658101054605724,0.0125008115300909,0.11464689116646638,0.44158804331639234,10,0.005645010567041054,0.004570589902698905,0.006903331161179924,0.0063154324555245315,0.0043789509299542876,0.00593665789589408,0.004037671457007112,0.0049111526504247785,0.004478640903714967,0.003913155872074285,0,0,0
1002,covers,on,SpokenWord,8,13,8,0,0.017673567016618038,0.01337219501622744,0.019440278159037348,0.4272001872658766,10,0.0031844829768456185,0.0041729951876085854,0.00847734063440537,0.006460176519317479,0.10920098855334516,0.006589486395891179,0.0041989864343219795,0.004824580779770023,0.003469656841628003,0.0037665886531749885,0,0,0
1002,covers,on,LatinDance,8,10,8,0,0.017107184945642156,0.014191192381407184,0.07654833526816816,0.16583123951776993,10,0.007370904738272119,0.0061878696927506575,0.00702398832334393,0.005642921679904663,0.0035479887361252738,0.006896564905934845,0.003492784606786898,0.004315749060988007,0.001325769766086137,0.004320757472631532,0,0,0
1002,covers,on,SurfInstrumental,13,15,13,0,0.013653965254092376,0.009676304439038177,0.015714871516242446,0.618465843842649,7,0,0,0.00707417348839749,0.006850540549900986,0,0.007266941957581969,0.0045879557837248544,0.0037052728750887626,0.003402919814510879,0.005420749970115855,0,0,0
1002,covers,on,TexMexSong,27,42,27,0,0.015505364106028988,0.013405770967271113,0.07312942740447252,0.2345207879911715,10,0.006765246655024539,0.007368957947587289,0.008006232528697097,0.006495058473453817,0.003747916097702461,0.006995050318174726,0.004654453739886932,0.00455989810917092,0.004665251325626393,0.0050207456756796946,0,0,0
1002,covers,on,SpiritualShout,1,2,1,0,,,0.019719043740239445,0.31224989991991986,0,0,0,0,0,0,0,0,0,0,0,0,0,0
